replicate,btox_median,mean_E_44_median
1,1.7993756951764226,-6.925000000000001
2,1.7976654767990112,-6.955813953488373
3,1.8023297786712646,-6.947727272727271
4,1.79893802665174,-6.92299154334038
5,1.7906635999679565,-6.936363636363638
6,1.8024669289588928,-6.9454545454545435
7,1.8017543256282806,-6.915909090909092
8,1.8090507090091705,-6.938636363636363
9,1.8083586134016514,-6.941860465116279
10,1.7956534274853764,-6.913961038961041
11,1.7975931465625763,-6.931818181818183
12,1.7845796346664429,-6.92325581395349
13,1.7955420203506947,-6.9363636363636365
14,1.8004704341292381,-6.937025703794367
15,1.8093279227614403,-6.956818181818184
16,1.806795358657837,-6.941860465116279
17,1.8015308305621147,-6.936363636363635
18,1.8072081748396158,-6.929545454545456
19,1.7914827801287174,-6.931818181818183
20,1.7980060860063531,-6.949999999999999
21,1.7964382097125053,-6.927272727272729
22,1.7912477366626263,-6.922727272727274
23,1.7982128486037254,-6.938636363636364
24,1.7929324842989445,-6.927272727272728
25,1.8018310219049454,-6.940909090909091
26,1.7959036726970226,-6.947727272727273
27,1.797753244638443,-6.918181818181816
28,1.804910659790039,-6.927272727272728
29,1.8011752367019653,-6.92840909090909
30,1.7913418039679527,-6.938636363636363
31,1.8091239482164383,-6.947727272727271
32,1.8036835566163063,-6.945454545454545
33,1.8042383678257465,-6.950000000000002
34,1.7876921892166138,-6.938636363636364
35,1.8119917213916779,-6.943181818181818
36,1.7934395968914032,-6.927272727272728
37,1.795560471713543,-6.943181818181818
38,1.7994735590182245,-6.927272727272728
39,1.7894262075424194,-6.9223392461197335
40,1.7872005570679903,-6.932954545454545
41,1.775545060634613,-6.909090909090907
42,1.7853519394993782,-6.923255813953488
43,1.8017871379852295,-6.937209302325582
44,1.8055478390306234,-6.95
45,1.8025351017713547,-6.954545454545453
46,1.7963302358984947,-6.9454545454545435
47,1.7979024037267664,-6.953488372093023
48,1.7892798595130444,-6.9363636363636365
49,1.8057394921779633,-6.9413847780126865
50,1.8084775344468653,-6.949999999999999
51,1.7844574972987175,-6.913794926004229
52,1.7967747037764639,-6.913636363636364
53,1.8034135699272156,-6.927272727272728
54,1.7940227538347244,-6.927272727272726
55,1.7963698655366898,-6.950000000000002
56,1.7877355366945267,-6.943181818181817
57,1.7877355366945267,-6.955813953488374
58,1.7984640151262283,-6.951717758985201
59,1.7990866885520518,-6.939534883720932
60,1.810713853687048,-6.928726215644819
61,1.7885630913078785,-6.954545454545454
62,1.7965998463332653,-6.949999999999998
63,1.8115715086460114,-6.954545454545452
64,1.8005066104233265,-6.929545454545453
65,1.8083586134016514,-6.947727272727272
66,1.7955812364816666,-6.951162790697675
67,1.8003964107483625,-6.934090909090909
68,1.8059628438204527,-6.931818181818183
69,1.7944791615009308,-6.914931289640592
70,1.7894978001713753,-6.9142857142857155
71,1.8097691386938095,-6.925
72,1.8082911390811205,-6.936842105263157
73,1.7971806824207306,-6.925
74,1.7989453673362732,-6.94598308668076
75,1.7841513752937317,-6.94090909090909
76,1.796978080412373,-6.937209302325582
77,1.7942897528409958,-6.949418604651162
78,1.786115089431405,-6.913794926004229
79,1.8064320161938667,-6.943181818181817
80,1.789240898564458,-6.931818181818182
81,1.8049906492233274,-6.951717758985201
82,1.805978700518608,-6.952272727272727
83,1.7935950458049774,-6.90909090909091
84,1.7927217818796635,-6.929545454545456
85,1.7919739224016666,-6.94022198731501
86,1.7912034802138805,-6.9363636363636365
87,1.7853519394993782,-6.918181818181819
88,1.8102263510227203,-6.945454545454546
89,1.805991854518652,-6.927272727272728
90,1.7944707199931145,-6.943542128603106
91,1.7929982040077448,-6.950000000000001
92,1.8067842051386833,-6.954545454545453
93,1.797038204735145,-6.943542128603106
94,1.7959036726970226,-6.929545454545453
95,1.8044244199991226,-6.937025703794369
96,1.7885223142802715,-6.934090909090908
97,1.8102185130119324,-6.963636363636366
98,1.800121022388339,-6.936363636363637
99,1.8118678778409958,-6.951162790697675
100,1.8011752367019653,-6.9402219873150095
101,1.7845101580023766,-6.918181818181818
102,1.8007900342345238,-6.924999999999999
103,1.7932517603039742,-6.927272727272728
104,1.7994826138019562,-6.9340909090909095
105,1.7935090065002441,-6.952272727272727
106,1.8023983538150787,-6.926969696969696
107,1.7961746826767921,-6.939534883720929
108,1.79893802665174,-6.936363636363637
109,1.797038204735145,-6.929545454545456
110,1.7959244374651462,-6.9142857142857155
111,1.7903104797005653,-6.927272727272726
112,1.799630037508905,-6.916279069767441
113,1.7942561656236649,-6.931818181818183
114,1.7947835177183151,-6.965512684989429
115,1.8010105788707733,-6.968181818181819
116,1.8067662790417671,-6.953488372093023
117,1.7971205580979586,-6.952272727272727
118,1.797929397180269,-6.924999999999999
119,1.79803916066885,-6.952272727272727
120,1.7993756951764226,-6.931818181818183
121,1.7939715087413788,-6.940909090909089
122,1.8034135699272156,-6.934883720930232
123,1.7793870205059648,-6.952272727272727
124,1.7944707199931145,-6.943181818181819
125,1.8081526160240173,-6.94186046511628
126,1.8050638809800148,-6.911237373737373
127,1.7976731956005096,-6.934487315010571
128,1.7935950458049774,-6.943181818181819
129,1.8143238388001919,-6.925
130,1.8041684199124575,-6.941860465116281
131,1.7907766737043858,-6.922727272727274
132,1.7929324842989445,-6.947727272727274
133,1.7969077373854816,-6.9511627906976745
134,1.7869675625115633,-6.904651162790699
135,1.7941182511858642,-6.934090909090911
136,1.7845796346664429,-6.954016913319238
137,1.7967747037764639,-6.929545454545456
138,1.8092584758996964,-6.934090909090909
139,1.7903104797005653,-6.940909090909091
140,1.8009833097457886,-6.940909090909091
141,1.7972549200057983,-6.947727272727273
142,1.796978080412373,-6.938636363636365
143,1.7935950458049774,-6.938636363636364
144,1.7984640151262283,-6.942521141649048
145,1.8040984719991682,-6.936363636363635
146,1.8025351017713547,-6.927272727272728
147,1.7996158739551902,-6.947727272727272
148,1.801476076245308,-6.941384778012685
149,1.7939978539943695,-6.945454545454546
150,1.796506553888321,-6.934090909090907
151,1.7929324842989445,-6.938095238095239
152,1.8012029379606247,-6.927272727272728
153,1.8036835566163063,-6.941860465116279
154,1.801476076245308,-6.931818181818181
155,1.7945395857095718,-6.947727272727273
156,1.7990037202835083,-6.9363636363636365
157,1.8047578781843185,-6.927272727272728
158,1.7935950458049774,-6.916472868217054
159,1.8148041889071465,-6.936363636363637
160,1.781138688325882,-6.915909090909091
161,1.8104666396975517,-6.952880549682876
162,1.813764400780201,-6.956818181818182
163,1.8007913827896118,-6.896256684491979
164,1.802562765777111,-6.94022198731501
165,1.7978963225177722,-6.934883720930232
166,1.7823887020349503,-6.934090909090907
167,1.7921665161848068,-6.927272727272728
168,1.7862030267715454,-6.931818181818182
169,1.8003747537732124,-6.927272727272729
170,1.798115849494934,-6.936363636363637
171,1.791109412908554,-6.921202882483373
172,1.7856375575065613,-6.938095238095239
173,1.7979354783892632,-6.942521141649048
174,1.8059469871222973,-6.954545454545454
175,1.8062442168593407,-6.931818181818182
176,1.7912477366626263,-6.952272727272727
177,1.803182352334261,-6.9482822410148
178,1.8022114224731922,-6.950000000000002
179,1.790803575888276,-6.948282241014799
180,1.7909706756472588,-6.920454545454545
181,1.7918719630688429,-6.9340909090909095
182,1.8079420551657677,-6.936038961038959
183,1.7936387360095978,-6.94186046511628
184,1.7992192166857421,-6.938636363636363
185,1.8023297786712646,-6.915909090909093
186,1.8036835566163063,-6.9523809523809526
187,1.7860386483371258,-6.917424242424241
188,1.8151541706174612,-6.920454545454548
189,1.7992192166857421,-6.953488372093023
190,1.7899030670523643,-6.920454545454548
191,1.7896433770656586,-6.957478858350952
192,1.7990866885520518,-6.9363636363636365
193,1.7941003441810608,-6.927272727272727
194,1.7699967473745346,-6.939085623678647
195,1.805721715092659,-6.915909090909091
196,1.7980121672153473,-6.915909090909093
197,1.8085585180670023,-6.9454545454545435
198,1.8034405410289764,-6.924127906976743
199,1.798912520520389,-6.952272727272728
200,1.7872005570679903,-6.931818181818182
201,1.7907201368361712,-6.911627906976744
202,1.803514614701271,-6.929545454545455
203,1.79893802665174,-6.930681818181819
204,1.8146046251058578,-6.936363636363637
205,1.802941631525755,-6.925
206,1.8082556147128344,-6.927272727272729
207,1.7976293116807938,-6.93720930232558
208,1.794948574155569,-6.913636363636366
209,1.8213681429624557,-6.970454545454544
210,1.8040984719991682,-6.95
211,1.801230639219284,-6.913636363636366
212,1.8092584758996964,-6.955813953488374
213,1.8042186126112938,-6.947727272727271
214,1.7906687036156654,-6.9340909090909095
215,1.8085557967424393,-6.931818181818182
216,1.7939978539943695,-6.925
217,1.8025010153651237,-6.931818181818182
218,1.7977093607187271,-6.920454545454546
219,1.8026860430836678,-6.953488372093023
220,1.779027372598648,-6.931818181818182
221,1.7876650318503378,-6.927272727272729
222,1.7914827801287174,-6.947727272727271
223,1.8028183542191982,-6.94186046511628
224,1.8055289164185524,-6.925
225,1.805721715092659,-6.941860465116279
226,1.7965505495667458,-6.947727272727274
227,1.791109412908554,-6.938365800865801
228,1.8042383678257465,-6.950000000000002
229,1.7911732755601406,-6.951162790697674
230,1.7931860405951738,-6.9363636363636365
231,1.7970502150710672,-6.9266666666666685
232,1.7979024037267664,-6.943181818181819
233,1.805137112736702,-6.952272727272726
234,1.784921313636005,-6.942521141649048
235,1.8038524985313416,-6.95232683982684
236,1.796555943787098,-6.902272727272727
237,1.8066590577363968,-6.925000000000001
238,1.7971085477620363,-6.939534883720929
239,1.8047141283750534,-6.904545454545453
240,1.7965364158153534,-6.927272727272726
241,1.8060471937060356,-6.949418604651162
242,1.7964382097125053,-6.922727272727272
243,1.803182352334261,-6.952272727272727
244,1.7971806824207306,-6.902272727272728
245,1.7936387360095978,-6.929545454545456
246,1.8066590577363968,-6.9386363636363635
247,1.8010105788707733,-6.947727272727273
248,1.7984640151262283,-6.927272727272728
249,1.7911732755601406,-6.929545454545456
250,1.797242909669876,-6.93448731501057
251,1.798752598464489,-6.952272727272728
252,1.7885617539286613,-6.927272727272728
253,1.8033865988254547,-6.938636363636365
254,1.7912477366626263,-6.93689733408962
255,1.7972549200057983,-6.9363636363636365
256,1.793063923716545,-6.918181818181816
257,1.813911035656929,-6.948837209302326
258,1.792491463944316,-6.9107142857142865
259,1.798887014389038,-6.907954545454546
260,1.8062049746513367,-6.92299154334038
261,1.7929982040077448,-6.95681818181818
262,1.8038065433502197,-6.926666666666668
263,1.8029051572084427,-6.945454545454546
264,1.793063923716545,-6.929545454545453
265,1.794203720986843,-6.926969696969696
266,1.7971806824207306,-6.932085561497327
267,1.7840642407536507,-6.9298890063424965
268,1.7971926927566528,-6.95909090909091
269,1.7910047471523285,-6.955813953488374
270,1.7936116755008698,-6.936585365853658
271,1.7977808996583917,-6.925
272,1.7847253531217575,-6.931818181818182
273,1.7944707199931145,-6.934090909090908
274,1.78849595785141,-6.943181818181817
275,1.8063319027423859,-6.952272727272728
276,1.794948574155569,-6.923255813953488
277,1.8076968491077423,-6.94090909090909
278,1.7984640151262283,-6.931025369978858
279,1.7941006645560265,-6.936363636363635
280,1.7993756951764226,-6.938636363636363
281,1.8008228354156017,-6.941860465116281
282,1.8050638809800148,-6.956818181818182
283,1.8059628438204527,-6.937209302325582
284,1.7976731956005096,-6.9409090909090905
285,1.803975485265255,-6.926969696969696
286,1.7885236516594887,-6.920454545454546
287,1.7976279556751251,-6.925
288,1.787225142121315,-6.934883720930232
289,1.7794163851067424,-6.95232683982684
290,1.7901223823428154,-6.922991543340381
291,1.8156144544482231,-6.92299154334038
292,1.7874450869858265,-6.936363636363638
293,1.7916177175939083,-6.920454545454545
294,1.8049906492233274,-6.9363636363636365
295,1.7992192166857421,-6.936602870813397
296,1.7927217818796635,-6.899999999999999
297,1.7915847394615412,-6.961363636363638
298,1.7891124300658703,-6.943181818181817
299,1.805978700518608,-6.912335692618806
300,1.794238648377359,-6.922727272727272
301,1.7965998463332653,-6.9141196013289035
302,1.7905966574326158,-6.936363636363635
303,1.7982903271913528,-6.918181818181818
304,1.8126074820756912,-6.943181818181817
305,1.7915487363934515,-6.949999999999999
306,1.8020930662751198,-6.931818181818182
307,1.7866469845175743,-6.954545454545452
308,1.778395477682352,-6.936363636363637
309,1.7936116755008698,-6.936474501108648
310,1.795560471713543,-6.955179704016913
311,1.7851870516315103,-6.929545454545455
312,1.7890555895864964,-6.960914376321353
313,1.7898605465888977,-6.950000000000001
314,1.7978963225177722,-6.941860465116279
315,1.7885617539286613,-6.90909090909091
316,1.7886025309562683,-6.924999999999999
317,1.8049474954605103,-6.925000000000001
318,1.8057306036353111,-6.950000000000001
319,1.7965364158153534,-6.916279069767441
320,1.785547599196434,-6.915909090909093
321,1.7975931465625763,-6.935714285714283
322,1.805721715092659,-6.940909090909091
323,1.8008186519145966,-6.950000000000002
324,1.807168323546648,-6.924999999999999
325,1.8079375624656677,-6.970941558441558
326,1.7978963225177722,-6.963636363636364
327,1.804788552224636,-6.952272727272728
328,1.8025010153651237,-6.928726215644819
329,1.7965310215950012,-6.956818181818184
330,1.8102341890335083,-6.92325581395349
331,1.798887014389038,-6.947727272727272
332,1.7894262075424194,-6.956818181818179
333,1.7784959394484758,-6.927272727272726
334,1.8036835566163063,-6.936713735558407
335,1.7798496782779694,-6.919529598308667
336,1.7979084849357605,-6.943542128603106
337,1.8001688737422228,-6.952272727272728
338,1.8007522895932198,-6.956818181818184
339,1.7969077373854816,-6.936363636363638
340,1.8134468868374825,-6.937209302325582
341,1.8069569170475006,-6.913953488372093
342,1.810713853687048,-6.937209302325582
343,1.8048192262649536,-6.945454545454545
344,1.7926463335752487,-6.938636363636363
345,1.7907226886600256,-6.934090909090911
346,1.7971205580979586,-6.916279069767441
347,1.8088874518871307,-6.942521141649048
348,1.7974724359810352,-6.9266666666666685
349,1.77976811863482,-6.93235294117647
350,1.8033865988254547,-6.931818181818182
351,1.8067662790417671,-6.959090909090909
352,1.798752598464489,-6.947727272727272
353,1.7922611460089684,-6.927272727272728
354,1.8059628438204527,-6.931818181818182
355,1.8157247453927994,-6.9340909090909095
356,1.8002645540982485,-6.927272727272728
357,1.809177678078413,-6.911363636363636
358,1.790529714897275,-6.93409090909091
359,1.7849013068480417,-6.936363636363637
360,1.8067662790417671,-6.928726215644819
361,1.807413563132286,-6.963636363636363
362,1.7876650318503378,-6.94186046511628
363,1.7885236516594887,-6.947727272727271
364,1.7979624718427658,-6.940909090909091
365,1.8019620440900326,-6.938636363636364
366,1.7891335114836693,-6.913636363636363
367,1.7877355366945267,-6.936363636363635
368,1.8055289164185524,-6.94318181818182
369,1.7863434106111526,-6.922991543340381
370,1.7940919059328735,-6.921951219512197
371,1.7851446494460106,-6.936363636363636
372,1.7991696568205953,-6.94598308668076
373,1.8077096790075302,-6.930681818181818
374,1.8048192262649536,-6.940909090909089
375,1.801476076245308,-6.943181818181817
376,1.7965310215950012,-6.915909090909093
377,1.8104533702135086,-6.931025369978858
378,1.7929982040077448,-6.942521141649048
379,1.805137112736702,-6.918181818181816
380,1.7993261353112757,-6.916279069767441
381,1.7849994245916605,-6.918181818181818
382,1.806795358657837,-6.939534883720929
383,1.7969077373854816,-6.9206923890063425
384,1.7994826138019562,-6.952272727272727
385,1.7878637239336967,-6.929545454545456
386,1.7842436954379082,-6.945454545454546
387,1.8117420375347137,-6.951162790697675
388,1.8061603307724,-6.942521141649048
389,1.8062684386968613,-6.945454545454546
390,1.8025010153651237,-6.927272727272728
391,1.7871010638773441,-6.935714285714283
392,1.8130387496203184,-6.931818181818182
393,1.8057158067822456,-6.947727272727272
394,1.7908026538789272,-6.913636363636365
395,1.7754098707810044,-6.906818181818184
396,1.7936553657054901,-6.947727272727272
397,1.7932517603039742,-6.933221925133688
398,1.7908026538789272,-6.927272727272726
399,1.7907226886600256,-6.933221925133688
400,1.792684057727456,-6.9364745011086475
401,1.8022114224731922,-6.929545454545453
402,1.790803575888276,-6.927272727272728
403,1.7959036726970226,-6.924999999999999
404,1.7905239090323448,-6.913636363636363
405,1.8023297786712646,-6.929545454545456
406,1.7997227925807238,-6.902272727272728
407,1.7890555895864964,-6.946511627906975
408,1.8066590577363968,-6.922991543340381
409,1.7738643288612366,-6.909090909090908
410,1.8104037418961525,-6.934487315010571
411,1.8143716268241405,-6.925
412,1.8038065433502197,-6.918181818181818
413,1.7944622784852982,-6.952272727272727
414,1.7971806824207306,-6.938636363636363
415,1.7962826564908028,-6.936363636363637
416,1.7943589049391448,-6.948837209302326
417,1.8070626202970743,-6.915909090909093
418,1.8051486909389496,-6.952272727272728
419,1.796978080412373,-6.968181818181818
420,1.802596852183342,-6.925
421,1.8026586025953293,-6.936038961038959
422,1.8156947493553162,-6.911363636363637
423,1.801230639219284,-6.939534883720929
424,1.8019620440900326,-6.929545454545456
425,1.7965580224990845,-6.934090909090907
426,1.787669911980629,-6.947727272727272
427,1.796549916267395,-6.929889006342496
428,1.7964382097125053,-6.921202882483373
429,1.7979084849357605,-6.92840909090909
430,1.81678868830204,-6.950000000000002
431,1.8008459210395813,-6.947727272727272
432,1.7947046421468258,-6.940909090909091
433,1.797182785347104,-6.939534883720931
434,1.8038524985313416,-6.916279069767441
435,1.7847457230091095,-6.936713735558407
436,1.79803916066885,-6.906818181818184
437,1.8022799976170063,-6.938636363636363
438,1.8009728342294693,-6.947727272727274
439,1.797753244638443,-6.95
440,1.807168323546648,-6.935299003322259
441,1.791686698794365,-6.943181818181817
442,1.8025351017713547,-6.950000000000001
443,1.7977869808673859,-6.940221987315011
444,1.8012029379606247,-6.965116279069767
445,1.8061156868934631,-6.931025369978858
446,1.799630037508905,-6.938636363636364
447,1.7907226886600256,-6.927272727272726
448,1.7908835411071777,-6.918181818181817
449,1.7851446494460106,-6.918181818181818
450,1.7907470390200615,-6.915909090909091
451,1.7872005570679903,-6.91590909090909
452,1.8076968491077423,-6.95
453,1.7992192166857421,-6.934090909090909
454,1.7989453673362732,-6.9568181818181785
455,1.791109412908554,-6.922727272727274
456,1.8036835566163063,-6.934487315010571
457,1.7894262075424194,-6.93765227021041
458,1.7976654767990112,-6.929545454545456
459,1.7936116755008698,-6.952272727272727
460,1.7997774612158537,-6.925
461,1.7860386483371258,-6.931818181818182
462,1.8059469871222973,-6.9295454545454565
463,1.7887882832437754,-6.954545454545453
464,1.797038204735145,-6.925000000000001
465,1.790803575888276,-6.938636363636363
466,1.807168323546648,-6.952272727272727
467,1.8048306703567505,-6.947727272727272
468,1.7975026667118073,-6.92840909090909
469,1.801230639219284,-6.925
470,1.8010105788707733,-6.941860465116279
471,1.8077314943075178,-6.938636363636364
472,1.7943592220544815,-6.941860465116281
473,1.8012029379606247,-6.929545454545456
474,1.7849409766495228,-6.911904761904763
475,1.7986181825399399,-6.94090909090909
476,1.7847598195075989,-6.927272727272728
477,1.8028183542191982,-6.936713735558407
478,1.7971806824207306,-6.936602870813397
479,1.7998702162876725,-6.927589852008457
480,1.7929982040077448,-6.924999999999997
481,1.8008186519145966,-6.931818181818183
482,1.7927217818796635,-6.937025703794367
483,1.7973809093236923,-6.947727272727273
484,1.7919739224016666,-6.937209302325582
485,1.7947650663554668,-6.943181818181819
486,1.7979084849357605,-6.927272727272729
487,1.7802621275186539,-6.918181818181818
488,1.8077314943075178,-6.968181818181819
489,1.7969171814620495,-6.925
490,1.7998702162876725,-6.925
491,1.7941003441810608,-6.944318181818181
492,1.790456966497004,-6.925000000000001
493,1.7999629713594913,-6.920930232558138
494,1.7929982040077448,-6.947727272727271
495,1.7991696568205953,-6.937209302325582
496,1.8115804585249862,-6.9431818181818175
497,1.7886025309562683,-6.934090909090909
498,1.797332564368844,-6.956818181818179
499,1.8062237948179245,-6.9431818181818175
500,1.8069569170475006,-6.916666666666667
501,1.8055289164185524,-6.941384778012685
502,1.7937617897987366,-6.925
503,1.7750176638364792,-6.937209302325582
504,1.7912034802138805,-6.927272727272728
505,1.793945163488388,-6.954545454545453
506,1.8034405410289764,-6.936363636363637
507,1.8081526160240173,-6.927272727272728
508,1.7907201368361712,-6.925000000000001
509,1.8024669289588928,-6.915909090909092
510,1.7868799790740013,-6.931025369978858
511,1.7915487363934515,-6.941860465116279
512,1.7906687036156654,-6.9454545454545435
513,1.7782757803797722,-6.952272727272728
514,1.7975479066371918,-6.918181818181817
515,1.78849595785141,-6.920454545454543
516,1.8007341474294662,-6.936363636363635
517,1.7976293116807938,-6.952272727272728
518,1.7974099069833755,-6.931818181818182
519,1.7810866013169289,-6.9141196013289035
520,1.7994826138019562,-6.9186046511627906
521,1.8050981909036636,-6.918181818181818
522,1.8062049746513367,-6.927272727272729
523,1.792684057727456,-6.9318181818181825
524,1.7979084849357605,-6.920454545454546
525,1.8024669289588928,-6.936474501108648
526,1.8094586580991745,-6.936363636363637
527,1.8062442168593407,-6.925
528,1.808753028512001,-6.925000000000001
529,1.8020930662751198,-6.931818181818183
530,1.7955812364816666,-6.934090909090907
531,1.802596852183342,-6.915909090909093
532,1.785547599196434,-6.9409090909090905
533,1.7962826564908028,-6.965909090909093
534,1.796506553888321,-6.952272727272727
535,1.7885236516594887,-6.911363636363637
536,1.7956534274853764,-6.938365800865801
537,1.7874450869858265,-6.943181818181818
538,1.8017543256282806,-6.940909090909091
539,1.802781879901886,-6.927906976744185
540,1.7977093607187271,-6.955179704016914
541,1.802781879901886,-6.922727272727274
542,1.779994547367096,-6.9318181818181825
543,1.7849994245916605,-6.936363636363637
544,1.7990866885520518,-6.938636363636365
545,1.8031728491187096,-6.934883720930233
546,1.8084775344468653,-6.930681818181819
547,1.7903104797005653,-6.934487315010571
548,1.8067730516195297,-6.952272727272727
549,1.7939251619391143,-6.947119450317123
550,1.7975689563900232,-6.945454545454546
551,1.7961539179086685,-6.934487315010571
552,1.8007341474294662,-6.947727272727272
553,1.8102185130119324,-6.95
554,1.7750957757234573,-6.934883720930233
555,1.806795358657837,-6.929545454545456
556,1.790936604142189,-6.932085561497327
557,1.8023297786712646,-6.927272727272728
558,1.7912034802138805,-6.922727272727272
559,1.8093197643756866,-6.939534883720929
560,1.791412292048335,-6.916279069767441
561,1.804910659790039,-6.941860465116281
562,1.7885630913078785,-6.913636363636363
563,1.799630037508905,-6.927589852008457
564,1.8086951151490211,-6.93720930232558
565,1.8059628438204527,-6.92299154334038
566,1.791436105966568,-6.927272727272726
567,1.800121022388339,-6.940909090909089
568,1.8006204329431057,-6.9206923890063425
569,1.7900486439466476,-6.9229915433403795
570,1.8065018616616726,-6.929545454545456
571,1.798912520520389,-6.9409090909090905
572,1.7905966574326158,-6.9172304439746295
573,1.808854341506958,-6.953488372093023
574,1.806179951876402,-6.955813953488374
575,1.7907201368361712,-6.925833333333333
576,1.7916177175939083,-6.925
577,1.802941631525755,-6.936363636363635
578,1.7944622784852982,-6.946590909090909
579,1.7877355366945267,-6.934090909090907
580,1.807290943339467,-6.949999999999999
581,1.7891335114836693,-6.936363636363637
582,1.8042885605245829,-6.937025703794369
583,1.7939978539943695,-6.932085561497327
584,1.7871759720146656,-6.931818181818181
585,1.7927217818796635,-6.91590909090909
586,1.7967747037764639,-6.934090909090911
587,1.7853519394993782,-6.931818181818183
588,1.803514614701271,-6.938636363636363
589,1.8018090799450874,-6.922727272727271
590,1.7761291861534119,-6.915909090909091
591,1.8104533702135086,-6.925000000000001
592,1.79745514690876,-6.945454545454546
593,1.7982128486037254,-6.929545454545456
594,1.8049838915467262,-6.948837209302326
595,1.8064320161938667,-6.947727272727273
596,1.7965310215950012,-6.936363636363635
597,1.8067842051386833,-6.924999999999999
598,1.7999180676415563,-6.934090909090909
599,1.8064954802393913,-6.943181818181818
600,1.7871759720146656,-6.9499999999999975
601,1.7977093607187271,-6.917424242424243
602,1.7991848140954971,-6.925000000000001
603,1.802781879901886,-6.9318181818181825
604,1.7928928527981043,-6.939085623678646
605,1.8031458780169487,-6.94022198731501
606,1.8067595064640045,-6.927272727272726
607,1.7965364158153534,-6.947727272727272
608,1.8010382801294327,-6.913636363636365
609,1.7979354783892632,-6.942521141649047
610,1.8024669289588928,-6.922991543340381
611,1.7890913486480713,-6.9363636363636365
612,1.794600009918213,-6.909090909090907
613,1.8051429018378258,-6.929545454545453
614,1.8118678778409958,-6.935299003322259
615,1.805543713271618,-6.936363636363635
616,1.7972549200057983,-6.940909090909091
617,1.798752598464489,-6.937209302325582
618,1.8075552061200142,-6.938636363636365
619,1.8042885605245829,-6.938636363636363
620,1.7949301227927208,-6.912474120082816
621,1.8057069182395935,-6.936363636363635
622,1.8019620440900326,-6.937209302325582
623,1.784296028316021,-6.9298890063424965
624,1.7956534274853764,-6.9266666666666685
625,1.7947146520018578,-6.904545454545457
626,1.803182352334261,-6.953488372093023
627,1.7898605465888977,-6.931818181818182
628,1.802781879901886,-6.943181818181817
629,1.7912204265594482,-6.927272727272727
630,1.8042885605245829,-6.947727272727273
631,1.7994826138019562,-6.94186046511628
632,1.7975840717554092,-6.9482822410148
633,1.7857740186154842,-6.943181818181817
634,1.7973947916179895,-6.93765227021041
635,1.7877138629555702,-6.936713735558407
636,1.7949301227927208,-6.9511627906976745
637,1.805137112736702,-6.945454545454546
638,1.8063319027423859,-6.934883720930233
639,1.8113922327756882,-6.934090909090907
640,1.797929397180269,-6.938365800865801
641,1.7868926543742418,-6.925
642,1.7982128486037254,-6.943181818181817
643,1.8024324402213097,-6.936363636363638
644,1.800010822713375,-6.937922832980972
645,1.7963698655366898,-6.900000000000001
646,1.7972549200057983,-6.965909090909091
647,1.7942474070005119,-6.9409090909090905
648,1.7902367413043976,-6.915909090909093
649,1.7949670255184174,-6.913636363636365
650,1.7991362484171987,-6.9363636363636365
651,1.8156947493553162,-6.953488372093023
652,1.7756160721182823,-6.942521141649048
653,1.7981361597776413,-6.965058139534884
654,1.790384218096733,-6.922727272727272
655,1.796518787741661,-6.927272727272729
656,1.7845796346664429,-6.925000000000001
657,1.8049906492233274,-6.9363636363636365
658,1.7991696568205953,-6.923255813953489
659,1.8025010153651237,-6.9318181818181825
660,1.7963510006666183,-6.945454545454545
661,1.8177306056022644,-6.9523809523809526
662,1.799268776550889,-6.93720930232558
663,1.8029781058430672,-6.947727272727273
664,1.8019620440900326,-6.9482822410148
665,1.7949301227927208,-6.927272727272728
666,1.8057394921779633,-6.936585365853658
667,1.7965418100357056,-6.936363636363637
668,1.8117420375347137,-6.953409090909091
669,1.7989708734676242,-6.909090909090907
670,1.8047942742705345,-6.929545454545453
671,1.796518787741661,-6.913953488372093
672,1.7964558377861977,-6.938636363636363
673,1.8067092821002007,-6.939534883720929
674,1.7772514931857586,-6.929545454545456
675,1.7939978539943695,-6.927272727272728
676,1.7998702162876725,-6.9340909090909095
677,1.8047578781843185,-6.947727272727272
678,1.7923095915466547,-6.921828752642705
679,1.7990866885520518,-6.9386363636363635
680,1.804381586611271,-6.925
681,1.8048306703567505,-6.961762899262901
682,1.7939715087413788,-6.934090909090907
683,1.7977093607187271,-6.927272727272729
684,1.7922611460089684,-6.947727272727272
685,1.7853403091430664,-6.9363636363636365
686,1.798752598464489,-6.9386363636363635
687,1.7910792082548141,-6.938095238095239
688,1.7965700775384903,-6.8999999999999995
689,1.7964382097125053,-6.924999999999997
690,1.7997774612158537,-6.927272727272725
691,1.7993261353112757,-6.9298890063424965
692,1.7882577814161777,-6.913953488372093
693,1.7839771062135696,-6.915909090909091
694,1.8009833097457886,-6.9302325581395365
695,1.7980121672153473,-6.936474501108648
696,1.8044244199991226,-6.911495771670192
697,1.7984640151262283,-6.959090909090909
698,1.7915487363934515,-6.925
699,1.7929982040077448,-6.911363636363635
700,1.777887936681509,-6.95
701,1.7885236516594887,-6.965058139534884
702,1.772493865340948,-6.952272727272727
703,1.7966058738529682,-6.927272727272728
704,1.7961954474449158,-6.9402219873150095
705,1.7976654767990112,-6.927272727272728
706,1.8058432396501303,-6.9364745011086475
707,1.802596852183342,-6.941860465116279
708,1.7997227925807238,-6.950000000000002
709,1.8102185130119324,-6.954545454545452
710,1.7935950458049774,-6.925
711,1.7978247835781076,-6.929545454545456
712,1.790456966497004,-6.9318181818181825
713,1.7993756951764226,-6.9318181818181825
714,1.7910792082548141,-6.925000000000001
715,1.7885236516594887,-6.959090909090909
716,1.8073307946324348,-6.936363636363636
717,1.7944791615009308,-6.9295454545454565
718,1.8006204329431057,-6.925
719,1.7968450468033552,-6.927272727272729
720,1.7885223142802715,-6.929545454545456
721,1.7876786105334759,-6.929545454545456
722,1.814476616680622,-6.9482822410148
723,1.7974724359810352,-6.915909090909093
724,1.7993756951764226,-6.920454545454543
725,1.7964382097125053,-6.965909090909091
726,1.790936604142189,-6.9386363636363635
727,1.8006022907793522,-6.926666666666668
728,1.7905966574326158,-6.922727272727272
729,1.796555943787098,-6.943181818181817
730,1.8022114224731922,-6.938636363636363
731,1.796518787741661,-6.916094080338267
732,1.7810383588075638,-6.913794926004229
733,1.8057394921779633,-6.941384778012685
734,1.7971806824207306,-6.934090909090909
735,1.7874450869858265,-6.9318181818181825
736,1.7876810505986214,-6.952880549682876
737,1.8017543256282806,-6.94186046511628
738,1.7934395968914032,-6.956818181818184
739,1.779994547367096,-6.922727272727272
740,1.7965445220470428,-6.955813953488373
741,1.8002645540982485,-6.904545454545453
742,1.7942474070005119,-6.9454545454545435
743,1.8020930662751198,-6.936038961038959
744,1.8057394921779633,-6.952272727272727
745,1.781495776027441,-6.939534883720932
746,1.7905992092564702,-6.943181818181819
747,1.8181513771414757,-6.941860465116279
748,1.7885236516594887,-6.945454545454546
749,1.802941631525755,-6.940909090909091
750,1.7844743132591248,-6.936585365853658
751,1.7942474070005119,-6.927272727272728
752,1.7861775159835815,-6.937209302325582
753,1.7944707199931145,-6.943181818181818
754,1.792684057727456,-6.925
755,1.7936553657054901,-6.913953488372093
756,1.805414617061615,-6.9363636363636365
757,1.7967747037764639,-6.943181818181821
758,1.7992192166857421,-6.935299003322259
759,1.804910659790039,-6.935714285714283
760,1.7944707199931145,-6.91590909090909
761,1.8058590963482857,-6.94598308668076
762,1.7973171472549438,-6.922727272727271
763,1.8037695065140724,-6.916094080338267
764,1.7963698655366898,-6.952272727272728
765,1.7938221096992493,-6.920930232558138
766,1.7858504597097635,-6.9581395348837205
767,1.7961954474449158,-6.947727272727274
768,1.7772466540336609,-6.925
769,1.8077225089073181,-6.943181818181818
770,1.7977869808673859,-6.946511627906975
771,1.8029781058430672,-6.9409090909090905
772,1.8036835566163063,-6.934090909090909
773,1.8023983538150787,-6.927272727272727
774,1.8090004846453667,-6.927272727272728
775,1.809197187423706,-6.936363636363635
776,1.7947650663554668,-6.952272727272729
777,1.7899030670523643,-6.932085561497327
778,1.804381586611271,-6.929545454545455
779,1.792684057727456,-6.920454545454547
780,1.7979084849357605,-6.929545454545456
781,1.7801894843578339,-6.927272727272726
782,1.7974724359810352,-6.934487315010571
783,1.8061156868934631,-6.929545454545456
784,1.7824493944644928,-6.93409090909091
785,1.7942474070005119,-6.947727272727272
786,1.7991034016013145,-6.947727272727273
787,1.8025351017713547,-6.9340909090909095
788,1.7949301227927208,-6.936363636363637
789,1.794600009918213,-6.939085623678646
790,1.807168323546648,-6.945454545454546
791,1.8059469871222973,-6.936713735558407
792,1.7936990559101105,-6.967961876832844
793,1.7979624718427658,-6.936363636363637
794,1.7828022092580795,-6.943542128603106
795,1.7977447345401742,-6.9409090909090905
796,1.8147339820861816,-6.951162790697674
797,1.8007809072732925,-6.920454545454547
798,1.784821740235202,-6.9
799,1.787830911576748,-6.927272727272728
800,1.8010105788707733,-6.9454545454545435
801,1.8147785291075706,-6.925000000000001
802,1.802941631525755,-6.952272727272725
803,1.7977093607187271,-6.929545454545456
804,1.794948574155569,-6.934883720930233
805,1.8036835566163063,-6.936363636363635
806,1.7995231188833714,-6.93409090909091
807,1.8104799091815948,-6.948837209302326
808,1.7823063358664513,-6.925000000000001
809,1.8058432396501303,-6.938365800865801
810,1.7974724359810352,-6.965909090909093
811,1.8140239529311657,-6.951162790697675
812,1.7908304780721664,-6.934090909090907
813,1.807168323546648,-6.917424242424241
814,1.7941694962792099,-6.918181818181816
815,1.7839771062135696,-6.942521141649048
816,1.7936387360095978,-6.949999999999998
817,1.7978963225177722,-6.938636363636363
818,1.7939978539943695,-6.9363636363636365
819,1.8049838915467262,-6.943181818181819
820,1.7942474070005119,-6.9482822410148
821,1.7902367413043976,-6.927272727272728
822,1.7909706756472588,-6.943181818181817
823,1.7903104797005653,-6.920454545454547
824,1.79803916066885,-6.934090909090907
825,1.7964382097125053,-6.934883720930234
826,1.7856375575065613,-6.915909090909091
827,1.8104533702135086,-6.9363636363636365
828,1.7981030851151445,-6.941860465116279
829,1.811731681227684,-6.943181818181821
830,1.7974875513464212,-6.954545454545456
831,1.7885630913078785,-6.934883720930233
832,1.801011011004448,-6.9206923890063425
833,1.8114615976810455,-6.920454545454545
834,1.7913889549672604,-6.92299154334038
835,1.7892798595130444,-6.923255813953488
836,1.7977808996583917,-6.941384778012685
837,1.7982128486037254,-6.955179704016914
838,1.7965364158153534,-6.929545454545456
839,1.7965418100357056,-6.940909090909091
840,1.7932517603039742,-6.956818181818183
841,1.8082236647605896,-6.935714285714283
842,1.7871759720146656,-6.925000000000001
843,1.8024669289588928,-6.934090909090909
844,1.8017762675881386,-6.9318181818181825
845,1.7907226886600256,-6.927272727272729
846,1.8007522895932198,-6.924999999999997
847,1.8014483749866486,-6.927272727272727
848,1.7965998463332653,-6.916279069767441
849,1.7936553657054901,-6.93409090909091
850,1.7966416701674461,-6.938636363636363
851,1.791686698794365,-6.946511627906975
852,1.7908566389232874,-6.941860465116279
853,1.8069569170475006,-6.920454545454547
854,1.7968092504888773,-6.934090909090909
855,1.7871759720146656,-6.952272727272728
856,1.816427869722247,-6.936363636363635
857,1.79893802665174,-6.915909090909091
858,1.7871010638773441,-6.919318181818181
859,1.7979084849357605,-6.918181818181817
860,1.7974724359810352,-6.927272727272726
861,1.804381586611271,-6.930681818181818
862,1.7973947916179895,-6.915909090909093
863,1.7867804858833551,-6.918393234672305
864,1.7786374688148499,-6.931025369978859
865,1.7981361597776413,-6.9409090909090905
866,1.7828022092580795,-6.931818181818183
867,1.7990538417361677,-6.94598308668076
868,1.7986923130229115,-6.941860465116279
869,1.8007809072732925,-6.954545454545453
870,1.797753244638443,-6.95232683982684
871,1.7966058738529682,-6.92840909090909
872,1.781408360140631,-6.913636363636363
873,1.8033865988254547,-6.949418604651162
874,1.7908341735601425,-6.91590909090909
875,1.8105525337159634,-6.956316067653276
876,1.801476076245308,-6.925
877,1.8175301440060139,-6.918181818181819
878,1.7910651564598083,-6.927272727272726
879,1.7970484234392643,-6.943181818181819
880,1.8008186519145966,-6.953488372093023
881,1.8045264407992363,-6.951162790697675
882,1.7929982040077448,-6.92840909090909
883,1.8023758344352245,-6.954016913319238
884,1.7994826138019562,-6.955813953488373
885,1.7894978001713753,-6.947727272727271
886,1.8007704317569733,-6.9386363636363635
887,1.8022799976170063,-6.931818181818183
888,1.8052514120936394,-6.936038961038959
889,1.790803575888276,-6.920454545454547
890,1.8221920616924763,-6.945454545454546
891,1.7978247835781076,-6.923255813953488
892,1.804381586611271,-6.911363636363637
893,1.815005887299776,-6.945454545454546
894,1.793839380145073,-6.927272727272728
895,1.7812719196081161,-6.920454545454546
896,1.7892798595130444,-6.931818181818182
897,1.7919739224016666,-6.936363636363635
898,1.7824190482497215,-6.9363636363636365
899,1.7978963225177722,-6.925
900,1.793778419494629,-6.934090909090907
901,1.786115089431405,-6.931818181818181
902,1.7942561656236649,-6.927272727272726
903,1.7868926543742418,-6.936038961038959
904,1.803182352334261,-6.952272727272727
905,1.8059275895357132,-6.934090909090907
906,1.7847457230091095,-6.934090909090908
907,1.8049838915467262,-6.929545454545456
908,1.7970484234392643,-6.925
909,1.7778120189905167,-6.956818181818179
910,1.8072081748396158,-6.9439024390243915
911,1.794238648377359,-6.917424242424243
912,1.7892587780952454,-6.9517177589852
913,1.8008459210395813,-6.924127906976743
914,1.8007809072732925,-6.952272727272727
915,1.7761933654546738,-6.934090909090909
916,1.7979084849357605,-6.936786469344607
917,1.7920975349843502,-6.913953488372093
918,1.7990866885520518,-6.938365800865801
919,1.7878420501947403,-6.94318181818182
920,1.804824948310852,-6.9439024390243915
921,1.798912520520389,-6.915097402597402
922,1.8167521953582764,-6.959090909090911
923,1.7894262075424194,-6.950000000000001
924,1.8061603307724,-6.954545454545456
925,1.8072480261325834,-6.931818181818182
926,1.7848816438345239,-6.927272727272728
927,1.804874263703823,-6.941860465116279
928,1.7934395968914032,-6.929545454545456
929,1.7890734691172838,-6.929545454545453
930,1.8089376762509346,-6.952934662236988
931,1.7983098477125168,-6.9266666666666685
932,1.7971806824207306,-6.931818181818182
933,1.817323923110962,-6.936363636363636
934,1.813393771648407,-6.938365800865801
935,1.8038524985313416,-6.925
936,1.7942561656236649,-6.9302325581395365
937,1.8058432396501303,-6.927272727272728
938,1.7890555895864964,-6.927272727272728
939,1.7865348160266876,-6.913636363636363
940,1.79877810459584,-6.936363636363637
941,1.7853519394993782,-6.913636363636365
942,1.7965640500187874,-6.945454545454546
943,1.8022114224731922,-6.952272727272728
944,1.7997774612158537,-6.934883720930234
945,1.790384218096733,-6.936363636363636
946,1.8137874156236649,-6.9206923890063425
947,1.7888061627745628,-6.927272727272727
948,1.8048192262649536,-6.956818181818179
949,1.790529714897275,-6.943181818181821
950,1.7902367413043976,-6.950000000000001
951,1.8146969601511955,-6.953488372093023
952,1.7811550796031952,-6.942521141649047
953,1.797038204735145,-6.968181818181818
954,1.7971926927566528,-6.9482822410148
955,1.795560471713543,-6.934487315010571
956,1.7844406813383102,-6.9295454545454565
957,1.805978700518608,-6.9318181818181825
958,1.7935090065002441,-6.913636363636365
959,1.7971926927566528,-6.94318181818182
960,1.8038764912635088,-6.959090909090909
961,1.7931860405951738,-6.927272727272726
962,1.7979084849357605,-6.915909090909094
963,1.8067842051386833,-6.947727272727274
964,1.7990866885520518,-6.952272727272727
965,1.79384845495224,-6.956316067653276
966,1.8001688737422228,-6.93765227021041
967,1.7915487363934515,-6.918181818181818
968,1.7854270860552788,-6.9482822410148
969,1.790803575888276,-6.915909090909091
970,1.7854344919323921,-6.948837209302326
971,1.7912477366626263,-6.918181818181819
972,1.7941694962792099,-6.940909090909091
973,1.794600009918213,-6.937209302325578
974,1.8020930662751198,-6.925000000000001
975,1.806179951876402,-6.922727272727272
976,1.7939978539943695,-6.929545454545456
977,1.8067092821002007,-6.925833333333333
978,1.808485995978117,-6.947727272727272
979,1.8007809072732925,-6.930681818181818
980,1.8092584758996964,-6.954545454545453
981,1.7979354783892632,-6.94598308668076
982,1.7991362484171987,-6.963636363636364
983,1.797753244638443,-6.95
984,1.7927894089370966,-6.940909090909091
985,1.8070626202970743,-6.913636363636363
986,1.799268776550889,-6.943181818181818
987,1.801230639219284,-6.961363636363638
988,1.7968092504888773,-6.922727272727272
989,1.7944791615009308,-6.934090909090911
990,1.7979024037267664,-6.936363636363635
991,1.8042383678257465,-6.945454545454546
992,1.7805637866258621,-6.94598308668076
993,1.796549916267395,-6.909090909090907
994,1.812854256480932,-6.925000000000001
995,1.778832420706749,-6.924999999999999
996,1.7894978001713753,-6.937025703794369
997,1.7997774612158537,-6.941860465116281
998,1.7935256361961365,-6.9206923890063425
999,1.7947835177183151,-6.9568181818181785
1000,1.8017215132713318,-6.9454545454545435
1001,1.8011752367019653,-6.928726215644819
1002,1.7964504435658455,-6.927272727272727
1003,1.796549916267395,-6.9386363636363635
1004,1.7860386483371258,-6.9431818181818175
1005,1.802781879901886,-6.899999999999999
1006,1.7913418039679527,-6.923255813953488
1007,1.8024669289588928,-6.938636363636365
1008,1.790666151791811,-6.947727272727273
1009,1.7894262075424194,-6.952272727272727
1010,1.802080400288105,-6.924999999999999
1011,1.7965917401015759,-6.926666666666668
1012,1.7848417470231652,-6.897727272727272
1013,1.7882564440369606,-6.933221925133688
1014,1.7993261353112757,-6.923255813953488
1015,1.806795358657837,-6.931025369978859
1016,1.7900486439466476,-6.9409090909090905
1017,1.7978963225177722,-6.911634199134202
1018,1.7901223823428154,-6.9206923890063425
1019,1.8011752367019653,-6.937922832980972
1020,1.779994547367096,-6.94318181818182
1021,1.7862300537526608,-6.913636363636362
1022,1.8102941513061523,-6.936363636363637
1023,1.8067842051386833,-6.947727272727271
1024,1.7865348160266876,-6.947727272727273
1025,1.7974724359810352,-6.929545454545456
1026,1.7935950458049774,-6.931818181818182
1027,1.784741759300232,-6.941860465116279
1028,1.8103437796235085,-6.947727272727273
1029,1.8001688737422228,-6.948837209302326
1030,1.7971686720848083,-6.934090909090907
1031,1.8003747537732124,-6.938365800865801
1032,1.790456966497004,-6.923255813953488
1033,1.786115089431405,-6.947727272727274
1034,1.7942474070005119,-6.925
1035,1.7845269739627838,-6.902272727272728
1036,1.8052572011947632,-6.927272727272729
1037,1.7885209769010544,-6.929545454545455
1038,1.7971124423202127,-6.952272727272727
1039,1.8049838915467262,-6.925000000000001
1040,1.8068761378526688,-6.941860465116279
1041,1.7965640500187874,-6.927272727272728
1042,1.7935256361961365,-6.92840909090909
1043,1.8057394921779633,-6.952934662236988
1044,1.8055289164185524,-6.940909090909091
1045,1.796738907461986,-6.944678492239468
1046,1.804772399365902,-6.934090909090907
1047,1.8133246004581451,-6.952272727272727
1048,1.7894262075424194,-6.927589852008457
1049,1.8088874518871307,-6.946511627906975
1050,1.8089502602815628,-6.927272727272728
1051,1.7969077373854816,-6.956818181818184
1052,1.7765664607286453,-6.897727272727275
1053,1.7713944585993886,-6.925
1054,1.7845796346664429,-6.922991543340381
1055,1.8117420375347137,-6.947727272727271
1056,1.7908835411071777,-6.94186046511628
1057,1.7926463335752487,-6.92299154334038
1058,1.7976293116807938,-6.9402219873150095
1059,1.7870999239385128,-6.927272727272726
1060,1.7912477366626263,-6.94598308668076
1061,1.7847872738493606,-6.9511627906976745
1062,1.7961539179086685,-6.936602870813397
1063,1.813255429267883,-6.941860465116279
1064,1.8102341890335083,-6.947727272727272
1065,1.790456966497004,-6.936363636363637
1066,1.798752598464489,-6.9517177589852
1067,1.79893802665174,-6.94598308668076
1068,1.7810345739126203,-6.956316067653276
1069,1.8022799976170063,-6.933221925133688
1070,1.7728961240500212,-6.912203557312255
1071,1.8020930662751198,-6.913636363636364
1072,1.8019401021301746,-6.947727272727274
1073,1.8040956258773804,-6.931025369978858
1074,1.8061603307724,-6.950000000000001
1075,1.8091239482164383,-6.937209302325578
1076,1.7986181825399399,-6.916094080338267
1077,1.7971085477620363,-6.940909090909091
1078,1.7969051711261272,-6.939085623678648
1079,1.785547599196434,-6.928726215644819
1080,1.7846462726593018,-6.929545454545455
1081,1.8024324402213097,-6.925
1082,1.8042383678257465,-6.936363636363637
1083,1.7914924211800098,-6.936363636363636
1084,1.7910349518060684,-6.916666666666667
1085,1.794948574155569,-6.925
1086,1.7908835411071777,-6.918181818181818
1087,1.792827133089304,-6.94186046511628
1088,1.7962826564908028,-6.9340909090909095
1089,1.8069818411022425,-6.918393234672305
1090,1.794419329147786,-6.949999999999998
1091,1.794600009918213,-6.927906976744185
1092,1.7973171472549438,-6.943181818181819
1093,1.785547599196434,-6.934090909090909
1094,1.8063319027423859,-6.936474501108648
1095,1.8130548428744075,-6.957954545454546
1096,1.7906687036156654,-6.952272727272727
1097,1.7899030670523643,-6.940909090909091
1098,1.8008081763982773,-6.925000000000001
1099,1.794948574155569,-6.91590909090909
1100,1.8231920003890991,-6.956818181818182
1101,1.8084138431586325,-6.92120288248337
1102,1.7979354783892632,-6.931818181818182
1103,1.8032093234360218,-6.913339920948616
1104,1.7969077373854816,-6.9206923890063425
1105,1.7909176126122475,-6.934090909090907
1106,1.8017762675881386,-6.952272727272728
1107,1.7888290602713823,-6.925
1108,1.8029781058430672,-6.922727272727272
1109,1.7888469398021698,-6.956818181818184
1110,1.8066590577363968,-6.94090909090909
1111,1.793578416109085,-6.952272727272728
1112,1.8104037418961525,-6.932085561497327
1113,1.7932517603039742,-6.931025369978858
1114,1.798887014389038,-6.92325581395349
1115,1.8113516867160797,-6.943181818181819
1116,1.804788552224636,-6.94318181818182
1117,1.7991696568205953,-6.925
1118,1.7938047647476196,-6.937922832980973
1119,1.7978963225177722,-6.941860465116279
1120,1.8082911390811205,-6.943181818181817
1121,1.7984640151262283,-6.929545454545455
1122,1.8073307946324348,-6.916666666666667
1123,1.7991362484171987,-6.95232683982684
1124,1.8062684386968613,-6.929545454545455
1125,1.7816452494007535,-6.920930232558138
1126,1.8088874518871307,-6.952272727272726
1127,1.7876674719154835,-6.9446784922394675
1128,1.8059628438204527,-6.9363636363636365
1129,1.7823063358664513,-6.936363636363637
1130,1.7908304780721664,-6.927589852008457
1131,1.8010105788707733,-6.927272727272728
1132,1.803975485265255,-6.927272727272728
1133,1.7973947916179895,-6.927272727272727
1134,1.786140600219369,-6.968181818181818
1135,1.8011752367019653,-6.934883720930232
1136,1.7986181825399399,-6.934090909090909
1137,1.7997706439346075,-6.953488372093023
1138,1.7979084849357605,-6.952272727272728
1139,1.799630037508905,-6.927272727272726
1140,1.8042885605245829,-6.931818181818183
1141,1.7993756951764226,-6.935714285714283
1142,1.796978080412373,-6.947727272727272
1143,1.8058343511074781,-6.931818181818183
1144,1.808854341506958,-6.925000000000001
1145,1.8014483749866486,-6.945454545454546
1146,1.788497295230627,-6.921202882483373
1147,1.7977808996583917,-6.936363636363635
1148,1.797929397180269,-6.936842105263157
1149,1.791412292048335,-6.952272727272727
1150,1.791436105966568,-6.9302325581395365
1151,1.7968092504888773,-6.947727272727272
1152,1.804045433178544,-6.947727272727274
1153,1.7858578655868769,-6.931818181818182
1154,1.770482111722231,-6.922991543340381
1155,1.7981857135891914,-6.9568181818181785
1156,1.794600009918213,-6.948837209302326
1157,1.7980121672153473,-6.947727272727271
1158,1.7907766737043858,-6.934090909090907
1159,1.795310226501897,-6.927272727272726
1160,1.7947046421468258,-6.9302325581395365
1161,1.8134468868374825,-6.929545454545456
1162,1.7801894843578339,-6.916472868217054
1163,1.7886025309562683,-6.925000000000001
1164,1.8116605579853058,-6.944318181818183
1165,1.794600009918213,-6.937209302325582
1166,1.7947650663554668,-6.9186046511627906
1167,1.7978963225177722,-6.931818181818182
1168,1.804788552224636,-6.949418604651162
1169,1.790456966497004,-6.916472868217054
1170,1.7908304780721664,-6.94186046511628
1171,1.7965640500187874,-6.931818181818183
1172,1.7888469398021698,-6.925000000000001
1173,1.8047141283750534,-6.939085623678649
1174,1.8034405410289764,-6.9295454545454565
1175,1.7990866885520518,-6.920454545454546
1176,1.781987551599741,-6.913636363636362
1177,1.7847818434238434,-6.935299003322258
1178,1.796518787741661,-6.943181818181817
1179,1.792491463944316,-6.936038961038959
1180,1.807472437620163,-6.932085561497327
1181,1.7896433770656586,-6.952934662236988
1182,1.801230639219284,-6.9363636363636365
1183,1.796518787741661,-6.952272727272727
1184,1.807727001607418,-6.943181818181816
1185,1.790920915082097,-6.9499999999999975
1186,1.800121022388339,-6.923255813953488
1187,1.7862030267715454,-6.9482822410148
1188,1.8103541135787964,-6.941860465116281
1189,1.7907226886600256,-6.956818181818182
1190,1.796549916267395,-6.916472868217054
1191,1.8076968491077423,-6.931025369978858
1192,1.8076968491077423,-6.95
1193,1.7829625084996223,-6.936363636363635
1194,1.7929324842989445,-6.947727272727273
1195,1.8019072897732258,-6.934090909090911
1196,1.7844743132591248,-6.917424242424243
1197,1.7908304780721664,-6.938636363636363
1198,1.7879919111728668,-6.9186046511627906
1199,1.8023297786712646,-6.927272727272727
1200,1.7971085477620363,-6.936363636363636
1201,1.7906635999679565,-6.927272727272728
1202,1.79803916066885,-6.934090909090909
1203,1.7973947916179895,-6.947727272727272
1204,1.7967747037764639,-6.934090909090911
1205,1.8002790734171867,-6.938636363636363
1206,1.7991696568205953,-6.927272727272729
1207,1.807572528719902,-6.9568181818181785
1208,1.79734767973423,-6.94090909090909
1209,1.7877027243375778,-6.939085623678648
1210,1.796518787741661,-6.936713735558407
1211,1.7978308647871017,-6.936363636363638
1212,1.808485995978117,-6.940909090909091
1213,1.796732879942283,-6.950000000000002
1214,1.7978247835781076,-6.936363636363635
1215,1.7989708734676242,-6.943181818181817
1216,1.7865348160266876,-6.913636363636366
1217,1.7944622784852982,-6.927272727272728
1218,1.8156398944556713,-6.936786469344609
1219,1.7998702162876725,-6.936363636363636
1220,1.8083463688381016,-6.931818181818182
1221,1.7941003441810608,-6.947727272727272
1222,1.7885209769010544,-6.928726215644819
1223,1.8069569170475006,-6.943181818181818
1224,1.8007913827896118,-6.929545454545456
1225,1.8072480261325834,-6.925
1226,1.8036835566163063,-6.934090909090909
1227,1.7897149696946144,-6.915909090909091
1228,1.7823063358664513,-6.927272727272727
1229,1.7859252914786339,-6.913636363636363
1230,1.7876650318503378,-6.938636363636363
1231,1.807168323546648,-6.937209302325582
1232,1.7947146520018578,-6.952272727272728
1233,1.7978308647871017,-6.927272727272728
1234,1.7860781736671925,-6.924127906976743
1235,1.804824948310852,-6.916666666666667
1236,1.7874450869858265,-6.94022198731501
1237,1.7887896206229925,-6.927272727272728
1238,1.7977093607187271,-6.956818181818179
1239,1.7862030267715454,-6.936363636363635
1240,1.8082911390811205,-6.924127906976743
1241,1.7942561656236649,-6.952272727272727
1242,1.7974875513464212,-6.913636363636366
1243,1.7965700775384903,-6.904545454545455
1244,1.7816158252826426,-6.938636363636363
1245,1.820667803287506,-6.929545454545456
1246,1.8029051572084427,-6.951162790697675
1247,1.7997706439346075,-6.936474501108648
1248,1.8029878214001656,-6.925
1249,1.7990037202835083,-6.919529598308668
1250,1.7755220532417297,-6.936363636363637
1251,1.8024669289588928,-6.917424242424241
1252,1.8015088886022568,-6.9298890063424965
1253,1.7878637239336967,-6.943542128603106
1254,1.7942561656236649,-6.906818181818182
1255,1.7825130075216293,-6.925
1256,1.810713853687048,-6.925000000000001
1257,1.795310226501897,-6.959090909090909
1258,1.7893303707242012,-6.927272727272726
1259,1.7967247737105936,-6.918181818181818
1260,1.7974875513464212,-6.936363636363637
1261,1.796518787741661,-6.9223392461197335
1262,1.79893802665174,-6.936713735558407
1263,1.7978963225177722,-6.938636363636365
1264,1.8146524131298065,-6.9363636363636365
1265,1.7941694962792099,-6.92840909090909
1266,1.7926463335752487,-6.915909090909092
1267,1.7877138629555702,-6.95232683982684
1268,1.7975479066371918,-6.936363636363636
1269,1.7908304780721664,-6.927272727272726
1270,1.7837215047329664,-6.925000000000001
1271,1.7822239696979523,-6.929545454545455
1272,1.795310226501897,-6.924999999999997
1273,1.805543713271618,-6.927272727272728
1274,1.7983098477125168,-6.922727272727272
1275,1.8025010153651237,-6.94022198731501
1276,1.8010105788707733,-6.911363636363637
1277,1.8010002933442593,-6.929545454545456
1278,1.7900486439466476,-6.934487315010571
1279,1.8047578781843185,-6.936363636363638
1280,1.7894978001713753,-6.929545454545456
1281,1.8017543256282806,-6.9186046511627906
1282,1.7971085477620363,-6.9511627906976745
1283,1.805692121386528,-6.938636363636364
1284,1.795310226501897,-6.9302325581395365
1285,1.7952917751390487,-6.936038961038959
1286,1.8088246434926987,-6.927272727272728
1287,1.804788552224636,-6.943181818181819
1288,1.809667385823559,-6.929545454545455
1289,1.7967747037764639,-6.914285714285715
1290,1.8045264407992363,-6.929545454545455
1291,1.8085557967424393,-6.951162790697675
1292,1.783475622534752,-6.936363636363638
1293,1.809197187423706,-6.947727272727273
1294,1.8059628438204527,-6.920454545454543
1295,1.7915157582610846,-6.909090909090908
1296,1.81496886536479,-6.92840909090909
1297,1.7939978539943695,-6.95
1298,1.8023983538150787,-6.945454545454546
1299,1.7915847394615412,-6.931818181818183
1300,1.8046218231320381,-6.959090909090909
1301,1.8140908405184746,-6.934487315010571
1302,1.8041684199124575,-6.956818181818179
1303,1.7998702162876725,-6.918181818181818
1304,1.7885236516594887,-6.965909090909091
1305,1.7977055758237839,-6.937209302325582
1306,1.7911536693572998,-6.929545454545456
1307,1.8051429018378258,-6.931025369978859
1308,1.8008081763982773,-6.941860465116279
1309,1.7906687036156654,-6.929545454545453
1310,1.7851446494460106,-6.938095238095239
1311,1.8111006617546082,-6.918181818181818
1312,1.7882314249873161,-6.937025703794369
1313,1.7860781736671925,-6.934090909090907
1314,1.804824948310852,-6.920930232558138
1315,1.7965310215950012,-6.917424242424241
1316,1.7981361597776413,-6.940909090909091
1317,1.8009833097457886,-6.949999999999999
1318,1.7943592220544815,-6.922603516732842
1319,1.8025351017713547,-6.927272727272728
1320,1.8017871379852295,-6.941384778012685
1321,1.7959036726970226,-6.945454545454544
1322,1.80915816873312,-6.948837209302326
1323,1.8050638809800148,-6.94186046511628
1324,1.792684057727456,-6.925000000000001
1325,1.7900486439466476,-6.907954545454546
1326,1.7896433770656586,-6.934487315010571
1327,1.7929324842989445,-6.936363636363635
1328,1.7882314249873161,-6.927272727272729
1329,1.7847253531217575,-6.913953488372093
1330,1.7944707199931145,-6.934090909090907
1331,1.7977808996583917,-6.9363636363636365
1332,1.800010822713375,-6.952272727272729
1333,1.7999629713594913,-6.947727272727272
1334,1.8084775344468653,-6.93765227021041
1335,1.795310226501897,-6.923255813953488
1336,1.805692121386528,-6.9206923890063425
1337,1.7890555895864964,-6.924999999999999
1338,1.7929324842989445,-6.954016913319238
1339,1.800010822713375,-6.954545454545454
1340,1.787669911980629,-6.931818181818182
1341,1.7938221096992493,-6.922991543340381
1342,1.805721715092659,-6.939534883720932
1343,1.7890913486480713,-6.929545454545453
1344,1.8058343511074781,-6.941860465116279
1345,1.800123947672546,-6.95
1346,1.7895693928003311,-6.936363636363637
1347,1.8085938021540642,-6.95
1348,1.7979624718427658,-6.949999999999999
1349,1.7916177175939083,-6.924999999999997
1350,1.7998702162876725,-6.943181818181819
1351,1.7971806824207306,-6.9454545454545435
1352,1.7942474070005119,-6.9517177589852
1353,1.7870261557400227,-6.959090909090909
1354,1.7965640500187874,-6.936363636363637
1355,1.8154307790100574,-6.9363636363636365
1356,1.7959036726970226,-6.952272727272728
1357,1.8088874518871307,-6.947727272727274
1358,1.7839722465723753,-6.915909090909091
1359,1.7885223142802715,-6.960465116279068
1360,1.7938221096992493,-6.937922832980972
1361,1.797242909669876,-6.93720930232558
1362,1.7915157582610846,-6.931818181818183
1363,1.8084775344468653,-6.920454545454546
1364,1.7910008803009987,-6.929545454545455
1365,1.782482661306858,-6.941860465116279
1366,1.8042614459991455,-6.906818181818181
1367,1.7970484234392643,-6.927272727272726
1368,1.7753926003351808,-6.904545454545453
1369,1.7976731956005096,-6.937922832980972
1370,1.7839722465723753,-6.938636363636363
1371,1.7959036726970226,-6.947727272727273
1372,1.793578416109085,-6.937209302325582
1373,1.7900486439466476,-6.956818181818182
1374,1.8082556147128344,-6.925000000000001
1375,1.7844743132591248,-6.938636363636363
1376,1.7961539179086685,-6.927272727272729
1377,1.79893802665174,-6.941860465116281
1378,1.7978247835781076,-6.965909090909091
1379,1.7910651564598083,-6.937209302325582
1380,1.7980121672153473,-6.9409090909090905
1381,1.7906531943008304,-6.937209302325578
1382,1.796549916267395,-6.941384778012685
1383,1.8092584758996964,-6.943181818181817
1384,1.8094586580991745,-6.977272727272728
1385,1.8043387532234192,-6.959090909090909
1386,1.8029051572084427,-6.937922832980972
1387,1.7850578725337982,-6.929545454545456
1388,1.7910792082548141,-6.938636363636363
1389,1.8074325863271952,-6.937209302325578
1390,1.8051486909389496,-6.927272727272728
1391,1.7965310215950012,-6.921202882483373
1392,1.7890913486480713,-6.921828752642705
1393,1.7963698655366898,-6.948837209302326
1394,1.7943592220544815,-6.931818181818181
1395,1.7871010638773441,-6.947727272727271
1396,1.7966416701674461,-6.938365800865801
1397,1.8085124348290265,-6.923255813953488
1398,1.802596852183342,-6.956818181818183
1399,1.7918719630688429,-6.929545454545456
1400,1.786759153008461,-6.931818181818182
1401,1.8102263510227203,-6.938636363636363
1402,1.8034405410289764,-6.914285714285714
1403,1.802941631525755,-6.956818181818182
1404,1.791294887661934,-6.926969696969697
1405,1.7978963225177722,-6.929545454545453
1406,1.8117400407791138,-6.965909090909093
1407,1.8058195542544127,-6.952272727272729
1408,1.7990538417361677,-6.959275184275185
1409,1.8034405410289764,-6.943181818181817
1410,1.7991362484171987,-6.952272727272728
1411,1.8083586134016514,-6.963213530655391
1412,1.7897149696946144,-6.942521141649047
1413,1.7965418100357056,-6.936363636363635
1414,1.7890734691172838,-6.922727272727274
1415,1.7915487363934515,-6.952272727272728
1416,1.8007809072732925,-6.927272727272727
1417,1.7929982040077448,-6.934090909090908
1418,1.8019620440900326,-6.940909090909091
1419,1.7990866885520518,-6.921440726035168
1420,1.8026586025953293,-6.94186046511628
1421,1.7915847394615412,-6.941384778012685
1422,1.8024669289588928,-6.947727272727271
1423,1.808622209355235,-6.931818181818182
1424,1.8029781058430672,-6.939085623678648
1425,1.804824948310852,-6.938636363636363
1426,1.813934050500393,-6.952272727272728
1427,1.7965418100357056,-6.936713735558407
1428,1.796506553888321,-6.952272727272728
1429,1.7985984310507774,-6.950000000000001
1430,1.7861775159835815,-6.958139534883722
1431,1.790803575888276,-6.94318181818182
1432,1.805137112736702,-6.93235294117647
1433,1.785547599196434,-6.927272727272728
1434,1.8064516372978687,-6.954545454545456
1435,1.796738907461986,-6.928726215644819
1436,1.7979624718427658,-6.9266666666666685
1437,1.7998702162876725,-6.924999999999997
1438,1.807413563132286,-6.923255813953488
1439,1.7906635999679565,-6.947727272727271
1440,1.7941003441810608,-6.933221925133688
1441,1.7982128486037254,-6.945454545454546
1442,1.802596852183342,-6.942521141649049
1443,1.7973171472549438,-6.931818181818183
1444,1.7934395968914032,-6.954016913319238
1445,1.7961746826767921,-6.922727272727272
1446,1.8018310219049454,-6.929545454545456
1447,1.8001688737422228,-6.927272727272728
1448,1.7965700775384903,-6.951162790697675
1449,1.7811714708805084,-6.924999999999999
1450,1.8067092821002007,-6.95909090909091
1451,1.7907201368361712,-6.952272727272727
1452,1.7978963225177722,-6.9431818181818175
1453,1.803514614701271,-6.9454545454545435
1454,1.7872005570679903,-6.934090909090907
1455,1.802781879901886,-6.931818181818183
1456,1.8040956258773804,-6.925
1457,1.800762765109539,-6.945454545454545
1458,1.8029781058430672,-6.936363636363635
1459,1.7994826138019562,-6.9295454545454565
1460,1.7837215047329664,-6.923255813953488
1461,1.806795358657837,-6.952934662236988
1462,1.790749590843916,-6.929545454545456
1463,1.7906635999679565,-6.961363636363635
1464,1.8007522895932198,-6.927272727272728
1465,1.7945311442017555,-6.944678492239468
1466,1.7969077373854816,-6.9431818181818175
1467,1.7931667286902666,-6.929545454545456
1468,1.7938221096992493,-6.927272727272728
1469,1.8007704317569733,-6.937209302325582
1470,1.7861775159835815,-6.938636363636363
1471,1.805721715092659,-6.922991543340382
1472,1.7965580224990845,-6.931818181818182
1473,1.795310226501897,-6.931818181818182
1474,1.8131240140646696,-6.929545454545456
1475,1.7816452494007535,-6.929545454545456
1476,1.804824948310852,-6.92840909090909
1477,1.8190628867596388,-6.954016913319238
1478,1.7967747037764639,-6.934090909090907
1479,1.7976279556751251,-6.913339920948616
1480,1.8007809072732925,-6.9186046511627906
1481,1.7984640151262283,-6.929545454545456
1482,1.8017871379852295,-6.920454545454547
1483,1.7868553940206766,-6.941860465116279
1484,1.8026586025953293,-6.925
1485,1.787447527050972,-6.929545454545456
1486,1.7986181825399399,-6.913794926004229
1487,1.7870261557400227,-6.918181818181818
1488,1.780354529619217,-6.9206923890063425
1489,1.7910008803009987,-6.961363636363635
1490,1.7925968151539564,-6.9363636363636365
1491,1.7944791615009308,-6.9363636363636365
1492,1.8082236647605896,-6.947727272727271
1493,1.7912477366626263,-6.920454545454546
1494,1.7793870205059648,-6.913636363636362
1495,1.7914594430476427,-6.937209302325582
1496,1.791412292048335,-6.911363636363639
1497,1.7895693928003311,-6.912474120082816
1498,1.7944707199931145,-6.943181818181819
1499,1.8126235753297806,-6.94022198731501
1500,1.791686698794365,-6.956818181818184
1501,1.8047578781843185,-6.9386363636363635
1502,1.787225142121315,-6.952880549682876
1503,1.7878637239336967,-6.955813953488374
1504,1.7991362484171987,-6.931818181818182
1505,1.7830277979373932,-6.931818181818183
1506,1.7919739224016666,-6.950581395348838
1507,1.8093892112374306,-6.918393234672305
1508,1.793578416109085,-6.925000000000001
1509,1.8029608502984047,-6.9409090909090905
1510,1.796732879942283,-6.928726215644819
1511,1.804381586611271,-6.929545454545455
1512,1.790456966497004,-6.970110993657503
1513,1.8051486909389496,-6.945454545454546
1514,1.8000282673165202,-6.953488372093023
1515,1.7964504435658455,-6.9431818181818175
1516,1.820667803287506,-6.952272727272727
1517,1.8019620440900326,-6.940909090909091
1518,1.7971085477620363,-6.9454545454545435
1519,1.792855128645897,-6.928726215644819
1520,1.8166913092136383,-6.9568181818181785
1521,1.8085124348290265,-6.913636363636362
1522,1.7976293116807938,-6.929545454545456
1523,1.7999180676415563,-6.936585365853658
1524,1.7940490990877151,-6.934090909090909
1525,1.810802549123764,-6.95
1526,1.8003747537732124,-6.925000000000001
1527,1.7921665161848068,-6.940909090909091
1528,1.7977093607187271,-6.931818181818182
1529,1.798912520520389,-6.927589852008456
1530,1.7959036726970226,-6.940909090909091
1531,1.8020930662751198,-6.952934662236988
1532,1.7839771062135696,-6.929545454545455
1533,1.778891840018332,-6.950000000000002
1534,1.8077096790075302,-6.936363636363636
1535,1.79745514690876,-6.950000000000002
1536,1.7885209769010544,-6.943542128603105
1537,1.7960116465110332,-6.934090909090908
1538,1.793465169146657,-6.952272727272727
1539,1.8072081748396158,-6.9454545454545435
1540,1.7926463335752487,-6.922727272727272
1541,1.810137584223412,-6.947727272727272
1542,1.7919739224016666,-6.956818181818182
1543,1.7906687036156654,-6.919529598308667
1544,1.8071852400898933,-6.924999999999999
1545,1.798887014389038,-6.936363636363637
1546,1.7863689213991165,-6.927272727272728
1547,1.7986239371821284,-6.947727272727271
1548,1.792684057727456,-6.9402219873150095
1549,1.7992192166857421,-6.940909090909091
1550,1.793945163488388,-6.937922832980972
1551,1.8052514120936394,-6.918366807610992
1552,1.7997774612158537,-6.938636363636363
1553,1.8024669289588928,-6.959090909090909
1554,1.7963510006666183,-6.943181818181816
1555,1.7906073480844498,-6.94186046511628
1556,1.8107361141592264,-6.952272727272728
1557,1.796518787741661,-6.927272727272728
1558,1.8047578781843185,-6.934090909090908
1559,1.8061603307724,-6.947119450317123
1560,1.808791533112526,-6.913636363636364
1561,1.7926463335752487,-6.9295454545454565
1562,1.809177678078413,-6.911363636363637
1563,1.7915157582610846,-6.945454545454545
1564,1.7907766737043858,-6.932085561497326
1565,1.7885209769010544,-6.947727272727273
1566,1.790936604142189,-6.913636363636365
1567,1.7860017325729132,-6.935623678646934
1568,1.7999629713594913,-6.95681818181818
1569,1.8126074820756912,-6.948863636363636
1570,1.790456966497004,-6.952272727272727
1571,1.7885236516594887,-6.898863636363637
1572,1.7979024037267664,-6.929545454545456
1573,1.8010382801294327,-6.913953488372093
1574,1.7912477366626263,-6.952880549682876
1575,1.8070626202970743,-6.925000000000001
1576,1.7972549200057983,-6.927272727272728
1577,1.7994735590182245,-6.927272727272727
1578,1.80555260181427,-6.937209302325582
1579,1.7910008803009987,-6.922991543340381
1580,1.8028183542191982,-6.952272727272727
1581,1.7905264608561993,-6.934090909090907
1582,1.7823887020349503,-6.924999999999998
1583,1.7965640500187874,-6.938365800865801
1584,1.8064516372978687,-6.950000000000001
1585,1.7936990559101105,-6.941860465116279
1586,1.7997774612158537,-6.927272727272728
1587,1.7989708734676242,-6.9298890063424965
1588,1.7878637239336967,-6.929545454545453
1589,1.7974724359810352,-6.952272727272728
1590,1.8087282255291939,-6.929545454545453
1591,1.804736003279686,-6.947727272727272
1592,1.799724365118891,-6.936363636363635
1593,1.7839722465723753,-6.934090909090907
1594,1.8082911390811205,-6.947727272727273
1595,1.7839722465723753,-6.931818181818181
1596,1.7943504634313285,-6.927906976744185
1597,1.7922611460089684,-6.927272727272728
1598,1.8011752367019653,-6.949999999999999
1599,1.8047942742705345,-6.943181818181818
1600,1.7936387360095978,-6.939534883720931
1601,1.7853519394993782,-6.929545454545456
1602,1.8111006617546082,-6.943181818181818
1603,1.8018090799450874,-6.927272727272728
1604,1.8004704341292381,-6.915909090909091
1605,1.7914827801287174,-6.947727272727274
1606,1.8018090799450874,-6.947727272727274
1607,1.8048306703567505,-6.947727272727272
1608,1.7963510006666183,-6.921202882483373
1609,1.7849409766495228,-6.956818181818179
1610,1.8007809072732925,-6.9454545454545435
1611,1.8050696700811386,-6.922991543340382
1612,1.8149894941598177,-6.955179704016914
1613,1.8018310219049454,-6.949418604651162
1614,1.8061156868934631,-6.931818181818182
1615,1.8023297786712646,-6.9363636363636365
1616,1.7986181825399399,-6.945454545454546
1617,1.798752598464489,-6.9409090909090905
1618,1.805721715092659,-6.927272727272728
1619,1.8008459210395813,-6.952880549682876
1620,1.8086951151490211,-6.965512684989429
1621,1.7907201368361712,-6.93409090909091
1622,1.7886025309562683,-6.923255813953488
1623,1.803182352334261,-6.927272727272728
1624,1.8048192262649536,-6.927272727272728
1625,1.7876674719154835,-6.9295454545454565
1626,1.8062049746513367,-6.929545454545455
1627,1.79803916066885,-6.920454545454548
1628,1.7876786105334759,-6.934090909090907
1629,1.8063319027423859,-6.90909090909091
1630,1.8105392642319202,-6.9482822410148
1631,1.7861775159835815,-6.943181818181817
1632,1.797038204735145,-6.927272727272728
1633,1.7971806824207306,-6.918181818181816
1634,1.797929397180269,-6.927272727272729
1635,1.7965418100357056,-6.937209302325582
1636,1.8083586134016514,-6.9206923890063425
1637,1.8049838915467262,-6.94090909090909
1638,1.7975026667118073,-6.936363636363635
1639,1.7990866885520518,-6.927272727272728
1640,1.7911732755601406,-6.936713735558407
1641,1.790936604142189,-6.925000000000001
1642,1.8102185130119324,-6.938095238095239
1643,1.8199673891067505,-6.945454545454545
1644,1.8050638809800148,-6.96590909090909
1645,1.8036835566163063,-6.943181818181817
1646,1.7815864011645317,-6.920454545454548
1647,1.7894262075424194,-6.9409090909090905
1648,1.800010822713375,-6.93409090909091
1649,1.8116605579853058,-6.943181818181817
1650,1.7876921892166138,-6.938636363636363
1651,1.7941694962792099,-6.943181818181816
1652,1.8064516372978687,-6.943181818181817
1653,1.7891124300658703,-6.918181818181818
1654,1.7944622784852982,-6.955179704016913
1655,1.7935693264007568,-6.952272727272728
1656,1.7959036726970226,-6.915909090909091
1657,1.801230639219284,-6.936363636363637
1658,1.7839722465723753,-6.945454545454546
1659,1.7844574972987175,-6.945454545454546
1660,1.7959036726970226,-6.932085561497327
1661,1.7900486439466476,-6.93765227021041
1662,1.7981361597776413,-6.911363636363635
1663,1.8104799091815948,-6.939534883720931
1664,1.7965364158153534,-6.927272727272728
1665,1.7965364158153534,-6.900000000000002
1666,1.7761358320713043,-6.925000000000001
1667,1.8019620440900326,-6.923255813953488
1668,1.7971085477620363,-6.943181818181819
1669,1.798752598464489,-6.934090909090908
1670,1.7929324842989445,-6.929545454545453
1671,1.797929397180269,-6.927272727272726
1672,1.8036835566163063,-6.947727272727271
1673,1.7905966574326158,-6.932954545454545
1674,1.809100553393364,-6.924999999999997
1675,1.802781879901886,-6.952272727272726
1676,1.7897149696946144,-6.928726215644819
1677,1.7769304811954498,-6.909090909090907
1678,1.7891124300658703,-6.919529598308667
1679,1.8091044388711452,-6.937922832980972
1680,1.7899030670523643,-6.941384778012685
1681,1.7982128486037254,-6.961363636363636
1682,1.8054204061627388,-6.952272727272728
1683,1.7989708734676242,-6.926969696969697
1684,1.7971085477620363,-6.9363636363636365
1685,1.79893802665174,-6.911363636363636
1686,1.7931860405951738,-6.936363636363636
1687,1.7945311442017555,-6.9454545454545435
1688,1.7945395857095718,-6.9499999999999975
1689,1.7969077373854816,-6.950000000000001
1690,1.7738643288612366,-6.920454545454547
1691,1.8050696700811386,-6.936363636363637
1692,1.7887896206229925,-6.949418604651162
1693,1.8057069182395935,-6.938636363636365
1694,1.7966416701674461,-6.93765227021041
1695,1.8151962235569954,-6.941860465116279
1696,1.7965580224990845,-6.938636363636363
1697,1.800121022388339,-6.911627906976744
1698,1.7868926543742418,-6.9107142857142865
1699,1.7845796346664429,-6.936363636363637
1700,1.7995231188833714,-6.947727272727272
1701,1.7970484234392643,-6.929889006342496
1702,1.7916177175939083,-6.922727272727272
1703,1.7907226886600256,-6.922991543340381
1704,1.796549916267395,-6.94318181818182
1705,1.793945163488388,-6.941384778012685
1706,1.8064320161938667,-6.952272727272728
1707,1.7935090065002441,-6.931818181818181
1708,1.8036835566163063,-6.943181818181817
1709,1.8069569170475006,-6.956818181818182
1710,1.79384845495224,-6.927272727272726
1711,1.7912477366626263,-6.933221925133688
1712,1.7845796346664429,-6.920454545454545
1713,1.7807288318872452,-6.927272727272728
1714,1.7944707199931145,-6.952272727272727
1715,1.7959036726970226,-6.941384778012685
1716,1.7940919059328735,-6.937209302325582
1717,1.7876786105334759,-6.943181818181817
1718,1.7975840717554092,-6.93720930232558
1719,1.8043387532234192,-6.937209302325582
1720,1.7943504634313285,-6.9340909090909095
1721,1.8019620440900326,-6.920454545454545
1722,1.7999629713594913,-6.952272727272727
1723,1.7856375575065613,-6.928726215644819
1724,1.7936553657054901,-6.94318181818182
1725,1.7959036726970226,-6.940909090909091
1726,1.7823366820812225,-6.938365800865801
1727,1.8006022907793522,-6.944318181818183
1728,1.8007913827896118,-6.934883720930234
1729,1.777887936681509,-6.931818181818183
1730,1.8003747537732124,-6.925
1731,1.8082911390811205,-6.943181818181817
1732,1.7982128486037254,-6.927272727272728
1733,1.7811386585235596,-6.918181818181818
1734,1.7914594430476427,-6.947727272727272
1735,1.8102941513061523,-6.927272727272725
1736,1.8023297786712646,-6.926969696969698
1737,1.793778419494629,-6.915909090909091
1738,1.8041684199124575,-6.938636363636363
1739,1.7860781736671925,-6.929545454545456
1740,1.8082911390811205,-6.920454545454543
1741,1.791109412908554,-6.918393234672305
1742,1.8061603307724,-6.956316067653276
1743,1.77384278178215,-6.925
1744,1.79803916066885,-6.920454545454546
1745,1.8009833097457886,-6.956316067653276
1746,1.7991034016013145,-6.945454545454545
1747,1.7885209769010544,-6.929545454545455
1748,1.7913889549672604,-6.936842105263157
1749,1.7865348160266876,-6.925000000000001
1750,1.8019620440900326,-6.9363636363636365
1751,1.784729316830635,-6.938095238095239
1752,1.8036835566163063,-6.950000000000002
1753,1.7945395857095718,-6.934090909090908
1754,1.79893802665174,-6.952272727272727
1755,1.796549916267395,-6.936038961038959
1756,1.7890555895864964,-6.941860465116279
1757,1.7801894843578339,-6.916094080338267
1758,1.7794318497180939,-6.949999999999999
1759,1.8006022907793522,-6.922727272727272
1760,1.8087584227323532,-6.952272727272727
1761,1.8008186519145966,-6.938636363636365
1762,1.8011752367019653,-6.931818181818182
1763,1.7924537397921085,-6.9298890063424965
1764,1.803514614701271,-6.943542128603106
1765,1.7959036726970226,-6.93792283298097
1766,1.7961746826767921,-6.9482822410148
1767,1.8003747537732124,-6.929545454545456
1768,1.809100553393364,-6.936363636363637
1769,1.8047942742705345,-6.96897463002114
1770,1.787447527050972,-6.928726215644819
1771,1.7978578582406044,-6.952272727272727
1772,1.7965418100357056,-6.931025369978859
1773,1.7793870205059648,-6.904545454545454
1774,1.7956534274853764,-6.934487315010573
1775,1.8061156868934631,-6.947727272727272
1776,1.7979624718427658,-6.925
1777,1.807290943339467,-6.949418604651163
1778,1.7951267187017947,-6.947727272727274
1779,1.794948574155569,-6.923255813953488
1780,1.7965310215950012,-6.940909090909091
1781,1.7877138629555702,-6.910101010101011
1782,1.7944791615009308,-6.947727272727274
1783,1.78849595785141,-6.9409090909090905
1784,1.7960116465110332,-6.952272727272727
1785,1.793578416109085,-6.952272727272727
1786,1.7969051711261272,-6.951162790697675
1787,1.7941694962792099,-6.952272727272728
1788,1.8081881403923035,-6.929545454545456
1789,1.7974099069833755,-6.968181818181816
1790,1.802494190633297,-6.9223392461197335
1791,1.7908566389232874,-6.935714285714283
1792,1.7926463335752487,-6.938636363636363
1793,1.7977055758237839,-6.954545454545454
1794,1.803975485265255,-6.936474501108648
1795,1.7944707199931145,-6.927272727272728
1796,1.8085557967424393,-6.943181818181817
1797,1.7965640500187874,-6.927272727272728
1798,1.7990866885520518,-6.934902597402598
1799,1.8034775778651237,-6.958139534883722
1800,1.795560471713543,-6.911237373737373
1801,1.7922611460089684,-6.938636363636363
1802,1.7959036726970226,-6.939534883720932
1803,1.7909706756472588,-6.91590909090909
1804,1.7892587780952454,-6.939534883720932
1805,1.8071024715900421,-6.968181818181819
1806,1.7915614023804665,-6.929545454545453
1807,1.7914594430476427,-6.924999999999997
1808,1.7912477366626263,-6.9206923890063425
1809,1.7929324842989445,-6.916666666666667
1810,1.8000586740672588,-6.944318181818181
1811,1.792684057727456,-6.922991543340381
1812,1.79803916066885,-6.950000000000002
1813,1.7979354783892632,-6.915909090909091
1814,1.7933377996087074,-6.911363636363636
1815,1.7869675625115633,-6.927272727272728
1816,1.794600009918213,-6.95232683982684
1817,1.8007913827896118,-6.951162790697674
1818,1.7895693928003311,-6.95
1819,1.7892587780952454,-6.94090909090909
1820,1.790803575888276,-6.911904761904763
1821,1.814256951212883,-6.913339920948616
1822,1.806795358657837,-6.937922832980972
1823,1.8050696700811386,-6.906818181818182
1824,1.8042614459991455,-6.953488372093023
1825,1.8034775778651237,-6.945454545454546
1826,1.7877138629555702,-6.913636363636365
1827,1.796506553888321,-6.897727272727274
1828,1.80555260181427,-6.925
1829,1.8043387532234192,-6.9206923890063425
1830,1.7943676635622978,-6.939085623678647
1831,1.8134468868374825,-6.948837209302326
1832,1.797242909669876,-6.95
1833,1.794238648377359,-6.927589852008457
1834,1.8147415071725845,-6.922991543340381
1835,1.794238648377359,-6.929545454545453
1836,1.8011752367019653,-6.9223392461197335
1837,1.803514614701271,-6.918181818181819
1838,1.7962618917226791,-6.925833333333333
1839,1.7913418039679527,-6.927272727272729
1840,1.804824948310852,-6.918181818181818
1841,1.8051486909389496,-6.924127906976743
1842,1.7856375575065613,-6.911363636363635
1843,1.7936553657054901,-6.902272727272728
1844,1.806179951876402,-6.931818181818182
1845,1.7999629713594913,-6.943181818181817
1846,1.794948574155569,-6.952272727272729
1847,1.8018090799450874,-6.932085561497327
1848,1.7828022092580795,-6.913953488372093
1849,1.803182352334261,-6.954545454545454
1850,1.7991696568205953,-6.918181818181819
1851,1.8069569170475006,-6.9363636363636365
1852,1.8059628438204527,-6.956818181818182
1853,1.793063923716545,-6.918393234672305
1854,1.776935301721096,-6.945454545454546
1855,1.7947650663554668,-6.927589852008457
1856,1.7911536693572998,-6.91590909090909
1857,1.7969077373854816,-6.929545454545453
1858,1.8008186519145966,-6.952272727272726
1859,1.7885223142802715,-6.929545454545456
1860,1.7790867919102311,-6.934090909090909
1861,1.8057306036353111,-6.9302325581395365
1862,1.7848616370465606,-6.929545454545453
1863,1.7913182247430086,-6.930681818181818
1864,1.7989453673362732,-6.939085623678647
1865,1.802781879901886,-6.945454545454546
1866,1.7844574972987175,-6.915909090909091
1867,1.8084138431586325,-6.954545454545453
1868,1.79803916066885,-6.929545454545453
1869,1.7909176126122475,-6.949418604651162
1870,1.8033865988254547,-6.925
1871,1.7941003441810608,-6.927272727272728
1872,1.7963698655366898,-6.939534883720932
1873,1.8109738659113646,-6.945454545454546
1874,1.803975485265255,-6.9446784922394675
1875,1.7898314744234085,-6.949999999999999
1876,1.7949670255184174,-6.929545454545453
1877,1.7965580224990845,-6.911363636363635
1878,1.808485995978117,-6.934090909090907
1879,1.7860781736671925,-6.931818181818182
1880,1.7824493944644928,-6.945454545454545
1881,1.7974724359810352,-6.946590909090909
1882,1.8050638809800148,-6.955813953488373
1883,1.798912520520389,-6.925000000000001
1884,1.7963510006666183,-6.954545454545455
1885,1.8076968491077423,-6.940221987315011
1886,1.7971686720848083,-6.954016913319238
1887,1.7898605465888977,-6.9363636363636365
1888,1.7863434106111526,-6.934090909090909
1889,1.7961539179086685,-6.956818181818181
1890,1.8091852366924286,-6.96279069767442
1891,1.8008459210395813,-6.934883720930232
1892,1.7971124423202127,-6.937209302325582
1893,1.7999629713594913,-6.946590909090909
1894,1.8014694936573505,-6.924999999999998
1895,1.7990037202835083,-6.934883720930233
1896,1.7912477366626263,-6.911363636363635
1897,1.8051429018378258,-6.9431818181818175
1898,1.7862030267715454,-6.934902597402595
1899,1.7861520051956177,-6.936363636363635
1900,1.8105525337159634,-6.927272727272725
1901,1.7944791615009308,-6.948863636363637
1902,1.7965700775384903,-6.934090909090907
1903,1.8102341890335083,-6.943181818181819
1904,1.7971686720848083,-6.9568181818181785
1905,1.7890913486480713,-6.92840909090909
1906,1.8060471937060356,-6.945454545454546
1907,1.7978308647871017,-6.952272727272725
1908,1.7885223142802715,-6.927272727272727
1909,1.795560471713543,-6.918181818181818
1910,1.7844574972987175,-6.92840909090909
1911,1.8008186519145966,-6.941860465116279
1912,1.805137112736702,-6.936713735558407
1913,1.8038764912635088,-6.953488372093023
1914,1.7985597848892212,-6.95
1915,1.8052572011947632,-6.927272727272726
1916,1.793778419494629,-6.9568181818181785
1917,1.7876810505986214,-6.947727272727272
1918,1.8048192262649536,-6.935299003322259
1919,1.804788552224636,-6.965909090909091
1920,1.8086571097373962,-6.94090909090909
1921,1.7882314249873161,-6.934883720930233
1922,1.796978080412373,-6.95681818181818
1923,1.8154053390026093,-6.934090909090907
1924,1.7861775159835815,-6.945454545454546
1925,1.7890555895864964,-6.925
1926,1.8112900853157043,-6.94186046511628
1927,1.7865890804678202,-6.9454545454545435
1928,1.805692121386528,-6.94598308668076
1929,1.8007704317569733,-6.9223392461197335
1930,1.8077141717076302,-6.9318181818181825
1931,1.8148668706417084,-6.947119450317123
1932,1.7959244374651462,-6.931025369978858
1933,1.7967247737105936,-6.931818181818182
1934,1.7942561656236649,-6.940909090909091
1935,1.7890913486480713,-6.938365800865801
1936,1.811559129244415,-6.94090909090909
1937,1.8051486909389496,-6.920454545454546
1938,1.7990037202835083,-6.918181818181818
1939,1.8019620440900326,-6.950000000000002
1940,1.7909706756472588,-6.9302325581395365
1941,1.7949301227927208,-6.9186046511627906
1942,1.7939978539943695,-6.943181818181817
1943,1.8118678778409958,-6.927272727272729
1944,1.8017871379852295,-6.947119450317123
1945,1.7886025309562683,-6.941860465116279
1946,1.7990866885520518,-6.934090909090909
1947,1.7932517603039742,-6.929545454545456
1948,1.7916177175939083,-6.952272727272728
1949,1.8132232427597046,-6.947727272727271
1950,1.7966058738529682,-6.943181818181818
1951,1.7839771062135696,-6.945454545454546
1952,1.7978963225177722,-6.927272727272728
1953,1.8038524985313416,-6.926666666666666
1954,1.7914827801287174,-6.937209302325582
1955,1.8091542832553387,-6.931818181818183
1956,1.7959244374651462,-6.950581395348838
1957,1.8010105788707733,-6.947727272727274
1958,1.8059469871222973,-6.924999999999998
1959,1.8091542832553387,-6.93689733408962
1960,1.8023297786712646,-6.906818181818181
1961,1.7993756951764226,-6.918181818181818
1962,1.7799221128225327,-6.934090909090907
1963,1.7909706756472588,-6.921951219512197
1964,1.7885630913078785,-6.925
1965,1.805137112736702,-6.924999999999998
1966,1.8057394921779633,-6.952272727272725
1967,1.7890734691172838,-6.922727272727272
1968,1.7877138629555702,-6.920454545454548
1969,1.7914594430476427,-6.911363636363635
1970,1.8038065433502197,-6.924127906976743
1971,1.7910349518060684,-6.921951219512197
1972,1.7999180676415563,-6.93765227021041
1973,1.8017543256282806,-6.925
1974,1.8010382801294327,-6.943181818181817
1975,1.7915614023804665,-6.913636363636362
1976,1.792684057727456,-6.937025703794369
1977,1.7999180676415563,-6.945454545454545
1978,1.8004704341292381,-6.929545454545456
1979,1.792827133089304,-6.950000000000002
1980,1.8003747537732124,-6.927272727272728
1981,1.7924537397921085,-6.930681818181818
1982,1.7986181825399399,-6.94598308668076
1983,1.8036835566163063,-6.952272727272728
1984,1.7945395857095718,-6.927272727272725
1985,1.8084690729156137,-6.945454545454546
1986,1.7856375575065613,-6.91031746031746
1987,1.7971806824207306,-6.934883720930232
1988,1.8102341890335083,-6.9409090909090905
1989,1.7993756951764226,-6.931818181818182
1990,1.7961539179086685,-6.94090909090909
1991,1.7975840717554092,-6.929545454545456
1992,1.8031458780169487,-6.956818181818182
1993,1.8008081763982773,-6.931818181818183
1994,1.8084138431586325,-6.922727272727272
1995,1.8053657114505768,-6.959090909090911
1996,1.7971806824207306,-6.927272727272727
1997,1.7989708734676242,-6.943181818181818
1998,1.7898605465888977,-6.937209302325582
1999,1.7949670255184174,-6.927272727272726
2000,1.7913418039679527,-6.924127906976743
2001,1.7993756951764226,-6.94252114164905
2002,1.8043313939124346,-6.93765227021041
2003,1.785547599196434,-6.950000000000002
2004,1.79893802665174,-6.928726215644819
2005,1.7940227538347244,-6.927589852008457
2006,1.795310226501897,-6.947727272727272
2007,1.78137893602252,-6.9386363636363635
2008,1.8017215132713318,-6.946590909090908
2009,1.7976279556751251,-6.9363636363636365
2010,1.7894978001713753,-6.94022198731501
2011,1.8009728342294693,-6.904545454545455
2012,1.793945163488388,-6.9266666666666685
2013,1.7975327912718058,-6.950000000000002
2014,1.7832517102360725,-6.920454545454547
2015,1.7844406813383102,-6.95681818181818
2016,1.7914924211800098,-6.9295454545454565
2017,1.7905992092564702,-6.94022198731501
2018,1.7908026538789272,-6.912632135306553
2019,1.8010105788707733,-6.934090909090909
2020,1.7971806824207306,-6.92840909090909
2021,1.8059469871222973,-6.9318181818181825
2022,1.7965364158153534,-6.931818181818183
2023,1.7844574972987175,-6.93765227021041
2024,1.8061156868934631,-6.927272727272726
2025,1.8102263510227203,-6.939534883720932
2026,1.8054204061627388,-6.952272727272725
2027,1.7888290602713823,-6.9454545454545435
2028,1.8062049746513367,-6.956818181818182
2029,1.7844406813383102,-6.949418604651163
2030,1.7966058738529682,-6.911237373737373
2031,1.7795427739620209,-6.934090909090909
2032,1.803514614701271,-6.952272727272729
2033,1.7975689563900232,-6.916279069767441
2034,1.7877138629555702,-6.952880549682876
2035,1.801476076245308,-6.913636363636365
2036,1.8017543256282806,-6.927272727272728
2037,1.7847818434238434,-6.929545454545456
2038,1.8022114224731922,-6.952934662236988
2039,1.792684057727456,-6.934090909090911
2040,1.7980121672153473,-6.931818181818181
2041,1.804788552224636,-6.920454545454546
2042,1.7999629713594913,-6.923255813953489
2043,1.7999629713594913,-6.936363636363637
2044,1.805721715092659,-6.936363636363637
2045,1.7971085477620363,-6.94022198731501
2046,1.7979084849357605,-6.909090909090907
2047,1.8042885605245829,-6.917230443974629
2048,1.8079420551657677,-6.965512684989429
2049,1.8104799091815948,-6.92840909090909
2050,1.7962826564908028,-6.9409090909090905
2051,1.7941003441810608,-6.927272727272728
2052,1.7993756951764226,-6.911766334440753
2053,1.7908304780721664,-6.940909090909091
2054,1.7989708734676242,-6.934090909090907
2055,1.8058590963482857,-6.913636363636365
2056,1.8008459210395813,-6.929545454545455
2057,1.7962826564908028,-6.938636363636363
2058,1.8041684199124575,-6.961363636363635
2059,1.7876921892166138,-6.9454545454545435
2060,1.7941694962792099,-6.959090909090909
2061,1.8058432396501303,-6.936363636363635
2062,1.8055289164185524,-6.936363636363636
2063,1.8025010153651237,-6.923255813953488
2064,1.8118658810853958,-6.938636363636365
2065,1.7800046801567078,-6.94022198731501
2066,1.8072081748396158,-6.927272727272728
2067,1.7963698655366898,-6.939085623678647
2068,1.8007704317569733,-6.929545454545453
2069,1.7840593811124563,-6.943181818181816
2070,1.790384218096733,-6.925
2071,1.8007522895932198,-6.9439024390243915
2072,1.784821740235202,-6.931818181818182
2073,1.8149894941598177,-6.958139534883721
2074,1.8062049746513367,-6.934090909090909
2075,1.8064954802393913,-6.955179704016913
2076,1.7837215047329664,-6.932085561497327
2077,1.808854341506958,-6.939534883720931
2078,1.7898605465888977,-6.938365800865801
2079,1.8015088886022568,-6.923255813953489
2080,1.7922611460089684,-6.904545454545456
2081,1.799630037508905,-6.941860465116279
2082,1.8116392287047347,-6.947727272727272
2083,1.798752598464489,-6.952272727272727
2084,1.8067595064640045,-6.945454545454545
2085,1.7990866885520518,-6.929545454545456
2086,1.79384845495224,-6.936363636363635
2087,1.7868926543742418,-6.909090909090907
2088,1.783967386931181,-6.947727272727271
2089,1.7877355366945267,-6.926666666666668
2090,1.8097981211612932,-6.925000000000001
2091,1.7877355366945267,-6.925
2092,1.8020930662751198,-6.952272727272727
2093,1.8086951151490211,-6.926969696969697
2094,1.8117440342903137,-6.952272727272728
2095,1.8060918375849724,-6.922727272727272
2096,1.8022114224731922,-6.915909090909091
2097,1.8072081748396158,-6.956818181818182
2098,1.7825130075216293,-6.931818181818181
2099,1.7841513752937317,-6.916094080338267
2100,1.8006022907793522,-6.949418604651162
2101,1.7801894843578339,-6.940909090909091
2102,1.7945395857095718,-6.923255813953489
2103,1.8048192262649536,-6.954545454545453
2104,1.8051781803369522,-6.927906976744185
2105,1.7874340806156397,-6.929545454545453
2106,1.784921313636005,-6.949999999999999
2107,1.809177678078413,-6.936363636363637
2108,1.808485995978117,-6.956818181818181
2109,1.8105392642319202,-6.961363636363638
2110,1.7965998463332653,-6.940221987315011
2111,1.8029781058430672,-6.952272727272725
2112,1.7984640151262283,-6.967441860465118
2113,1.7928928527981043,-6.925
2114,1.7978308647871017,-6.929545454545453
2115,1.7965700775384903,-6.9523809523809526
2116,1.7977093607187271,-6.934883720930234
2117,1.812422988936305,-6.931818181818182
2118,1.7976654767990112,-6.93409090909091
2119,1.7975327912718058,-6.920454545454547
2120,1.7877355366945267,-6.933221925133688
2121,1.7944622784852982,-6.927272727272728
2122,1.790529714897275,-6.936038961038959
2123,1.8022114224731922,-6.924999999999997
2124,1.7891335114836693,-6.943542128603106
2125,1.7752471351996064,-6.915909090909091
2126,1.7913759276270866,-6.920454545454547
2127,1.802494190633297,-6.918393234672305
2128,1.8034775778651237,-6.95
2129,1.7963510006666183,-6.925000000000001
2130,1.8011752367019653,-6.954545454545456
2131,1.7977093607187271,-6.924999999999999
2132,1.7949301227927208,-6.933221925133688
2133,1.805835410952568,-6.927272727272727
2134,1.809197187423706,-6.927272727272729
2135,1.7906687036156654,-6.9511627906976745
2136,1.7936553657054901,-6.953488372093023
2137,1.81350576877594,-6.931818181818182
2138,1.7976731956005096,-6.931818181818183
2139,1.7903104797005653,-6.915909090909091
2140,1.7936553657054901,-6.947727272727272
2141,1.7962618917226791,-6.936363636363635
2142,1.7944791615009308,-6.925000000000001
2143,1.798752598464489,-6.929545454545453
2144,1.7939715087413788,-6.952880549682876
2145,1.8073307946324348,-6.955813953488373
2146,1.7993756951764226,-6.9302325581395365
2147,1.8064320161938667,-6.947727272727272
2148,1.8057306036353111,-6.939085623678649
2149,1.802781879901886,-6.937209302325582
2150,1.7903832281008363,-6.947727272727272
2151,1.787225142121315,-6.927272727272728
2152,1.7944707199931145,-6.922991543340381
2153,1.79384845495224,-6.925
2154,1.7885223142802715,-6.929545454545456
2155,1.790749590843916,-6.937209302325582
2156,1.7942474070005119,-6.925833333333333
2157,1.7796278297901154,-6.918181818181817
2158,1.7934395968914032,-6.913636363636366
2159,1.7842436954379082,-6.909090909090907
2160,1.7971686720848083,-6.927272727272727
2161,1.7963698655366898,-6.934090909090908
2162,1.807413563132286,-6.93720930232558
2163,1.7852818612009287,-6.920454545454546
2164,1.7945311442017555,-6.936897334089618
2165,1.8010105788707733,-6.959090909090909
2166,1.7879919111728668,-6.947727272727271
2167,1.8049049377441406,-6.956818181818182
2168,1.7974724359810352,-6.926969696969698
2169,1.7920975349843502,-6.915909090909093
2170,1.8114327788352966,-6.911038961038961
2171,1.8008186519145966,-6.9409090909090905
2172,1.7974724359810352,-6.931818181818183
2173,1.776935301721096,-6.918393234672305
2174,1.7966416701674461,-6.913953488372093
2175,1.8052514120936394,-6.951162790697675
2176,1.79190494120121,-6.915909090909091
2177,1.8083586134016514,-6.937209302325582
2178,1.8073307946324348,-6.952272727272728
2179,1.8062442168593407,-6.940909090909091
2180,1.7973947916179895,-6.958139534883721
2181,1.7944707199931145,-6.952272727272727
2182,1.7929982040077448,-6.928726215644819
2183,1.7961954474449158,-6.915909090909091
2184,1.7947046421468258,-6.949999999999999
2185,1.809100553393364,-6.96590909090909
2186,1.7939978539943695,-6.934090909090907
2187,1.7908907104283571,-6.950000000000001
2188,1.7892798595130444,-6.927272727272728
2189,1.7936553657054901,-6.943181818181817
2190,1.7861520051956177,-6.915909090909093
2191,1.791294887661934,-6.947727272727272
2192,1.7885630913078785,-6.951162790697675
2193,1.7964504435658455,-6.9206923890063425
2194,1.7979024037267664,-6.952272727272726
2195,1.8055289164185524,-6.952272727272726
2196,1.7959244374651462,-6.943181818181818
2197,1.794600009918213,-6.913636363636365
2198,1.8097286742995493,-6.958615221987316
2199,1.7971085477620363,-6.913339920948616
2200,1.7905966574326158,-6.934090909090907
2201,1.8104666396975517,-6.915097402597402
2202,1.7860017325729132,-6.925
2203,1.786759153008461,-6.949999999999999
2204,1.805543713271618,-6.931818181818183
2205,1.8008459210395813,-6.935714285714283
2206,1.793063923716545,-6.934090909090907
2207,1.7919739224016666,-6.954016913319238
2208,1.7860781736671925,-6.936602870813397
2209,1.8146046251058578,-6.936363636363637
2210,1.784901650622487,-6.945454545454544
2211,1.8097981211612932,-6.922991543340381
2212,1.7965505495667458,-6.922727272727272
2213,1.798115849494934,-6.934090909090911
2214,1.8064954802393913,-6.931818181818182
2215,1.7915487363934515,-6.940909090909089
2216,1.7876810505986214,-6.915909090909093
2217,1.7864810898900032,-6.918181818181816
2218,1.8064516372978687,-6.916279069767441
2219,1.7849994245916605,-6.927272727272728
2220,1.8004704341292381,-6.925833333333333
2221,1.7853519394993782,-6.939534883720931
2222,1.7945395857095718,-6.927272727272726
2223,1.7941694962792099,-6.931818181818182
2224,1.8029781058430672,-6.947727272727272
2225,1.808791533112526,-6.938636363636363
2226,1.7929982040077448,-6.915909090909093
2227,1.7935950458049774,-6.916094080338267
2228,1.7882314249873161,-6.950000000000002
2229,1.811502143740654,-6.95232683982684
2230,1.790666151791811,-6.913636363636363
2231,1.804381586611271,-6.925000000000001
2232,1.7973947916179895,-6.956818181818182
2233,1.8017871379852295,-6.959090909090909
2234,1.793945163488388,-6.927272727272728
2235,1.7974724359810352,-6.927272727272728
2236,1.7811386287212372,-6.946590909090909
2237,1.7961539179086685,-6.909090909090909
2238,1.8151962235569954,-6.952272727272727
2239,1.7837263643741608,-6.910119047619048
2240,1.7976293116807938,-6.90227272727273
2241,1.807413563132286,-6.941860465116279
2242,1.8007809072732925,-6.921440726035168
2243,1.7975931465625763,-6.941860465116279
2244,1.8052572011947632,-6.936363636363637
2245,1.7956534274853764,-6.927272727272726
2246,1.790456966497004,-6.9223392461197335
2247,1.8185057267546654,-6.919318181818181
2248,1.7965917401015759,-6.920454545454546
2249,1.8038524985313416,-6.927272727272728
2250,1.781525200145552,-6.927272727272728
2251,1.8083463688381016,-6.935714285714283
2252,1.7972549200057983,-6.956818181818182
2253,1.7924537397921085,-6.927272727272726
2254,1.7961954474449158,-6.914285714285714
2255,1.7926463335752487,-6.918181818181818
2256,1.807413563132286,-6.949999999999998
2257,1.8032093234360218,-6.929545454545453
2258,1.8022114224731922,-6.920454545454546
2259,1.808854341506958,-6.929545454545455
2260,1.801476076245308,-6.9386363636363635
2261,1.7976731956005096,-6.952272727272727
2262,1.7956534274853764,-6.925
2263,1.7971686720848083,-6.923255813953489
2264,1.8017215132713318,-6.929545454545456
2265,1.802781879901886,-6.956818181818182
2266,1.7876674719154835,-6.927272727272728
2267,1.7888290602713823,-6.947727272727271
2268,1.793063923716545,-6.938636363636363
2269,1.7940919059328735,-6.933221925133688
2270,1.799268776550889,-6.938636363636363
2271,1.7870261557400227,-6.915909090909091
2272,1.800010822713375,-6.953488372093023
2273,1.794948574155569,-6.924999999999997
2274,1.7908835411071777,-6.924999999999999
2275,1.8031728491187096,-6.952272727272725
2276,1.7845796346664429,-6.947727272727272
2277,1.7911536693572998,-6.941860465116281
2278,1.802781879901886,-6.968181818181819
2279,1.798912520520389,-6.939534883720932
2280,1.8004704341292381,-6.933221925133688
2281,1.7926463335752487,-6.934883720930234
2282,1.798912520520389,-6.923255813953488
2283,1.7990538417361677,-6.942521141649047
2284,1.7929982040077448,-6.936474501108648
2285,1.807413563132286,-6.947727272727274
2286,1.7971806824207306,-6.947727272727272
2287,1.804569274187088,-6.953488372093023
2288,1.8012029379606247,-6.95681818181818
2289,1.7982128486037254,-6.934883720930234
2290,1.793578416109085,-6.929545454545456
2291,1.7976654767990112,-6.943181818181819
2292,1.792491463944316,-6.927272727272728
2293,1.8004704341292381,-6.956818181818184
2294,1.796978080412373,-6.9402219873150095
2295,1.7861775159835815,-6.937209302325578
2296,1.8042186126112938,-6.9454545454545435
2297,1.7882314249873161,-6.934090909090907
2298,1.8008459210395813,-6.943181818181818
2299,1.7907226886600256,-6.950000000000002
2300,1.7885236516594887,-6.963213530655393
2301,1.803646519780159,-6.924999999999997
2302,1.8034135699272156,-6.947727272727271
2303,1.7849994245916605,-6.940909090909089
2304,1.7891335114836693,-6.93409090909091
2305,1.797038204735145,-6.927272727272727
2306,1.7974875513464212,-6.952272727272728
2307,1.7879919111728668,-6.943181818181819
2308,1.8026586025953293,-6.930681818181819
2309,1.7922611460089684,-6.920454545454547
2310,1.7942474070005119,-6.929545454545455
2311,1.8062442168593407,-6.93409090909091
2312,1.78849595785141,-6.919529598308667
2313,1.7936990559101105,-6.925000000000001
2314,1.799630037508905,-6.965909090909092
2315,1.7813104875385761,-6.956818181818179
2316,1.8090004846453667,-6.927272727272728
2317,1.8085124348290265,-6.927272727272728
2318,1.798752598464489,-6.957478858350953
2319,1.7910651564598083,-6.911363636363635
2320,1.7965418100357056,-6.925000000000001
2321,1.7927217818796635,-6.9523809523809526
2322,1.8143238388001919,-6.938636363636364
2323,1.8017871379852295,-6.952272727272727
2324,1.7919739224016666,-6.947727272727274
2325,1.7894262075424194,-6.937209302325582
2326,1.8043313939124346,-6.927272727272728
2327,1.7872005570679903,-6.936363636363637
2328,1.7989708734676242,-6.945454545454544
2329,1.7965640500187874,-6.929545454545456
2330,1.8055289164185524,-6.947727272727272
2331,1.7974724359810352,-6.938636363636363
2332,1.8047666773200035,-6.927272727272728
2333,1.7952917751390487,-6.952272727272729
2334,1.7983098477125168,-6.940909090909091
2335,1.7975931465625763,-6.941384778012685
2336,1.801230639219284,-6.927272727272727
2337,1.7983098477125168,-6.949418604651163
2338,1.7942561656236649,-6.927589852008457
2339,1.7932517603039742,-6.936363636363637
2340,1.7936116755008698,-6.956818181818184
2341,1.7913889549672604,-6.941860465116281
2342,1.7966058738529682,-6.913636363636364
2343,1.7890913486480713,-6.92840909090909
2344,1.796979408711195,-6.936038961038959
2345,1.7903104797005653,-6.937209302325582
2346,1.7811386585235596,-6.920454545454548
2347,1.813239336013794,-6.9363636363636365
2348,1.7890555895864964,-6.931818181818183
2349,1.8059469871222973,-6.95
2350,1.8034506067633629,-6.960465116279069
2351,1.7967747037764639,-6.925
2352,1.7988939196802676,-6.952272727272727
2353,1.8024669289588928,-6.951162790697675
2354,1.7912477366626263,-6.934883720930234
2355,1.7952917751390487,-6.951162790697675
2356,1.7986181825399399,-6.931818181818183
2357,1.7978308647871017,-6.947727272727272
2358,1.7914827801287174,-6.952272727272725
2359,1.8140239529311657,-6.943181818181817
2360,1.797753244638443,-6.916666666666667
2361,1.7929324842989445,-6.946511627906975
2362,1.8051781803369522,-6.93720930232558
2363,1.803514614701271,-6.938636363636364
2364,1.7894978001713753,-6.936363636363635
2365,1.7977093607187271,-6.936363636363637
2366,1.803514614701271,-6.947727272727272
2367,1.8092584758996964,-6.954016913319238
2368,1.792684057727456,-6.934090909090908
2369,1.7990037202835083,-6.959090909090909
2370,1.785231426358223,-6.951162790697675
2371,1.8119917213916779,-6.9266666666666685
2372,1.7936990559101105,-6.932085561497327
2373,1.7912477366626263,-6.943181818181817
2374,1.7893514521420002,-6.961363636363638
2375,1.8084775344468653,-6.9295454545454565
2376,1.784741759300232,-6.9340909090909095
2377,1.802781879901886,-6.965058139534884
2378,1.7890734691172838,-6.915909090909091
2379,1.8051429018378258,-6.929545454545455
2380,1.7860641591250896,-6.925833333333333
2381,1.8071852400898933,-6.953488372093023
2382,1.8073307946324348,-6.933221925133688
2383,1.7965310215950012,-6.95232683982684
2384,1.813764400780201,-6.934090909090908
2385,1.7947650663554668,-6.936363636363636
2386,1.7943592220544815,-6.921440726035168
2387,1.7995231188833714,-6.931818181818181
2388,1.8060918375849724,-6.916666666666667
2389,1.7963510006666183,-6.925
2390,1.7935950458049774,-6.918393234672305
2391,1.7897149696946144,-6.934090909090907
2392,1.803514614701271,-6.927272727272728
2393,1.7979024037267664,-6.9206923890063425
2394,1.7947046421468258,-6.937209302325582
2395,1.7961539179086685,-6.945454545454546
2396,1.8018090799450874,-6.96590909090909
2397,1.8104533702135086,-6.94186046511628
2398,1.7848616370465606,-6.937025703794369
2399,1.8079420551657677,-6.904545454545455
2400,1.7986181825399399,-6.9446784922394675
2401,1.7995231188833714,-6.943181818181819
2402,1.801476076245308,-6.936038961038959
2403,1.7973171472549438,-6.947727272727274
2404,1.8082236647605896,-6.945454545454546
2405,1.8094586580991745,-6.947727272727274
2406,1.7965640500187874,-6.927272727272728
2407,1.7951267187017947,-6.909196617336153
2408,1.7949670255184174,-6.940909090909089
2409,1.784741759300232,-6.93409090909091
2410,1.7971085477620363,-6.9431818181818175
2411,1.7844406813383102,-6.924127906976743
2412,1.7965700775384903,-6.9111111111111105
2413,1.7977093607187271,-6.956818181818182
2414,1.7977093607187271,-6.936713735558407
2415,1.7905966574326158,-6.943542128603104
2416,1.804736003279686,-6.943181818181817
2417,1.7841513752937317,-6.922727272727272
2418,1.8000586740672588,-6.947727272727272
2419,1.8034506067633629,-6.938636363636363
2420,1.8063319027423859,-6.934883720930232
2421,1.8008186519145966,-6.950581395348838
2422,1.8061603307724,-6.934487315010573
2423,1.8033865988254547,-6.934090909090909
2424,1.801230639219284,-6.956818181818179
2425,1.7972052020486444,-6.904545454545456
2426,1.804569274187088,-6.940909090909089
2427,1.7864810898900032,-6.931818181818182
2428,1.7967747037764639,-6.940909090909091
2429,1.8012029379606247,-6.952934662236988
2430,1.7912204265594482,-6.934090909090908
2431,1.7971926927566528,-6.929545454545456
2432,1.787830911576748,-6.928726215644819
2433,1.8086951151490211,-6.94186046511628
2434,1.7924537397921085,-6.913636363636365
2435,1.802781879901886,-6.960465116279071
2436,1.7772686090320349,-6.924999999999999
2437,1.7870261557400227,-6.936363636363637
2438,1.7943592220544815,-6.953488372093023
2439,1.7965580224990845,-6.936363636363637
2440,1.8012029379606247,-6.941860465116279
2441,1.8115653189452132,-6.950000000000002
2442,1.7990866885520518,-6.922727272727272
2443,1.7973205540329218,-6.916279069767441
2444,1.807168323546648,-6.929545454545456
2445,1.8091852366924286,-6.927272727272726
2446,1.7905966574326158,-6.937209302325582
2447,1.7974875513464212,-6.952272727272727
2448,1.8062245957553387,-6.922727272727275
2449,1.7967247737105936,-6.932085561497327
2450,1.8025351017713547,-6.925
2451,1.7913889549672604,-6.954545454545453
2452,1.7992192166857421,-6.939534883720931
2453,1.7848616370465606,-6.950000000000002
2454,1.786140600219369,-6.926666666666666
2455,1.7848393861204386,-6.941860465116279
2456,1.791436105966568,-6.947727272727272
2457,1.794600009918213,-6.927272727272727
2458,1.804381586611271,-6.936038961038959
2459,1.7968450468033552,-6.947727272727274
2460,1.8061156868934631,-6.925
2461,1.8051781803369522,-6.925
2462,1.7761358320713043,-6.929545454545456
2463,1.7941694962792099,-6.957478858350953
2464,1.7897149696946144,-6.947727272727272
2465,1.7979354783892632,-6.9295454545454565
2466,1.7840642407536507,-6.934090909090907
2467,1.7896433770656586,-6.911363636363637
2468,1.7935950458049774,-6.934090909090907
2469,1.7976731956005096,-6.937025703794367
2470,1.7921352591365576,-6.936602870813397
2471,1.8091737926006317,-6.952272727272728
2472,1.805835410952568,-6.943181818181821
2473,1.809177678078413,-6.936363636363636
2474,1.8007522895932198,-6.941860465116279
2475,1.7890555895864964,-6.90909090909091
2476,1.786759153008461,-6.947727272727271
2477,1.8126074820756912,-6.952272727272726
2478,1.7853519394993782,-6.9302325581395365
2479,1.7856227457523346,-6.936713735558407
2480,1.7990866885520518,-6.965116279069767
2481,1.7970502150710672,-6.913636363636363
2482,1.7910349518060684,-6.941860465116279
2483,1.7845796346664429,-6.936363636363636
2484,1.7910047471523285,-6.924999999999999
2485,1.8029051572084427,-6.936363636363636
2486,1.7914827801287174,-6.916094080338267
2487,1.7931860405951738,-6.938636363636363
2488,1.8057306036353111,-6.945454545454546
2489,1.7790867919102311,-6.922991543340381
2490,1.8106251582503319,-6.952272727272728
2491,1.804824948310852,-6.936363636363635
2492,1.7939978539943695,-6.9386363636363635
2493,1.7924537397921085,-6.913636363636365
2494,1.8051429018378258,-6.929545454545456
2495,1.802941631525755,-6.950000000000002
2496,1.8108248095959425,-6.922727272727275
2497,1.784921313636005,-6.954545454545455
2498,1.7921665161848068,-6.938365800865801
2499,1.7890555895864964,-6.918181818181818
2500,1.7978963225177722,-6.952272727272728
2501,1.8049049377441406,-6.909302325581396
2502,1.8008186519145966,-6.934090909090907
2503,1.7849409766495228,-6.947727272727274
2504,1.7813625447452068,-6.929545454545456
2505,1.79893802665174,-6.943181818181817
2506,1.7942474070005119,-6.965512684989429
2507,1.8029781058430672,-6.927272727272729
2508,1.7989453673362732,-6.9409090909090905
2509,1.7897149696946144,-6.9298890063424965
2510,1.7885630913078785,-6.924999999999998
2511,1.8000282673165202,-6.965909090909091
2512,1.7984640151262283,-6.937209302325582
2513,1.7984640151262283,-6.923255813953489
2514,1.793945163488388,-6.9318181818181825
2515,1.7816158252826426,-6.934090909090911
2516,1.8033865988254547,-6.953488372093023
2517,1.8003964107483625,-6.9206923890063425
2518,1.7886025309562683,-6.925000000000001
2519,1.8018090799450874,-6.952272727272727
2520,1.7900486439466476,-6.932954545454545
2521,1.8148155510425568,-6.931818181818182
2522,1.813764400780201,-6.952272727272727
2523,1.805978700518608,-6.93765227021041
2524,1.798752598464489,-6.938095238095239
2525,1.7891335114836693,-6.918181818181819
2526,1.8023983538150787,-6.956818181818179
2527,1.7965310215950012,-6.917424242424241
2528,1.7938221096992493,-6.915909090909092
2529,1.7989708734676242,-6.93765227021041
2530,1.7939978539943695,-6.953488372093023
2531,1.7973947916179895,-6.952272727272729
2532,1.8050638809800148,-6.909090909090907
2533,1.7950578529853374,-6.931818181818183
2534,1.811320886015892,-6.954016913319238
2535,1.8087584227323532,-6.9482822410148
2536,1.7963698655366898,-6.943181818181817
2537,1.8050638809800148,-6.925833333333335
2538,1.7971205580979586,-6.925000000000001
2539,1.7919739224016666,-6.936363636363637
2540,1.7990538417361677,-6.926136363636363
2541,1.79803916066885,-6.941860465116281
2542,1.7976293116807938,-6.94318181818182
2543,1.7899030670523643,-6.950000000000001
2544,1.7975026667118073,-6.943181818181816
2545,1.7983098477125168,-6.949999999999998
2546,1.785547599196434,-6.925
2547,1.7888469398021698,-6.949999999999998
2548,1.7848616370465606,-6.951162790697675
2549,1.7979084849357605,-6.956818181818182
2550,1.8058432396501303,-6.917424242424243
2551,1.7873455937951803,-6.952272727272727
2552,1.7942725867033005,-6.938365800865801
2553,1.7848417470231652,-6.931818181818183
2554,1.7863689213991165,-6.92325581395349
2555,1.796506553888321,-6.914931289640592
2556,1.8149894941598177,-6.9363636363636365
2557,1.8018310219049454,-6.943181818181817
2558,1.7997227925807238,-6.941384778012685
2559,1.8034405410289764,-6.947727272727271
2560,1.7811550796031952,-6.913636363636363
2561,1.7989708734676242,-6.943181818181817
2562,1.8149894941598177,-6.952272727272729
2563,1.7876810505986214,-6.913636363636362
2564,1.8047141283750534,-6.929545454545455
2565,1.8050638809800148,-6.936474501108648
2566,1.7974875513464212,-6.922727272727274
2567,1.790749590843916,-6.938636363636363
2568,1.7877355366945267,-6.93235294117647
2569,1.7992192166857421,-6.911495771670192
2570,1.8067662790417671,-6.927272727272728
2571,1.8002790734171867,-6.9409090909090905
2572,1.8050696700811386,-6.952272727272727
2573,1.808558901771903,-6.947727272727271
2574,1.7910792082548141,-6.9363636363636365
2575,1.7882314249873161,-6.927272727272728
2576,1.7947650663554668,-6.947727272727273
2577,1.793945163488388,-6.950000000000001
2578,1.8061603307724,-6.938095238095239
2579,1.7911536693572998,-6.943181818181817
2580,1.7971926927566528,-6.93409090909091
2581,1.7841513752937317,-6.956316067653276
2582,1.8044762481004,-6.927272727272728
2583,1.7910792082548141,-6.918393234672305
2584,1.8023983538150787,-6.909523809523809
2585,1.7728092074394226,-6.927272727272726
2586,1.8064516372978687,-6.947727272727272
2587,1.7910651564598083,-6.963213530655392
2588,1.7993756951764226,-6.947727272727274
2589,1.7896851263940334,-6.915909090909093
2590,1.813500002026558,-6.92840909090909
2591,1.804910659790039,-6.923255813953488
2592,1.8018090799450874,-6.926666666666668
2593,1.7824493944644928,-6.928726215644819
2594,1.7975931465625763,-6.925
2595,1.7980121672153473,-6.952272727272727
2596,1.7943592220544815,-6.927272727272729
2597,1.804045433178544,-6.953488372093023
2598,1.7961954474449158,-6.952272727272729
2599,1.7913182247430086,-6.938636363636364
2600,1.8011752367019653,-6.938365800865801
2601,1.7848816438345239,-6.923255813953488
2602,1.8007341474294662,-6.936363636363637
2603,1.790803575888276,-6.93765227021041
2604,1.7969077373854816,-6.945454545454544
2605,1.7967747037764639,-6.951162790697674
2606,1.7964382097125053,-6.924999999999997
2607,1.8050638809800148,-6.925
2608,1.7998702162876725,-6.936038961038959
2609,1.8052613958716393,-6.929545454545456
2610,1.7965322881937027,-6.906818181818181
2611,1.7901223823428154,-6.913636363636362
2612,1.8079420551657677,-6.920454545454547
2613,1.7876810505986214,-6.9340909090909095
2614,1.8084690729156137,-6.952272727272728
2615,1.7832517102360725,-6.934883720930233
2616,1.7979024037267664,-6.945454545454546
2617,1.7847637832164764,-6.943181818181819
2618,1.782400295138359,-6.936363636363637
2619,1.8047942742705345,-6.936363636363638
2620,1.793578416109085,-6.949999999999998
2621,1.7939715087413788,-6.949999999999999
2622,1.7906687036156654,-6.9363636363636365
2623,1.7882314249873161,-6.925
2624,1.8017871379852295,-6.913636363636365
2625,1.7993756951764226,-6.938365800865801
2626,1.800630908459425,-6.904545454545453
2627,1.784901650622487,-6.909090909090907
2628,1.7890555895864964,-6.916094080338267
2629,1.7962826564908028,-6.928726215644819
2630,1.8089502602815628,-6.947727272727272
2631,1.8072081748396158,-6.931025369978858
2632,1.8130387496203184,-6.952272727272728
2633,1.7971085477620363,-6.929545454545455
2634,1.7929982040077448,-6.934090909090907
2635,1.7850578725337982,-6.929545454545455
2636,1.7967747037764639,-6.938636363636363
2637,1.794948574155569,-6.929545454545456
2638,1.806795358657837,-6.9431818181818175
2639,1.80574069917202,-6.952272727272728
2640,1.8028581887483597,-6.947727272727272
2641,1.8017871379852295,-6.931818181818182
2642,1.8105525337159634,-6.945454545454544
2643,1.808791533112526,-6.927272727272726
2644,1.7847377955913544,-6.929545454545456
2645,1.7903832281008363,-6.918181818181819
2646,1.7979624718427658,-6.927272727272728
2647,1.7990866885520518,-6.947727272727271
2648,1.7973171472549438,-6.938636363636363
2649,1.7899030670523643,-6.918181818181817
2650,1.7939978539943695,-6.9172304439746295
2651,1.7965310215950012,-6.959090909090909
2652,1.7856227457523346,-6.942521141649049
2653,1.7944791615009308,-6.949418604651162
2654,1.7828022092580795,-6.925000000000001
2655,1.7894970290362835,-6.920454545454546
2656,1.7785964012145996,-6.934883720930234
2657,1.792827133089304,-6.936713735558407
2658,1.7892798595130444,-6.924999999999997
2659,1.8036835566163063,-6.934090909090909
2660,1.7963424697518349,-6.9446784922394675
2661,1.800630908459425,-6.9340909090909095
2662,1.7944707199931145,-6.95232683982684
2663,1.8067160546779633,-6.929545454545456
2664,1.8073307946324348,-6.947727272727272
2665,1.8007913827896118,-6.957478858350952
2666,1.7944791615009308,-6.938636363636363
2667,1.7994826138019562,-6.925
2668,1.814176730811596,-6.95
2669,1.8023983538150787,-6.9363636363636365
2670,1.8001688737422228,-6.918181818181818
2671,1.8200291097164154,-6.942521141649048
2672,1.7863689213991165,-6.918181818181816
2673,1.8047942742705345,-6.95
2674,1.7843883484601974,-6.950000000000002
2675,1.790803575888276,-6.906818181818183
2676,1.8079420551657677,-6.956818181818182
2677,1.804381586611271,-6.951162790697675
2678,1.7966416701674461,-6.924999999999999
2679,1.7812883108854294,-6.956818181818184
2680,1.8023983538150787,-6.936363636363635
2681,1.79877810459584,-6.941860465116279
2682,1.784741759300232,-6.926666666666668
2683,1.7913889549672604,-6.9482822410148
2684,1.7999629713594913,-6.956818181818182
2685,1.7970484234392643,-6.9141196013289035
2686,1.7913418039679527,-6.943542128603106
2687,1.7975931465625763,-6.918181818181818
2688,1.8034775778651237,-6.934090909090909
2689,1.809177678078413,-6.940909090909091
2690,1.8062880598008633,-6.931818181818182
2691,1.7891124300658703,-6.940909090909091
2692,1.7956534274853764,-6.937922832980972
2693,1.8020930662751198,-6.916666666666667
2694,1.805137112736702,-6.927589852008457
2695,1.8237307034432888,-6.950581395348838
2696,1.8032463602721691,-6.934902597402598
2697,1.7866469845175743,-6.937922832980972
2698,1.8025351017713547,-6.913636363636363
2699,1.7965580224990845,-6.9363636363636365
2700,1.7940227538347244,-6.945454545454546
2701,1.7949670255184174,-6.927589852008457
2702,1.7975931465625763,-6.913636363636364
2703,1.7876674719154835,-6.927589852008457
2704,1.799630037508905,-6.925
2705,1.7913889549672604,-6.9206923890063425
2706,1.8093197643756866,-6.9295454545454565
2707,1.7935950458049774,-6.922727272727271
2708,1.7800970822572708,-6.940909090909091
2709,1.795310226501897,-6.929545454545456
2710,1.790749590843916,-6.9409090909090905
2711,1.8006022907793522,-6.959090909090909
2712,1.7965917401015759,-6.936363636363637
2713,1.8073307946324348,-6.925000000000001
2714,1.798912520520389,-6.947119450317123
2715,1.798752598464489,-6.936602870813395
2716,1.8055289164185524,-6.933221925133688
2717,1.7963510006666183,-6.929545454545456
2718,1.7916177175939083,-6.946511627906975
2719,1.8094586580991745,-6.984090909090909
2720,1.7941694962792099,-6.926136363636363
2721,1.786992147564888,-6.918181818181818
2722,1.8075552061200142,-6.9409090909090905
2723,1.8084223046898842,-6.929545454545455
2724,1.7844574972987175,-6.95
2725,1.8085208963602781,-6.965909090909091
2726,1.7998702162876725,-6.94090909090909
2727,1.794948574155569,-6.918181818181818
2728,1.8005066104233265,-6.928726215644819
2729,1.7793870205059648,-6.909090909090909
2730,1.7892798595130444,-6.925000000000001
2731,1.7944622784852982,-6.938365800865801
2732,1.7960116465110332,-6.9363636363636365
2733,1.7858578655868769,-6.952272727272726
2734,1.8017871379852295,-6.956818181818184
2735,1.8159249369055033,-6.968181818181819
2736,1.7932517603039742,-6.950000000000001
2737,1.7965580224990845,-6.94318181818182
2738,1.8047141283750534,-6.927272727272728
2739,1.8036835566163063,-6.915909090909092
2740,1.7936990559101105,-6.950581395348839
2741,1.7991362484171987,-6.913636363636364
2742,1.8101780486176722,-6.914285714285714
2743,1.8008186519145966,-6.945454545454546
2744,1.7971806824207306,-6.931818181818182
2745,1.8067595064640045,-6.955813953488373
2746,1.7947650663554668,-6.941860465116279
2747,1.7940227538347244,-6.9302325581395365
2748,1.7945395857095718,-6.927272727272728
2749,1.7941003441810608,-6.94318181818182
2750,1.7920975349843502,-6.911237373737373
2751,1.8022114224731922,-6.9409090909090905
2752,1.7941694962792099,-6.936363636363637
2753,1.7934395968914032,-6.9409090909090905
2754,1.801476076245308,-6.936363636363637
2755,1.7810866013169289,-6.936474501108647
2756,1.8029051572084427,-6.942521141649049
2757,1.813393771648407,-6.943181818181819
2758,1.797332564368844,-6.934883720930233
2759,1.7911536693572998,-6.945454545454544
2760,1.7861775159835815,-6.952272727272729
2761,1.810137584223412,-6.945454545454545
2762,1.7971926927566528,-6.934487315010571
2763,1.799630037508905,-6.951162790697675
2764,1.7952917751390487,-6.956818181818182
2765,1.8145689517259598,-6.931025369978858
2766,1.8045911490917206,-6.936363636363637
2767,1.807727001607418,-6.924999999999999
2768,1.7890734691172838,-6.920454545454543
2769,1.8012029379606247,-6.955179704016914
2770,1.7876921892166138,-6.91628787878788
2771,1.7913418039679527,-6.9409090909090905
2772,1.803646519780159,-6.94090909090909
2773,1.7854724526405334,-6.907954545454546
2774,1.7965364158153534,-6.929545454545453
2775,1.8041684199124575,-6.935623678646934
2776,1.7890734691172838,-6.943181818181817
2777,1.8024669289588928,-6.940909090909089
2778,1.7939715087413788,-6.9431818181818175
2779,1.7913182247430086,-6.927272727272728
2780,1.7876921892166138,-6.931818181818182
2781,1.7989708734676242,-6.932085561497326
2782,1.7936553657054901,-6.951717758985201
2783,1.8048192262649536,-6.925000000000001
2784,1.7974724359810352,-6.943181818181819
2785,1.8117420375347137,-6.920930232558138
2786,1.7931860405951738,-6.952272727272726
2787,1.8087584227323532,-6.934090909090907
2788,1.8045911490917206,-6.936038961038959
2789,1.8062880598008633,-6.9409090909090905
2790,1.8062245957553387,-6.943181818181817
2791,1.793769970536232,-6.939534883720929
2792,1.7973947916179895,-6.940909090909091
2793,1.8069569170475006,-6.945454545454546
2794,1.794948574155569,-6.927272727272728
2795,1.7913418039679527,-6.9482822410148
2796,1.7990037202835083,-6.927272727272727
2797,1.8010105788707733,-6.936474501108647
2798,1.8029051572084427,-6.932085561497327
2799,1.8092389665544033,-6.9517177589852
2800,1.790803575888276,-6.937209302325582
2801,1.7800970822572708,-6.934090909090909
2802,1.7993261353112757,-6.959090909090909
2803,1.7847377955913544,-6.925000000000001
2804,1.79803916066885,-6.946511627906975
2805,1.7965241819620132,-6.929545454545455
2806,1.805692121386528,-6.916094080338267
2807,1.7970484234392643,-6.947727272727271
2808,1.8091503977775574,-6.938365800865801
2809,1.7708404883742332,-6.935714285714283
2810,1.8018310219049454,-6.953488372093023
2811,1.7962826564908028,-6.925000000000001
2812,1.8102458489011042,-6.931818181818182
2813,1.8102263510227203,-6.935299003322259
2814,1.7969077373854816,-6.921590909090909
2815,1.7861520051956177,-6.9223392461197335
2816,1.8034135699272156,-6.945454545454546
2817,1.798789312131703,-6.922727272727271
2818,1.7920975349843502,-6.94598308668076
2819,1.7986181825399399,-6.931818181818183
2820,1.7929982040077448,-6.931818181818183
2821,1.7844743132591248,-6.936363636363635
2822,1.7933377996087074,-6.937025703794367
2823,1.804788552224636,-6.943181818181818
2824,1.8058502078056335,-6.927272727272728
2825,1.7874340806156397,-6.918181818181818
2826,1.8007809072732925,-6.947727272727271
2827,1.8058195542544127,-6.943181818181821
2828,1.7941182511858642,-6.9295454545454565
2829,1.7941782549023628,-6.925
2830,1.7865890804678202,-6.945454545454546
2831,1.7947650663554668,-6.943181818181816
2832,1.7876921892166138,-6.924999999999999
2833,1.798887014389038,-6.943181818181819
2834,1.800010822713375,-6.93765227021041
2835,1.7740656696259975,-6.929545454545455
2836,1.8041684199124575,-6.940909090909091
2837,1.7965998463332653,-6.92299154334038
2838,1.7961746826767921,-6.951162790697675
2839,1.7929982040077448,-6.956818181818182
2840,1.7774765118956566,-6.93448731501057
2841,1.8073307946324348,-6.936585365853658
2842,1.7908835411071777,-6.922991543340381
2843,1.7936116755008698,-6.945454545454546
2844,1.7952917751390487,-6.9364745011086475
2845,1.7993261353112757,-6.934090909090907
2846,1.8007913827896118,-6.952272727272727
2847,1.7939715087413788,-6.940909090909091
2848,1.8017871379852295,-6.929545454545453
2849,1.7874450869858265,-6.913953488372093
2850,1.796978080412373,-6.937209302325582
2851,1.8061156868934631,-6.931818181818182
2852,1.7894262075424194,-6.949418604651162
2853,1.796549916267395,-6.913636363636365
2854,1.7877355366945267,-6.954545454545453
2855,1.8045789897441864,-6.947727272727272
2856,1.8017762675881386,-6.959090909090909
2857,1.816677838563919,-6.938365800865801
2858,1.8047666773200035,-6.931818181818181
2859,1.78630649484694,-6.926969696969698
2860,1.8207117728888988,-6.945454545454546
2861,1.7965700775384903,-6.92325581395349
2862,1.790456966497004,-6.952272727272729
2863,1.7935090065002441,-6.929545454545456
2864,1.7967747037764639,-6.94318181818182
2865,1.7963698655366898,-6.9431818181818175
2866,1.8068761378526688,-6.956818181818182
2867,1.7892798595130444,-6.94186046511628
2868,1.7908835411071777,-6.925000000000001
2869,1.792684057727456,-6.918181818181818
2870,1.7723520826548338,-6.952272727272727
2871,1.8054204061627388,-6.937209302325578
2872,1.8041684199124575,-6.955813953488373
2873,1.7778207138180733,-6.939534883720932
2874,1.8117193281650543,-6.938636363636363
2875,1.8002790734171867,-6.937209302325578
2876,1.7727677077054977,-6.926666666666668
2877,1.7971806824207306,-6.934090909090911
2878,1.7924537397921085,-6.931818181818182
2879,1.7876786105334759,-6.9363636363636365
2880,1.7965580224990845,-6.941860465116279
2881,1.7993756951764226,-6.961363636363635
2882,1.799630037508905,-6.931818181818183
2883,1.7935090065002441,-6.947727272727272
2884,1.8174605965614319,-6.927272727272726
2885,1.804569274187088,-6.939534883720929
2886,1.8146046251058578,-6.9568181818181785
2887,1.8029051572084427,-6.922727272727275
2888,1.7794612143188715,-6.931025369978858
2889,1.799268776550889,-6.919318181818181
2890,1.807413563132286,-6.911363636363635
2891,1.801230639219284,-6.945454545454545
2892,1.8061114586889744,-6.944318181818183
2893,1.78849595785141,-6.944678492239468
2894,1.796518787741661,-6.934090909090907
2895,1.8059469871222973,-6.947727272727271
2896,1.7949301227927208,-6.947727272727273
2897,1.8018090799450874,-6.931818181818182
2898,1.7811386585235596,-6.940909090909091
2899,1.7878420501947403,-6.94318181818182
2900,1.8057394921779633,-6.922727272727272
2901,1.79803916066885,-6.92325581395349
2902,1.8012029379606247,-6.916279069767441
2903,1.78849595785141,-6.94090909090909
2904,1.8044281750917435,-6.937025703794367
2905,1.8017543256282806,-6.920454545454547
2906,1.7868926543742418,-6.915909090909094
2907,1.8075552061200142,-6.956818181818182
2908,1.8010105788707733,-6.931818181818183
2909,1.8058432396501303,-6.941860465116279
2910,1.8104037418961525,-6.952272727272728
2911,1.7849994245916605,-6.943181818181818
2912,1.7928928527981043,-6.934883720930233
2913,1.8049049377441406,-6.927272727272728
2914,1.8082911390811205,-6.931818181818182
2915,1.7941694962792099,-6.938636363636363
2916,1.7868926543742418,-6.936585365853658
2917,1.7932517603039742,-6.947727272727272
2918,1.781495776027441,-6.925
2919,1.8019620440900326,-6.94318181818182
2920,1.7978308647871017,-6.94318181818182
2921,1.7905992092564702,-6.9142857142857155
2922,1.781987551599741,-6.925
2923,1.8007704317569733,-6.943181818181817
2924,1.7915157582610846,-6.925000000000001
2925,1.7982128486037254,-6.9409090909090905
2926,1.7876810505986214,-6.924999999999997
2927,1.8069818411022425,-6.943542128603106
2928,1.8068649843335152,-6.929545454545456
2929,1.7894262075424194,-6.9318181818181825
2930,1.791436105966568,-6.943181818181818
2931,1.8106412291526794,-6.916094080338267
2932,1.8023983538150787,-6.947119450317123
2933,1.793063923716545,-6.906818181818181
2934,1.7878637239336967,-6.944318181818182
2935,1.788103237748146,-6.904545454545456
2936,1.777155265212059,-6.927272727272728
2937,1.7971686720848083,-6.925
2938,1.793778419494629,-6.934090909090907
2939,1.8064954802393913,-6.949999999999999
2940,1.7979354783892632,-6.929545454545456
2941,1.8052572011947632,-6.947727272727271
2942,1.796506553888321,-6.927272727272727
2943,1.7982903271913528,-6.913636363636365
2944,1.794238648377359,-6.952272727272728
2945,1.792827133089304,-6.932085561497327
2946,1.796978080412373,-6.9302325581395365
2947,1.7986181825399399,-6.918181818181816
2948,1.790384218096733,-6.943542128603106
2949,1.7965505495667458,-6.932085561497327
2950,1.7799221128225327,-6.948837209302326
2951,1.781934609549353,-6.936363636363635
2952,1.800562497228384,-6.937025703794367
2953,1.798115849494934,-6.936897334089618
2954,1.8070626202970743,-6.938365800865801
2955,1.802058458328247,-6.956818181818182
2956,1.7990538417361677,-6.934090909090907
2957,1.8007704317569733,-6.923255813953489
2958,1.7885630913078785,-6.91590909090909
2959,1.7913418039679527,-6.9266666666666685
2960,1.814396396279335,-6.945454545454546
2961,1.8034775778651237,-6.931818181818182
2962,1.8024669289588928,-6.912770562770563
2963,1.7965580224990845,-6.943181818181818
2964,1.7984640151262283,-6.946511627906975
2965,1.7983098477125168,-6.924999999999997
2966,1.793945163488388,-6.936363636363635
2967,1.795310226501897,-6.913043478260869
2968,1.8083463688381016,-6.938636363636363
2969,1.8007341474294662,-6.941860465116279
2970,1.7971806824207306,-6.931818181818183
2971,1.791686698794365,-6.934090909090908
2972,1.7851446494460106,-6.954016913319238
2973,1.8026586025953293,-6.956818181818182
2974,1.7891335114836693,-6.911627906976744
2975,1.797753244638443,-6.911363636363637
2976,1.8050638809800148,-6.924999999999998
2977,1.8017871379852295,-6.9482822410148
2978,1.8048192262649536,-6.949999999999999
2979,1.7903104797005653,-6.913953488372093
2980,1.7990866885520518,-6.916094080338267
2981,1.7943592220544815,-6.961363636363635
2982,1.8047666773200035,-6.927906976744185
2983,1.7934395968914032,-6.918181818181819
2984,1.797929397180269,-6.934883720930234
2985,1.804824948310852,-6.9022727272727264
2986,1.7876650318503378,-6.942521141649047
2987,1.7993756951764226,-6.927272727272725
2988,1.7944791615009308,-6.9318181818181825
2989,1.7936116755008698,-6.95
2990,1.7985984310507774,-6.936363636363635
2991,1.8008459210395813,-6.951162790697675
2992,1.791412292048335,-6.925000000000001
2993,1.8059469871222973,-6.929545454545455
2994,1.7989708734676242,-6.906818181818182
2995,1.7949301227927208,-6.936363636363637
2996,1.7910651564598083,-6.927272727272726
2997,1.7851446494460106,-6.925000000000001
2998,1.7961539179086685,-6.945454545454545
2999,1.8063319027423859,-6.938365800865801
3000,1.7885209769010544,-6.909090909090909
3001,1.7881282567977905,-6.9186046511627906
3002,1.8174489811062813,-6.9482822410148
3003,1.794600009918213,-6.925833333333333
3004,1.7985984310507774,-6.945454545454545
3005,1.7932517603039742,-6.949999999999999
3006,1.8048306703567505,-6.941860465116281
3007,1.8142436183989048,-6.950581395348838
3008,1.794600009918213,-6.931818181818182
3009,1.7890555895864964,-6.918181818181818
3010,1.7976293116807938,-6.9363636363636365
3011,1.8051486909389496,-6.922727272727274
3012,1.7978308647871017,-6.9454545454545435
3013,1.7909478172659874,-6.931818181818182
3014,1.7947650663554668,-6.948282241014799
3015,1.8001688737422228,-6.927906976744185
3016,1.8047666773200035,-6.943181818181821
3017,1.7912739682942629,-6.923255813953488
3018,1.7979624718427658,-6.959090909090909
3019,1.8134468868374825,-6.952272727272728
3020,1.8055289164185524,-6.957478858350953
3021,1.7964382097125053,-6.9568181818181785
3022,1.7943504634313285,-6.955179704016913
3023,1.8062245957553387,-6.934883720930232
3024,1.7845269739627838,-6.918181818181818
3025,1.7913889549672604,-6.943181818181819
3026,1.7852651625871658,-6.918181818181817
3027,1.79803916066885,-6.936585365853658
3028,1.7945395857095718,-6.947727272727271
3029,1.7847253531217575,-6.938095238095239
3030,1.7924537397921085,-6.95232683982684
3031,1.8085208963602781,-6.938095238095239
3032,1.7913418039679527,-6.922991543340381
3033,1.8079420551657677,-6.939772727272727
3034,1.8040984719991682,-6.911363636363636
3035,1.7892587780952454,-6.936363636363637
3036,1.800010822713375,-6.943181818181818
3037,1.8115653189452132,-6.925833333333335
3038,1.7976293116807938,-6.946511627906975
3039,1.8020930662751198,-6.936363636363637
3040,1.796738907461986,-6.93235294117647
3041,1.7906635999679565,-6.945454545454545
3042,1.7959036726970226,-6.9206923890063425
3043,1.8017543256282806,-6.918181818181818
3044,1.8069569170475006,-6.947727272727271
3045,1.7979024037267664,-6.952272727272728
3046,1.784741759300232,-6.927589852008457
3047,1.7940227538347244,-6.947727272727274
3048,1.7963510006666183,-6.938365800865801
3049,1.7974875513464212,-6.915909090909094
3050,1.7854270860552788,-6.914285714285715
3051,1.799268776550889,-6.931818181818182
3052,1.7973171472549438,-6.925
3053,1.800010822713375,-6.9363636363636365
3054,1.784921313636005,-6.920454545454548
3055,1.7868926543742418,-6.918181818181819
3056,1.799630037508905,-6.929545454545456
3057,1.7919739224016666,-6.955179704016913
3058,1.7961539179086685,-6.936363636363635
3059,1.8079375624656677,-6.954545454545453
3060,1.8067662790417671,-6.951162790697675
3061,1.7936553657054901,-6.94598308668076
3062,1.7907766737043858,-6.936363636363635
3063,1.7939339205622673,-6.950000000000001
3064,1.801230639219284,-6.9363636363636365
3065,1.7890945505350828,-6.925
3066,1.7993756951764226,-6.950000000000002
3067,1.783967386931181,-6.934090909090908
3068,1.7915847394615412,-6.912474120082816
3069,1.8036835566163063,-6.924127906976743
3070,1.781138688325882,-6.937209302325578
3071,1.7848072806373239,-6.936363636363635
3072,1.7942474070005119,-6.944678492239468
3073,1.8062245957553387,-6.9318181818181825
3074,1.8051486909389496,-6.9511627906976745
3075,1.774838924407959,-6.952272727272727
3076,1.8101858866284601,-6.951162790697675
3077,1.8019620440900326,-6.963636363636366
3078,1.798115849494934,-6.904545454545456
3079,1.8020930662751198,-6.9431818181818175
3080,1.7940490990877151,-6.937209302325582
3081,1.7910349518060684,-6.924999999999998
3082,1.7978308647871017,-6.945454545454544
3083,1.7978963225177722,-6.929545454545456
3084,1.8148155510425568,-6.959090909090909
3085,1.791686698794365,-6.914285714285715
3086,1.7876674719154835,-6.915909090909091
3087,1.7726909071207047,-6.916279069767441
3088,1.807290943339467,-6.934090909090911
3089,1.785630151629448,-6.9107142857142865
3090,1.7978308647871017,-6.954545454545453
3091,1.8046218231320381,-6.931818181818182
3092,1.8091542832553387,-6.913636363636364
3093,1.7968450468033552,-6.9499999999999975
3094,1.7961539179086685,-6.94022198731501
3095,1.8061156868934631,-6.922991543340381
3096,1.8018310219049454,-6.931818181818182
3097,1.7992192166857421,-6.946590909090909
3098,1.7965580224990845,-6.922727272727272
3099,1.7835024520754814,-6.935299003322259
3100,1.7937881350517273,-6.941860465116279
3101,1.7881282567977905,-6.931818181818183
3102,1.7963510006666183,-6.943181818181818
3103,1.7956534274853764,-6.94598308668076
3104,1.7859252914786339,-6.913636363636365
3105,1.7960116465110332,-6.906818181818181
3106,1.804045433178544,-6.958615221987316
3107,1.8003747537732124,-6.939772727272728
3108,1.783681906759739,-6.93765227021041
3109,1.7964382097125053,-6.9340909090909095
3110,1.8061156868934631,-6.952272727272728
3111,1.8067092821002007,-6.936038961038959
3112,1.8057158067822456,-6.924999999999997
3113,1.7890734691172838,-6.940909090909091
3114,1.7890945505350828,-6.949418604651162
3115,1.7966058738529682,-6.961363636363638
3116,1.8050638809800148,-6.922727272727272
3117,1.7934395968914032,-6.925
3118,1.7986239371821284,-6.937025703794367
3119,1.8081881403923035,-6.93765227021041
3120,1.790749590843916,-6.9627906976744205
3121,1.8058432396501303,-6.96046511627907
3122,1.8007522895932198,-6.929545454545455
3123,1.8075552061200142,-6.934090909090908
3124,1.7994826138019562,-6.93409090909091
3125,1.8041684199124575,-6.934487315010571
3126,1.7857740186154842,-6.953488372093023
3127,1.795310226501897,-6.93235294117647
3128,1.7858578655868769,-6.915909090909094
3129,1.7894970290362835,-6.943181818181818
3130,1.8006204329431057,-6.927272727272728
3131,1.794600009918213,-6.936363636363635
3132,1.801230639219284,-6.93720930232558
3133,1.797332564368844,-6.937922832980972
3134,1.8093892112374306,-6.9482822410148
3135,1.8158248411491513,-6.952272727272727
3136,1.8089045658707619,-6.927272727272728
3137,1.7965445220470428,-6.925
3138,1.7935090065002441,-6.909090909090908
3139,1.7940227538347244,-6.922727272727275
3140,1.8011752367019653,-6.9
3141,1.7974724359810352,-6.927272727272725
3142,1.7998702162876725,-6.934883720930234
3143,1.8145568370819092,-6.943181818181818
3144,1.7799271792173386,-6.936363636363636
3145,1.797753244638443,-6.936363636363636
3146,1.8113922327756882,-6.938095238095239
3147,1.8037695065140724,-6.925000000000001
3148,1.8034135699272156,-6.927272727272728
3149,1.8007341474294662,-6.955813953488374
3150,1.7975026667118073,-6.919318181818181
3151,1.8000586740672588,-6.954545454545453
3152,1.7926463335752487,-6.947727272727272
3153,1.7870261557400227,-6.931025369978858
3154,1.7909176126122475,-6.952272727272728
3155,1.8036835566163063,-6.904651162790699
3156,1.796518787741661,-6.934883720930233
3157,1.8034775778651237,-6.943181818181819
3158,1.8007809072732925,-6.945454545454546
3159,1.776164598762989,-6.911038961038962
3160,1.781934609549353,-6.927272727272728
3161,1.8038065433502197,-6.950000000000002
3162,1.8055289164185524,-6.913636363636365
3163,1.7979024037267664,-6.947727272727274
3164,1.803646519780159,-6.956818181818179
3165,1.7912477366626263,-6.949418604651162
3166,1.7903832281008363,-6.925833333333333
3167,1.7908304780721664,-6.936363636363635
3168,1.7966416701674461,-6.920454545454547
3169,1.7866469845175743,-6.938636363636363
3170,1.8104799091815948,-6.931025369978859
3171,1.7976731956005096,-6.929545454545455
3172,1.8072480261325834,-6.916279069767441
3173,1.7993756951764226,-6.914931289640592
3174,1.7907766737043858,-6.954545454545455
3175,1.7942474070005119,-6.920454545454548
3176,1.8003747537732124,-6.927272727272728
3177,1.7941782549023628,-6.927272727272728
3178,1.797753244638443,-6.938636363636363
3179,1.7910349518060684,-6.927272727272727
3180,1.7878637239336967,-6.916472868217054
3181,1.8020256459712982,-6.952272727272728
3182,1.803975485265255,-6.94318181818182
3183,1.7905992092564702,-6.9439024390243915
3184,1.7790867919102311,-6.936713735558407
3185,1.8077225089073181,-6.94598308668076
3186,1.8024669289588928,-6.95977801268499
3187,1.8042614459991455,-6.934090909090907
3188,1.8022799976170063,-6.929545454545456
3189,1.7890555895864964,-6.929545454545453
3190,1.7885209769010544,-6.919529598308668
3191,1.8002645540982485,-6.9363636363636365
3192,1.7858122289180756,-6.931818181818182
3193,1.7843360155820844,-6.911363636363635
3194,1.8071024715900421,-6.943181818181819
3195,1.7894262075424194,-6.936363636363636
3196,1.7975931465625763,-6.917424242424241
3197,1.7974875513464212,-6.96046511627907
3198,1.7965700775384903,-6.913636363636365
3199,1.7975026667118073,-6.927272727272728
3200,1.8102263510227203,-6.929545454545455
3201,1.7916177175939083,-6.952934662236988
3202,1.8111953735351562,-6.915909090909093
3203,1.8198353052139282,-6.952880549682876
3204,1.7786374688148499,-6.936363636363637
3205,1.8043387532234192,-6.920454545454547
3206,1.7949301227927208,-6.952272727272726
3207,1.7943589049391448,-6.9364745011086475
3208,1.8003747537732124,-6.943542128603106
3209,1.7823063358664513,-6.929545454545455
3210,1.804824948310852,-6.936038961038959
3211,1.8023983538150787,-6.917424242424241
3212,1.8077096790075302,-6.947727272727272
3213,1.8067160546779633,-6.94186046511628
3214,1.7965310215950012,-6.938636363636363
3215,1.7941003441810608,-6.928726215644819
3216,1.7965241819620132,-6.9517177589852
3217,1.804569274187088,-6.938365800865801
3218,1.8018090799450874,-6.95
3219,1.7973947916179895,-6.932085561497327
3220,1.805978700518608,-6.936363636363637
3221,1.7927217818796635,-6.924127906976743
3222,1.8007704317569733,-6.952272727272726
3223,1.8117400407791138,-6.924999999999999
3224,1.805978700518608,-6.934883720930234
3225,1.7993756951764226,-6.917424242424241
3226,1.8036835566163063,-6.931025369978859
3227,1.7929982040077448,-6.94598308668076
3228,1.8050638809800148,-6.956818181818182
3229,1.7857814244925976,-6.931818181818182
3230,1.8000586740672588,-6.934487315010573
3231,1.7885630913078785,-6.942521141649047
3232,1.792827133089304,-6.897727272727272
3233,1.7926463335752487,-6.911904761904763
3234,1.8007522895932198,-6.9431818181818175
3235,1.8077225089073181,-6.956818181818182
3236,1.8028183542191982,-6.947119450317123
3237,1.782738596200943,-6.942521141649047
3238,1.8000586740672588,-6.9599622878692635
3239,1.7975479066371918,-6.947727272727272
3240,1.8006022907793522,-6.915909090909091
3241,1.7997774612158537,-6.941860465116279
3242,1.8060471937060356,-6.936363636363637
3243,1.8039266839623451,-6.936363636363637
3244,1.8057069182395935,-6.934090909090907
3245,1.7960116465110332,-6.931025369978859
3246,1.8012029379606247,-6.947727272727274
3247,1.7874450869858265,-6.936842105263157
3248,1.7876786105334759,-6.926666666666668
3249,1.798115849494934,-6.924127906976743
3250,1.8059469871222973,-6.943542128603106
3251,1.7968450468033552,-6.926969696969696
3252,1.793063923716545,-6.949999999999999
3253,1.7961539179086685,-6.9363636363636365
3254,1.7725967280566692,-6.948837209302326
3255,1.8135588839650154,-6.938365800865801
3256,1.7975479066371918,-6.936713735558407
3257,1.8022114224731922,-6.947727272727271
3258,1.790450170636177,-6.9439024390243915
3259,1.8085208963602781,-6.953463203463203
3260,1.7799221128225327,-6.927906976744185
3261,1.7828022092580795,-6.922727272727272
3262,1.7887896206229925,-6.927906976744185
3263,1.7955812364816666,-6.934090909090909
3264,1.787669911980629,-6.926969696969697
3265,1.804772399365902,-6.959090909090909
3266,1.8085124348290265,-6.956818181818182
3267,1.7924537397921085,-6.972727272727273
3268,1.7949301227927208,-6.952272727272728
3269,1.7971686720848083,-6.956818181818182
3270,1.792827133089304,-6.934883720930233
3271,1.8042383678257465,-6.9223392461197335
3272,1.7965640500187874,-6.945454545454546
3273,1.8027201294898987,-6.956818181818184
3274,1.8002645540982485,-6.944318181818183
3275,1.7944791615009308,-6.952272727272727
3276,1.8064954802393913,-6.929545454545456
3277,1.7979024037267664,-6.952272727272727
3278,1.7913889549672604,-6.924999999999999
3279,1.8145568370819092,-6.9363636363636365
3280,1.7865348160266876,-6.924127906976743
3281,1.799630037508905,-6.963213530655391
3282,1.7971085477620363,-6.943181818181817
3283,1.8089376762509346,-6.954545454545454
3284,1.7847253531217575,-6.906818181818181
3285,1.794948574155569,-6.931818181818182
3286,1.7932517603039742,-6.931818181818183
3287,1.7979354783892632,-6.929545454545453
3288,1.7942561656236649,-6.951162790697675
3289,1.810802549123764,-6.931025369978859
3290,1.7961746826767921,-6.945454545454546
3291,1.8036835566163063,-6.925833333333333
3292,1.804824948310852,-6.951162790697675
3293,1.810802549123764,-6.925000000000001
3294,1.7949301227927208,-6.952272727272728
3295,1.8085208963602781,-6.965909090909093
3296,1.8043387532234192,-6.916094080338267
3297,1.8042186126112938,-6.936842105263157
3298,1.7832517102360725,-6.936363636363635
3299,1.7862030267715454,-6.952272727272727
3300,1.7908835411071777,-6.921828752642705
3301,1.8047141283750534,-6.942521141649047
3302,1.7870261557400227,-6.921440726035168
3303,1.803646519780159,-6.913636363636363
3304,1.7868926543742418,-6.927589852008457
3305,1.8052572011947632,-6.938636363636363
3306,1.7963510006666183,-6.95
3307,1.7975931465625763,-6.956818181818184
3308,1.8028183542191982,-6.9386363636363635
3309,1.7879919111728668,-6.9517177589852
3310,1.7964382097125053,-6.936363636363637
3311,1.791436105966568,-6.9431818181818175
3312,1.7990866885520518,-6.933221925133688
3313,1.8115866482257843,-6.940909090909091
3314,1.8090507090091705,-6.943181818181819
3315,1.8025351017713547,-6.939534883720932
3316,1.8038524985313416,-6.950000000000001
3317,1.7866469845175743,-6.956818181818182
3318,1.792827133089304,-6.936363636363636
3319,1.8117193281650543,-6.936038961038959
3320,1.7956534274853764,-6.92840909090909
3321,1.7972549200057983,-6.955179704016914
3322,1.8003747537732124,-6.945454545454545
3323,1.7991696568205953,-6.942521141649047
3324,1.7885223142802715,-6.952272727272725
3325,1.803514614701271,-6.931818181818183
3326,1.8029781058430672,-6.947727272727272
3327,1.7908304780721664,-6.943181818181817
3328,1.7876810505986214,-6.938095238095239
3329,1.7900486439466476,-6.916472868217054
3330,1.8040984719991682,-6.9298890063424965
3331,1.7913889549672604,-6.934487315010571
3332,1.7965700775384903,-6.945454545454546
3333,1.7929324842989445,-6.9318181818181825
3334,1.8007522895932198,-6.952272727272726
3335,1.8067160546779633,-6.913636363636366
3336,1.8001688737422228,-6.9363636363636365
3337,1.7907766737043858,-6.934090909090907
3338,1.794600009918213,-6.947727272727274
3339,1.7897149696946144,-6.925
3340,1.7898314744234085,-6.9439024390243915
3341,1.7858578655868769,-6.904545454545453
3342,1.7975479066371918,-6.9295454545454565
3343,1.7846462726593018,-6.927272727272728
3344,1.8023297786712646,-6.919318181818181
3345,1.7965310215950012,-6.916666666666667
3346,1.7890913486480713,-6.956818181818182
3347,1.7978247835781076,-6.929545454545456
3348,1.7942561656236649,-6.931818181818182
3349,1.8090004846453667,-6.936038961038959
3350,1.7912477366626263,-6.936363636363637
3351,1.7981361597776413,-6.956818181818182
3352,1.794238648377359,-6.921828752642705
3353,1.7947835177183151,-6.947727272727271
3354,1.7978963225177722,-6.927272727272728
3355,1.7992192166857421,-6.941860465116281
3356,1.796732879942283,-6.936713735558407
3357,1.8057306036353111,-6.952272727272729
3358,1.7981361597776413,-6.9364745011086475
3359,1.7847457230091095,-6.9295454545454565
3360,1.7924537397921085,-6.937922832980972
3361,1.7975479066371918,-6.943181818181817
3362,1.8011752367019653,-6.920454545454543
3363,1.7927217818796635,-6.952272727272726
3364,1.7907766737043858,-6.940909090909091
3365,1.8031458780169487,-6.936363636363635
3366,1.7934395968914032,-6.94318181818182
3367,1.8063319027423859,-6.934090909090907
3368,1.8048523887991905,-6.93765227021041
3369,1.7809863314032555,-6.940909090909089
3370,1.7914827801287174,-6.913636363636363
3371,1.7979084849357605,-6.918181818181819
3372,1.7884709388017654,-6.9364745011086475
3373,1.8025351017713547,-6.936363636363635
3374,1.8006204329431057,-6.931818181818182
3375,1.8053657114505768,-6.940909090909091
3376,1.7941003441810608,-6.938636363636363
3377,1.790384218096733,-6.95
3378,1.7799221128225327,-6.9482822410148
3379,1.804736003279686,-6.929545454545453
3380,1.7752471351996064,-6.935714285714283
3381,1.7944791615009308,-6.939085623678647
3382,1.7961954474449158,-6.936713735558407
3383,1.8117193281650543,-6.922727272727272
3384,1.805692121386528,-6.922991543340381
3385,1.7941003441810608,-6.924999999999997
3386,1.802058458328247,-6.9439024390243915
3387,1.7964382097125053,-6.938636363636363
3388,1.8089045658707619,-6.941860465116279
3389,1.7871759720146656,-6.949999999999999
3390,1.7945395857095718,-6.954016913319238
3391,1.7973947916179895,-6.925000000000001
3392,1.794600009918213,-6.938636363636363
3393,1.8012837171554565,-6.936363636363637
3394,1.803182352334261,-6.947727272727271
3395,1.7868926543742418,-6.939534883720929
3396,1.8045264407992363,-6.904545454545456
3397,1.804824948310852,-6.936585365853658
3398,1.7991696568205953,-6.939085623678646
3399,1.7876921892166138,-6.9363636363636365
3400,1.7901223823428154,-6.934883720930232
3401,1.802781879901886,-6.925000000000001
3402,1.7884709388017654,-6.913636363636365
3403,1.8073307946324348,-6.956818181818184
3404,1.7965640500187874,-6.935623678646934
3405,1.8014483749866486,-6.938636363636363
3406,1.7972549200057983,-6.947727272727274
3407,1.7878637239336967,-6.9363636363636365
3408,1.7989708734676242,-6.9568181818181785
3409,1.806795358657837,-6.92840909090909
3410,1.7961954474449158,-6.937209302325578
3411,1.7969077373854816,-6.955179704016914
3412,1.791109412908554,-6.910119047619048
3413,1.7999180676415563,-6.9298890063424965
3414,1.7965418100357056,-6.9295454545454565
3415,1.791109412908554,-6.911904761904763
3416,1.800123947672546,-6.956818181818182
3417,1.8052572011947632,-6.949418604651162
3418,1.7915487363934515,-6.945454545454544
3419,1.790529714897275,-6.937922832980972
3420,1.7885223142802715,-6.941860465116279
3421,1.8085557967424393,-6.952272727272728
3422,1.7990037202835083,-6.934090909090907
3423,1.800010822713375,-6.927272727272728
3424,1.7847377955913544,-6.9206923890063425
3425,1.8101858866284601,-6.956316067653276
3426,1.804381586611271,-6.948837209302326
3427,1.784821740235202,-6.941860465116279
3428,1.8091542832553387,-6.944318181818183
3429,1.7887896206229925,-6.933221925133688
3430,1.792827133089304,-6.924127906976743
3431,1.8018310219049454,-6.94090909090909
3432,1.7914827801287174,-6.915909090909093
3433,1.7979354783892632,-6.929545454545456
3434,1.7907766737043858,-6.925
3435,1.7812883108854294,-6.936363636363637
3436,1.8049838915467262,-6.947727272727274
3437,1.7962826564908028,-6.95
3438,1.8009833097457886,-6.956316067653276
3439,1.8087584227323532,-6.936363636363636
3440,1.8012029379606247,-6.929545454545456
3441,1.7874450869858265,-6.918393234672305
3442,1.7799221128225327,-6.920454545454546
3443,1.803975485265255,-6.936363636363635
3444,1.8034153021872044,-6.929545454545456
3445,1.8019620440900326,-6.938636363636363
3446,1.791686698794365,-6.941384778012685
3447,1.798115849494934,-6.935623678646934
3448,1.8079775795340538,-6.932085561497327
3449,1.7979084849357605,-6.915909090909092
3450,1.7910651564598083,-6.941860465116279
3451,1.8047942742705345,-6.945454545454544
3452,1.8050638809800148,-6.952272727272727
3453,1.807727001607418,-6.93720930232558
3454,1.7921022810041904,-6.909090909090907
3455,1.804910659790039,-6.942521141649048
3456,1.8007704317569733,-6.936363636363637
3457,1.813255429267883,-6.95
3458,1.7986181825399399,-6.92840909090909
3459,1.8042383678257465,-6.913794926004229
3460,1.7979084849357605,-6.954545454545453
3461,1.7986181825399399,-6.919529598308668
3462,1.7928928527981043,-6.942521141649047
3463,1.8001688737422228,-6.934883720930233
3464,1.805137112736702,-6.943181818181817
3465,1.8062442168593407,-6.952272727272728
3466,1.8007913827896118,-6.939534883720931
3467,1.7977869808673859,-6.937209302325578
3468,1.7860781736671925,-6.933221925133688
3469,1.7929324842989445,-6.943181818181818
3470,1.8061603307724,-6.9364745011086475
3471,1.8057069182395935,-6.922727272727274
3472,1.800010822713375,-6.9409090909090905
3473,1.796518787741661,-6.954545454545454
3474,1.776932891458273,-6.915909090909091
3475,1.79893802665174,-6.936713735558407
3476,1.8061603307724,-6.936363636363635
3477,1.796555943787098,-6.930681818181819
3478,1.8001688737422228,-6.936602870813397
3479,1.7905966574326158,-6.932085561497327
3480,1.803182352334261,-6.956818181818183
3481,1.8010105788707733,-6.915909090909093
3482,1.802596852183342,-6.95681818181818
3483,1.7964504435658455,-6.943181818181817
3484,1.8036835566163063,-6.927272727272728
3485,1.7915157582610846,-6.9454545454545435
3486,1.7979024037267664,-6.936363636363635
3487,1.8032093234360218,-6.936363636363637
3488,1.8058432396501303,-6.943181818181818
3489,1.8062245957553387,-6.963636363636365
3490,1.8065457046031952,-6.914285714285715
3491,1.8018310219049454,-6.929889006342496
3492,1.7897149696946144,-6.932085561497326
3493,1.801230639219284,-6.929545454545456
3494,1.7979354783892632,-6.915909090909091
3495,1.790456966497004,-6.954545454545453
3496,1.798912520520389,-6.934487315010571
3497,1.8154307790100574,-6.946590909090909
3498,1.798752598464489,-6.925000000000001
3499,1.7882314249873161,-6.927272727272728
3500,1.7965580224990845,-6.946511627906975
3501,1.7982128486037254,-6.959459459459458
3502,1.8097286742995493,-6.947727272727272
3503,1.7997774612158537,-6.925
3504,1.8018310219049454,-6.93720930232558
3505,1.7890734691172838,-6.929545454545456
3506,1.7971085477620363,-6.913636363636366
3507,1.802596852183342,-6.911904761904763
3508,1.794238648377359,-6.937025703794367
3509,1.8034405410289764,-6.952272727272727
3510,1.7980060860063531,-6.927272727272727
3511,1.802596852183342,-6.952272727272728
3512,1.7974724359810352,-6.936363636363635
3513,1.8068761378526688,-6.940909090909091
3514,1.7993756951764226,-6.939534883720931
3515,1.7924537397921085,-6.934090909090909
3516,1.7878420501947403,-6.935299003322259
3517,1.797753244638443,-6.910119047619048
3518,1.7915157582610846,-6.93409090909091
3519,1.784901650622487,-6.947727272727274
3520,1.8014811873435974,-6.916279069767441
3521,1.7965580224990845,-6.925833333333333
3522,1.7900486439466476,-6.952272727272727
3523,1.8062442168593407,-6.943181818181818
3524,1.8060471937060356,-6.93765227021041
3525,1.7949670255184174,-6.925
3526,1.7965364158153534,-6.918181818181818
3527,1.7974724359810352,-6.94090909090909
3528,1.7976293116807938,-6.934090909090908
3529,1.8067842051386833,-6.954545454545453
3530,1.7999629713594913,-6.959090909090909
3531,1.7844578251242638,-6.937025703794369
3532,1.8062442168593407,-6.946590909090909
3533,1.799630037508905,-6.934487315010571
3534,1.802781879901886,-6.933221925133688
3535,1.8064516372978687,-6.920454545454548
3536,1.7974724359810352,-6.929545454545453
3537,1.7890555895864964,-6.918181818181818
3538,1.796518787741661,-6.918181818181818
3539,1.8008081763982773,-6.947727272727274
3540,1.7974875513464212,-6.934090909090907
3541,1.7847598195075989,-6.927272727272728
3542,1.8022114224731922,-6.962162162162163
3543,1.796738907461986,-6.927272727272726
3544,1.8007913827896118,-6.931818181818182
3545,1.7882314249873161,-6.915909090909091
3546,1.7919739224016666,-6.939534883720932
3547,1.7991696568205953,-6.939534883720932
3548,1.7847253531217575,-6.925
3549,1.8029051572084427,-6.923255813953489
3550,1.7911392040550709,-6.913636363636365
3551,1.7956534274853764,-6.9141196013289035
3552,1.8014483749866486,-6.934487315010571
3553,1.7975479066371918,-6.9318181818181825
3554,1.8059628438204527,-6.915097402597402
3555,1.7990866885520518,-6.937025703794367
3556,1.8090004846453667,-6.918181818181819
3557,1.8007704317569733,-6.92299154334038
3558,1.7939978539943695,-6.938636363636363
3559,1.7964382097125053,-6.939085623678647
3560,1.7975931465625763,-6.936363636363636
3561,1.7971806824207306,-6.943181818181816
3562,1.796506553888321,-6.927272727272726
3563,1.8053657114505768,-6.938636363636363
3564,1.7979024037267664,-6.941860465116279
3565,1.801476076245308,-6.911363636363637
3566,1.7964382097125053,-6.936474501108648
3567,1.7822239696979523,-6.947727272727274
3568,1.7946962006390095,-6.936363636363637
3569,1.7962826564908028,-6.91590909090909
3570,1.793578416109085,-6.909090909090909
3571,1.7977808996583917,-6.9363636363636365
3572,1.807568036019802,-6.947727272727272
3573,1.8019620440900326,-6.936363636363638
3574,1.7974875513464212,-6.96279069767442
3575,1.8111006617546082,-6.940909090909091
3576,1.8022799976170063,-6.931818181818183
3577,1.7866469845175743,-6.947727272727272
3578,1.7936387360095978,-6.944678492239468
3579,1.7790867919102311,-6.9295454545454565
3580,1.8017871379852295,-6.952272727272726
3581,1.7924537397921085,-6.929545454545456
3582,1.7898605465888977,-6.9439024390243915
3583,1.7976654767990112,-6.921951219512197
3584,1.8038394544273615,-6.948837209302326
3585,1.8053657114505768,-6.925
3586,1.8111808391840896,-6.936363636363638
3587,1.7911536693572998,-6.9482822410148
3588,1.79803916066885,-6.915909090909091
3589,1.7949301227927208,-6.938636363636365
3590,1.8104533702135086,-6.9511627906976745
3591,1.7851446494460106,-6.922991543340382
3592,1.8060471937060356,-6.9599622878692635
3593,1.7979624718427658,-6.928726215644819
3594,1.7977869808673859,-6.947727272727271
3595,1.8025010153651237,-6.919529598308667
3596,1.7907766737043858,-6.939772727272727
3597,1.7890555895864964,-6.92325581395349
3598,1.8094586580991745,-6.931818181818182
3599,1.8139570653438568,-6.93720930232558
3600,1.794948574155569,-6.939085623678647
3601,1.7965241819620132,-6.927272727272728
3602,1.7977808996583917,-6.952934662236988
3603,1.7908835411071777,-6.915909090909093
3604,1.793578416109085,-6.936363636363636
3605,1.8028183542191982,-6.94252114164905
3606,1.8042383678257465,-6.954545454545455
3607,1.8088246434926987,-6.934487315010571
3608,1.7965580224990845,-6.937025703794369
3609,1.7978247835781076,-6.936474501108647
3610,1.8041684199124575,-6.9517177589852
3611,1.7909706756472588,-6.936363636363637
3612,1.790456966497004,-6.906818181818181
3613,1.7941270098090172,-6.947119450317123
3614,1.7846587151288986,-6.913636363636365
3615,1.7870261557400227,-6.943542128603106
3616,1.810137584223412,-6.960465116279071
3617,1.8084775344468653,-6.956818181818182
3618,1.7973171472549438,-6.927272727272726
3619,1.779657194390893,-6.931818181818182
3620,1.7944622784852982,-6.943181818181819
3621,1.8029051572084427,-6.954545454545454
3622,1.7845767959952354,-6.931818181818183
3623,1.7965241819620132,-6.931818181818183
3624,1.7990866885520518,-6.934090909090907
3625,1.7799380216747522,-6.938095238095239
3626,1.780092015862465,-6.9340909090909095
3627,1.8062880598008633,-6.943181818181818
3628,1.8067092821002007,-6.945454545454546
3629,1.7796278297901154,-6.925
3630,1.7914827801287174,-6.929889006342496
3631,1.7965310215950012,-6.952272727272728
3632,1.7979084849357605,-6.945454545454546
3633,1.7885630913078785,-6.952272727272727
3634,1.7848816438345239,-6.952272727272728
3635,1.7989453673362732,-6.927272727272728
3636,1.7892798595130444,-6.932085561497327
3637,1.8045264407992363,-6.936363636363637
3638,1.807413563132286,-6.940909090909091
3639,1.7846587151288986,-6.913636363636363
3640,1.791109412908554,-6.925
3641,1.7910861410200596,-6.915909090909091
3642,1.7977093607187271,-6.936363636363636
3643,1.8064516372978687,-6.945454545454544
3644,1.8077225089073181,-6.927272727272729
3645,1.7989708734676242,-6.934090909090909
3646,1.8007913827896118,-6.936363636363635
3647,1.8031458780169487,-6.947727272727273
3648,1.8085124348290265,-6.910119047619048
3649,1.7876921892166138,-6.936363636363635
3650,1.7862030267715454,-6.947727272727271
3651,1.8060313370078802,-6.927272727272728
3652,1.791436105966568,-6.9523809523809526
3653,1.8025351017713547,-6.922727272727272
3654,1.7903832281008363,-6.936363636363637
3655,1.7905966574326158,-6.92840909090909
3656,1.801230639219284,-6.941860465116279
3657,1.7932720798999071,-6.909307359307359
3658,1.792684057727456,-6.931818181818182
3659,1.8079420551657677,-6.940909090909091
3660,1.8067092821002007,-6.942521141649049
3661,1.8148668706417084,-6.947727272727272
3662,1.784901650622487,-6.938636363636364
3663,1.7856227457523346,-6.960465116279068
3664,1.7807770743966103,-6.943181818181818
3665,1.7966058738529682,-6.936842105263157
3666,1.8057069182395935,-6.9409090909090905
3667,1.8034405410289764,-6.917424242424243
3668,1.7908566389232874,-6.93448731501057
3669,1.8011752367019653,-6.952272727272727
3670,1.7947046421468258,-6.93765227021041
3671,1.796518787741661,-6.9446784922394675
3672,1.8067842051386833,-6.925833333333333
3673,1.8051486909389496,-6.940909090909091
3674,1.7927217818796635,-6.934090909090909
3675,1.8070626202970743,-6.963636363636363
3676,1.8029051572084427,-6.934090909090908
3677,1.777155265212059,-6.925000000000001
3678,1.8064954802393913,-6.915909090909091
3679,1.802781879901886,-6.926136363636363
3680,1.8058432396501303,-6.936363636363635
3681,1.7966058738529682,-6.950000000000001
3682,1.791686698794365,-6.941860465116279
3683,1.8005066104233265,-6.927272727272728
3684,1.7974724359810352,-6.936038961038959
3685,1.8075552061200142,-6.947727272727273
3686,1.793945163488388,-6.945454545454545
3687,1.7891335114836693,-6.936363636363635
3688,1.798887014389038,-6.924999999999997
3689,1.8018310219049454,-6.953488372093023
3690,1.810713853687048,-6.934090909090907
3691,1.796978080412373,-6.944678492239468
3692,1.8052514120936394,-6.945454545454546
3693,1.7944622784852982,-6.947727272727272
3694,1.804569274187088,-6.943181818181819
3695,1.7927217818796635,-6.925000000000001
3696,1.7945395857095718,-6.955813953488373
3697,1.7844406813383102,-6.952272727272728
3698,1.7812883108854294,-6.911363636363636
3699,1.8149894941598177,-6.935299003322259
3700,1.790803575888276,-6.934090909090909
3701,1.8083897307515144,-6.949999999999998
3702,1.8019620440900326,-6.922727272727272
3703,1.7940490990877151,-6.936363636363636
3704,1.7879919111728668,-6.959090909090909
3705,1.7998702162876725,-6.927272727272728
3706,1.7894262075424194,-6.919318181818181
3707,1.8007341474294662,-6.93720930232558
3708,1.8072480261325834,-6.94318181818182
3709,1.7944791615009308,-6.929545454545456
3710,1.772127566859126,-6.902272727272727
3711,1.8007809072732925,-6.947727272727273
3712,1.790529714897275,-6.934090909090911
3713,1.7910047471523285,-6.931818181818183
3714,1.8012459725141525,-6.934090909090907
3715,1.7865348160266876,-6.930681818181819
3716,1.7993322378024459,-6.931818181818182
3717,1.8047578781843185,-6.924999999999998
3718,1.799268776550889,-6.939085623678647
3719,1.799630037508905,-6.9499999999999975
3720,1.7965580224990845,-6.9409090909090905
3721,1.8083586134016514,-6.9141196013289035
3722,1.7971806824207306,-6.938365800865801
3723,1.7886025309562683,-6.925
3724,1.7936116755008698,-6.926666666666666
3725,1.7944622784852982,-6.929545454545455
3726,1.7927894089370966,-6.925000000000001
3727,1.79877810459584,-6.938095238095239
3728,1.8008186519145966,-6.943181818181819
3729,1.7979624718427658,-6.94318181818182
3730,1.8079420551657677,-6.943542128603106
3731,1.7912034802138805,-6.951162790697675
3732,1.79190494120121,-6.9454545454545435
3733,1.794238648377359,-6.925000000000001
3734,1.7939715087413788,-6.930681818181819
3735,1.79803916066885,-6.929545454545453
3736,1.807472437620163,-6.940221987315011
3737,1.8026586025953293,-6.927272727272728
3738,1.8017762675881386,-6.927272727272728
3739,1.7949670255184174,-6.9446784922394675
3740,1.7837263643741608,-6.955813953488374
3741,1.7971806824207306,-6.938636363636363
3742,1.7973171472549438,-6.934090909090909
3743,1.7847253531217575,-6.950000000000002
3744,1.7992192166857421,-6.932954545454545
3745,1.799630037508905,-6.91149577167019
3746,1.7936387360095978,-6.952272727272728
3747,1.7912477366626263,-6.929545454545456
3748,1.7908566389232874,-6.952272727272727
3749,1.787669911980629,-6.9517177589852
3750,1.8034405410289764,-6.952272727272727
3751,1.8057069182395935,-6.952272727272728
3752,1.7927217818796635,-6.915909090909094
3753,1.8044762481004,-6.936363636363635
3754,1.7990866885520518,-6.927906976744185
3755,1.8041684199124575,-6.936363636363635
3756,1.7876674719154835,-6.931818181818183
3757,1.7941003441810608,-6.951162790697675
3758,1.8077314943075178,-6.968181818181817
3759,1.7891335114836693,-6.925000000000001
3760,1.7941782549023628,-6.936363636363637
3761,1.8049906492233274,-6.942521141649047
3762,1.7922611460089684,-6.904651162790699
3763,1.8043313939124346,-6.929545454545453
3764,1.7944280877709389,-6.91590909090909
3765,1.7965418100357056,-6.925000000000001
3766,1.8047141283750534,-6.91590909090909
3767,1.7970484234392643,-6.932954545454545
3768,1.8018090799450874,-6.927272727272726
3769,1.7999629713594913,-6.947727272727271
3770,1.810137584223412,-6.927272727272728
3771,1.8117400407791138,-6.925
3772,1.7885630913078785,-6.940909090909089
3773,1.7903104797005653,-6.927272727272728
3774,1.7965445220470428,-6.922727272727275
3775,1.7990538417361677,-6.941860465116279
3776,1.7824190482497215,-6.956818181818183
3777,1.7910349518060684,-6.904545454545456
3778,1.7860386483371258,-6.9454545454545435
3779,1.7844578251242638,-6.947727272727271
3780,1.7921665161848068,-6.9363636363636365
3781,1.7919739224016666,-6.921951219512197
3782,1.8082911390811205,-6.9517177589852
3783,1.7984640151262283,-6.924999999999999
3784,1.8147596418857574,-6.934090909090907
3785,1.7947835177183151,-6.9206923890063425
3786,1.8065457046031952,-6.947119450317123
3787,1.7965700775384903,-6.943181818181819
3788,1.7911392040550709,-6.949999999999999
3789,1.8081526160240173,-6.913794926004229
3790,1.8028183542191982,-6.956818181818182
3791,1.8029781058430672,-6.931818181818182
3792,1.7905992092564702,-6.915909090909091
3793,1.7897149696946144,-6.945454545454545
3794,1.8081881403923035,-6.940909090909091
3795,1.8102941513061523,-6.952272727272727
3796,1.7905992092564702,-6.956818181818182
3797,1.787225142121315,-6.918393234672305
3798,1.7799221128225327,-6.923255813953488
3799,1.8006022907793522,-6.94318181818182
3800,1.8066590577363968,-6.915909090909093
3801,1.8042186126112938,-6.936474501108648
3802,1.7914594430476427,-6.934883720930232
3803,1.7973947916179895,-6.940909090909091
3804,1.7972549200057983,-6.9295454545454565
3805,1.8006022907793522,-6.9318181818181825
3806,1.7868926543742418,-6.9363636363636365
3807,1.7963632345199585,-6.962790697674418
3808,1.8067842051386833,-6.950000000000001
3809,1.7906635999679565,-6.934902597402596
3810,1.8067092821002007,-6.922727272727274
3811,1.794948574155569,-6.918181818181819
3812,1.7965580224990845,-6.924127906976743
3813,1.791412292048335,-6.943181818181817
3814,1.798912520520389,-6.947727272727271
3815,1.8106251582503319,-6.9409090909090905
3816,1.7997774612158537,-6.9409090909090905
3817,1.804788552224636,-6.925833333333333
3818,1.8007341474294662,-6.931818181818183
3819,1.795310226501897,-6.934487315010571
3820,1.8058195542544127,-6.9318181818181825
3821,1.811729684472084,-6.913636363636365
3822,1.7939978539943695,-6.947727272727272
3823,1.7902367413043976,-6.961363636363638
3824,1.802941631525755,-6.925000000000001
3825,1.7909706756472588,-6.915909090909094
3826,1.799630037508905,-6.929545454545453
3827,1.8081526160240173,-6.9431818181818175
3828,1.7972549200057983,-6.965909090909091
3829,1.797242909669876,-6.93720930232558
3830,1.7983098477125168,-6.94090909090909
3831,1.7969077373854816,-6.950581395348838
3832,1.784921313636005,-6.909090909090907
3833,1.793945163488388,-6.922727272727271
3834,1.79893802665174,-6.938636363636363
3835,1.8058343511074781,-6.9386363636363635
3836,1.80915816873312,-6.945454545454545
3837,1.8023983538150787,-6.936363636363635
3838,1.8072081748396158,-6.920454545454546
3839,1.7997774612158537,-6.943181818181818
3840,1.7963698655366898,-6.906818181818181
3841,1.7936553657054901,-6.936585365853658
3842,1.791412292048335,-6.94318181818182
3843,1.8055289164185524,-6.9482822410148
3844,1.8104533702135086,-6.950000000000001
3845,1.791294887661934,-6.952272727272727
3846,1.7990037202835083,-6.9295454545454565
3847,1.7993261353112757,-6.904651162790699
3848,1.7929324842989445,-6.937209302325582
3849,1.7754098707810044,-6.9363636363636365
3850,1.8034135699272156,-6.9206923890063425
3851,1.796978080412373,-6.936363636363637
3852,1.798912520520389,-6.938636363636363
3853,1.7861520051956177,-6.943181818181817
3854,1.813255429267883,-6.927272727272728
3855,1.8027201294898987,-6.933221925133688
3856,1.790384218096733,-6.926666666666666
3857,1.7979024037267664,-6.927272727272728
3858,1.796506553888321,-6.917424242424243
3859,1.7993261353112757,-6.953488372093023
3860,1.7941003441810608,-6.925
3861,1.8001688737422228,-6.936363636363637
3862,1.793945163488388,-6.931818181818182
3863,1.801011011004448,-6.927272727272728
3864,1.7967747037764639,-6.895454545454545
3865,1.7929324842989445,-6.9141196013289035
3866,1.7977869808673859,-6.9186046511627906
3867,1.7922611460089684,-6.932085561497327
3868,1.802781879901886,-6.9517177589852
3869,1.8093197643756866,-6.951162790697675
3870,1.7959036726970226,-6.954545454545454
3871,1.7860017325729132,-6.927272727272726
3872,1.8051486909389496,-6.965909090909092
3873,1.7814051508903503,-6.934090909090909
3874,1.7976293116807938,-6.9402219873150095
3875,1.7837263643741608,-6.952272727272727
3876,1.7939978539943695,-6.925833333333333
3877,1.8185057267546654,-6.924999999999997
3878,1.7950662944931537,-6.949999999999999
3879,1.7913889549672604,-6.925
3880,1.7997774612158537,-6.938095238095239
3881,1.7853519394993782,-6.918181818181819
3882,1.8108248095959425,-6.9511627906976745
3883,1.7936116755008698,-6.930681818181819
3884,1.7991696568205953,-6.951162790697675
3885,1.8048192262649536,-6.915909090909091
3886,1.7984640151262283,-6.9409090909090905
3887,1.810137584223412,-6.938636363636363
3888,1.8085557967424393,-6.931818181818182
3889,1.7811550796031952,-6.934090909090907
3890,1.8007522895932198,-6.952272727272727
3891,1.7885236516594887,-6.948837209302326
3892,1.7890734691172838,-6.915909090909091
3893,1.8140239529311657,-6.952272727272727
3894,1.8003747537732124,-6.955813953488373
3895,1.798887014389038,-6.915909090909091
3896,1.8008186519145966,-6.956818181818183
3897,1.8025351017713547,-6.935714285714283
3898,1.7938997000455856,-6.938636363636363
3899,1.8133246004581451,-6.956316067653276
3900,1.7894262075424194,-6.947119450317123
3901,1.8059469871222973,-6.9431818181818175
3902,1.802148975431919,-6.947119450317123
3903,1.7975026667118073,-6.918181818181818
3904,1.7765387669205666,-6.927272727272727
3905,1.8002645540982485,-6.960411547911546
3906,1.8063319027423859,-6.925000000000001
3907,1.798526938073337,-6.94186046511628
3908,1.7924537397921085,-6.934090909090909
3909,1.7908835411071777,-6.938636363636363
3910,1.7853403091430664,-6.940909090909089
3911,1.794238648377359,-6.927272727272728
3912,1.7837215047329664,-6.913636363636363
3913,1.7936387360095978,-6.931818181818182
3914,1.809100553393364,-6.945454545454546
3915,1.8025010153651237,-6.952272727272728
3916,1.8072480261325834,-6.979545454545455
3917,1.789458068087697,-6.924999999999999
3918,1.79803916066885,-6.937209302325578
3919,1.8059628438204527,-6.943181818181819
3920,1.8062442168593407,-6.945454545454546
3921,1.797753244638443,-6.918181818181817
3922,1.7935045436024666,-6.949999999999999
3923,1.7876674719154835,-6.951162790697674
3924,1.7983098477125168,-6.93720930232558
3925,1.7945311442017555,-6.943181818181819
3926,1.7902367413043976,-6.93720930232558
3927,1.7966058738529682,-6.913636363636365
3928,1.796555943787098,-6.958615221987316
3929,1.7802621275186539,-6.952272727272728
3930,1.8008459210395813,-6.927272727272728
3931,1.7973947916179895,-6.923255813953488
3932,1.7866469845175743,-6.920930232558138
3933,1.7816452494007535,-6.932954545454545
3934,1.8007809072732925,-6.943181818181819
3935,1.7975026667118073,-6.938636363636363
3936,1.8062684386968613,-6.951162790697674
3937,1.8005066104233265,-6.955179704016913
3938,1.7922611460089684,-6.934883720930233
3939,1.7979624718427658,-6.94186046511628
3940,1.791109412908554,-6.922991543340381
3941,1.7977093607187271,-6.958139534883721
3942,1.7905966574326158,-6.953488372093023
3943,1.7974875513464212,-6.934090909090909
3944,1.794948574155569,-6.913794926004229
3945,1.8050696700811386,-6.940909090909091
3946,1.8024669289588928,-6.943181818181817
3947,1.8019620440900326,-6.936363636363637
3948,1.805543713271618,-6.965116279069767
3949,1.8015088886022568,-6.936363636363637
3950,1.7963698655366898,-6.927272727272728
3951,1.8015088886022568,-6.947727272727272
3952,1.8038065433502197,-6.929545454545456
3953,1.7981361597776413,-6.943542128603106
3954,1.802941631525755,-6.947727272727274
3955,1.7952917751390487,-6.918393234672305
3956,1.7871759720146656,-6.924999999999999
3957,1.8041684199124575,-6.937025703794367
3958,1.8031458780169487,-6.934902597402596
3959,1.7947046421468258,-6.933221925133688
3960,1.8051486909389496,-6.918181818181817
3961,1.7847457230091095,-6.947119450317123
3962,1.7857814244925976,-6.915909090909091
3963,1.7924537397921085,-6.925000000000001
3964,1.7877027243375778,-6.920454545454548
3965,1.790384218096733,-6.918181818181817
3966,1.7976293116807938,-6.947727272727274
3967,1.7894978001713753,-6.941860465116281
3968,1.7708289325237274,-6.934090909090911
3969,1.7990283356048167,-6.929545454545456
3970,1.7811386585235596,-6.915909090909093
3971,1.814476616680622,-6.925000000000001
3972,1.805721715092659,-6.938636363636363
3973,1.7906687036156654,-6.942521141649047
3974,1.8067842051386833,-6.929545454545456
3975,1.7778207138180733,-6.934090909090907
3976,1.7942474070005119,-6.936363636363637
3977,1.7878420501947403,-6.929545454545453
3978,1.7845101580023766,-6.927272727272728
3979,1.7800970822572708,-6.9409090909090905
3980,1.8018310219049454,-6.916666666666667
3981,1.7885223142802715,-6.94318181818182
3982,1.8077314943075178,-6.927272727272728
3983,1.7846462726593018,-6.926969696969696
3984,1.8090004846453667,-6.945454545454546
3985,1.7952917751390487,-6.915909090909091
3986,1.7909706756472588,-6.938636363636363
3987,1.7905992092564702,-6.9482822410148
3988,1.7906687036156654,-6.945454545454545
3989,1.7810345739126203,-6.931818181818182
3990,1.7861775159835815,-6.943181818181821
3991,1.8094586580991745,-6.965909090909091
3992,1.7871759720146656,-6.936363636363637
3993,1.7882314249873161,-6.943181818181821
3994,1.7938221096992493,-6.937209302325582
3995,1.7895693928003311,-6.929545454545456
3996,1.8101858866284601,-6.950000000000001
3997,1.800762765109539,-6.956818181818182
3998,1.8007522895932198,-6.943181818181819
3999,1.7989453673362732,-6.9295454545454565
4000,1.7855550050735474,-6.956818181818182
4001,1.796738907461986,-6.927272727272728
4002,1.797242909669876,-6.918181818181819
4003,1.8044244199991226,-6.936585365853658
4004,1.7916177175939083,-6.939534883720931
4005,1.7908566389232874,-6.949999999999999
4006,1.7965310215950012,-6.915909090909093
4007,1.8156546019017696,-6.953488372093023
4008,1.8170025646686554,-6.938636363636363
4009,1.7916177175939083,-6.925833333333335
4010,1.8061603307724,-6.953488372093023
4011,1.7850578725337982,-6.931818181818181
4012,1.7909706756472588,-6.945454545454546
4013,1.8007522895932198,-6.943181818181819
4014,1.7943676635622978,-6.934883720930233
4015,1.7936990559101105,-6.924999999999999
4016,1.7914827801287174,-6.935623678646934
4017,1.8066590577363968,-6.936363636363635
4018,1.794948574155569,-6.940909090909091
4019,1.7922611460089684,-6.94022198731501
4020,1.7877138629555702,-6.929545454545456
4021,1.779994547367096,-6.947727272727274
4022,1.7973947916179895,-6.951162790697675
4023,1.8077225089073181,-6.9482822410148
4024,1.8049906492233274,-6.94090909090909
4025,1.7905966574326158,-6.965909090909091
4026,1.8108248095959425,-6.94022198731501
4027,1.8047141283750534,-6.927272727272728
4028,1.7779551595449448,-6.938636363636363
4029,1.7837215047329664,-6.947727272727272
4030,1.7974724359810352,-6.925833333333333
4031,1.787225142121315,-6.924999999999997
4032,1.7992192166857421,-6.920454545454543
4033,1.7944622784852982,-6.961363636363638
4034,1.8052572011947632,-6.929545454545456
4035,1.7939251619391143,-6.942521141649049
4036,1.781138688325882,-6.940909090909091
4037,1.8067730516195297,-6.9431818181818175
4038,1.8079420551657677,-6.927272727272728
4039,1.8084775344468653,-6.943181818181819
4040,1.8058343511074781,-6.929545454545456
4041,1.796518787741661,-6.943181818181819
4042,1.7892798595130444,-6.918181818181817
4043,1.806795358657837,-6.94186046511628
4044,1.8012029379606247,-6.941860465116279
4045,1.7971205580979586,-6.925000000000001
4046,1.7966058738529682,-6.931818181818181
4047,1.7944707199931145,-6.936363636363636
4048,1.7942474070005119,-6.9386363636363635
4049,1.796738907461986,-6.925000000000001
4050,1.8116495850117644,-6.942521141649048
4051,1.8004704341292381,-6.930681818181819
4052,1.7761568799614906,-6.91149577167019
4053,1.794948574155569,-6.9454545454545435
4054,1.7990283356048167,-6.9340909090909095
4055,1.785630151629448,-6.949418604651162
4056,1.7899030670523643,-6.9363636363636365
4057,1.8057069182395935,-6.947119450317123
4058,1.8074325863271952,-6.947727272727271
4059,1.8023297786712646,-6.913636363636363
4060,1.7907766737043858,-6.9454545454545435
4061,1.7859202921390533,-6.913339920948616
4062,1.8093892112374306,-6.93720930232558
4063,1.8024669289588928,-6.959090909090909
4064,1.7901223823428154,-6.947727272727271
4065,1.8050638809800148,-6.938365800865801
4066,1.7891335114836693,-6.945454545454546
4067,1.8034775778651237,-6.955813953488374
4068,1.7935950458049774,-6.934090909090911
4069,1.8044244199991226,-6.955813953488373
4070,1.8008186519145966,-6.958139534883722
4071,1.801011011004448,-6.941384778012685
4072,1.7877138629555702,-6.952272727272728
4073,1.7978308647871017,-6.949999999999998
4074,1.7979354783892632,-6.940909090909091
4075,1.7876650318503378,-6.947727272727271
4076,1.7979024037267664,-6.9363636363636365
4077,1.8025010153651237,-6.96590909090909
4078,1.7965917401015759,-6.941384778012685
4079,1.7975479066371918,-6.923255813953488
4080,1.7971085477620363,-6.911904761904763
4081,1.8001688737422228,-6.956818181818182
4082,1.7923095915466547,-6.9027492668621715
4083,1.7941694962792099,-6.940909090909091
4084,1.8116017878055573,-6.949999999999999
4085,1.8004704341292381,-6.926666666666668
4086,1.7899030670523643,-6.924999999999999
4087,1.7965364158153534,-6.935299003322259
4088,1.7975931465625763,-6.936038961038959
4089,1.7965418100357056,-6.9482822410148
4090,1.7885236516594887,-6.917424242424243
4091,1.8023983538150787,-6.952272727272727
4092,1.7975931465625763,-6.931818181818182
4093,1.784741759300232,-6.941860465116281
4094,1.8036835566163063,-6.913636363636364
4095,1.799268776550889,-6.945454545454546
4096,1.7823063358664513,-6.927272727272728
4097,1.807472437620163,-6.941860465116279
4098,1.7903104797005653,-6.927272727272728
4099,1.7980121672153473,-6.936363636363635
4100,1.7974875513464212,-6.945454545454545
4101,1.7976731956005096,-6.94022198731501
4102,1.7965310215950012,-6.927272727272728
4103,1.7893303707242012,-6.925
4104,1.7936116755008698,-6.9431818181818175
4105,1.7769073247909546,-6.947727272727272
4106,1.7976293116807938,-6.9454545454545435
4107,1.7970484234392643,-6.937209302325578
4108,1.8017871379852295,-6.94318181818182
4109,1.818981122225523,-6.950000000000001
4110,1.7939978539943695,-6.925000000000001
4111,1.8090004846453667,-6.93765227021041
4112,1.795310226501897,-6.931818181818181
4113,1.78849595785141,-6.943181818181821
4114,1.812422988936305,-6.93409090909091
4115,1.7845269739627838,-6.943181818181819
4116,1.816727802157402,-6.936474501108648
4117,1.7975026667118073,-6.9363636363636365
4118,1.7929324842989445,-6.922991543340381
4119,1.7938221096992493,-6.945454545454546
4120,1.780354529619217,-6.927589852008457
4121,1.7768841683864594,-6.951162790697675
4122,1.7922611460089684,-6.927272727272727
4123,1.7973947916179895,-6.952272727272727
4124,1.8057306036353111,-6.9409090909090905
4125,1.8082236647605896,-6.937209302325578
4126,1.7871010638773441,-6.9386363636363635
4127,1.7909706756472588,-6.943181818181816
4128,1.79893802665174,-6.929545454545456
4129,1.7874205019325018,-6.90909090909091
4130,1.805692121386528,-6.913339920948616
4131,1.79877810459584,-6.956818181818181
4132,1.7916177175939083,-6.94022198731501
4133,1.7949301227927208,-6.938636363636365
4134,1.798752598464489,-6.935227272727271
4135,1.8067730516195297,-6.951162790697675
4136,1.8034135699272156,-6.936363636363635
4137,1.8025351017713547,-6.944678492239468
4138,1.8015308305621147,-6.915909090909091
4139,1.793321169912815,-6.911363636363635
4140,1.7990538417361677,-6.936038961038959
4141,1.7830277979373932,-6.93409090909091
4142,1.7878420501947403,-6.940909090909091
4143,1.8117420375347137,-6.943181818181817
4144,1.7848853915929794,-6.941384778012685
4145,1.798912520520389,-6.941860465116279
4146,1.7976654767990112,-6.947727272727272
4147,1.7928928527981043,-6.937209302325578
4148,1.7991362484171987,-6.936363636363636
4149,1.796978080412373,-6.91590909090909
4150,1.7919739224016666,-6.924999999999999
4151,1.7929982040077448,-6.916279069767441
4152,1.7965241819620132,-6.936363636363636
4153,1.808631807565689,-6.925
4154,1.8001688737422228,-6.955813953488373
4155,1.794600009918213,-6.937025703794369
4156,1.7965310215950012,-6.952272727272728
4157,1.7974875513464212,-6.934883720930234
4158,1.8089502602815628,-6.925
4159,1.7979354783892632,-6.952272727272728
4160,1.8049049377441406,-6.936363636363637
4161,1.7974099069833755,-6.934883720930234
4162,1.7965505495667458,-6.927272727272728
4163,1.8082911390811205,-6.931818181818183
4164,1.8157097473740578,-6.939085623678647
4165,1.7998702162876725,-6.920454545454546
4166,1.7762210592627525,-6.929545454545456
4167,1.8082236647605896,-6.939085623678647
4168,1.7942561656236649,-6.941860465116279
4169,1.7962826564908028,-6.927272727272729
4170,1.7871010638773441,-6.954545454545454
4171,1.8042885605245829,-6.934902597402598
4172,1.7940227538347244,-6.937922832980972
4173,1.8085208963602781,-6.926969696969696
4174,1.7935256361961365,-6.939534883720932
4175,1.7975026667118073,-6.927272727272728
4176,1.8006022907793522,-6.927589852008457
4177,1.794948574155569,-6.947727272727274
4178,1.7801894843578339,-6.9499999999999975
4179,1.7980060860063531,-6.942521141649047
4180,1.8088246434926987,-6.934487315010571
4181,1.797753244638443,-6.947727272727271
4182,1.7973171472549438,-6.927272727272728
4183,1.8077096790075302,-6.948837209302326
4184,1.7905992092564702,-6.9295454545454565
4185,1.8043313939124346,-6.956818181818182
4186,1.7990866885520518,-6.952272727272728
4187,1.7939715087413788,-6.936363636363637
4188,1.8047141283750534,-6.9499999999999975
4189,1.7863689213991165,-6.910912698412698
4190,1.7927894089370966,-6.947727272727271
4191,1.8111006617546082,-6.959090909090912
4192,1.788497295230627,-6.95
4193,1.7877355366945267,-6.947727272727273
4194,1.7992192166857421,-6.929545454545456
4195,1.7909706756472588,-6.937209302325582
4196,1.8126927465200424,-6.9568181818181785
4197,1.7932517603039742,-6.956818181818184
4198,1.7866894993931055,-6.922991543340381
4199,1.7914594430476427,-6.950581395348839
4200,1.79893802665174,-6.924127906976743
4201,1.8036835566163063,-6.943181818181817
4202,1.7994826138019562,-6.937025703794367
4203,1.790749590843916,-6.918181818181819
4204,1.7962826564908028,-6.934090909090907
4205,1.7949301227927208,-6.913794926004229
4206,1.7877355366945267,-6.937209302325582
4207,1.7932720798999071,-6.937025703794367
4208,1.8061603307724,-6.927272727272728
4209,1.797332564368844,-6.912474120082816
4210,1.7913418039679527,-6.963213530655391
4211,1.7755220532417297,-6.927272727272726
4212,1.8007913827896118,-6.934090909090907
4213,1.792684057727456,-6.917424242424241
4214,1.8146524131298065,-6.9266666666666685
4215,1.7976293116807938,-6.913794926004229
4216,1.8084138431586325,-6.959090909090909
4217,1.8145568370819092,-6.947727272727274
4218,1.802941631525755,-6.913636363636365
4219,1.80915816873312,-6.937922832980972
4220,1.8073307946324348,-6.936602870813397
4221,1.7811550796031952,-6.9295454545454565
4222,1.8047141283750534,-6.927272727272728
4223,1.8069706875830889,-6.931818181818182
4224,1.8097981211612932,-6.918181818181818
4225,1.808854341506958,-6.968181818181819
4226,1.7881295941770077,-6.926136363636363
4227,1.7912477366626263,-6.927272727272726
4228,1.8148155510425568,-6.955813953488374
4229,1.7989453673362732,-6.937209302325582
4230,1.791109412908554,-6.933221925133688
4231,1.7939978539943695,-6.935299003322259
4232,1.800630908459425,-6.934883720930234
4233,1.8104896359145641,-6.93765227021041
4234,1.7825130075216293,-6.952272727272728
4235,1.7949670255184174,-6.947727272727271
4236,1.796978080412373,-6.924999999999997
4237,1.801476076245308,-6.937209302325582
4238,1.7990037202835083,-6.943181818181818
4239,1.7949670255184174,-6.927272727272728
4240,1.803514614701271,-6.938636363636363
4241,1.8061603307724,-6.9499999999999975
4242,1.8012029379606247,-6.945454545454546
4243,1.7868799790740013,-6.90573467230444
4244,1.8062880598008633,-6.953488372093023
4245,1.7861775159835815,-6.9482822410148
4246,1.8008186519145966,-6.938636363636363
4247,1.799630037508905,-6.92325581395349
4248,1.810951605439186,-6.945454545454546
4249,1.7814051508903503,-6.936038961038959
4250,1.796506553888321,-6.934883720930232
4251,1.8029781058430672,-6.936474501108648
4252,1.8114554079802474,-6.927272727272728
4253,1.799268776550889,-6.9206923890063425
4254,1.793945163488388,-6.926969696969697
4255,1.8062049746513367,-6.929545454545456
4256,1.8029781058430672,-6.927589852008457
4257,1.7979624718427658,-6.936363636363637
4258,1.8042833134531975,-6.963636363636366
4259,1.794600009918213,-6.936786469344608
4260,1.8068761378526688,-6.9186046511627906
4261,1.8003747537732124,-6.935714285714283
4262,1.7938221096992493,-6.93689733408962
4263,1.7861775159835815,-6.946590909090909
4264,1.79893802665174,-6.918181818181818
4265,1.8114959540398559,-6.934883720930232
4266,1.7891335114836693,-6.936363636363637
4267,1.7979624718427658,-6.936363636363636
4268,1.8081881403923035,-6.936363636363635
4269,1.798887014389038,-6.90909090909091
4270,1.8050638809800148,-6.925
4271,1.8018090799450874,-6.941384778012685
4272,1.7938221096992493,-6.942521141649047
4273,1.7979084849357605,-6.936363636363637
4274,1.8079413180239499,-6.927272727272725
4275,1.7942474070005119,-6.945454545454546
4276,1.7942561656236649,-6.9402219873150095
4277,1.7990866885520518,-6.931818181818183
4278,1.808558901771903,-6.947727272727272
4279,1.7965700775384903,-6.934090909090909
4280,1.8023297786712646,-6.937922832980972
4281,1.7936553657054901,-6.963636363636365
4282,1.7983098477125168,-6.9186046511627906
4283,1.788103237748146,-6.956818181818182
4284,1.7939715087413788,-6.947727272727274
4285,1.7886025309562683,-6.934090909090907
4286,1.7849013068480417,-6.927272727272728
4287,1.7878284715116024,-6.927272727272727
4288,1.78420889377594,-6.925833333333333
4289,1.8067842051386833,-6.925000000000001
4290,1.7972549200057983,-6.9446784922394675
4291,1.7885236516594887,-6.942521141649048
4292,1.7963302358984947,-6.941860465116279
4293,1.7900486439466476,-6.913636363636365
4294,1.8007522895932198,-6.929545454545455
4295,1.7916177175939083,-6.938636363636363
4296,1.795310226501897,-6.921951219512197
4297,1.7876810505986214,-6.9363636363636365
4298,1.7910792082548141,-6.9581395348837205
4299,1.7961746826767921,-6.933221925133688
4300,1.8067774325609207,-6.934090909090907
4301,1.7936990559101105,-6.915909090909093
4302,1.8003747537732124,-6.936363636363636
4303,1.8107361141592264,-6.906818181818181
4304,1.8033865988254547,-6.926666666666668
4305,1.7978247835781076,-6.938365800865801
4306,1.79877810459584,-6.940909090909091
4307,1.7975931465625763,-6.927272727272728
4308,1.8029608502984047,-6.948837209302326
4309,1.818732252344489,-6.9298890063424965
4310,1.8000586740672588,-6.927272727272726
4311,1.7978963225177722,-6.927272727272728
4312,1.8098385855555534,-6.913636363636363
4313,1.791109412908554,-6.915909090909091
4314,1.7926463335752487,-6.918181818181818
4315,1.791686698794365,-6.925833333333333
4316,1.798752598464489,-6.93603896103896
4317,1.804569274187088,-6.951162790697675
4318,1.7938221096992493,-6.934902597402598
4319,1.7944791615009308,-6.936363636363637
4320,1.7929982040077448,-6.938636363636364
4321,1.8008186519145966,-6.95
4322,1.792684057727456,-6.943181818181819
4323,1.8003747537732124,-6.943181818181821
4324,1.8018090799450874,-6.950000000000001
4325,1.7938221096992493,-6.96279069767442
4326,1.7876674719154835,-6.913636363636364
4327,1.8093197643756866,-6.939534883720931
4328,1.7940490990877151,-6.940909090909091
4329,1.7879919111728668,-6.931818181818183
4330,1.8087584227323532,-6.9318181818181825
4331,1.8199286945164204,-6.9409090909090905
4332,1.8034775778651237,-6.927272727272728
4333,1.809177678078413,-6.952272727272728
4334,1.8051486909389496,-6.9499999999999975
4335,1.7974724359810352,-6.936363636363637
4336,1.8005352281033993,-6.936363636363635
4337,1.7949301227927208,-6.9363636363636365
4338,1.7979354783892632,-6.925
4339,1.8080405611544847,-6.9599622878692635
4340,1.8051486909389496,-6.949999999999999
4341,1.792827133089304,-6.927272727272728
4342,1.7929982040077448,-6.934883720930234
4343,1.8025351017713547,-6.929545454545456
4344,1.7877355366945267,-6.936363636363636
4345,1.8004704341292381,-6.929545454545456
4346,1.7937187254428864,-6.943181818181816
4347,1.804824948310852,-6.927272727272728
4348,1.8067092821002007,-6.959090909090909
4349,1.788497295230627,-6.937209302325582
4350,1.798912520520389,-6.953488372093023
4351,1.8150315470993519,-6.952272727272728
4352,1.7993261353112757,-6.920454545454546
4353,1.805721715092659,-6.923255813953489
4354,1.7941694962792099,-6.929545454545456
4355,1.7910047471523285,-6.913953488372093
4356,1.7979624718427658,-6.929545454545453
4357,1.7997774612158537,-6.927272727272728
4358,1.7799996137619019,-6.906818181818181
4359,1.7934395968914032,-6.925000000000001
4360,1.8057306036353111,-6.929545454545455
4361,1.7916177175939083,-6.918181818181819
4362,1.7903104797005653,-6.941860465116279
4363,1.7943589049391448,-6.939772727272725
4364,1.7940919059328735,-6.934090909090907
4365,1.8046218231320381,-6.931818181818183
4366,1.8051486909389496,-6.9409090909090905
4367,1.7891124300658703,-6.9386363636363635
4368,1.7979084849357605,-6.943542128603106
4369,1.7894978001713753,-6.915909090909091
4370,1.7966058738529682,-6.926969696969697
4371,1.794600009918213,-6.957478858350952
4372,1.7869675625115633,-6.912474120082816
4373,1.8012564480304718,-6.927272727272728
4374,1.7935090065002441,-6.956818181818183
4375,1.7871759720146656,-6.947727272727271
4376,1.8004704341292381,-6.904545454545455
4377,1.7839722465723753,-6.922991543340381
4378,1.790384218096733,-6.936363636363637
4379,1.781934609549353,-6.927272727272728
4380,1.7938221096992493,-6.912203557312253
4381,1.7849013068480417,-6.927272727272728
4382,1.7859252914786339,-6.921951219512197
4383,1.7877355366945267,-6.941860465116281
4384,1.7926463335752487,-6.915909090909091
4385,1.7879919111728668,-6.936038961038959
4386,1.7940490990877151,-6.953488372093023
4387,1.8062245957553387,-6.952272727272725
4388,1.804569274187088,-6.9454545454545435
4389,1.7936553657054901,-6.938636363636363
4390,1.798912520520389,-6.947727272727273
4391,1.77606500685215,-6.906818181818184
4392,1.793063923716545,-6.923255813953488
4393,1.798912520520389,-6.951162790697675
4394,1.7876650318503378,-6.916279069767441
4395,1.801476076245308,-6.944318181818183
4396,1.795310226501897,-6.931818181818182
4397,1.8025010153651237,-6.927272727272728
4398,1.7755335569381714,-6.940909090909089
4399,1.7949301227927208,-6.927272727272727
4400,1.7990538417361677,-6.954545454545455
4401,1.814396396279335,-6.965512684989429
4402,1.8062880598008633,-6.947727272727274
4403,1.7907470390200615,-6.915909090909093
4404,1.778516473248601,-6.942521141649047
4405,1.8066590577363968,-6.941860465116279
4406,1.7939688521437347,-6.929545454545456
4407,1.7965640500187874,-6.936585365853658
4408,1.796506553888321,-6.947727272727272
4409,1.7876921892166138,-6.927272727272728
4410,1.8017871379852295,-6.921440726035168
4411,1.805137112736702,-6.951162790697675
4412,1.7957183383405209,-6.938636363636363
4413,1.7906635999679565,-6.907954545454546
4414,1.805692121386528,-6.929545454545453
4415,1.8036835566163063,-6.924999999999997
4416,1.7991696568205953,-6.9302325581395365
4417,1.8085208963602781,-6.93409090909091
4418,1.807413563132286,-6.953488372093023
4419,1.8079775795340538,-6.913636363636362
4420,1.808558901771903,-6.922727272727274
4421,1.796978080412373,-6.925
4422,1.7924537397921085,-6.943181818181818
4423,1.7949301227927208,-6.936363636363637
4424,1.8102941513061523,-6.940909090909091
4425,1.7973947916179895,-6.947727272727272
4426,1.778891840018332,-6.95
4427,1.7941003441810608,-6.931818181818183
4428,1.8008459210395813,-6.927272727272728
4429,1.794238648377359,-6.95
4430,1.8164280056953428,-6.956818181818183
4431,1.7939715087413788,-6.950581395348839
4432,1.7861775159835815,-6.938095238095239
4433,1.8067730516195297,-6.931818181818182
4434,1.799630037508905,-6.938636363636363
4435,1.8017871379852295,-6.9454545454545435
4436,1.791686698794365,-6.927272727272728
4437,1.7877355366945267,-6.943181818181819
4438,1.7965418100357056,-6.947727272727272
4439,1.8113516867160797,-6.926969696969698
4440,1.8067730516195297,-6.941860465116281
4441,1.802148975431919,-6.9363636363636365
4442,1.8036835566163063,-6.932085561497326
4443,1.7959036726970226,-6.959090909090909
4444,1.804569274187088,-6.936474501108647
4445,1.8062880598008633,-6.925000000000001
4446,1.7845796346664429,-6.931025369978859
4447,1.7915157582610846,-6.926969696969697
4448,1.7980121672153473,-6.958139534883722
4449,1.7913418039679527,-6.92299154334038
4450,1.7915614023804665,-6.925833333333333
4451,1.8053657114505768,-6.929545454545455
4452,1.7894978001713753,-6.938636363636365
4453,1.809235081076622,-6.950000000000002
4454,1.8102263510227203,-6.952272727272727
4455,1.7905966574326158,-6.941860465116279
4456,1.786759153008461,-6.93765227021041
4457,1.7978963225177722,-6.938365800865801
4458,1.7975840717554092,-6.920454545454548
4459,1.808987520635128,-6.938636363636363
4460,1.7990538417361677,-6.936363636363637
4461,1.8008186519145966,-6.936363636363635
4462,1.7900486439466476,-6.927272727272728
4463,1.7910651564598083,-6.931818181818183
4464,1.8073307946324348,-6.929545454545456
4465,1.7975479066371918,-6.941384778012685
4466,1.795310226501897,-6.928726215644819
4467,1.794948574155569,-6.952272727272727
4468,1.7919739224016666,-6.94598308668076
4469,1.8008459210395813,-6.9363636363636365
4470,1.7901223823428154,-6.945454545454545
4471,1.8010382801294327,-6.955813953488373
4472,1.7849994245916605,-6.931818181818182
4473,1.7926625348627567,-6.943542128603106
4474,1.7914594430476427,-6.943181818181821
4475,1.8084952104836702,-6.940909090909091
4476,1.7990538417361677,-6.934090909090909
4477,1.8000282673165202,-6.941860465116281
4478,1.7940490990877151,-6.935299003322259
4479,1.7990866885520518,-6.938636363636363
4480,1.8042885605245829,-6.943181818181817
4481,1.8024324402213097,-6.927272727272726
4482,1.7971806824207306,-6.929545454545456
4483,1.7989708734676242,-6.90909090909091
4484,1.8025351017713547,-6.927272727272726
4485,1.8061603307724,-6.9186046511627906
4486,1.7916177175939083,-6.9206923890063425
4487,1.787669911980629,-6.936363636363636
4488,1.807168323546648,-6.91590909090909
4489,1.790920915082097,-6.949999999999999
4490,1.8052514120936394,-6.922727272727272
4491,1.7961746826767921,-6.927272727272728
4492,1.8057069182395935,-6.927272727272728
4493,1.7895693928003311,-6.920454545454547
4494,1.79893802665174,-6.927272727272728
4495,1.7974875513464212,-6.938636363636365
4496,1.7910651564598083,-6.936363636363636
4497,1.7965998463332653,-6.952272727272728
4498,1.805543713271618,-6.936363636363635
4499,1.805835410952568,-6.8931818181818185
4500,1.7871759720146656,-6.943181818181821
4501,1.8114959540398559,-6.952272727272725
4502,1.8024669289588928,-6.9454545454545435
4503,1.8087282255291939,-6.943181818181819
4504,1.8049838915467262,-6.915909090909091
4505,1.809197187423706,-6.929545454545453
4506,1.7927217818796635,-6.913339920948616
4507,1.7941182511858642,-6.951162790697675
4508,1.8072480261325834,-6.951717758985201
4509,1.80498968064785,-6.942521141649049
4510,1.7879919111728668,-6.950000000000002
4511,1.797038204735145,-6.957478858350951
4512,1.787225142121315,-6.913953488372093
4513,1.7939688521437347,-6.931818181818182
4514,1.8008459210395813,-6.947727272727271
4515,1.804569274187088,-6.946511627906975
4516,1.8008186519145966,-6.952272727272727
4517,1.7976293116807938,-6.94186046511628
4518,1.8064516372978687,-6.948837209302326
4519,1.7870261557400227,-6.925
4520,1.7959036726970226,-6.943181818181816
4521,1.8025010153651237,-6.931818181818183
4522,1.8045911490917206,-6.959275184275183
4523,1.7907201368361712,-6.925000000000001
4524,1.803182352334261,-6.924127906976744
4525,1.8058590963482857,-6.925000000000001
4526,1.793945163488388,-6.921202882483373
4527,1.7965640500187874,-6.934883720930234
4528,1.7947046421468258,-6.90909090909091
4529,1.8063319027423859,-6.929545454545456
4530,1.7989708734676242,-6.928726215644819
4531,1.8073307946324348,-6.962162162162163
4532,1.8116017878055573,-6.910008305647841
4533,1.790529714897275,-6.924999999999997
4534,1.8088246434926987,-6.943181818181817
4535,1.7885367348790169,-6.938636363636363
4536,1.7888680212199688,-6.9363636363636365
4537,1.7983098477125168,-6.943181818181819
4538,1.8045264407992363,-6.922727272727271
4539,1.7908566389232874,-6.936363636363637
4540,1.8072081748396158,-6.922727272727272
4541,1.811320886015892,-6.956818181818182
4542,1.8000586740672588,-6.942521141649049
4543,1.798115849494934,-6.935714285714283
4544,1.796555943787098,-6.915909090909093
4545,1.8002790734171867,-6.947727272727271
4546,1.7936553657054901,-6.922727272727272
4547,1.7974099069833755,-6.9386363636363635
4548,1.79803916066885,-6.924127906976743
4549,1.781138688325882,-6.917424242424243
4550,1.804874263703823,-6.945454545454544
4551,1.8024669289588928,-6.925
4552,1.796732879942283,-6.9295454545454565
4553,1.7849994245916605,-6.9295454545454565
4554,1.8102341890335083,-6.943181818181817
4555,1.780354529619217,-6.938636363636363
4556,1.8085557967424393,-6.938636363636363
4557,1.8062049746513367,-6.920454545454548
4558,1.8007341474294662,-6.913953488372093
4559,1.787669911980629,-6.936363636363637
4560,1.8050696700811386,-6.929545454545453
4561,1.8072480261325834,-6.956818181818182
4562,1.800762765109539,-6.9363636363636365
4563,1.800630908459425,-6.944318181818183
4564,1.7918719630688429,-6.950000000000002
4565,1.7949301227927208,-6.911363636363639
4566,1.7936553657054901,-6.943181818181817
4567,1.7979624718427658,-6.934090909090907
4568,1.7979084849357605,-6.956818181818184
4569,1.7961954474449158,-6.9409090909090905
4570,1.8109738659113646,-6.925
4571,1.802941631525755,-6.94022198731501
4572,1.8042383678257465,-6.947727272727274
4573,1.8105525337159634,-6.934090909090909
4574,1.7907226886600256,-6.929545454545456
4575,1.794238648377359,-6.9186046511627906
4576,1.7868926543742418,-6.959459459459458
4577,1.7909478172659874,-6.925000000000001
4578,1.795310226501897,-6.936363636363636
4579,1.7977508157491684,-6.92840909090909
4580,1.8003747537732124,-6.936038961038959
4581,1.7890734691172838,-6.936363636363635
4582,1.813500002026558,-6.9454545454545435
4583,1.7965998463332653,-6.96590909090909
4584,1.8146491721272469,-6.942521141649049
4585,1.793063923716545,-6.961363636363635
4586,1.7991696568205953,-6.927589852008457
4587,1.816427869722247,-6.925000000000001
4588,1.7876921892166138,-6.931818181818183
4589,1.8061114586889744,-6.934090909090909
4590,1.7963698655366898,-6.925000000000001
4591,1.7979024037267664,-6.93720930232558
4592,1.805978700518608,-6.96247642991829
4593,1.8007809072732925,-6.927272727272726
4594,1.8025010153651237,-6.918181818181816
4595,1.8047578781843185,-6.968181818181818
4596,1.8007809072732925,-6.931818181818182
4597,1.796506553888321,-6.927272727272728
4598,1.80218306183815,-6.932085561497327
4599,1.7938221096992493,-6.924127906976743
4600,1.8156398944556713,-6.959090909090912
4601,1.8003747537732124,-6.925
4602,1.7890945505350828,-6.920454545454546
4603,1.8044244199991226,-6.9409090909090905
4604,1.8061603307724,-6.929889006342496
4605,1.7863689213991165,-6.943181818181817
4606,1.8069569170475006,-6.940221987315011
4607,1.7962826564908028,-6.938636363636363
4608,1.7799996137619019,-6.943542128603106
4609,1.8105525337159634,-6.939534883720929
4610,1.79803916066885,-6.9446784922394675
4611,1.8049049377441406,-6.9523809523809526
4612,1.797332564368844,-6.928726215644819
4613,1.797038204735145,-6.911363636363636
4614,1.8000586740672588,-6.922727272727274
4615,1.7961954474449158,-6.918181818181819
4616,1.8077096790075302,-6.937209302325578
4617,1.7979354783892632,-6.940909090909091
4618,1.7975479066371918,-6.929545454545453
4619,1.7908304780721664,-6.945454545454546
4620,1.7902367413043976,-6.9318181818181825
4621,1.7887882832437754,-6.943181818181818
4622,1.7974875513464212,-6.927272727272728
4623,1.8133246004581451,-6.936786469344609
4624,1.7910651564598083,-6.916279069767441
4625,1.793778419494629,-6.94186046511628
4626,1.8085938021540642,-6.934090909090909
4627,1.791294887661934,-6.919529598308667
4628,1.7971686720848083,-6.934090909090907
4629,1.7892798595130444,-6.906818181818182
4630,1.7945395857095718,-6.949418604651162
4631,1.8008186519145966,-6.934090909090907
4632,1.7919940687716007,-6.906818181818181
4633,1.7840642407536507,-6.929545454545456
4634,1.8084910437464714,-6.943181818181819
4635,1.7854724526405334,-6.943181818181816
4636,1.8070626202970743,-6.9482822410148
4637,1.7910349518060684,-6.938636363636365
4638,1.800010822713375,-6.953488372093023
4639,1.800762765109539,-6.943542128603105
4640,1.8020930662751198,-6.921951219512197
4641,1.8114959540398559,-6.920454545454545
4642,1.8020942211151123,-6.924999999999999
4643,1.7908835411071777,-6.947727272727272
4644,1.7971926927566528,-6.913339920948616
4645,1.7939978539943695,-6.940909090909091
4646,1.8061603307724,-6.945454545454546
4647,1.793778419494629,-6.9142857142857155
4648,1.804045433178544,-6.956818181818182
4649,1.7860017325729132,-6.9363636363636365
4650,1.805137112736702,-6.951162790697674
4651,1.7979354783892632,-6.931818181818182
4652,1.7936116755008698,-6.950000000000001
4653,1.804910659790039,-6.931818181818182
4654,1.794948574155569,-6.922727272727275
4655,1.7956534274853764,-6.931818181818183
4656,1.8048192262649536,-6.916279069767441
4657,1.8063319027423859,-6.936713735558407
4658,1.796506553888321,-6.928726215644819
4659,1.777155265212059,-6.921202882483373
4660,1.7973171472549438,-6.943181818181818
4661,1.7969077373854816,-6.929545454545456
4662,1.7810866311192513,-6.947727272727271
4663,1.7858504597097635,-6.918393234672305
4664,1.7884709388017654,-6.921590909090909
4665,1.7998702162876725,-6.945454545454546
4666,1.8052572011947632,-6.954545454545454
4667,1.7971806824207306,-6.920454545454547
4668,1.799268776550889,-6.9439024390243915
4669,1.7975931465625763,-6.918181818181818
4670,1.813255429267883,-6.937209302325578
4671,1.7971085477620363,-6.943181818181818
4672,1.792684057727456,-6.963636363636366
4673,1.7991034016013145,-6.951162790697675
4674,1.7975479066371918,-6.909302325581396
4675,1.8077141717076302,-6.952272727272727
4676,1.8007900342345238,-6.931818181818182
4677,1.7963698655366898,-6.954545454545453
4678,1.790920915082097,-6.952934662236988
4679,1.7772075831890106,-6.9439024390243915
4680,1.790450170636177,-6.927272727272728
4681,1.7968450468033552,-6.920454545454547
4682,1.7977447345401742,-6.9295454545454565
4683,1.798887014389038,-6.938636363636363
4684,1.8008459210395813,-6.946511627906975
4685,1.802941631525755,-6.952272727272727
4686,1.8024669289588928,-6.947119450317123
4687,1.8062684386968613,-6.941860465116279
4688,1.7966058738529682,-6.918393234672305
4689,1.803182352334261,-6.927272727272728
4690,1.8047578781843185,-6.951717758985201
4691,1.7870261557400227,-6.936363636363636
4692,1.785547599196434,-6.943181818181818
4693,1.7885223142802715,-6.9223392461197335
4694,1.7979084849357605,-6.920454545454547
4695,1.8067730516195297,-6.943181818181817
4696,1.796978080412373,-6.954545454545456
4697,1.7993756951764226,-6.956818181818182
4698,1.8022114224731922,-6.922991543340381
4699,1.8102185130119324,-6.9340909090909095
4700,1.7978247835781076,-6.9295454545454565
4701,1.7781080957502127,-6.918181818181819
4702,1.805692121386528,-6.931818181818181
4703,1.7941694962792099,-6.913636363636362
4704,1.7963686287403107,-6.917635658914729
4705,1.801011011004448,-6.909307359307359
4706,1.8007900342345238,-6.941860465116279
4707,1.797929397180269,-6.937209302325582
4708,1.8025351017713547,-6.943181818181817
4709,1.7961746826767921,-6.918181818181818
4710,1.7824493944644928,-6.91590909090909
4711,1.8067595064640045,-6.934090909090907
4712,1.798115849494934,-6.9142857142857155
4713,1.8137874156236649,-6.927272727272728
4714,1.8012029379606247,-6.950000000000002
4715,1.7972549200057983,-6.927589852008457
4716,1.805991854518652,-6.946511627906975
4717,1.7898605465888977,-6.9022727272727264
4718,1.7926463335752487,-6.956818181818184
4719,1.7899030670523643,-6.952272727272728
4720,1.8029781058430672,-6.9439024390243915
4721,1.794948574155569,-6.9298890063424965
4722,1.7971205580979586,-6.947727272727272
4723,1.800121022388339,-6.936363636363636
4724,1.8067092821002007,-6.954016913319238
4725,1.7965418100357056,-6.955813953488373
4726,1.792827133089304,-6.9446784922394675
4727,1.7983098477125168,-6.954545454545454
4728,1.7823887020349503,-6.955813953488373
4729,1.7990538417361677,-6.912474120082816
4730,1.812422988936305,-6.938636363636363
4731,1.8007913827896118,-6.9679618768328435
4732,1.8091503977775574,-6.943181818181821
4733,1.7895693928003311,-6.947727272727272
4734,1.7937881350517273,-6.952272727272729
4735,1.7873455937951803,-6.924999999999999
4736,1.798115849494934,-6.952272727272727
4737,1.7966416701674461,-6.947727272727274
4738,1.8034405410289764,-6.956818181818179
4739,1.805137112736702,-6.924999999999997
4740,1.775911457836628,-6.920454545454547
4741,1.7975479066371918,-6.950581395348838
4742,1.7991696568205953,-6.96046511627907
4743,1.7935090065002441,-6.936038961038959
4744,1.7774765118956566,-6.945454545454544
4745,1.8047141283750534,-6.922727272727272
4746,1.8087584227323532,-6.968181818181819
4747,1.8105525337159634,-6.947727272727274
4748,1.8062880598008633,-6.914931289640592
4749,1.802941631525755,-6.956818181818181
4750,1.7959244374651462,-6.933221925133688
4751,1.7989708734676242,-6.95681818181818
4752,1.8031728491187096,-6.931818181818183
4753,1.7915847394615412,-6.925
4754,1.794238648377359,-6.943181818181819
4755,1.8034135699272156,-6.929545454545456
4756,1.8023297786712646,-6.938636363636363
4757,1.8156947493553162,-6.922991543340381
4758,1.8014483749866486,-6.96046511627907
4759,1.7770714424550533,-6.927589852008456
4760,1.7986239371821284,-6.936363636363635
4761,1.7885617539286613,-6.927272727272726
4762,1.7976731956005096,-6.963636363636364
4763,1.7943592220544815,-6.936474501108648
4764,1.7965998463332653,-6.925000000000001
4765,1.8004704341292381,-6.950581395348838
4766,1.811729684472084,-6.934090909090907
4767,1.8032093234360218,-6.927272727272728
4768,1.798752598464489,-6.929545454545453
4769,1.7906687036156654,-6.936038961038959
4770,1.7978247835781076,-6.926666666666668
4771,1.8062245957553387,-6.952272727272728
4772,1.7979354783892632,-6.954545454545456
4773,1.7878637239336967,-6.922727272727275
4774,1.8091044388711452,-6.952272727272727
4775,1.7964382097125053,-6.947727272727271
4776,1.8020930662751198,-6.92840909090909
4777,1.804788552224636,-6.947727272727271
4778,1.7914924211800098,-6.936363636363637
4779,1.8043387532234192,-6.913636363636365
4780,1.7976128403097391,-6.945454545454546
4781,1.8007809072732925,-6.965512684989429
4782,1.802941631525755,-6.9409090909090905
4783,1.8080957909114659,-6.9568181818181785
4784,1.7992192166857421,-6.935299003322259
4785,1.7978308647871017,-6.918393234672305
4786,1.7939715087413788,-6.947727272727274
4787,1.804736003279686,-6.943181818181817
4788,1.8116017878055573,-6.937025703794367
4789,1.8012029379606247,-6.920454545454547
4790,1.7828022092580795,-6.956818181818179
4791,1.7898605465888977,-6.906818181818181
4792,1.7899030670523643,-6.935299003322259
4793,1.7978247835781076,-6.950581395348839
4794,1.8000586740672588,-6.935714285714283
4795,1.7945395857095718,-6.93409090909091
4796,1.7957367897033691,-6.947727272727274
4797,1.8119917213916779,-6.934883720930233
4798,1.7971085477620363,-6.938636363636363
4799,1.8062245957553387,-6.934487315010573
4800,1.8025010153651237,-6.936713735558407
4801,1.788103237748146,-6.940909090909091
4802,1.7973171472549438,-6.916666666666667
4803,1.7839722465723753,-6.92299154334038
4804,1.7970484234392643,-6.913636363636364
4805,1.7864555791020393,-6.92840909090909
4806,1.796978080412373,-6.934090909090907
4807,1.805137112736702,-6.945454545454545
4808,1.793063923716545,-6.936474501108648
4809,1.7885630913078785,-6.918181818181817
4810,1.8043387532234192,-6.931818181818182
4811,1.8001688737422228,-6.938095238095239
4812,1.7907226886600256,-6.961363636363636
4813,1.7872005570679903,-6.927272727272728
4814,1.8104037418961525,-6.939085623678647
4815,1.7845269739627838,-6.927272727272725
4816,1.7761004194617271,-6.939085623678649
4817,1.7890913486480713,-6.943181818181817
4818,1.8036195486783981,-6.934090909090907
4819,1.796978080412373,-6.949999999999999
4820,1.797242909669876,-6.9229915433403795
4821,1.7975479066371918,-6.934487315010573
4822,1.7910349518060684,-6.927272727272726
4823,1.7990037202835083,-6.920454545454545
4824,1.792491463944316,-6.939534883720931
4825,1.8007913827896118,-6.934090909090907
4826,1.7910651564598083,-6.922727272727272
4827,1.8034405410289764,-6.952272727272729
4828,1.7943676635622978,-6.934090909090909
4829,1.8000282673165202,-6.939534883720932
4830,1.7877355366945267,-6.926969696969696
4831,1.7854724526405334,-6.924999999999998
4832,1.8097981211612932,-6.949999999999999
4833,1.8092584758996964,-6.920454545454546
4834,1.790456966497004,-6.939085623678649
4835,1.8079247325658798,-6.95
4836,1.810713853687048,-6.94090909090909
4837,1.7975479066371918,-6.934090909090907
4838,1.8003747537732124,-6.911363636363637
4839,1.7935950458049774,-6.938636363636364
4840,1.7894262075424194,-6.925
4841,1.8010382801294327,-6.925
4842,1.786140600219369,-6.929889006342496
4843,1.7964558377861977,-6.936897334089618
4844,1.7936116755008698,-6.928726215644819
4845,1.7860781736671925,-6.924999999999998
4846,1.809197187423706,-6.951162790697675
4847,1.7942474070005119,-6.93409090909091
4848,1.7990866885520518,-6.927272727272728
4849,1.8045264407992363,-6.927272727272729
4850,1.7927894089370966,-6.936363636363635
4851,1.7981091663241386,-6.942521141649047
4852,1.7846060544252396,-6.925000000000001
4853,1.8040984719991682,-6.9364745011086475
4854,1.8132232427597046,-6.9568181818181785
4855,1.8060471937060356,-6.941860465116279
4856,1.7950662944931537,-6.931025369978859
4857,1.8079375624656677,-6.940909090909089
4858,1.8088246434926987,-6.931818181818182
4859,1.7943592220544815,-6.913794926004229
4860,1.8000586740672588,-6.952272727272728
4861,1.8017215132713318,-6.936363636363637
4862,1.8062880598008633,-6.920454545454543
4863,1.8022114224731922,-6.926666666666668
4864,1.7991696568205953,-6.937025703794367
4865,1.7941694962792099,-6.918181818181818
4866,1.7920975349843502,-6.943181818181819
4867,1.8104799091815948,-6.9454545454545435
4868,1.7962826564908028,-6.9409090909090905
4869,1.7965700775384903,-6.947727272727272
4870,1.8045264407992363,-6.9568181818181785
4871,1.7943592220544815,-6.925833333333333
4872,1.8033865988254547,-6.902299154334039
4873,1.795560471713543,-6.93409090909091
4874,1.7970484234392643,-6.922991543340381
4875,1.7871759720146656,-6.936363636363638
4876,1.793945163488388,-6.943181818181818
4877,1.79384845495224,-6.958615221987315
4878,1.801230639219284,-6.947727272727272
4879,1.791109412908554,-6.921202882483373
4880,1.803975485265255,-6.927272727272726
4881,1.7942474070005119,-6.906818181818181
4882,1.7964504435658455,-6.93409090909091
4883,1.8031728491187096,-6.929545454545456
4884,1.785630151629448,-6.937209302325582
4885,1.8043387532234192,-6.924999999999999
4886,1.7944622784852982,-6.942521141649048
4887,1.7959244374651462,-6.947727272727273
4888,1.7742542400956154,-6.943542128603106
4889,1.7781080957502127,-6.926666666666668
4890,1.8009833097457886,-6.923255813953488
4891,1.785231426358223,-6.927272727272726
4892,1.7965310215950012,-6.961363636363635
4893,1.8067595064640045,-6.911495771670192
4894,1.7928503714501858,-6.927272727272728
4895,1.799630037508905,-6.943542128603106
4896,1.801476076245308,-6.921202882483372
4897,1.7965580224990845,-6.934090909090911
4898,1.7915487363934515,-6.913636363636365
4899,1.779657194390893,-6.943181818181818
4900,1.7975026667118073,-6.934090909090907
4901,1.7961954474449158,-6.913636363636364
4902,1.7994826138019562,-6.913636363636364
4903,1.8081526160240173,-6.9599622878692635
4904,1.7979354783892632,-6.943181818181818
4905,1.803182352334261,-6.945454545454546
4906,1.7877138629555702,-6.925000000000001
4907,1.8010105788707733,-6.933221925133688
4908,1.798115849494934,-6.936713735558407
4909,1.8032463602721691,-6.93678646934461
4910,1.8041684199124575,-6.934090909090908
4911,1.8081526160240173,-6.965909090909093
4912,1.7961746826767921,-6.941860465116279
4913,1.7908835411071777,-6.94090909090909
4914,1.8087282255291939,-6.943181818181817
4915,1.7909176126122475,-6.947727272727273
4916,1.7965640500187874,-6.936363636363637
4917,1.8007809072732925,-6.936363636363636
4918,1.7812718898057938,-6.934090909090907
4919,1.8008186519145966,-6.94090909090909
4920,1.796978080412373,-6.9364745011086475
4921,1.7866469845175743,-6.936363636363637
4922,1.8011752367019653,-6.931818181818182
4923,1.8005066104233265,-6.929545454545456
4924,1.8033865988254547,-6.955813953488374
4925,1.7931860405951738,-6.936363636363637
4926,1.7949670255184174,-6.947727272727272
4927,1.7990866885520518,-6.939534883720931
4928,1.7860017325729132,-6.914285714285714
4929,1.7936116755008698,-6.911495771670192
4930,1.79734767973423,-6.932085561497327
4931,1.7952917751390487,-6.934090909090909
4932,1.8018090799450874,-6.947727272727273
4933,1.7851446494460106,-6.918181818181818
4934,1.790936604142189,-6.927272727272728
4935,1.7847637832164764,-6.947727272727272
4936,1.8098385855555534,-6.947727272727274
4937,1.7888290602713823,-6.925
4938,1.7936387360095978,-6.940909090909091
4939,1.811729684472084,-6.947727272727272
4940,1.7851446494460106,-6.938095238095239
4941,1.7891335114836693,-6.936363636363637
4942,1.7963698655366898,-6.927272727272728
4943,1.7871010638773441,-6.925
4944,1.7919739224016666,-6.926666666666666
4945,1.7891124300658703,-6.955813953488373
4946,1.7971926927566528,-6.949418604651163
4947,1.798367016017437,-6.94318181818182
4948,1.7886025309562683,-6.936363636363635
4949,1.7972549200057983,-6.947727272727271
4950,1.8067662790417671,-6.954545454545456
4951,1.7927217818796635,-6.953488372093023
4952,1.7973947916179895,-6.953488372093023
4953,1.8015308305621147,-6.925833333333333
4954,1.804045433178544,-6.934883720930232
4955,1.8050617948174477,-6.941860465116279
4956,1.7765896171331406,-6.9482822410148
4957,1.7906635999679565,-6.936363636363637
4958,1.7900486439466476,-6.941860465116281
4959,1.7965580224990845,-6.940909090909091
4960,1.8003747537732124,-6.918181818181816
4961,1.7976731956005096,-6.952272727272728
4962,1.7984640151262283,-6.934487315010571
4963,1.7971205580979586,-6.939085623678647
4964,1.7877138629555702,-6.929545454545453
4965,1.8002645540982485,-6.949418604651163
4966,1.8007704317569733,-6.931818181818182
4967,1.7895693928003311,-6.947727272727271
4968,1.7903104797005653,-6.941860465116279
4969,1.7928928527981043,-6.94090909090909
4970,1.8093197643756866,-6.951162790697675
4971,1.790936604142189,-6.947727272727272
4972,1.7868926543742418,-6.920930232558138
4973,1.7890555895864964,-6.916472868217054
4974,1.8026586025953293,-6.924999999999998
4975,1.7962826564908028,-6.93765227021041
4976,1.7877138629555702,-6.941384778012685
4977,1.7929324842989445,-6.9409090909090905
4978,1.7963510006666183,-6.943181818181819
4979,1.7879919111728668,-6.915909090909093
4980,1.793945163488388,-6.941860465116279
4981,1.812854256480932,-6.943181818181817
4982,1.8007522895932198,-6.924999999999999
4983,1.7938221096992493,-6.934090909090909
4984,1.8018090799450874,-6.952272727272728
4985,1.7947650663554668,-6.9206923890063425
4986,1.806179951876402,-6.935299003322259
4987,1.7876921892166138,-6.94090909090909
4988,1.7941694962792099,-6.937209302325582
4989,1.8024669289588928,-6.943181818181817
4990,1.790936604142189,-6.943181818181816
4991,1.7976293116807938,-6.919529598308668
4992,1.8082911390811205,-6.927272727272728
4993,1.7842436954379082,-6.936363636363638
4994,1.7990866885520518,-6.947727272727272
4995,1.7847457230091095,-6.947727272727272
4996,1.7876786105334759,-6.944318181818184
4997,1.793945163488388,-6.9141196013289035
4998,1.804824948310852,-6.938636363636365
4999,1.802781879901886,-6.9363636363636365
5000,1.793945163488388,-6.943181818181818
