ligand_id,model,y_true,y_pred
20,ADME,4.949580416,5.379646500413297
23,ADME,4.144498339,4.4309125566804095
27,ADME,3.42449855,3.4588231626786863
36,ADME,3.594278505,3.638899938504485
39,ADME,3.095724987,3.5850647712969814
43,ADME,4.05571921,2.9009786969769813
46,ADME,3.719836565,3.660679378696267
50,ADME,1.380598315,3.473817925446478
51,ADME,3.751974994,3.078108040495997
52,ADME,3.641734078,3.5422774966777073
59,ADME,2.725605396,2.4121808761273797
65,ADME,2.388794064,2.5580741712286805
67,ADME,2.658368945,2.3733666333857495
68,ADME,3.107799938,3.261288598097488
74,ADME,4.239971231,3.9509266481941423
77,ADME,2.585019011,3.0010627625706867
80,ADME,3.626219292,3.670328064096706
91,ADME,4.177123902,4.154324041719505
108,ADME,4.254464761,4.095988242852796
114,ADME,2.33209914,2.493761196860732
122,ADME,3.927901751,3.88673976087968
124,ADME,4.143541466,3.481981927554814
126,ADME,2.63773183,2.648229236193997
130,ADME,4.158646853,3.813484177415811
131,ADME,4.015908184,2.6422116584133635
134,ADME,3.937195421,3.8351976790691404
136,ADME,2.730398322,2.9083939994754044
141,ADME,3.801412286,3.518427158551112
142,ADME,3.96442747,4.011978184001736
155,ADME,1.717997085,2.593729810305124
161,ADME,1.790478441,2.209514848172476
162,ADME,2.523401181,2.75943234179377
170,ADME,2.908968372,3.1652174822836523
171,ADME,1.360457754,1.765131200311269
173,ADME,1.559873429,1.893826524517148
196,ADME,4.154926917,3.9598423384170407
206,ADME,3.999037282,3.979981714722968
219,ADME,3.907297875,3.9433282615916534
221,ADME,2.44412298,2.5796766726186915
225,ADME,3.01484243,3.280661684209548
237,ADME,4.518096365,4.2301516368187455
243,ADME,2.768208103,3.175429411265717
262,ADME,2.239253186,2.7626090143602093
265,ADME,3.879416447,3.8759725935875284
266,ADME,3.325555342,3.9104424424522195
280,ADME,7.038939476,5.397637788232325
284,ADME,1.595379942,2.2521053119131227
288,ADME,3.723110042,3.7530552079757094
298,ADME,3.870551118,3.668571972536263
310,ADME,4.169444125,3.8982963150921437
313,ADME,3.905192767,3.9606545870481398
321,ADME,2.233211202,2.2398774043168164
323,ADME,3.667299551,3.8572774446586138
345,ADME,3.066295669,3.5249182825590264
346,ADME,3.740965259,3.637827018740386
350,ADME,3.931892225,3.9244189144978305
361,ADME,4.080096324,3.8771624695041886
362,ADME,3.839182265,3.7827862820034417
366,ADME,2.489248544,2.985613558485161
370,ADME,3.952030378,4.003629590065062
372,ADME,2.015123561,2.631647461223417
376,ADME,3.522264606,3.382535698131409
382,ADME,4.181635406,3.8895708686790122
388,ADME,3.236132011,3.2493095793809905
389,ADME,3.692363906,3.630222398178729
395,ADME,3.681693214,3.9123667156060473
397,ADME,3.030947823,2.6231509803427473
399,ADME,3.039942171,3.1886740869168206
403,ADME,1.812435335,2.246826426671876
416,ADME,3.336594958,3.674448368105524
417,ADME,3.756637342,3.350073510772321
423,ADME,2.091380654,2.383391076781196
428,ADME,1.867622814,3.3060505900723727
437,ADME,4.055811039,3.9155991539122184
449,ADME,6.170365184,5.896650962561507
461,ADME,3.709216802,3.4186484932182264
463,ADME,4.231604131,3.9116186060285143
473,ADME,3.8692422,4.2452043293098365
474,ADME,3.596778129,3.343905618189498
477,ADME,2.794535228,2.7392583172711524
479,ADME,3.685979528,3.4152052682345713
480,ADME,2.632078148,2.855014943980357
482,ADME,3.363868864,3.7008838877797645
483,ADME,2.578241089,2.970246809687917
498,ADME,2.496785583,2.824040796703086
500,ADME,2.825343237,3.2965275939118595
501,ADME,2.560508776,3.088927464946287
523,ADME,1.53375646,3.5109111633056385
525,ADME,4.817161221,4.000601425182891
527,ADME,3.549415702,3.86347332740919
531,ADME,2.863459321,3.0178666130445864
546,ADME,3.498861689,3.327897604751761
554,ADME,2.723734902,3.0253289474217584
559,ADME,4.145537126,3.9944228256612413
564,ADME,4.027748474,3.485707780993782
567,ADME,2.870153628,3.8612243575192906
605,ADME,2.015789085,1.968478591524624
608,ADME,3.227709579,3.4951130533094035
613,ADME,3.342217135,3.2947434054454865
623,ADME,3.560809635,3.960209216244784
626,ADME,1.874298552,3.333835276947867
643,ADME,3.385689088,3.143964309166704
649,ADME,3.634507081,3.6042613003116535
651,ADME,3.647834014,4.485767627076726
653,ADME,1.536143754,2.5454833390805014
658,ADME,3.93981481,3.660253041981156
664,ADME,2.734537075,3.084766200374587
676,ADME,4.118230846,4.519698388052451
679,ADME,4.2491762,4.033688187364582
682,ADME,3.013959516,3.2341754854166203
683,ADME,2.696373865,2.3462333761453023
686,ADME,2.097927609,2.159349669005825
689,ADME,1.610732826,2.354302203847554
695,ADME,1.937269778,2.820402233355435
696,ADME,2.721315881,3.024371596649032
706,ADME,3.560809635,3.817500069208201
707,ADME,2.576458589,2.646301330203341
710,ADME,1.957926387,2.6235154221536843
716,ADME,3.279130588,2.6320597901477663
719,ADME,3.251353873,2.913143704366568
734,ADME,2.02926158,2.786957720050072
746,ADME,2.892629127,3.3328932171708145
776,ADME,3.813831764,3.918529459800455
782,ADME,3.715635708,3.7107972194114436
795,ADME,2.497766061,2.9748411567188024
796,ADME,2.995720485,2.8671534496113207
797,ADME,3.01755561,2.924026519944204
802,ADME,3.660618188,3.475203423567894
803,ADME,2.798347722,2.970686586833926
812,ADME,3.340707344,3.49765153702801
814,ADME,1.225733029,2.523902076609602
815,ADME,2.818803928,2.824780850207726
825,ADME,3.986763339,2.8262051638456125
831,ADME,4.000506382,3.2784648736426423
832,ADME,3.273158748,3.467366581206699
834,ADME,5.348949078,4.172408769063485
840,ADME,3.906360086,3.889256810747182
847,ADME,1.385602184,3.153489737803867
855,ADME,3.22922379,3.898504617148241
858,ADME,1.826593477,2.704757795710894
861,ADME,1.682996653,2.1265612676725274
863,ADME,2.159892482,2.642075301403039
864,ADME,2.602229333,2.8871773411776047
871,ADME,3.445095558,3.9919850035318554
873,ADME,3.604334073,3.755584320531629
875,ADME,4.031066771,3.132471187072884
889,ADME,1.260202121,2.1316933008556957
902,ADME,3.263515086,3.6621826915644657
905,ADME,3.703971159,3.5293270316752214
910,ADME,3.041879349,3.034579486339338
922,ADME,2.879077951,2.8676333941312473
925,ADME,4.260496228,3.6675803792368677
926,ADME,3.286117255,3.4545095979919798
927,ADME,3.748744111,4.083203634907355
928,ADME,4.532104361,3.7801394630474365
929,ADME,2.946637821,3.227592429479337
934,ADME,1.329574138,2.4079611849032228
940,ADME,3.336495757,2.9671856837572963
946,ADME,3.037437565,3.2683071770137446
949,ADME,3.279406837,3.6451804686828537
951,ADME,3.108893739,3.4546898846473417
954,ADME,3.216432763,3.585032623625266
955,ADME,3.673882844,3.5687269975186395
968,ADME,3.037430925,2.648291481067769
990,ADME,6.716420734,3.3967099687094953
991,ADME,3.314560273,3.4420889965366235
994,ADME,3.658939331,3.865844254974307
999,ADME,4.458336346,4.106603757165272
1001,ADME,2.960227585,3.331329517916063
1002,ADME,3.7155333,3.3939137695459665
1008,ADME,2.59306679,2.8615645036738013
1012,ADME,2.924052314,3.1476470658880817
1020,ADME,2.601386302,2.797499138270966
1021,ADME,3.305673746,3.3103867428327307
1025,ADME,2.806089487,2.572545662971865
1028,ADME,3.190740116,3.3369856505687445
1032,ADME,3.688513574,3.293819709023834
1042,ADME,3.230181089,3.107090282451331
1045,ADME,3.246045339,3.07977405003433
1053,ADME,1.252329344,2.6581356928837865
1060,ADME,2.733308865,3.148977414782708
1066,ADME,2.208907496,3.099367845033387
1070,ADME,3.106968628,2.5744976506904056
1085,ADME,2.769631356,3.001308713018757
1101,ADME,3.183129011,3.4496597405147686
1108,ADME,2.946637821,3.1657816744142204
1112,ADME,2.909523343,2.916900674260882
1113,ADME,3.975168183,3.630159091540694
1120,ADME,3.258086794,2.9950933858163027
1126,ADME,2.416848453,2.5993752281146296
1132,ADME,2.882024625,3.111891174498353
1133,ADME,4.245086568,4.255466579454037
1139,ADME,2.809963522,3.07923507147473
1142,ADME,7.095543245,4.173467339453148
1143,ADME,3.862392573,4.039667558670274
1144,ADME,3.757126755,4.028135208741022
1150,ADME,1.755294236,2.9048556976421076
1166,ADME,1.73563205,2.1498254530922987
1167,ADME,3.255265728,3.097830959741166
1168,ADME,3.660429068,2.8279405949081164
1178,ADME,1.904617329,2.3618291423653703
1200,ADME,3.079802084,3.2439135758423356
1205,ADME,2.94417823,3.1890654870299406
1206,ADME,2.788267882,3.412275156763624
1216,ADME,2.654536418,3.132885081656851
1217,ADME,3.629025307,3.3223353279731547
1220,ADME,7.313490593,4.183153404183441
1226,ADME,2.69913404,2.1888248140428246
1236,ADME,3.353657104,3.3679346296683423
1242,ADME,4.588096611,5.092258942168928
1243,ADME,3.539661876,3.5718497851210524
1245,ADME,3.637432544,3.302524648459624
1253,ADME,2.872551201,3.3871594027619927
1257,ADME,3.459069232,3.3355226096149986
1271,ADME,4.119641577,3.91395065628438
1272,ADME,4.728001391,4.124916292117877
1276,ADME,3.332577311,3.6911157436302373
1283,ADME,4.203224836,3.905803814670671
1284,ADME,3.423532001,3.542358281050613
1293,ADME,3.070431941,3.355388712665647
1301,ADME,1.747596286,2.7802391781450004
1310,ADME,3.920446321,3.6760601590713637
1321,ADME,2.237671847,2.763433467599659
1327,ADME,2.834206757,2.8681730031475308
1330,ADME,3.167290229,3.45867462511254
1336,ADME,2.988145075,3.1050706299176083
1342,ADME,0.942475043,3.1400311723450627
1345,ADME,4.214487751,4.120053664023949
1348,ADME,3.506729176,3.8222085124111977
1351,ADME,2.985541233,3.442999818335991
1353,ADME,2.411280151,3.0320352590465607
1358,ADME,2.727143469,3.0482351237063536
1360,ADME,3.912995943,4.217787503573739
1363,ADME,3.017962644,3.20181031650308
1370,ADME,2.245056299,2.4956407080304124
1372,ADME,4.002182066,3.960443616054185
1379,ADME,3.804468558,3.8826712697594963
1383,ADME,3.345786681,3.2203966282679923
1392,ADME,2.732194911,2.8094869728432132
1395,ADME,2.244447418,2.016182239501314
1399,ADME,2.970468272,2.8193958648361797
1402,ADME,3.593456834,2.9539790011133937
1404,ADME,3.060637413,3.529867219086436
1406,ADME,4.956525486,5.962927168565933
1410,ADME,3.952773834,3.972545498959761
1412,ADME,4.032005965,3.9242182354163404
1416,ADME,3.491092958,3.616285575038081
1420,ADME,5.166456139,5.883191187489837
1425,ADME,4.967309603,5.489662553775277
1429,ADME,3.809693406,3.9267975708598333
1430,ADME,3.360566593,3.7180053100999197
1431,ADME,3.688949051,4.04335578441679
1432,ADME,5.58592974,3.9129807550371782
1433,ADME,3.233279357,3.3014727558081978
1439,ADME,4.543130886,4.404861615209705
1449,ADME,4.109839428,3.3023272225277007
1451,ADME,5.041269431,3.285335206799094
1461,ADME,4.005850279,3.3806823360271383
1463,ADME,4.037956476,3.6849208338217396
1466,ADME,3.530917438,3.237298093304197
1470,ADME,4.748224843,3.4539622026809735
1471,ADME,4.638247576,3.148867953332664
1475,ADME,2.704750904,2.832098790349146
1494,ADME,3.465271707,3.7836624045869276
1506,ADME,3.821255615,3.8824700088689967
1508,ADME,4.015840263,3.9152928370423075
1514,ADME,3.096881059,3.507228240717791
1516,ADME,2.521544717,3.1782192201601673
1520,ADME,4.101452722,3.8799297272506177
1522,ADME,2.814115906,2.8147677935923863
1523,ADME,2.576590488,3.1413312669782303
1528,ADME,3.428487689,3.1833303391407046
1532,ADME,3.087513252,3.29812521778304
1546,ADME,2.952103309,3.078840995772209
1553,ADME,4.285025366,4.150408229446546
1557,ADME,2.745843012,2.9840821339244425
1558,ADME,4.067719675,3.8737864354939004
1565,ADME,1.635229316,2.197428606654827
1571,ADME,3.25338405,2.757646152434515
1573,ADME,3.271120794,3.3137887234008168
1577,ADME,3.566851796,2.7584069677058567
1588,ADME,2.579608528,3.444340877123989
1589,ADME,3.211626544,2.7889767746187286
1591,ADME,4.032855942,2.851843466609015
1595,ADME,3.684979936,3.410887420070134
1600,ADME,3.654060971,3.4785129058175657
1607,ADME,3.970645821,4.098383280405839
1608,ADME,3.7521902,3.793429260249362
1612,ADME,3.702826736,2.8562586003241157
1619,ADME,3.817188788,3.471996927104617
1639,ADME,3.860237213,4.029681441044124
1643,ADME,4.572935464,3.943571526086921
1644,ADME,4.524635528,3.73241744170371
1656,ADME,4.354721016,3.5310693093305967
1663,ADME,3.511945032,3.656735571066443
1674,ADME,3.453595038,3.645104082202396
1675,ADME,3.724396356,3.3114350833150796
1686,ADME,4.859079727,3.908832054873732
1689,ADME,2.688319691,2.698127494791737
1694,ADME,3.436434769,3.420864428278288
1698,ADME,3.1109767,2.8836758212988842
1705,ADME,3.980889247,3.756254473177007
1706,ADME,5.288200024,3.2126479818430163
1707,ADME,3.271568635,3.2628671415866792
1717,ADME,3.432499715,3.424205728398021
1741,ADME,1.965562728,2.369444821405263
1742,ADME,2.911593683,3.3440434585495455
1744,ADME,2.625382279,3.125689425618587
1750,ADME,3.127538876,2.995012497489934
1756,ADME,2.200850969,3.25373758208165
1757,ADME,1.783874548,3.2770770119122155
1769,ADME,3.446514977,3.124603524878232
1773,ADME,3.262315005,3.4776118698101577
1774,ADME,3.568473361,3.6355777881331206
1775,ADME,2.993384788,3.5355906664263133
1800,ADME,2.748234071,3.086272312385518
1807,ADME,3.977876724,3.7957355744101147
1811,ADME,3.749692635,3.3745668861408484
1822,ADME,2.889184545,2.603192760924058
1826,ADME,3.920806632,3.6053984454780506
1833,ADME,3.285930687,2.7718451735534884
1834,ADME,3.542136018,3.369309890497275
1840,ADME,2.916828859,3.356058647221724
1867,ADME,2.772055693,3.443044860266025
1872,ADME,3.165117321,3.1321159651718946
1875,ADME,2.599292745,2.9472537356026915
1878,ADME,3.631499113,3.545630250657503
1892,ADME,3.657207857,3.677589193632445
1894,ADME,3.677248368,3.4256429258122996
1901,ADME,3.908053683,4.152042403107362
1905,ADME,2.65090136,3.1430766846019305
1911,ADME,2.987037304,3.2393588469649073
1917,ADME,3.318524528,3.3574355486152982
1947,ADME,4.528376709,3.7274224483989733
1955,ADME,3.441010226,3.1514119395196882
1956,ADME,2.911727671,2.764414206362562
1960,ADME,3.01484243,3.5612999046931773
1963,ADME,4.014864414,3.7214076924243145
1971,ADME,3.740934792,3.741197236275312
1979,ADME,4.018669298,3.7805422439239917
1980,ADME,2.942052721,3.395483110936192
1981,ADME,2.97012983,3.0718955541937722
1986,ADME,2.845662256,2.691392647703182
1991,ADME,2.712289218,3.3375161061646326
1998,ADME,3.220568301,3.172676810551061
2008,ADME,3.067337479,2.7086900348614042
2013,ADME,3.131003459,3.4438397100948515
2015,ADME,4.330935784,4.069444054136903
2027,ADME,3.915153859,4.078961312615382
2029,ADME,3.963174826,3.9250957731978713
2031,ADME,3.432655633,3.8042012629882316
2033,ADME,3.967933208,4.085468754602271
2035,ADME,4.010634879,3.9399758023431763
2036,ADME,3.817262214,3.8934548318480324
2038,ADME,3.845515636,3.6127331619947127
2047,ADME,3.337321685,3.6661343911288617
2067,ADME,3.176730649,3.3126889287237473
2070,ADME,3.334914609,3.4871849015507164
2075,ADME,3.301694147,3.9243870352884294
2077,ADME,2.678555028,3.848439673077027
2080,ADME,3.59653552,3.7312516512895986
2087,ADME,3.659331234,3.546813607255196
2094,ADME,4.827166835,4.108380534650403
2107,ADME,2.44982057,3.1685377824883605
2109,ADME,3.095599363,3.2333571783748383
2115,ADME,3.103096419,3.697132093455634
2116,ADME,2.604559465,2.6140541448310595
2117,ADME,2.518500845,2.836213725193402
2136,ADME,2.8991238,2.3065232912604428
2137,ADME,2.643116728,2.43762187623818
2145,ADME,2.480504555,3.0431152688089456
2146,ADME,2.576115979,3.0532593941988964
2149,ADME,3.146828546,3.4930341511035228
2152,ADME,2.755772829,2.978687332930407
2156,ADME,3.556511412,3.4331965275271417
2162,ADME,3.919015884,3.840785110592786
2166,ADME,3.945010414,3.5392278009505675
2167,ADME,3.651992364,4.041181900449771
2170,ADME,3.862459363,3.623655007348099
2173,ADME,3.90224699,3.986714842040834
2178,ADME,3.637947132,3.823972136408083
2180,ADME,4.008653391,3.7979573352818767
2187,ADME,3.548124906,3.9996935118841366
2188,ADME,4.474087511,4.078551540803628
2204,ADME,3.664276254,3.3435954076274284
2205,ADME,3.242208375,3.0004565952692746
2208,ADME,4.154047645,3.877712373347758
2210,ADME,3.289198626,3.6146058802231043
2217,ADME,4.397306718,4.128759073201503
2220,ADME,3.750352545,3.959827788191183
2221,ADME,4.317379113,4.175310961158343
2223,ADME,3.561850696,3.5374323464999184
2226,ADME,3.033052749,3.1753170397154835
2232,ADME,4.060050637,4.290739221139162
2239,ADME,5.691682543,3.541125728149968
2241,ADME,3.021781741,3.4002945825624096
2242,ADME,3.431263221,2.9350097527984755
2248,ADME,2.824353665,2.702606416623204
2252,ADME,2.87743254,3.349314604349883
2271,ADME,3.176700911,2.9203643035040727
2275,ADME,3.328746882,3.4636373332221564
2280,ADME,3.687715203,3.8493017508697824
2296,ADME,3.637387863,3.744058141655796
2298,ADME,3.616629279,3.351968126673646
2299,ADME,3.61526895,3.3294499161798283
2301,ADME,3.213503,3.56362940585568
2303,ADME,3.704173506,3.5745463103764177
2313,ADME,3.597826116,4.127162467501384
2320,ADME,4.564072975,3.90065181869616
2324,ADME,3.107081774,3.4472271240504573
2326,ADME,2.630715761,3.270772257628549
2332,ADME,3.873515737,3.475599768032603
2333,ADME,3.838817619,3.253083533906584
2339,ADME,4.341379561,3.836787679304621
2347,ADME,4.076338872,4.1695014066096725
2353,ADME,3.778729924,3.1803925829378183
2360,ADME,3.808590971,3.4123954633017863
2361,ADME,3.164926578,3.220655721417468
2374,ADME,4.577935565,4.079532904563372
2382,ADME,3.099364068,3.1210222431396266
2396,ADME,3.963006204,3.7577317192358803
2403,ADME,3.351625621,3.6214886142952367
2417,ADME,3.376153144,3.049701721014933
2426,ADME,3.042290068,3.5233259699433157
2427,ADME,3.525308637,3.5510763812073494
2431,ADME,6.461870073,4.191400716301867
2435,ADME,3.406304777,4.054530734849379
2436,ADME,4.314040282,4.279454878832187
2442,ADME,3.577995759,3.121435800664291
2443,ADME,3.037437565,3.3135554169505355
2468,ADME,3.123180586,3.5037349006848775
2472,ADME,2.126957252,3.0389108802786793
2474,ADME,3.873652875,3.9801918269790995
2491,ADME,3.991878504,3.882039915778921
2494,ADME,3.881417946,3.553173184502178
2495,ADME,3.25584154,3.0836952582817276
2497,ADME,2.637723671,2.380337899657615
2498,ADME,3.580342432,3.181946589323949
2501,ADME,3.164739384,2.7828722069238743
2521,ADME,3.579029912,3.979895993445318
2525,ADME,3.632187251,2.9982260406042003
2537,ADME,3.35852282,2.8161067802603217
2541,ADME,3.831507559,3.2945458503466267
2546,ADME,4.563154851,4.311077433646992
2553,ADME,3.747883249,4.472035829293004
2558,ADME,2.791424317,3.237289623848381
2563,ADME,3.513869884,3.3265550538596904
2573,ADME,3.513744828,3.867099609220756
2574,ADME,3.232308629,3.8323915906462522
2590,ADME,3.661864547,3.8029482278248694
2591,ADME,3.249729681,3.880075610297058
2593,ADME,3.233125444,3.6741168281998635
2594,ADME,3.42667529,3.7325032374216622
2595,ADME,3.845463491,3.9997800470749487
2598,ADME,3.50759086,3.5611655207858868
2600,ADME,3.870867816,3.4341125529547103
2603,ADME,2.959934421,3.606294719079506
2615,ADME,3.664119608,3.9097471398857975
2622,ADME,3.551312734,3.667937949275676
2623,ADME,3.535671544,3.559998986515492
2624,ADME,2.944126097,3.1621790180892715
2631,ADME,2.60248831,3.368189616255633
2632,ADME,4.16521464,3.274349962791041
2642,ADME,3.425844101,3.704542776018453
2643,ADME,2.648568804,3.2707680221958366
2684,ADME,2.896867099,3.51090001993447
2690,ADME,5.498886823,3.839530600288506
2693,ADME,4.307828432,4.020714540084881
2694,ADME,3.037457486,2.8947547896108414
2697,ADME,3.466032815,3.5974706086500134
2713,ADME,3.419701785,3.22765375389966
2716,ADME,3.359318911,3.7704354889810294
2759,ADME,2.615368951,3.015342407282004
2762,ADME,2.707399831,3.0381616932336097
2772,ADME,2.899757987,2.84050614999945
2774,ADME,3.330868124,3.7348747572981686
2775,ADME,3.548873988,3.5245578875471386
2781,ADME,3.929227695,3.72638969011245
2793,ADME,4.768947497,4.424352072079149
2799,ADME,2.533452046,1.7365180591422942
2841,ADME,4.450279908,4.363421722531392
2849,ADME,2.94897601,3.1646104921100724
2854,ADME,3.209083953,3.117051872445214
2858,ADME,3.391552567,3.601113644411396
2866,ADME,2.838790987,3.3157223498770367
2868,ADME,3.951351075,3.996402668243919
2871,ADME,3.941215725,2.725616904293404
2888,ADME,3.559666081,3.3633735344781943
2890,ADME,3.252293291,3.417482970589665
2910,ADME,4.402898173,3.9443292063829674
2923,ADME,4.568702954,4.108257092779839
2929,ADME,3.626972758,3.9334286825018827
2931,ADME,4.449106686,4.831635960631076
2934,ADME,3.567057337,2.876722382445006
2936,ADME,3.193647664,3.2071090731565226
2939,ADME,2.97513245,3.539871961028035
2941,ADME,3.509843119,3.186200950439277
2954,ADME,3.28338463,2.6541737978843813
2955,ADME,5.220660633,3.6592181596605395
2962,ADME,3.575171634,3.844086820580543
2964,ADME,3.849847832,4.083857376444198
2965,ADME,3.713263676,3.7144551170320534
2967,ADME,3.673089732,4.125408165739104
2968,ADME,3.773591867,4.099174502335337
2978,ADME,3.756520103,3.8995062456357132
2981,ADME,3.875966997,3.803354348319513
2987,ADME,3.492757895,3.2923253046598497
2994,ADME,4.982665482,4.1154465192548715
2998,ADME,2.940248224,3.311357985207194
3002,ADME,3.79690979,3.788139583133603
3006,ADME,3.811311121,4.084341588262652
3017,ADME,4.099224127,4.181175213459053
3018,ADME,3.428487689,3.2224235793348055
3019,ADME,2.5898858,2.8728939732068635
3020,ADME,2.223142755,2.245835921219325
3025,ADME,3.609426314,3.951993053281238
3026,ADME,2.358431982,2.9796651242427705
3033,ADME,2.455259983,3.2838994378503896
3034,ADME,3.598739714,3.5939309030906745
3046,ADME,3.512570053,3.168041681996668
3054,ADME,4.113702172,4.297872481795654
3057,ADME,4.048414928,4.290718390813112
3066,ADME,1.99451658,2.192122639676591
3069,ADME,4.168151147,4.113029840818421
3070,ADME,3.549222501,3.8060442143295163
3071,ADME,3.299404869,3.559142623969312
3079,ADME,3.418881069,2.7254493267218933
3082,ADME,5.859307346,4.665901127029155
3084,ADME,5.183921982,4.480884477834705
3085,ADME,4.180856733,4.460998334831889
3086,ADME,3.566411563,3.7226050566328004
3087,ADME,4.822329384,4.496671899549192
3095,ADME,5.730946215,4.074815606101573
3106,ADME,4.112377071,4.4512954499059685
3108,ADME,4.258242072,3.672075916439181
3109,ADME,3.491913318,3.6940621515924357
3111,ADME,4.13861196,3.6943804589137215
3115,ADME,4.248371329,3.368558807709755
3124,ADME,3.778723728,3.8225483280245314
3127,ADME,3.410768198,3.4615667077520764
3129,ADME,3.882841036,3.7431377328953843
3130,ADME,3.355381647,3.0860295442167995
3134,ADME,3.360281369,3.7710424989822195
3135,ADME,2.549898451,3.0455414283090763
3138,ADME,3.316681,3.520883598297879
3150,ADME,3.377734757,3.6868843774068045
3151,ADME,3.970218586,4.1642180961126245
3152,ADME,4.194585491,4.215038487639794
3162,ADME,5.066130791,4.242049311073571
3176,ADME,4.928070062,3.2658116906772787
3177,ADME,3.151717065,3.062455454220146
3178,ADME,4.318599608,5.656871279098062
3179,ADME,4.071393049,3.484536815682038
3183,ADME,3.537634728,3.3454551901590754
3191,ADME,4.908415908,3.0821589240169027
3192,ADME,3.596879727,3.7699511761142688
3203,ADME,3.980625944,3.5111869032112053
3207,ADME,4.072617477,3.692498793534589
3214,ADME,3.759997028,3.4542194204723238
3215,ADME,3.129196682,3.179903496981008
3217,ADME,3.345578466,3.7176484878863123
3222,ADME,3.678660617,3.4850351966001396
3233,ADME,4.06802622,3.8280665224453165
3234,ADME,3.621738082,3.652926576726527
3235,ADME,3.563923715,3.4024276744484387
3236,ADME,3.653819436,3.7026835355962935
3237,ADME,3.699588631,3.903282771221839
3241,ADME,3.622034954,3.893899618325673
3245,ADME,3.441602496,4.193797204782379
3260,ADME,3.56927147,3.6274354654746186
3263,ADME,3.448198205,3.210155663586164
3265,ADME,2.656966561,3.685764396379267
3269,ADME,3.079394753,3.251952641981048
3271,ADME,3.061270228,2.9845938767353886
3276,ADME,2.184248993,2.497379788711826
3277,ADME,3.172308048,3.7359087714006023
3281,ADME,2.567379308,2.8641126455757995
3307,ADME,3.736993744,3.7303926306417994
3311,ADME,3.484341945,3.598261104054923
3332,ADME,3.905293087,3.8703731074364796
3341,ADME,4.301673206,4.442537873201968
3345,ADME,3.735214186,3.9070415993822936
3347,ADME,2.614990216,2.2461845245798635
3368,ADME,3.817523449,4.0708501986758545
3370,ADME,3.364091131,3.3659295832355345
3379,ADME,4.403320428,3.832932715709024
3383,ADME,3.454749428,3.5737678166252653
3396,ADME,3.929303623,3.7095683975091216
3399,ADME,2.54457959,2.768836944514208
3403,ADME,3.699667474,3.5532884469929567
3410,ADME,3.715209906,3.869172241498583
3411,ADME,3.384477071,3.779407137760437
3412,ADME,4.288285999,4.08539046732604
3415,ADME,4.892758065,4.373050837260216
3418,ADME,3.539675664,4.096010778841567
3419,ADME,2.947979379,3.063732500561839
3426,ADME,3.764887165,3.831012344525054
3430,ADME,3.632076485,3.9552384473024436
3431,ADME,3.561467686,3.378931287180059
3434,ADME,3.988687131,3.89729651173236
3443,ADME,4.00464375,3.897501784443879
3447,ADME,2.973189451,2.957890358242479
3454,ADME,3.197098223,3.6205024285674483
3467,ADME,4.383764516,3.537921572088945
3469,ADME,2.924190235,2.828140492386395
3473,ADME,3.369443879,4.14121710706477
3474,ADME,4.202652258,4.534132744890076
3496,ADME,3.475059259,4.25231690455419
3502,ADME,3.714759231,3.669255267074442
3508,ADME,3.18751132,3.2648287478062534
3509,ADME,2.912065879,3.3088660220770074
3510,ADME,3.468261645,3.5726696304619128
3515,ADME,3.170028529,2.4918827378222694
3517,ADME,2.871797248,2.7730983690758455
3519,ADME,3.663946467,3.4814232048160973
3521,ADME,4.312473558,4.019649245485922
3523,ADME,2.879860146,3.0229742498614334
3526,ADME,3.233716796,3.1292041559697568
3528,ADME,3.462951745,3.8531044501339027
3530,ADME,3.239609757,3.449133467073471
3543,ADME,3.546890629,3.59481755586781
3546,ADME,2.598813602,2.580462054850337
3551,ADME,2.781487319,2.7214183163067953
3554,ADME,2.802861345,3.2822930222319235
3555,ADME,3.735145322,3.293952489501467
3591,ADME,3.911422063,3.9717524064325627
3598,ADME,3.039764322,3.335579393354291
3603,ADME,3.766078073,3.9486719825084533
3605,ADME,4.217641094,3.973974962827829
3608,ADME,2.572934068,2.797822301540036
3619,ADME,3.594979991,3.6859567594073783
3620,ADME,3.774327149,3.829016479327391
3622,ADME,4.380848644,3.991112097566779
3623,ADME,3.375190966,3.575069625383714
3627,ADME,4.085884932,3.6656196788386564
3632,ADME,2.989447037,3.3822096295769186
3642,ADME,2.335487989,2.380100002371125
3647,ADME,3.932579028,4.033041163650368
3656,ADME,3.973760354,3.458561299831541
3660,ADME,3.563743752,3.4751843892381666
3661,ADME,4.602612378,4.984107573940225
3664,ADME,1.888702113,2.2019057191275087
3669,ADME,3.236650607,3.94589267505917
3672,ADME,3.729260273,3.4359502447334274
3673,ADME,3.228574863,3.630580197940173
3674,ADME,3.076462434,3.3979574116551974
3676,ADME,2.832852364,3.298221583711358
3684,ADME,3.531027052,3.032161389363965
3690,ADME,2.795630123,3.3799754244879354
3694,ADME,2.847994411,2.9947775748941887
3704,ADME,3.28464761,3.28453967937001
3710,ADME,4.069731745,3.967247066851741
3724,ADME,3.890554079,3.3946698620140854
3740,ADME,3.095381868,3.677149499733405
3742,ADME,3.650328049,3.528194699718166
3754,ADME,6.622127639,5.330029770849922
3755,ADME,3.571354788,3.1587858074418356
3756,ADME,2.560839751,2.80557014119441
3757,ADME,4.298815247,4.5936024379919616
3768,ADME,2.871903466,3.0706078576885583
3774,ADME,3.338612519,3.9749336801665605
3780,ADME,3.84735559,3.7905287648985238
3785,ADME,3.487304122,3.501645443245746
3804,ADME,3.689537175,3.296842473881996
3810,ADME,3.252044885,3.379836915194949
3817,ADME,3.235885767,3.186209908465378
3821,ADME,3.407798661,3.6156497082875543
3827,ADME,2.905247609,3.263151118877029
3829,ADME,3.314707589,3.7397802421491346
3831,ADME,3.140618017,3.2920681560960707
3834,ADME,1.903557959,2.3555521759684552
3835,ADME,2.123721006,2.9192378833525963
3837,ADME,2.113338419,3.0280314751323334
3838,ADME,2.646725721,2.983816758919588
3839,ADME,2.646725721,2.890706778049305
3840,ADME,2.309566296,2.879063409322894
3846,ADME,3.236716361,3.637358943946593
3852,ADME,3.636021256,3.5490771820888583
3853,ADME,3.394609259,3.7065209042173133
3854,ADME,3.408041057,3.7163784437952447
3856,ADME,4.016919825,4.228939135444669
3869,ADME,3.236716361,3.670774356043469
3879,ADME,3.017865824,3.26827408418409
3880,ADME,1.881307607,2.5686941404375565
3897,ADME,3.251090445,3.40993940150042
3920,ADME,2.041002866,2.760345777370728
3924,ADME,4.112744606,3.922420415081206
3936,ADME,4.016293574,3.9546245839258067
3941,ADME,3.204716727,3.2438166969337323
3950,ADME,3.71160648,3.933605108159182
3955,ADME,4.42509057,3.195281154609227
3959,ADME,5.061858467,4.037287943482271
3960,ADME,3.971676683,4.1451489622275375
3971,ADME,4.384838256,3.053056123141098
3975,ADME,2.285840103,2.1750863337174318
3978,ADME,3.502929214,3.1245085832498907
3980,ADME,3.846648536,4.022012231653637
3987,ADME,3.550344149,3.8946930693439556
4001,ADME,4.390995632,2.4601376430463864
4010,ADME,3.549810898,3.284682976880323
4011,ADME,2.981795963,3.249481081339593
4012,ADME,3.545565548,3.356065586718506
4014,ADME,2.869296924,3.170203427375754
4019,ADME,4.463010416,4.155804009112979
4023,ADME,4.581545767,4.162857374582425
4026,ADME,3.740961546,3.9112608130506916
4028,ADME,4.348770068,3.175121099412597
4035,ADME,2.815778995,3.886483600740474
4037,ADME,4.375902486,4.411612928793365
4053,ADME,3.869234583,3.747070106185783
4064,ADME,4.90791515,3.97145087763974
4067,ADME,3.596161483,3.9107581695536475
4077,ADME,3.535761897,3.11281668320797
4082,ADME,3.897917135,3.4450978556622216
4096,ADME,3.748838981,3.7112273629440446
4105,ADME,2.915484845,3.0393039316123
4106,ADME,3.301702905,3.162504738812081
4110,ADME,3.095564513,3.2283643582203014
4111,ADME,2.983552916,3.118390298114011
4122,ADME,3.831313873,3.7100208152422676
4125,ADME,3.222424532,3.6786223960856406
4133,ADME,1.188983477,2.6099285283068223
4152,ADME,3.386830242,3.365569940495756
4154,ADME,3.281969665,3.446592463339628
4156,ADME,5.518027893,3.682816950070392
4160,ADME,6.105684889,5.464689102454939
4166,ADME,3.4536384,4.424299788440987
4168,ADME,3.602679969,3.520936810148148
4169,ADME,2.347665435,2.8781975092558345
4174,ADME,3.886140086,3.5230549031457654
4208,ADME,3.127894884,2.900188602792649
4209,ADME,3.462125141,3.3454740001934633
4212,ADME,3.657214687,3.4833824762012577
4216,ADME,3.443831893,3.462941245285533
4223,ADME,3.072168601,5.113119751177592
4243,ADME,3.546599943,3.553877991403592
4245,ADME,3.064041466,2.9677131282130773
4250,ADME,2.884471237,3.3038945628813092
4257,ADME,4.004754838,4.0117525581255
4260,ADME,3.691425683,3.5248436226530195
4262,ADME,2.813366207,3.1084316345004135
4265,ADME,2.202186565,2.522009308212966
4266,ADME,2.59140936,2.9155335186592155
4267,ADME,2.141267451,2.149947853858058
4273,ADME,2.151751516,2.8058331221378805
4282,ADME,3.600659851,3.661508373684269
4289,ADME,5.086048237,3.692017754176649
4302,ADME,3.643282874,3.9012145088188506
4306,ADME,3.601041122,3.8145085174672024
4327,ADME,3.881120826,3.823547407938076
4333,ADME,3.292069758,3.7864109102344496
4338,ADME,6.382237363,4.839843093103478
4348,ADME,3.96922671,4.17210514229853
4353,ADME,2.243465928,2.5094756694059313
4355,ADME,3.909666041,3.5779659484918027
4374,ADME,2.301553828,3.4873094235179596
4375,ADME,3.078024806,3.1715168599145533
4381,ADME,4.948464587,4.556550305441954
4390,ADME,6.913760886,4.053481343887798
4404,ADME,3.234745723,2.7630270037106937
4406,ADME,4.042019547,4.338565863283201
4412,ADME,4.485203086,3.778159360599162
4424,ADME,2.782577929,2.856371350585599
4431,ADME,3.244766818,2.7709493637502605
4432,ADME,3.254561887,2.9671246770677646
4435,ADME,2.969326159,3.0062446823293323
4438,ADME,4.215077704,3.9538265427107375
4455,ADME,3.012387237,2.6901673541517668
4457,ADME,3.068676254,3.7247538580018125
4458,ADME,3.608038669,3.7107416737989167
4460,ADME,3.990888652,3.565778212063611
4472,ADME,3.553778435,3.4612117793355224
4478,ADME,3.915366853,3.715308655673424
4497,ADME,4.301648425,3.883002885247815
4504,ADME,4.311576353,4.038418177874786
4513,ADME,3.471476601,3.8914644991675846
4515,ADME,3.461894952,3.853848717033496
4516,ADME,3.497913993,3.8873986587084093
4519,ADME,3.520850632,4.0093328305839755
4520,ADME,4.131163363,3.8347434130474434
4522,ADME,3.794798146,3.874498647700689
4524,ADME,3.735347922,3.626248713875666
4525,ADME,4.764038572,4.101873306462796
4533,ADME,3.088644385,3.4409884106079613
4547,ADME,2.978444291,3.175495229280855
4551,ADME,3.685791483,3.7763259854872824
4553,ADME,3.544467687,3.7991473173864736
4554,ADME,3.826500554,3.7843086762503626
4556,ADME,3.675310156,3.742034735053496
4557,ADME,3.843825867,3.8383946447698563
4559,ADME,3.437397302,3.542328580275697
4560,ADME,3.562974132,3.6883899903352613
4561,ADME,3.416756408,3.712204962256092
4562,ADME,3.493976597,3.8294308363075853
4565,ADME,3.483283939,3.8849444711860266
4572,ADME,3.046271825,3.1976098710827734
4582,ADME,3.544205401,3.575578999318296
4592,ADME,2.002064746,2.2575542735714293
4594,ADME,3.303520037,3.4223990441693046
4597,ADME,4.154252023,4.096582679169089
4601,ADME,3.510817263,3.7284455942519816
4623,ADME,3.649232255,3.9059613749625237
4629,ADME,3.707185284,3.8472960452435703
4641,ADME,3.434561019,3.517749733423001
4642,ADME,3.369745808,2.8427602030638033
4674,ADME,3.780043284,3.9089591065713343
4676,ADME,3.249275015,3.3016823918943685
4678,ADME,3.847223486,3.9130765889996826
4685,ADME,4.067610133,3.550548845957456
4688,ADME,4.183054621,3.631676888182798
4692,ADME,4.216561735,3.8306895690905405
4693,ADME,3.998111545,3.7037429798025814
4694,ADME,3.952039724,3.844661672245005
4700,ADME,3.604470988,3.2908333176277003
4703,ADME,3.748690277,3.593517955439815
4712,ADME,4.673918605,3.8020382755204083
4721,ADME,4.121988201,3.599335443667111
4736,ADME,3.04637592,3.605195775039107
4737,ADME,3.460865144,3.5828944747789175
4739,ADME,3.377628183,3.839768070560808
4754,ADME,3.614777866,3.6194085368990505
4757,ADME,3.694300757,3.185128953952201
4765,ADME,3.23496698,3.324829270889648
4772,ADME,2.682391495,2.5206733735033593
4784,ADME,4.034923386,3.965027340784215
4785,ADME,3.372304302,3.360709322941729
4800,ADME,4.265157311,3.9564549404026614
4801,ADME,3.535606027,3.0558246053908316
4803,ADME,2.640546276,2.698557540424595
4806,ADME,3.448594684,3.6048194080078084
4816,ADME,4.069469771,3.8968594039252125
4820,ADME,3.869492479,3.7041136587180303
4844,ADME,3.869212156,3.615239206773209
4853,ADME,4.237575907,3.9204388647143213
4855,ADME,4.052374547,4.244622342996078
4873,ADME,2.944344022,3.632907117956064
4877,ADME,3.679205566,3.9851707153628144
4879,ADME,6.787006403,4.880544899966548
4881,ADME,3.541099847,3.4677710530758943
4887,ADME,4.153425264,3.630996985218686
4889,ADME,4.210141876,4.0294302569059885
4894,ADME,3.99490469,3.9698707315421573
4895,ADME,4.110144488,3.9990164961615595
4908,ADME,2.993198565,3.0685435917949313
4909,ADME,4.137259139,4.054070051874779
4910,ADME,4.195251086,4.038772845678836
4912,ADME,3.879556364,4.039559188944693
4913,ADME,4.225796482,4.0797923998909456
4923,ADME,1.471957315,3.151563109238973
4934,ADME,3.703637923,4.066027415025345
4946,ADME,4.051822749,3.9174040352093664
4962,ADME,3.58871978,3.4677523871576104
4976,ADME,3.965355901,3.4871374836000064
4978,ADME,3.5052566,3.3980715816809335
4994,ADME,2.889184545,2.7164732152813373
4996,ADME,3.885933459,3.8771029613188883
4997,ADME,3.985479803,3.8929812537278954
4998,ADME,3.922125091,3.9004942864215306
4999,ADME,4.181961978,3.9843268216584176
5000,ADME,2.827797217,3.4400590520939502
5009,ADME,4.025704772,4.024217518902006
5010,ADME,3.960837813,3.8475479755214397
5011,ADME,3.782315281,3.4799085694874163
5012,ADME,4.006601761,3.9330634296550775
5013,ADME,3.964166719,3.9669172138296136
5014,ADME,4.310087296,3.944762297377498
5015,ADME,4.310496146,4.098865999231567
5017,ADME,2.791881954,3.2685168055760525
5023,ADME,3.718590446,3.7291236662307576
5030,ADME,6.359956366,4.916095581041975
5031,ADME,4.325371969,4.104988560947805
5033,ADME,4.334182232,3.5976823538234144
5041,ADME,3.246151302,3.343959382258226
5046,ADME,4.260603192,3.529594900065585
5051,ADME,3.378621351,3.4476840322665647
5052,ADME,3.944427335,3.6519317497747643
5053,ADME,4.122785005,3.906518671053176
5054,ADME,4.234335684,4.052334149438603
5055,ADME,4.251600137,4.176642437346958
5059,ADME,3.441482168,3.3894802924024012
5060,ADME,3.549078062,2.822655989860889
5064,ADME,4.292809665,3.594858762095194
5065,ADME,4.233058622,3.709126082623646
5071,ADME,3.621597236,3.41263818170326
5072,ADME,3.163626772,3.455522557050366
5073,ADME,3.884926284,3.4469334467542203
5097,ADME,3.674475666,3.575087710149208
5101,ADME,4.74297606,3.970509399127817
5118,ADME,2.971294851,3.3306446007501824
5121,ADME,3.82872747,3.8467374968481858
5130,ADME,3.56202294,3.7196547261587947
5131,ADME,3.735590916,4.572253272309963
5132,ADME,3.877853468,3.7999306925115923
5136,ADME,3.078360136,3.406647777651904
5143,ADME,3.490875467,3.137502512889275
5154,ADME,3.245936885,2.234849301627338
5156,ADME,2.212604302,2.9567018758547725
5162,ADME,4.851780412,3.730250357279886
5164,ADME,3.963474439,4.0631715943341
5165,ADME,3.933416145,4.12266438579748
5166,ADME,3.216905227,3.1832291792441176
5167,ADME,3.75383045,3.399266093966988
5174,ADME,3.382195409,3.1796799820308754
5181,ADME,3.482111968,3.811238404313671
5185,ADME,3.711992713,3.7321813082774993
5188,ADME,3.703420999,4.003490365172068
5191,ADME,3.887863684,3.888296626286321
5195,ADME,3.630476888,3.7148950793113524
5196,ADME,3.516658577,3.9537276447096024
5197,ADME,3.75789993,4.126119994615174
5198,ADME,3.768980765,4.1058906464586284
5201,ADME,3.132684737,3.2599655330762887
5205,ADME,3.830175269,4.284893854157492
5208,ADME,4.537859247,4.005067623047308
5224,ADME,4.050659795,3.2747081121475405
5229,ADME,3.342335627,3.257494141703921
5237,ADME,2.750525269,2.903565443040936
5245,ADME,3.107992687,3.720299635395824
5248,ADME,3.883718202,3.698688611179574
5254,ADME,3.397775814,3.309912700012464
5255,ADME,3.359835482,3.46194312444989
5260,ADME,3.62300179,3.399894396579267
5284,ADME,4.720168246,4.46539820661447
5286,ADME,2.846746928,2.669321445636269
5287,ADME,2.989198488,3.1238575912562485
5291,ADME,3.571134605,3.2807520050900116
5292,ADME,3.160298422,3.323945856793998
5293,ADME,3.438299311,3.5711929160804057
5302,ADME,3.748131243,3.656018478205648
5322,ADME,3.298298101,3.242458214346838
5352,ADME,3.484463559,3.5332958392011142
5355,ADME,3.880931436,3.6124930891028204
5357,ADME,3.760217783,3.890574312447982
5363,ADME,3.636991459,3.740275452311811
5371,ADME,4.059404046,3.5876190632693175
5377,ADME,3.717758149,3.6845206358833114
5381,ADME,2.913663213,3.386022078312686
5391,ADME,2.868260441,3.369540435742488
5392,ADME,2.893307401,3.3565613125279623
5393,ADME,4.497192358,3.9616448946582032
5395,ADME,3.166865736,3.4434048336037884
5398,ADME,4.30560929,3.9637580181406187
5403,ADME,2.957500868,3.059568543094497
5405,ADME,3.343721646,3.5035410939501372
5411,ADME,3.756464182,3.769337835829909
5421,ADME,2.771729834,2.8242224870382424
5422,ADME,3.911417275,3.828796631421717
5426,ADME,2.854618309,3.3063386238931374
5427,ADME,3.360821133,3.6104163261157898
5432,ADME,4.00179056,3.910451747538535
5443,ADME,3.870514066,3.936157027221368
5444,ADME,3.249939234,3.5694025006386516
5445,ADME,3.355712257,3.6297330292906214
5447,ADME,3.584759168,3.464400311927175
5451,ADME,3.56940841,3.960023079916373
5463,ADME,3.334421357,3.285529148421721
5468,ADME,4.791384641,3.0658489021250137
5472,ADME,3.034844137,3.6978143363071423
5473,ADME,2.854552405,2.9412377048766727
5478,ADME,3.949346784,3.839728554471432
5483,ADME,3.18228052,3.2911753487617723
5484,ADME,2.676333224,3.5149293645360964
5485,ADME,3.991809175,3.631508364583119
5507,ADME,4.4081845,3.057211757152156
5509,ADME,3.150097764,3.3289768921202074
5517,ADME,2.331057972,2.7819627742361877
5519,ADME,3.853374195,3.8993466233298815
5522,ADME,3.198568035,3.6215379433925636
5523,ADME,3.441044504,3.577561266505865
5533,ADME,5.57129435,4.326695203463878
5537,ADME,4.07094939,3.927515101812286
5538,ADME,3.80611211,3.713810183216461
5542,ADME,5.020932783,5.249488107608557
5543,ADME,5.431966532,5.225891664877091
5544,ADME,5.011976664,5.216905207062939
5545,ADME,5.194372098,5.234145991837771
5551,ADME,3.199319019,3.222862189547822
5561,ADME,4.020987616,3.744033768852723
5568,ADME,3.715836275,3.4604094232077776
5569,ADME,4.363601237,3.8756033209201872
5570,ADME,2.786656794,2.723227930501814
5574,ADME,3.60838848,3.453170634927038
5585,ADME,3.918338377,4.044225431546819
5586,ADME,3.915150993,4.083058707126175
5589,ADME,3.83304889,4.017662591046043
5591,ADME,4.151614972,4.1247929419259535
5596,ADME,3.766850557,3.368644946896024
5607,ADME,4.113310723,3.8809260959575065
5612,ADME,3.77417051,4.104950121414594
5616,ADME,1.867994804,2.095877266976565
5623,ADME,3.996281038,3.868486241387902
5626,ADME,3.420866316,3.78886017647294
5630,ADME,3.336395686,3.8247446475951334
5642,ADME,3.037797914,2.675355374581714
5646,ADME,3.035256253,2.861087315750719
5647,ADME,3.648378242,3.760084647192694
5649,ADME,3.366133331,3.470359379725263
5659,ADME,3.994777457,3.7981430959135696
5671,ADME,3.65367758,4.788802171712528
5675,ADME,3.261542631,2.9696785392673988
5677,ADME,3.717424123,3.4556917679310954
5704,ADME,3.159079692,3.4573725409654763
5708,ADME,3.079786424,3.349836734446774
5709,ADME,3.606639285,3.8276669560614827
5711,ADME,3.373572144,3.8396180814425596
5712,ADME,3.771512153,3.7918948559681205
5713,ADME,3.771512153,3.858545014045818
5714,ADME,3.94220838,3.863649205532989
5715,ADME,3.633209454,3.7988979139386982
5716,ADME,3.921488787,3.863351117419433
5722,ADME,4.318699,3.8921682128886044
5735,ADME,3.347353871,4.083684348701942
5738,ADME,3.938763572,4.115365304957263
5744,ADME,2.880890373,3.7319891191558696
5746,ADME,4.039712645,4.013195542866454
5747,ADME,3.463002594,3.1561374363215178
5751,ADME,4.556228532,3.8872660914610817
5754,ADME,3.763271243,3.614477019136099
5758,ADME,3.472574581,3.820226781702331
5782,ADME,3.50501786,3.3325546798324024
5787,ADME,3.56041995,4.039467743985939
5806,ADME,3.761211868,3.4833576733654392
5813,ADME,4.33333521,5.330012031749774
5819,ADME,3.12548488,3.1700763880521907
5831,ADME,2.972973821,2.51546910003366
5833,ADME,3.650271758,3.53082286921399
5840,ADME,3.761950038,3.7780719659291235
5841,ADME,3.744616538,3.8595940886199727
5867,ADME,3.901153559,4.209113688455135
5873,ADME,3.501407106,2.3740121480056766
5874,ADME,4.02672425,3.8995155861094437
5876,ADME,3.10382204,2.8010952697901783
5893,ADME,3.933907595,3.6932728671071757
5894,ADME,5.090962493,3.7564258804213027
5905,ADME,3.652037365,3.8102739614182237
5907,ADME,3.764168657,4.368725061882425
5914,ADME,4.647474339,4.867075143782594
5915,ADME,5.072521936,4.971095783668742
5918,ADME,3.951940655,4.641603828448054
5919,ADME,3.951940655,4.608143277086344
5921,ADME,3.872149277,4.319536628488056
5927,ADME,5.045627493,4.348963942067137
5932,ADME,3.910964398,3.3869346661993673
5937,ADME,3.840040477,4.07725067093345
5947,ADME,3.833903757,3.8140459057682174
5959,ADME,3.899752777,3.70819334882499
5970,ADME,2.955586808,3.0199270173704926
5972,ADME,2.959934421,3.145139505237484
5986,ADME,3.49789371,3.774291494154717
5990,ADME,3.035274049,3.251327097918301
6004,ADME,3.0102178,2.977335639992691
6006,ADME,2.58935525,2.9822637559770513
6010,ADME,3.784467784,3.576962980993732
6011,ADME,3.65001248,3.6427847886616083
6014,ADME,3.497518451,3.1613112831609214
6015,ADME,3.798548446,3.2306562823324567
6016,ADME,3.463002594,2.970806909531135
6018,ADME,4.05751396,3.3739402197687034
6019,ADME,3.568828065,3.3717622257847717
6020,ADME,4.121175604,3.925126420092191
6023,ADME,4.423240831,4.054240424502626
6024,ADME,4.980881683,3.8970789396598136
6025,ADME,5.066034589,4.042123626614818
6026,ADME,5.127264326,4.141343860770356
6027,ADME,3.973799566,3.9363995989649023
6028,ADME,3.602715281,3.756896606038905
6032,ADME,3.96682433,3.805484070029126
6035,ADME,3.783234897,3.708924765212201
6039,ADME,3.400113927,3.640644730521782
6040,ADME,3.699564794,3.797389193280274
6055,ADME,3.80084018,3.7567571542986213
6058,ADME,3.105818528,3.3289783765819263
6079,ADME,3.687888707,3.620816507983307
6093,ADME,3.356404914,3.291807921709226
6096,ADME,3.099412049,3.3706875493683914
6098,ADME,2.326388003,3.347320219406878
6102,ADME,3.442695295,3.1723664802441336
6105,ADME,3.283983801,3.3086538833372727
6108,ADME,2.457701909,2.5424139967986723
6116,ADME,2.938478028,3.058901348033565
6120,ADME,3.235194462,3.4456480477217974
6134,ADME,2.975761918,3.318984030172138
6136,ADME,2.90946604,3.287048170913934
6137,ADME,3.046161326,3.3569121118713943
6138,ADME,3.080417574,3.1848971987963983
6139,ADME,3.088506468,3.4757259650134062
6154,ADME,3.954230165,3.7599811742612186
6181,ADME,4.380730136,3.8407597964770037
6191,ADME,4.384312187,3.895355327811041
6204,ADME,3.586395439,3.1482664304679147
6206,ADME,2.146664368,2.6830951381245907
6208,ADME,3.249003935,3.5373799492901545
6216,ADME,4.311161451,4.69081493790478
6235,ADME,4.768892352,3.915977304040693
6238,ADME,4.420868513,3.7889192045514957
6245,ADME,3.429032052,3.4001764144563427
6251,ADME,3.207656332,3.291659301569127
6253,ADME,3.174016865,3.211101409816664
6267,ADME,3.541237165,3.5366746036118735
6273,ADME,3.774165556,3.6396839536653323
6277,ADME,3.384235101,3.355234164468507
6280,ADME,3.968686265,3.9882877086122956
6281,ADME,4.023423421,3.927649199939401
6282,ADME,3.968451259,3.729677309640121
6302,ADME,3.932539225,4.032556467199527
6303,ADME,3.73638353,4.12953024607426
6319,ADME,2.397203675,2.4966807419116783
6333,ADME,3.638527375,3.4367333046260042
6335,ADME,3.206144034,3.291035312846506
6338,ADME,3.545937416,3.6515532497985426
6339,ADME,3.395031589,3.4244731981243843
6342,ADME,3.926105681,3.838672775396123
6343,ADME,4.371007488,4.161331796130046
6345,ADME,3.471195517,3.4516759342688434
6346,ADME,3.602630404,3.518583277406703
6349,ADME,3.777315798,4.086422413725673
6350,ADME,3.396865235,4.092480720573454
6353,ADME,3.127892237,3.4223732523775348
6363,ADME,3.406494762,3.25723626133386
6364,ADME,3.56410995,3.346372910314135
6367,ADME,3.326935674,3.4369878004253898
6371,ADME,3.954359271,3.552657481718799
6374,ADME,3.754910604,3.9382869366252233
6380,ADME,5.538993807,3.6713322654744185
6381,ADME,5.512374838,3.987723810213295
6395,ADME,3.403206342,3.532556382637037
6398,ADME,2.564315711,2.990057040687431
6415,ADME,3.749127883,3.6551245680286084
6423,ADME,3.949348179,3.9128972260833836
6424,ADME,3.616071256,3.738897081811629
6426,ADME,3.753053533,3.713863384661485
6427,ADME,3.66734142,3.8422088798199967
6428,ADME,4.007397012,3.805322143751335
6435,ADME,3.212552681,3.644523544794393
6438,ADME,2.594916575,3.0915487615120756
6456,ADME,3.067846257,3.0272065569183555
6459,ADME,3.446544286,3.377585670946177
6462,ADME,4.150643115,3.6639723292226827
6464,ADME,4.681691223,3.472495521018483
6466,ADME,3.13111765,3.5358687108235776
6468,ADME,3.568594666,3.5423384499128727
6476,ADME,3.210682583,3.2592503906076202
6483,ADME,3.039163228,3.3243741657199153
6486,ADME,3.824072271,4.040189858474914
6493,ADME,3.35661281,3.6407835450711206
6495,ADME,3.990507651,4.0339507296820205
6497,ADME,2.569541364,3.075574231314119
6499,ADME,2.57616852,3.08689720144709
6519,ADME,3.492696547,3.4405893127315657
6524,ADME,3.874105764,3.566789259567459
6543,ADME,3.766164032,3.581391433731863
6555,ADME,2.819593284,3.3936555746028847
6571,ADME,3.166477478,3.7435349953824
6578,ADME,3.428730679,4.288505768084006
6580,ADME,4.576604579,4.225398695858058
6582,ADME,2.229170023,2.054753905224115
6589,ADME,2.939483753,3.4142252213504194
6607,ADME,3.21550009,3.3215790533482568
6630,ADME,3.183024544,3.4291552344189737
6631,ADME,3.452666409,3.4460847030169814
6633,ADME,4.729113679,3.7035142690762046
6634,ADME,4.120523081,3.9722369237073987
6664,ADME,3.55756334,3.9248717219335694
6667,ADME,4.255925868,4.255007268963054
6668,ADME,4.348949078,4.170516440575716
6670,ADME,2.909588713,2.978205617653577
6674,ADME,5.208914648,6.08605720811928
6677,ADME,3.146971585,3.3081022045746216
6679,ADME,3.439888235,3.3644638133247615
6680,ADME,3.471053224,3.6375719235283595
6681,ADME,2.892571754,3.3896262594439843
6688,ADME,3.587702548,3.3885955487802955
6693,ADME,3.879055476,3.953100356166584
6699,ADME,3.63351769,3.604009910278465
6703,ADME,3.18976254,3.4453965465033014
6712,ADME,3.649084045,3.4495321563256325
6714,ADME,3.582365167,3.484879572322332
6720,ADME,3.679589859,3.891624341548164
6723,ADME,3.761053267,3.962854944187575
6730,ADME,3.092478595,3.1582057304202285
6731,ADME,2.91206586,3.2305840551778
6732,ADME,3.189201897,3.4224886062992237
6772,ADME,3.206190004,3.3935880496126716
6773,ADME,3.753459942,3.642680846317505
6774,ADME,3.863348887,3.5843916207755933
6780,ADME,3.429315684,3.127420785766919
6791,ADME,3.693614139,3.693613508308361
6805,ADME,3.097503722,3.1385257912347706
6816,ADME,2.81908584,3.3750870058368285
6824,ADME,3.268595971,3.7481294459163355
6826,ADME,3.679772678,3.6569024934565677
6828,ADME,2.625900717,3.182363871832417
6836,ADME,2.716299377,3.7167691032994012
6838,ADME,2.664650221,3.103964766678702
6839,ADME,3.548339089,3.211572423871347
6840,ADME,2.827468802,3.1792782279241942
6848,ADME,3.613327973,3.4862772322589093
6851,ADME,3.480273929,3.2693612876446134
6862,ADME,3.412087415,3.216717429636119
6872,ADME,3.823867171,3.709615677660288
6884,ADME,4.036149909,3.9348256016968652
6889,ADME,3.836878839,3.7718654559003015
6890,ADME,4.359061384,4.592151318047479
6892,ADME,3.381188819,3.8194140942200994
6894,ADME,2.380775859,2.332718891315007
6896,ADME,2.431928382,2.37788429672806
6899,ADME,3.877542308,3.824080513140888
6910,ADME,3.461252886,3.9120869960404567
6915,ADME,3.980903687,3.7067858737410866
6917,ADME,2.212622015,2.774364593145817
6921,ADME,2.122586439,2.7323456896531466
6924,ADME,3.11414375,3.531685518755489
6926,ADME,2.170907981,2.459751489137753
6942,ADME,2.725701559,3.1325363518755167
6953,ADME,3.142020096,3.3315237356957783
6960,ADME,1.611803303,2.249533357101577
6972,ADME,3.489149573,4.06552316970987
6974,ADME,4.239870408,3.7461703910117805
6975,ADME,4.286351196,3.819642875453453
6976,ADME,4.138017023,3.9044518119669642
6977,ADME,4.471523957,3.9027973245853533
6981,ADME,3.564446621,3.8148412091017643
6987,ADME,2.915552254,2.7829362611899207
6992,ADME,3.527099775,3.2363354415201098
6995,ADME,4.262791114,4.206821076425466
6998,ADME,3.545373842,3.8696926936939473
7003,ADME,3.186466607,3.094088100536095
7005,ADME,3.457197382,3.283951464622628
7007,ADME,3.051099975,2.6308003416163355
7013,ADME,3.521104595,2.838655609884407
7027,ADME,3.096325525,3.166316635470851
7036,ADME,2.613858289,2.8838045641629253
7038,ADME,2.733936167,2.88803569880685
7050,ADME,3.387914795,3.4401513342222523
7052,ADME,2.236476612,3.2286929558191293
7057,ADME,1.900703748,2.364197402291083
7060,ADME,3.73389339,3.934119315724765
7061,ADME,2.747476546,2.739487795955986
7062,ADME,3.347410252,3.511176159457273
7067,ADME,2.494326071,2.6955962248274323
7080,ADME,3.148285975,3.426748031029313
7085,ADME,3.120777205,3.5013657218361933
7096,ADME,3.659447419,3.532314653594508
7097,ADME,3.657170288,3.262667359362054
7100,ADME,3.965047283,3.3946148829639715
7105,ADME,3.904212147,3.803160999451312
7106,ADME,4.170810106,3.733959454354055
7115,ADME,2.110357662,2.6485828503856643
7116,ADME,2.205867896,2.9811696080256755
7117,ADME,3.468865516,3.410463056351573
7121,ADME,3.946779664,3.826049752811728
7130,ADME,3.226801756,3.3356108832043585
7143,ADME,1.384691993,1.8940234716724809
7149,ADME,2.919729046,2.944982499907933
7156,ADME,4.145238372,3.797148972796458
7161,ADME,3.568314894,3.5287264764136808
7170,ADME,3.877395855,4.004583550551437
7172,ADME,3.518921722,3.6348799692931637
7200,ADME,3.880037616,3.777022679157279
7213,ADME,1.966787998,2.8608377521802195
7214,ADME,3.512235999,3.8418349972071737
7216,ADME,3.634351296,3.4065675196682914
7226,ADME,3.552976716,3.755988514386128
7232,ADME,3.181387784,3.442217332468806
7240,ADME,3.323878455,3.5930446895185506
7252,ADME,4.33800656,3.756787327624417
7256,ADME,4.183311464,3.6565452474199187
7262,ADME,3.419465977,3.768994971258202
7266,ADME,3.371057782,3.346532734026325
7270,ADME,3.464337724,3.404771934976901
7273,ADME,2.54525471,2.9848572171735497
7276,ADME,4.493411575,3.4423925028828743
7278,ADME,3.220654537,3.061763224831395
7280,ADME,3.794307198,3.8687478795796215
7301,ADME,4.191960209,3.597406009477051
7305,ADME,3.314290767,3.2074886522554533
7306,ADME,3.408682517,3.3381893638077496
7311,ADME,2.144293316,2.9090068450351447
7312,ADME,2.922048778,3.406427030926392
7315,ADME,2.859245072,2.9727888811921455
7333,ADME,2.979201752,3.2732177053995137
7335,ADME,3.049758831,3.1619646040423044
7337,ADME,3.200128744,3.3473548598507445
7341,ADME,3.239741167,3.35811579763249
7343,ADME,1.605168099,2.3903279105981263
7344,ADME,2.285114476,3.005417415032263
7349,ADME,3.083878014,3.228820088469227
7374,ADME,3.211378655,3.8624135165576376
7387,ADME,2.248638232,2.251677039347032
7388,ADME,2.01354583,2.0455718965814302
7397,ADME,3.274138302,3.328284495973312
7399,ADME,3.82423124,3.9769037915339465
7403,ADME,4.048909318,3.7639670383820034
7404,ADME,4.401665862,3.7134597334686195
7405,ADME,3.796305418,3.950030270980575
7413,ADME,3.703039451,3.8379095252505384
7414,ADME,3.550115789,3.8487508494609424
7418,ADME,4.253434935,3.718054954992997
7419,ADME,4.296401902,3.9206784253175866
7431,ADME,3.749052708,3.6831873809652835
7441,ADME,2.906191833,3.3075935130150027
7446,ADME,3.489211526,3.982284062238408
7448,ADME,4.934364336,3.606965087065067
7455,ADME,3.828656445,3.795151218621443
7456,ADME,2.924075304,2.8772350786864167
7459,ADME,3.191808587,3.2053710195763943
7461,ADME,3.195464218,2.986577872239945
7467,ADME,3.91297843,3.9420705416470208
7471,ADME,5.190350377,5.826952256271333
7473,ADME,3.170907981,2.546499899301763
7474,ADME,1.981784641,3.111950639371872
7505,ADME,3.74756855,3.7549969790316067
7507,ADME,3.990606598,4.001515342451087
7508,ADME,3.872507286,3.8563922228082363
7511,ADME,3.857621068,3.714438352048819
7512,ADME,3.708399652,3.6772150533707
7514,ADME,3.718925574,3.762620836321731
7515,ADME,3.788690968,3.636180630012909
7518,ADME,4.739084718,3.715141815395057
7524,ADME,2.906655226,2.890969457131252
7527,ADME,3.310593791,3.6240580966891986
7536,ADME,4.664093905,3.8288187133216667
7541,ADME,3.82796868,3.426296376807305
7542,ADME,2.859069814,2.8086779491408267
7544,ADME,3.22059037,3.140948228304469
7553,ADME,2.772940322,3.090894389208491
7556,ADME,2.718520372,3.020297699146585
7557,ADME,3.768056398,3.6751192861145756
7562,ADME,4.033233962,3.5670419650002696
7564,ADME,3.871502048,3.7940496966912067
7572,ADME,3.503929547,3.5231373403232786
7573,ADME,3.477273954,3.570454189696479
7574,ADME,3.379015287,3.369454204585303
7576,ADME,3.446234174,3.60922145559989
7577,ADME,3.449288595,3.1028147053185546
7581,ADME,3.467507474,3.650950699836306
7582,ADME,3.470416372,3.4097412958816324
7584,ADME,3.496722133,3.7663877332215616
7585,ADME,3.499442379,3.558247790739632
7590,ADME,4.188786433,3.8624688497877946
7595,ADME,3.046178552,3.322011615601676
7607,ADME,4.070225589,4.398425934485649
7638,ADME,3.071757192,3.3440648525569827
7657,ADME,3.923038509,3.7592028193350155
7658,ADME,4.195995906,4.014533510267568
7660,ADME,3.170874577,3.1297788869991576
7667,ADME,2.946630728,3.4537395573385945
7668,ADME,3.242006927,3.642630648620497
7669,ADME,3.190854405,3.535764819226193
7691,ADME,3.926090361,3.807236631672622
7694,ADME,3.620310839,3.767004694300329
7711,ADME,3.284900227,3.5046295829183456
7712,ADME,3.559730648,3.9410424641797155
7721,ADME,3.673810709,3.890510575562773
7728,ADME,4.506802578,4.1525572817591145
7729,ADME,4.114493111,3.2694295093263275
7731,ADME,3.123462591,3.3453025703986783
7733,ADME,3.604015723,3.576186155664739
7736,ADME,4.761966479,4.065956949509515
7737,ADME,5.072543986,4.445313803176626
7746,ADME,4.093191051,3.902668822429252
7754,ADME,3.547104962,3.192565231027289
7755,ADME,3.221838616,3.533428786057875
7756,ADME,3.121457705,3.5091476497729683
7758,ADME,4.045016386,3.465287865349156
7763,ADME,3.909105456,3.9591060182334212
7773,ADME,6.14238446,4.310838017177717
7781,ADME,2.979201752,2.718876581167528
7836,ADME,4.144077894,3.6369060783073013
7842,ADME,3.500400667,3.4168026452612117
7854,ADME,2.2244722,2.484609815552372
7865,ADME,3.049349411,3.161278241678981
7880,ADME,3.195393537,3.2918854669144175
7887,ADME,5.753211413,4.221065938940058
7888,ADME,5.549091431,4.24193068331608
7937,ADME,3.623804729,3.568230933207835
7944,ADME,4.470654664,3.269454345820832
7945,ADME,2.967569009,2.9177085333607264
7971,ADME,3.614126654,3.920248140286164
7972,ADME,4.011270803,3.8750064597651925
7974,ADME,3.566195402,3.566505147189555
8024,ADME,3.092336155,2.9628605124224707
8034,ADME,7.000686135,5.987540628767327
8041,ADME,5.449209317,4.083902428126129
8047,ADME,3.061119791,3.311911771643645
8056,ADME,4.612549772,4.350562216679168
8057,ADME,4.586923573,4.580472520404876
8060,ADME,3.991005826,4.010209468596813
8076,ADME,3.658452361,3.9091615649688016
8077,ADME,3.525680874,4.007275150693472
8081,ADME,3.768416088,3.762707693312322
8112,ADME,6.156470242,6.00927532571921
8113,ADME,5.498207736,6.122724049343367
8114,ADME,6.094081187,6.2823493004041016
8115,ADME,5.212010831,5.710238768026903
8116,ADME,7.201757369,6.153995688923269
8117,ADME,5.434856903,5.991105774198867
8118,ADME,5.284216666,5.540947102699126
8119,ADME,5.394323357,5.920767378812528
8127,ADME,7.124151226,6.077148266159563
8128,ADME,5.256826578,6.083041723532845
8150,ADME,3.238934869,3.4755333727805415
8181,ADME,3.410217987,3.8342552596065254
8189,ADME,3.28165594,3.558210437747424
8222,ADME,2.092099475,2.8212597544274516
8223,ADME,2.53315283,2.7210587269381574
8257,ADME,3.986666186,3.6347071726366007
8262,ADME,3.301678996,3.5494353374064325
8265,ADME,3.500243338,3.6121444835290792
8282,ADME,2.962727022,3.0123726064955303
8288,ADME,3.442695295,3.1036931626750786
8289,ADME,5.065812007,4.072628936841014
8293,ADME,2.797997986,3.285197254814888
8298,ADME,2.853393977,3.2348245626277325
8302,ADME,3.477609823,2.994085904903808
8311,ADME,3.640946709,3.684822030406688
8341,ADME,3.922605607,3.685844878586202
8343,ADME,3.247660724,3.312148922843655
8344,ADME,3.626255251,3.669215007577587
8346,ADME,3.938431561,3.8366952035855584
8347,ADME,3.998297203,3.9715693448006117
8353,ADME,2.907724785,3.1055999600024013
8355,ADME,3.798726198,3.894073289159601
8366,ADME,3.559876714,3.1965245889878697
8378,ADME,4.592455641,4.453336334094221
8397,ADME,4.004109811,4.012209770732307
8401,ADME,3.209138045,3.5793539421471796
8402,ADME,3.776406047,3.2241416023682667
8410,ADME,3.406603759,3.5730486469924454
8413,ADME,2.976033429,3.623192305728842
8414,ADME,3.295276655,3.6450754303189616
8415,ADME,3.717723605,3.8689253664728005
8418,ADME,3.023019556,3.6881845959943136
8421,ADME,3.428606684,3.6973961058509146
8427,ADME,5.523228108,3.6939219459234023
8429,ADME,4.126650821,4.005901948449161
8431,ADME,3.880782012,4.050925583500438
8432,ADME,4.033959055,4.100155657441391
8433,ADME,3.948718527,4.2716561627749865
8434,ADME,4.249748523,4.207578964968679
8435,ADME,4.230965935,4.196536522413249
8436,ADME,3.969498347,4.112625088746674
8457,ADME,3.731843232,3.5401191248624055
8458,ADME,3.968873655,3.7582551315368007
8459,ADME,4.122794006,3.8790997643102756
8460,ADME,3.895087441,3.627063201659102
8461,ADME,4.219704019,3.8450486278815474
8463,ADME,3.747024905,3.6520276322897853
8465,ADME,4.064731071,3.9562474776483896
8471,ADME,3.921621085,3.8374629339197734
8491,ADME,3.433206885,3.7742944163747345
8532,ADME,3.959935631,3.9697711002798552
8543,ADME,3.667540114,3.680028411379898
8583,ADME,4.216888924,3.8432094787868905
8595,ADME,3.473216503,3.6244410489505268
8602,ADME,3.763262441,3.448038466622044
8605,ADME,3.538928192,3.447246542844508
8606,ADME,3.613141874,3.4905130746263504
8628,ADME,3.465096736,3.540006562857239
8641,ADME,3.053689868,4.09963161922853
8643,ADME,3.872663971,4.017738804766937
8648,ADME,3.061270228,3.335064081759494
8652,ADME,4.313812116,4.341047397802067
8653,ADME,3.773620602,3.671298618343635
8660,ADME,2.774646568,3.109790830542268
8664,ADME,3.495019285,3.376443066190826
8674,ADME,3.669555949,3.350153317068759
8695,ADME,3.491120664,3.9401707343846546
8698,ADME,4.015603811,4.37425265647887
8733,ADME,2.799838324,2.9645866600001387
8746,ADME,3.844208377,3.814517944672743
8759,ADME,4.048328359,3.8830428140519757
8764,ADME,3.635207198,3.6653907277152387
8765,ADME,3.627880102,3.463665510181341
8774,ADME,3.602478574,3.3789731893660115
8779,ADME,3.201680545,3.7759298045541083
8781,ADME,4.067046473,4.085561616333162
8783,ADME,3.716639472,3.5024462119161615
8785,ADME,6.725142848,3.7549522125700845
8829,ADME,3.512423708,3.868984864318458
8834,ADME,3.541409843,3.8512027956196655
8841,ADME,3.381094602,3.663090245925391
8860,ADME,4.217527559,4.127591982190707
8868,ADME,3.490542169,3.7315297653172332
8873,ADME,4.50912072,4.013353568419225
8888,ADME,3.19351195,2.695597790558222
8895,ADME,3.584759168,3.6081343921843922
8902,ADME,3.59459773,3.613361091545609
8903,ADME,2.689959665,3.30527682950375
8911,ADME,3.128875056,3.9503586918043676
8925,ADME,3.236587641,3.8804179819679967
8936,ADME,4.053383322,3.785206907714882
8937,ADME,4.292829209,3.986376598867629
8943,ADME,1.979569938,2.15139921975031
8950,ADME,3.542155846,3.426708779668869
8953,ADME,3.605029558,3.451392126930074
8954,ADME,3.741001324,3.4066286765621636
8981,ADME,4.970916572,4.236588393068204
8988,ADME,3.660610635,3.794659415524846
8995,ADME,3.697733111,3.6789593959016313
8998,ADME,4.142049845,3.8358367281584815
9003,ADME,3.625318332,3.6939570806124866
9005,ADME,3.825055933,3.849087623013825
9012,ADME,3.143495695,2.8995657512642055
9018,ADME,4.291444335,4.079577501921299
9019,ADME,4.321407558,4.0791171059963185
9020,ADME,4.168623504,3.9204030522210287
9021,ADME,4.30013567,3.9419545155848517
9022,ADME,4.488876472,3.9203714857094143
9029,ADME,3.736653986,4.09623064161728
9043,ADME,4.153220963,4.061648683854036
9058,ADME,3.720391801,3.885005700251002
9061,ADME,3.599569631,3.9708951314197276
9082,ADME,4.422976212,3.967679484207573
9083,ADME,3.825546661,3.3078781728068103
9085,ADME,5.169500054,4.271046301709435
9087,ADME,4.451160486,3.927989579705474
9089,ADME,2.915992075,3.3783681862923602
9104,ADME,3.991699996,3.512964227241599
9108,ADME,3.615216846,3.7980971970008057
9109,ADME,3.58986586,3.7813441003911703
9130,ADME,2.507051562,3.2878388923964095
9131,ADME,3.859905369,3.5720701272696487
9137,ADME,3.958544282,4.115630905850616
9139,ADME,3.23664501,3.7167846791576156
9142,ADME,3.112115101,3.2030111091769764
9154,ADME,3.595418321,4.176435351440983
9155,ADME,4.325432275,4.461633162714099
9168,ADME,3.498430026,2.9073699909188395
9174,ADME,3.694496308,3.71881769757056
9182,ADME,3.263561862,3.5452264253885484
9183,ADME,3.952439214,3.5840635218594574
9192,ADME,3.545160757,3.659345024294645
9198,ADME,2.912205046,3.27565957713077
9259,ADME,3.323003928,3.219636707840049
9276,ADME,4.045746105,4.179653007890972
9277,ADME,4.44838944,3.864556981338867
9278,ADME,3.489106483,3.844400587531023
9279,ADME,4.168877087,3.89580944649151
9280,ADME,3.548021467,3.6904266773812036
9284,ADME,2.944057492,3.2655033819851167
9291,ADME,2.589748596,3.6045793608490353
9294,ADME,3.3498148,3.34586301718992
9318,ADME,3.277844441,3.257879714022306
9328,ADME,3.579538625,3.8825019930625406
9340,ADME,3.845470133,3.703426313381156
9341,ADME,4.209907682,4.02694189745248
9342,ADME,3.93958026,4.0517157068100484
9365,ADME,5.095480397,4.4856192734451135
9370,ADME,3.429056029,4.427894907358072
9401,ADME,3.971218246,4.6302602349998905
9425,ADME,3.034300699,3.686463161588851
9429,ADME,3.741019019,3.752517512620566
9430,ADME,3.580428844,3.943313059073663
9434,ADME,2.595702703,2.7859771328641334
9440,ADME,4.106430067,3.419349152748641
9454,ADME,4.26833165,4.119792491425455
9463,ADME,3.810787996,3.8452863603633753
9469,ADME,6.175493258,4.797108889068603
9471,ADME,6.518426195,4.629351547850999
9476,ADME,3.726452295,4.650302366430059
9477,ADME,3.63807602,3.8065091975695795
9479,ADME,3.546168182,3.744480191519146
9480,ADME,3.434227886,3.8216808433009084
9481,ADME,3.638759465,3.956455751473005
9482,ADME,3.606175735,3.9161170641317544
9483,ADME,3.697997712,3.905840845665542
9484,ADME,3.525406857,3.7222448040721643
9485,ADME,3.699359454,3.801406334655414
9486,ADME,3.914632504,3.855045160053054
9487,ADME,3.70925905,3.9158499898908294
9488,ADME,3.749773376,3.7470747676546674
9489,ADME,3.790288623,3.7816088560275762
9490,ADME,3.640865637,3.821355096411244
9494,ADME,4.539834984,4.03937118495867
9501,ADME,3.214876347,3.321266297287448
9503,ADME,3.146593102,4.939727387432728
9506,ADME,4.289300423,3.8770653160972453
9507,ADME,5.219889635,4.95495751893083
9508,ADME,4.856749427,5.1619180446254065
9511,ADME,4.398607641,4.775044361844728
9515,ADME,3.28109803,3.5757008914961865
9516,ADME,4.093196891,3.953978324486907
9520,ADME,4.111848349,4.343930850492338
9521,ADME,4.084654143,4.122088780531682
9523,ADME,4.180636693,3.9357046020660547
9527,ADME,4.162675334,3.9836418872900565
9528,ADME,4.1964117,4.158537310095412
9530,ADME,3.937900114,3.995761442043822
9531,ADME,4.187777587,3.930082434608607
9532,ADME,4.226275927,4.009764563067627
9533,ADME,3.906762525,3.929817429334417
9534,ADME,4.017909396,4.079873560796327
9535,ADME,4.029121839,4.096171377097258
9536,ADME,4.089422747,4.08788250629627
9537,ADME,4.019683419,4.05210880596004
9539,ADME,4.122053453,4.051016716106404
9546,ADME,4.070282837,3.950820353034917
9551,ADME,3.836909529,4.273773592819114
9555,ADME,4.620422366,3.6575874189645408
9566,ADME,4.118878638,4.122639027355125
9567,ADME,4.572691577,4.231287724359067
9608,ADME,3.747327045,3.9013956260460625
9612,ADME,4.858777737,4.28075524513792
9624,ADME,3.818489822,4.211773745541388
9627,ADME,4.390536902,4.572400312662798
9641,ADME,4.109797832,4.356910421512982
9642,ADME,4.051805885,4.293758361445214
9649,ADME,4.086170358,3.7217110367358086
9655,ADME,3.349798223,4.829518049773204
9657,ADME,3.285622561,3.416691488736961
9659,ADME,3.823657166,3.5215379806156175
9660,ADME,2.47751556,3.2664960403379806
9662,ADME,2.99828114,2.945077655936087
9666,ADME,4.297319794,4.180417424437977
9670,ADME,3.418886035,3.865015557455644
9673,ADME,3.719488732,3.580755849559828
9682,ADME,3.0027962,3.969053128394683
9683,ADME,2.995801713,3.4521680335478853
9708,ADME,4.379316095,4.273391434194492
9720,ADME,3.891196451,4.169272105716952
9721,ADME,4.2661796,4.267074973207735
9723,ADME,3.727106921,4.825630469757
9724,ADME,3.741605252,3.705168409624843
9727,ADME,4.317421561,4.470383278807656
9728,ADME,4.422156911,4.567708123330952
9729,ADME,4.499655013,4.309252447532829
9731,ADME,4.525129531,4.45537896440247
9733,ADME,4.32960972,4.559442123462961
9736,ADME,4.956392566,4.539356373991293
9756,ADME,4.128326675,4.063420716817974
9757,ADME,4.034923386,4.062894709948039
9758,ADME,4.218666325,4.0661242927005
9760,ADME,4.160742317,4.260254362138345
9762,ADME,4.166539408,4.229983671866339
9763,ADME,3.984158119,4.314201675419385
9764,ADME,4.328304836,4.07440639445313
9765,ADME,2.350438875,3.7106434035619134
9768,ADME,4.751099394,4.268023150940799
9777,ADME,3.953519424,4.89741103468626
9782,ADME,4.39387181,4.196964706454309
9790,ADME,3.679632802,4.478107323111819
9791,ADME,4.574418273,3.6777296238390735
9792,ADME,4.503562907,3.741246397254001
9794,ADME,4.655006184,3.958946719726032
9798,ADME,3.567338217,3.3905189491186323
9829,ADME,3.383285289,3.8616080977165037
9864,ADME,2.227770245,2.771560983185652
9870,ADME,3.721619385,3.393466904509637
9874,ADME,4.544579853,3.923017086312823
9901,ADME,3.368463408,3.622674720275908
9910,ADME,5.814400694,3.775254768292533
9931,ADME,4.646667862,4.451057316814944
9936,ADME,4.53190789,4.536481755905879
9942,ADME,3.376267972,3.6600547750526693
9948,ADME,5.384675364,5.420533355487693
9951,ADME,4.005505866,4.141790703729535
9966,ADME,4.017612807,4.1380033314641755
9968,ADME,5.80524856,5.328707898261525
9982,ADME,4.045797562,4.572276711061847
9983,ADME,3.391564907,3.831580386046182
9988,ADME,4.756474454,4.470948832981036
9990,ADME,2.721144495,2.705395718207538
9991,ADME,2.320939733,2.8326324144251362
9992,ADME,3.144933325,2.652765772830084
9993,ADME,2.024509502,2.9168307964094904
10032,ADME,2.428929981,3.412896843748682
10035,ADME,3.72012353,4.425786190332064
10036,ADME,2.857831648,4.19909868263558
10039,ADME,4.763026332,4.448690820623956
10041,ADME,3.473509909,4.3456821374850785
10043,ADME,3.097689114,3.4731698674828966
10044,ADME,4.778636137,4.402251014614886
10046,ADME,4.816826043,4.504799108584843
10070,ADME,3.555448685,3.626335669284817
10071,ADME,3.606743172,3.590904895129014
10080,ADME,3.434218065,3.2299363326632418
10088,ADME,3.81280347,4.019706110898306
10092,ADME,3.748786884,4.0635908546694655
10098,ADME,3.770360534,3.9789738039588176
10104,ADME,4.435961096,4.129298733059602
10105,ADME,4.585723416,4.5891023119660215
10106,ADME,4.584968626,4.119484314700453
10118,ADME,3.164892909,4.014183155361495
10122,ADME,3.992601712,3.8211437436252993
10133,ADME,4.918796253,3.867164150240199
10137,ADME,4.540534371,4.233924988579512
10143,ADME,3.792585038,4.611943690750633
10148,ADME,4.527145254,4.35166917580224
10166,ADME,3.103136006,4.012608752546777
10174,ADME,3.871920319,3.731156830620201
10176,ADME,3.882904832,3.86487616600483
10177,ADME,3.795195507,3.7957201225922157
10178,ADME,4.148784258,3.859080568274085
10180,ADME,3.581501657,3.7283671015976463
10191,ADME,3.524423662,3.951762933292388
10202,ADME,3.451089822,3.1119601224254096
10204,ADME,3.091133286,3.414348063814919
10207,ADME,3.00327103,3.6328627442382193
10218,ADME,3.606942541,4.146483020830402
10227,ADME,4.649901214,3.996892664167019
10228,ADME,5.614575593,4.317020079919083
10233,ADME,6.214312837,4.438983359304536
10236,ADME,3.53121881,3.5308437594928272
10238,ADME,2.547619353,2.594301031430493
10242,ADME,4.716618437,3.4779160611567215
10249,ADME,2.574603745,3.502605701563065
10264,ADME,3.008827638,3.697163720928409
10265,ADME,4.208771996,3.711658215422732
10273,ADME,3.61790537,3.5975245552589747
10274,ADME,3.606769004,3.9174407698226505
10275,ADME,3.954872125,4.131987166412752
10276,ADME,3.90229782,3.949777581629359
10277,ADME,3.689689728,3.949668919168276
10279,ADME,3.57581727,3.6508065768317346
10280,ADME,3.535718287,3.565695195060465
10284,ADME,3.317471345,3.55128227287869
10291,ADME,3.65650014,3.7086210786888225
10293,ADME,3.626832904,3.8093882770914127
10323,ADME,4.631081222,3.310883368705959
10372,ADME,3.089708909,3.542453839582993
10383,ADME,2.902919878,3.3663734170716206
10384,ADME,3.266334938,3.500158663275061
10394,ADME,3.752315757,3.846056575347216
10395,ADME,3.565512444,3.870314447403819
10396,ADME,5.030090511,3.802432447889692
10397,ADME,4.223175015,3.85028652069545
10398,ADME,4.886092094,3.801008335105476
10400,ADME,4.400438228,3.968871885808416
10408,ADME,3.886385805,4.55376143900772
10417,ADME,4.13624586,3.4971006126682305
10419,ADME,3.420511884,3.506108640624658
10420,ADME,3.594794927,3.685555671847455
10429,ADME,3.107214431,3.699158049251268
10440,ADME,5.678434291,3.8470737298511426
10441,ADME,3.823624088,3.8733352686267266
10442,ADME,3.447726895,3.786633510394744
10452,ADME,4.003478997,3.5077871027630074
10471,ADME,3.695194825,3.467783635831699
10493,ADME,3.822890256,3.459760307669378
10514,ADME,3.638959123,3.3992947797467563
10515,ADME,3.044598551,3.2165411695433157
10517,ADME,3.33542794,3.6057636102401225
10518,ADME,3.606145188,3.443493042769367
10519,ADME,3.505410477,3.5271735672328477
10520,ADME,1.939118925,3.119818533892963
10523,ADME,3.901761809,3.9368188945180767
10526,ADME,4.556536777,3.8152308656966074
10532,ADME,3.600646236,3.3490757637919537
10541,ADME,2.980890582,3.427121509942253
10560,ADME,3.576824499,3.5697227389221324
10566,ADME,3.820640038,3.868686661397445
10569,ADME,4.022706264,3.7470589587802836
10605,ADME,3.306302288,3.853401293331814
10608,ADME,3.118841344,3.47573248974527
10609,ADME,5.997987076,3.2930031204823313
10616,ADME,3.04082477,4.564087625283361
10618,ADME,3.330470142,3.761022755077198
10619,ADME,3.064056068,3.3031059523262782
10620,ADME,3.636548788,3.646075745679733
10631,ADME,3.82465106,3.5764105445545686
10633,ADME,3.612176252,3.555041167458824
10634,ADME,4.087722278,3.277602788243831
10635,ADME,3.283834721,3.282999060443761
10645,ADME,3.802439232,4.073881640541774
10650,ADME,4.048454752,4.038674664852151
10655,ADME,3.604596296,3.9891154398788196
10661,ADME,3.103223895,3.5403457185303235
10662,ADME,2.989907066,3.655686236882721
10664,ADME,2.962832332,3.7678616424313978
10665,ADME,4.298095128,3.2278181728259008
10671,ADME,3.71436569,3.1687275343943693
10672,ADME,3.619637349,3.254843323311324
10690,ADME,3.52816696,3.91887971212763
10706,ADME,3.549209144,4.5310213523907725
10709,ADME,4.235228152,4.269974554780378
10710,ADME,4.215077704,3.6739445011116167
10711,ADME,3.905151089,3.871024567693217
10723,ADME,3.414896319,3.375499319560703
10724,ADME,3.776291181,3.968768746981262
10727,ADME,2.988348348,3.4195243478212336
10729,ADME,3.028677419,3.522372113287573
10742,ADME,2.499078337,3.27705531566664
10745,ADME,3.543342877,3.14663935510653
10748,ADME,3.781336004,3.476929292404508
10749,ADME,3.702622837,3.611402024343653
10750,ADME,3.72367845,3.4716975771515086
10752,ADME,3.594771268,3.500500680850024
10754,ADME,2.811300553,3.4122581309096773
10760,ADME,3.65375084,3.8339885182517377
10764,ADME,2.740794302,3.33174446589089
10770,ADME,4.28530471,3.7471222172502694
10773,ADME,3.694846407,3.573630385444461
10774,ADME,3.464358375,3.819261636033002
10786,ADME,4.212990276,3.107671606088868
10788,ADME,3.96094365,3.578372234686057
10790,ADME,3.585473138,3.612171953203705
10793,ADME,3.53121881,3.5904762495118865
10794,ADME,2.783208813,3.508479451589904
10795,ADME,3.670625165,3.4929348364664454
10799,ADME,3.878929115,3.4436107748722615
10810,ADME,2.794457063,3.3858120618512313
10823,ADME,3.209222736,3.2070712202784706
10828,ADME,3.560058285,3.395436579479954
10833,ADME,3.737863962,3.18800570021031
10834,ADME,3.058298662,3.658025724291927
10838,ADME,2.829780029,2.8503250559492237
10854,ADME,4.574522547,3.6270488201429485
10859,ADME,3.631563343,3.39077454975238
10868,ADME,3.582858462,3.729487637598801
10870,ADME,2.965473475,3.0176638251700476
10873,ADME,3.872994489,3.690518497813124
10891,ADME,3.520310567,3.6807935812378525
10897,ADME,3.685120163,4.1809793152003065
10900,ADME,3.14619492,4.3478789187441915
10907,ADME,6.083230205,4.2058203751593695
10911,ADME,4.309777982,4.111277922169484
10917,ADME,6.333005702,5.195043677598138
10931,ADME,3.336847166,3.465671522178326
10937,ADME,3.032019077,3.71420405413427
10938,ADME,3.016548925,3.1520937607808737
10948,ADME,3.458183595,3.7687153584619884
10956,ADME,2.762648091,2.8921846470826216
10978,ADME,3.762486835,3.1638393267731058
10981,ADME,2.900186135,3.464035700865348
10984,ADME,3.709266932,3.7513527614300948
10985,ADME,3.425371166,3.6811593459260936
10989,ADME,4.07977055,3.7192133679894197
11001,ADME,3.019416337,3.4986963480579885
11011,ADME,3.028422125,3.7210424214869136
11021,ADME,3.888378898,3.851906104767882
11024,ADME,3.848771745,4.108524978840705
11030,ADME,3.443655631,3.536113831169455
11039,ADME,3.026433384,3.1584238914818603
11042,ADME,3.189321841,3.1074608069168184
11045,ADME,3.553453893,3.6885781086747262
11070,ADME,3.68690108,3.36089560400517
11088,ADME,3.20920959,3.0913723455431663
11100,ADME,3.566305475,3.809100772142963
11115,ADME,3.553367147,2.9210684938981606
11119,ADME,2.875582104,3.2530394208066142
11120,ADME,3.578626932,3.4976780563196415
11121,ADME,2.945667037,3.625757377046871
11123,ADME,3.524273226,3.5937120580220143
11129,ADME,3.826625424,3.5382946704616427
11131,ADME,3.219695925,3.965115268167388
11132,ADME,3.458634635,3.835910559575619
11133,ADME,3.333837238,3.921875674480264
11135,ADME,4.354312785,3.455222839508966
11145,ADME,3.061793332,3.227411218334657
11146,ADME,2.994302027,3.668380958613388
11148,ADME,3.461959203,3.2464726833448627
11153,ADME,3.258811487,3.597759944496489
11172,ADME,4.259322659,3.914132680746026
11210,ADME,4.127311813,3.806233978425256
11212,ADME,4.590405861,3.8403285531541576
11217,ADME,3.8159215,3.9265189609579787
11218,ADME,3.77350957,3.7383309679341425
11221,ADME,3.144443822,3.23946802384548
11222,ADME,4.142471948,3.7762775827270696
11238,ADME,3.555493909,3.2415781353157413
11240,ADME,3.386271999,3.5173985816594104
11244,ADME,3.265108829,3.5750167707962963
11260,ADME,3.239464933,3.5201648108095362
11263,ADME,3.156195992,4.769318174289735
11306,ADME,3.628857221,3.7179711256455628
11309,ADME,4.065432394,3.3366065676292314
11311,ADME,3.059555004,3.188057058662557
11313,ADME,4.099294967,3.23512208328885
11315,ADME,3.067436646,3.1820860173989365
11346,ADME,2.94098315,4.6146634229880945
11347,ADME,3.168486025,3.335071002208002
11354,ADME,3.131742982,3.032590442543454
11365,ADME,3.839962621,3.4252495633287867
11367,ADME,3.203233105,3.5165998472358466
11384,ADME,4.355892976,3.8462627937924827
11396,ADME,3.536694769,3.600756917470228
11399,ADME,3.897397318,3.4828842701314335
11407,ADME,3.320655089,4.139273106533359
11431,ADME,3.343025449,3.6828823969714226
11436,ADME,3.687493289,3.5408341707905278
11437,ADME,3.871765732,3.477107371836956
11438,ADME,3.841171694,3.862893952063879
11457,ADME,3.407921762,3.440190595753608
11467,ADME,3.161983233,4.080743664342253
11469,ADME,3.294289827,3.523890100393256
11477,ADME,3.231926696,3.5102403063997585
11485,ADME,2.918487585,2.9949536362189306
11491,ADME,3.520048365,3.500348960285024
11493,ADME,2.834840334,2.9523530986784996
11499,ADME,2.967310992,3.4573692749819367
11507,ADME,4.116032537,3.90358667327499
11525,ADME,3.401831175,3.6978726026543147
11553,ADME,4.436437339,3.9314978299014047
11554,ADME,4.282727284,3.7121758410686208
11556,ADME,4.200555403,3.8696939438914657
11557,ADME,4.241677967,4.0614400446975445
11603,ADME,3.087607918,3.354740222309008
11608,ADME,3.693255726,3.5496517842222235
11609,ADME,3.447705208,3.3765742640036835
11626,ADME,3.235743016,3.1300799928002108
11669,ADME,4.062729472,3.8134093262194733
11671,ADME,4.299192748,3.9873977847345303
11680,ADME,4.218768994,3.76645025151349
11681,ADME,4.631549032,4.123268531630811
11682,ADME,4.321431335,3.8419896635710185
11683,ADME,4.212419724,4.219344359748864
11697,ADME,5.073726495,4.090862224978009
11700,ADME,3.540181943,3.3526571942738186
11708,ADME,2.713440824,3.3176796239444637
11711,ADME,3.845678779,3.807856503699495
11721,ADME,3.46500627,3.482315168821009
11722,ADME,3.524204936,3.4737325293985233
11723,ADME,3.552036692,3.4996587807050825
11725,ADME,3.375634007,3.3802576665934962
11773,ADME,3.447728444,3.621704475272652
11778,ADME,4.571661869,4.689598217984408
11807,ADME,3.536287018,3.942174876306157
11814,ADME,2.549419718,2.684261037820995
11815,ADME,2.320661316,2.483892670557124
11816,ADME,2.346242117,2.529836396066716
11819,ADME,3.582357823,3.8207286951803625
11820,ADME,4.515012922,4.081965605821762
11830,ADME,3.506750184,3.568852263267374
11878,ADME,4.156163422,4.200850688380704
11903,ADME,3.8084502,3.700932038431918
11913,ADME,4.011872858,3.888904515779676
11938,ADME,4.279010814,4.58433968425833
11947,ADME,3.882841036,4.051020935610185
11949,ADME,3.557715534,3.8717021460336882
11950,ADME,3.335024393,3.8276571134677786
11955,ADME,3.627511757,3.7659253762103155
11966,ADME,5.674122784,5.134858225287533
11987,ADME,3.261826194,3.3570783243206135
11990,ADME,3.022128315,3.7594958228352504
11994,ADME,2.493860192,3.1926879826801065
11995,ADME,3.798189524,3.7547994684654045
12002,ADME,4.451617596,4.013985269941068
12014,ADME,3.765242671,3.365753238303659
12023,ADME,3.552957452,3.890271249452346
12024,ADME,4.259782364,4.432506979661402
12062,ADME,3.410267409,3.9692278772814418
12084,ADME,3.13681113,3.116061673040721
12085,ADME,3.21368374,3.3608969518226015
12086,ADME,3.322843403,3.4336774069095517
12089,ADME,3.25777646,3.579989650139444
12090,ADME,3.279404555,3.401241951948718
12091,ADME,3.442469018,3.500054805106864
12093,ADME,3.295292583,3.5972062342426914
12094,ADME,3.141315365,3.368036160257841
12098,ADME,3.470447244,3.7389742297432726
12103,ADME,3.321324969,3.491357786597991
12107,ADME,3.329033611,3.4388846795526637
12113,ADME,2.662356396,3.1756311597527915
12116,ADME,3.920931124,3.8675132578938225
12130,ADME,4.089481203,3.351419434908615
12152,ADME,3.02078215,3.8204952560167698
12177,ADME,3.187878725,3.294417730164958
12190,ADME,3.064817257,2.9773264061719473
12214,ADME,4.933450349,4.011311961822235
12215,ADME,3.971713721,3.469364385507866
12218,ADME,2.951464031,3.1777216477485175
12222,ADME,2.365406859,3.188639005516321
12231,ADME,2.902710037,3.5857551658863596
12264,ADME,2.568651924,2.7917921806140087
12281,ADME,4.301548668,3.954243585908263
12290,ADME,3.670698008,3.642297768014986
12297,ADME,4.567951708,3.684350437169942
12300,ADME,1.898139879,2.3765679894260288
12340,ADME,3.657359807,3.790304543048585
12370,ADME,3.976812918,3.9105124453067437
12371,ADME,3.930774435,3.964502835307985
12376,ADME,4.017669004,3.999747432340746
12379,ADME,3.570584633,3.792174395935289
12384,ADME,3.642586383,3.860558142484408
12387,ADME,3.930774435,3.9039564813498817
12395,ADME,3.410959346,3.371976972391174
12421,ADME,2.785716493,2.4374059665621344
12422,ADME,3.915183529,4.044995229721897
12423,ADME,3.564355467,3.9795771698727234
12430,ADME,3.677962029,3.856355492142877
12451,ADME,3.89436474,3.8549299162335866
12457,ADME,4.378402444,4.1960027368056085
12479,ADME,4.665140611,4.2337989324007195
12482,ADME,3.759134163,4.195332645721188
12496,ADME,3.862636296,3.5246573980142997
12497,ADME,4.752361291,3.5265805870753724
12507,ADME,3.097329965,3.024356298525143
12509,ADME,3.2955671,3.765372339807059
12511,ADME,4.457168584,4.298598462611457
12514,ADME,3.058861619,3.1544025380504217
12532,ADME,4.156553694,4.169716632423334
12544,ADME,3.4338543,3.852860167681852
12547,ADME,3.694067482,3.598719050360024
12557,ADME,5.971651256,4.583973708427019
12560,ADME,4.228636436,4.12239829181788
12561,ADME,3.686961677,3.1854588625845834
12567,ADME,3.594771268,3.2157856323724943
12568,ADME,3.593842981,3.7288703168502
12572,ADME,4.069637269,3.6280310421309863
12573,ADME,3.263046353,3.404244805653389
12576,ADME,3.328854417,3.334179642623842
12579,ADME,3.592818918,3.4121774856132783
12582,ADME,3.193817247,3.632403807935321
12588,ADME,4.733210644,3.40182315648857
12591,ADME,3.33842816,3.3116115066330676
12592,ADME,3.238676434,3.2493493277913483
12593,ADME,3.255703406,3.1845990661812023
12596,ADME,4.19238496,4.453111737958598
12607,ADME,3.690520941,3.668020876670034
12610,ADME,3.6186097,4.05071549481168
12611,ADME,5.126264927,4.037137638935348
12614,ADME,4.019857428,3.899130506465868
12629,ADME,4.960345924,3.9513422738599293
12633,ADME,4.939535517,4.244873808968605
12635,ADME,4.290026406,4.20047548713739
12636,ADME,4.530998817,4.364685384403699
12637,ADME,4.807430095,4.273957016236983
12641,ADME,3.874776905,3.8164114505503997
12651,ADME,4.967714325,4.266344158194242
12653,ADME,5.399358662,3.7091371556939863
12659,ADME,4.420282349,4.379485439503664
12664,ADME,3.447645822,3.584756994186984
12667,ADME,4.697260402,4.501690646421671
12673,ADME,4.275687024,3.872967108748705
12674,ADME,3.923504506,3.8248140175823697
12675,ADME,4.022471199,3.788510953532865
12676,ADME,4.084764708,3.837925578134273
12686,ADME,4.107042176,3.9740097344501093
12694,ADME,4.122187198,3.471664706573691
12699,ADME,3.691112154,3.78300642627358
12705,ADME,3.661053189,3.78852274451293
12709,ADME,4.016293574,3.865209860910995
12711,ADME,4.513007951,3.727297543264524
12723,ADME,3.546571579,3.4347541988554067
12735,ADME,3.296550989,2.939823598286597
12738,ADME,4.143660034,3.85880517612536
12741,ADME,3.650800804,3.865855420450273
12743,ADME,3.713585456,4.2337451682893
12749,ADME,3.847757688,3.6110239380193963
12750,ADME,2.116718406,2.9849490590693777
12755,ADME,4.997488198,4.50853838146404
12760,ADME,4.34016923,4.104118791401403
12762,ADME,5.404596576,4.602533911185423
12783,ADME,3.487253418,3.625700632277257
12804,ADME,3.815945197,3.613161859739655
12808,ADME,3.438373028,3.487268739544652
12813,ADME,4.711863445,3.7327104045005566
12828,ADME,3.749217148,3.5323276397440466
12830,ADME,3.307213937,3.432146590344768
12836,ADME,3.320837697,3.8483006986730213
12837,ADME,4.247420846,3.989349771974227
12841,ADME,2.810106447,3.456483199455961
12844,ADME,2.813409171,2.9780332118196293
12853,ADME,3.621094541,3.785102246710033
12855,ADME,4.382719275,4.010521338851996
12858,ADME,4.114496606,4.06170424533757
12860,ADME,3.754621977,3.8077914192333546
12861,ADME,4.223562276,3.718065263008573
12870,ADME,3.995305611,3.9807807817846372
12875,ADME,3.919069953,3.908430677341852
12886,ADME,3.566288044,3.6156576472179505
12888,ADME,3.574785458,3.7007725920920294
12895,ADME,3.590915442,3.5928090607120597
12896,ADME,3.6026548,3.6357730103745567
12922,ADME,3.682191831,3.6220620525926135
12926,ADME,3.754872319,4.077735531835846
12927,ADME,3.879321717,3.8539183330119386
12928,ADME,3.672323857,3.5432132379013335
12931,ADME,3.648551672,3.512483509880517
12932,ADME,4.238019604,3.782611110287562
12933,ADME,3.623402522,3.7223798182062633
12934,ADME,3.70289533,3.781635739188253
12939,ADME,3.753979896,3.993930528377083
12970,ADME,3.986767537,3.8126066797508322
12977,ADME,4.046289176,3.7645772832529243
12978,ADME,4.502718296,3.958849798313256
12979,ADME,4.643378643,4.008262795679907
12982,ADME,3.560058285,3.4504151898257134
12985,ADME,3.51385963,3.172680987067291
12998,ADME,3.704167376,3.7687328579558454
12999,ADME,3.719217311,3.5304384477138275
13019,ADME,4.449009139,3.895857633236585
13039,ADME,4.061284685,3.934229215182281
13040,ADME,4.074831395,3.9442397124785398
13057,ADME,3.240350807,3.704695867626691
13058,ADME,3.750630974,3.5415209351621058
13060,ADME,3.634351296,3.5197922997314444
13070,ADME,3.512663266,4.044484597395177
13090,ADME,3.660946598,3.6516469097109874
13091,ADME,3.725094521,3.236759860903242
13092,ADME,3.457484646,4.150382832921166
13093,ADME,3.933830926,3.5462151353200535
13097,ADME,3.92569232,3.6293847327420203
13108,ADME,3.985892805,3.764999426035016
13135,ADME,4.26515338,4.0873072123249115
13143,ADME,4.275484116,4.01240716728452
13144,ADME,4.36630019,3.949033013399229
13147,ADME,3.785140362,4.059628182380903
13161,ADME,4.141101222,3.674250426491022
13198,ADME,3.585280206,3.7360920951044
13200,ADME,3.413958252,3.8448249894577105
13201,ADME,3.389814383,3.765122689548447
13220,ADME,3.574942101,3.854081017962563
13225,ADME,3.617911657,3.692260023168045
13231,ADME,4.092771668,3.9737605963491966
13241,ADME,3.511944916,3.2338615429125457
13252,ADME,3.584930631,3.42605415073064
13253,ADME,3.612337227,3.690116876041877
13254,ADME,3.923654107,3.471544767630265
13284,ADME,3.356259818,3.938550972767364
13287,ADME,3.868346824,3.8022012156591827
13289,ADME,3.854470878,3.755293553615158
13293,ADME,3.590865709,3.689245490664583
13299,ADME,4.228224929,4.054032301134801
13301,ADME,3.740967179,3.8229170575772273
13306,ADME,3.831626045,3.6127730698488474
13311,ADME,3.805800123,3.608870183146152
13323,ADME,3.874334073,3.693109335299817
13327,ADME,3.524310331,3.3950422810867456
13328,ADME,4.222557519,3.6855213010413874
13329,ADME,3.808192061,3.8534103700373863
13334,ADME,3.619185955,3.855487996598675
13335,ADME,3.704230208,3.8469550098104937
13338,ADME,4.055070257,3.1502443868114467
13340,ADME,4.910719668,3.865733110941035
13344,ADME,4.87818314,3.87629773664816
13350,ADME,3.933278442,3.8556754952804733
13354,ADME,4.940987593,3.6826590534688104
13355,ADME,4.169402548,4.0893707873945395
13357,ADME,3.551690828,3.7290967311291423
13362,ADME,3.835603366,4.035057392807479
13364,ADME,3.319610368,3.9533200884171844
13371,ADME,4.248371329,3.98367908218524
13372,ADME,3.643216429,3.610965236553116
13406,ADME,4.477931182,3.9504292610095506
13407,ADME,3.472505702,3.3163911191197264
13409,ADME,3.912695783,3.793174547804882
13438,ADME,3.653904765,4.015590244335729
13444,ADME,3.73139496,3.9440646669213884
13451,ADME,3.887453525,3.727137239873974
13457,ADME,2.981075278,3.1957189336891823
13463,ADME,2.950894254,2.921014808861173
13464,ADME,2.621685085,2.829840591804311
13465,ADME,4.178955376,2.5536116624842298
13467,ADME,2.897096818,2.8877160802454247
13468,ADME,2.798431026,3.350021004210792
13471,ADME,2.954846241,3.1712721027857573
13474,ADME,2.778605574,3.1988496645497273
13475,ADME,4.024239306,3.3809048100196857
13476,ADME,4.000560746,3.3687927150446497
13480,ADME,3.516360828,3.357129887879368
13493,ADME,4.142751376,3.951185727368184
13502,ADME,3.839849378,3.6090523193763815
13512,ADME,3.437245177,3.3957737879453624
13513,ADME,3.564118413,3.3188631842017355
13536,ADME,3.391404456,3.2851459632097035
13546,ADME,3.13112251,3.7119372472056775
13551,ADME,3.495422912,3.995013245290771
13567,ADME,3.688572358,3.7084006005869914
13597,ADME,3.818083258,3.8631925143055583
13600,ADME,3.684149395,3.5666844086624043
13601,ADME,4.590865709,3.8883084885011923
13603,ADME,3.820643554,3.9549267162111192
13611,ADME,3.937900114,3.7087799011996876
13614,ADME,3.311342707,3.9398122536683386
13617,ADME,3.954475966,3.7807606262405664
13624,ADME,4.024530819,3.8803402269054197
13676,ADME,3.645032577,3.6149701205666367
13684,ADME,3.908123914,3.807484104409056
13687,ADME,3.949061966,3.643551792935137
13691,ADME,3.288423624,3.4734106964336853
13697,ADME,3.902131932,3.879888804278889
13702,ADME,4.040275004,3.948489896947797
13709,ADME,4.411649864,3.7577523726929054
13712,ADME,4.69180114,4.211064014553058
13716,ADME,3.505193941,3.71761714229185
13720,ADME,4.006098626,3.9813080706488075
13732,ADME,3.333086388,3.289097554365401
13744,ADME,4.16361353,3.879739570973259
13747,ADME,3.928558609,3.9726504936046356
13750,ADME,3.758886221,3.34867803675604
13752,ADME,3.79236,3.55081808928136
13756,ADME,2.132402989,2.5611452863907145
13757,ADME,2.132402989,2.4401430074525168
13760,ADME,3.798697495,3.7146098964869285
13764,ADME,3.604478701,3.608570285806324
13770,ADME,3.982103439,4.0283119391664535
13772,ADME,3.639802988,3.9421703005613904
13775,ADME,3.614126654,3.8699314650290106
13804,ADME,4.064383104,3.9306518157064643
13807,ADME,3.887906519,4.102909881797767
13821,ADME,3.68426352,3.715851120599405
13835,ADME,3.431028263,3.3618294954994514
13837,ADME,3.995279229,4.035584440220545
13859,ADME,4.311142594,3.908831038561888
13882,ADME,3.461461008,3.550771157186067
13886,ADME,3.742344915,3.932050527372765
13888,ADME,4.291762778,3.9243287676639618
13892,ADME,3.601258005,3.7818063046124246
13893,ADME,3.494627606,3.411836482599344
13894,ADME,3.818967784,3.983323549311971
13898,ADME,3.471078748,4.055276788822512
13899,ADME,4.170122975,3.945230147900733
13901,ADME,3.377488383,4.220492503841475
13904,ADME,3.801100721,3.6159964833455596
13905,ADME,3.59273969,3.0558422007905524
13908,ADME,4.099371746,4.002832747733196
13916,ADME,3.698348977,4.07535825471939
13917,ADME,3.902352788,3.6282100323938193
13919,ADME,3.323890064,3.7734794945279284
13923,ADME,3.467089899,3.8089789645223995
13930,ADME,4.032593581,3.7355333865900175
13932,ADME,4.381537432,4.306248390784721
13936,ADME,4.825146266,4.034305242987187
13951,ADME,4.186841801,3.9342700375621553
13952,ADME,3.823549912,3.9684163873515312
13954,ADME,4.26759408,3.9121976041215243
13957,ADME,4.28873922,4.1966815130540756
13958,ADME,3.920990266,4.462006112055315
13964,ADME,4.920990266,3.864609917837205
13975,ADME,3.690751255,3.833748901741573
13999,ADME,3.720383779,4.128720600988972
14003,ADME,3.744883658,4.107417817757305
14038,ADME,4.029689643,3.666867921778872
14041,ADME,4.304055872,4.198933910119369
14042,ADME,4.037040342,4.141756772776129
14063,ADME,4.543969045,4.0227698075188645
14067,ADME,4.553537704,3.991292188019917
14069,ADME,3.610142533,3.953985615336007
14070,ADME,4.507009018,4.123247280285339
14071,ADME,4.04620102,3.8715739936690747
14072,ADME,4.095419043,3.958409794325812
14073,ADME,4.174350597,4.1946277119601705
14074,ADME,3.935089453,4.140175810268878
14075,ADME,4.819074293,4.184720465453123
14077,ADME,4.130921204,3.857345249039448
14081,ADME,4.502577322,4.031275280486117
14084,ADME,3.806229653,3.7167178910335332
14086,ADME,3.539615494,3.7191384569918347
14095,ADME,3.822252164,3.875636124673644
14099,ADME,4.309976566,3.9684663440464174
14100,ADME,3.780043284,3.9769899653427676
14102,ADME,3.762818556,3.9071381973662453
14110,ADME,3.904644554,3.6697670936513926
14113,ADME,4.094349471,3.831782193469823
14120,ADME,3.815554921,4.066872971735483
14124,ADME,3.493660085,3.7128378874794423
14129,ADME,3.63363628,4.226972108319666
14130,ADME,3.415258111,4.0194344863387625
14134,ADME,4.540930578,4.580094953545069
14136,ADME,5.169476047,4.725462254147317
14143,ADME,3.443598816,3.4544934485359793
14147,ADME,3.570328158,3.166035851630052
14154,ADME,3.399676158,3.387733656626046
14158,ADME,3.841262612,4.335251838692994
14166,ADME,3.819374133,3.9989882992688464
14183,ADME,3.384392845,4.066871282607377
14187,ADME,3.494408786,3.6671330258413644
14190,ADME,3.283427879,3.5393260326880087
14195,ADME,3.782568594,4.084487338012611
14203,ADME,4.756388405,4.180014720060045
14216,ADME,4.115697267,4.047598737994716
14220,ADME,3.792600531,3.7250696370754732
14221,ADME,3.313059722,2.932292316265857
14241,ADME,4.065041648,3.92389788429562
14245,ADME,3.667524662,3.2788070393978854
14247,ADME,3.732186904,3.7661737470399794
14249,ADME,3.733441848,3.626368594008115
14250,ADME,3.645364622,4.039971504026095
14255,ADME,3.563335505,3.9327287356735354
14256,ADME,3.563335505,4.022207934366357
14258,ADME,4.908937971,3.9325254840944144
14259,ADME,4.183666777,4.121305957756389
14268,ADME,3.586748006,3.6684300972558668
14273,ADME,4.605483182,3.8941387019286666
14277,ADME,3.545390763,3.6172773282009367
14288,ADME,3.662734441,3.6732549620905095
14291,ADME,3.566644485,3.7611231741751308
14292,ADME,3.409396871,3.523000434757337
14298,ADME,2.406502689,3.1384526312616234
14301,ADME,3.750316834,4.091160139624183
14313,ADME,2.848269612,2.8457414614576972
14314,ADME,3.650420482,3.9737202609394537
14319,ADME,2.850673061,3.2412068524991446
14323,ADME,2.559048291,2.942722119937494
14324,ADME,2.318244253,2.792021166928767
14331,ADME,2.933797207,3.270104840800626
14332,ADME,3.760823612,3.9654308363200492
14351,ADME,3.885158854,3.917606261020709
14363,ADME,3.068209989,3.5703562196568512
14376,ADME,6.017742664,4.971975017987427
14379,ADME,2.986261235,3.395872344109654
14385,ADME,3.266456445,3.3770451759385116
14402,ADME,3.560329345,3.803174377617235
14407,ADME,3.111659205,3.525089457892731
14409,ADME,3.576149963,3.6652821459406817
14410,ADME,3.014563515,3.7233173002538167
14417,ADME,2.131614655,2.411236239502686
14425,ADME,3.885727219,3.7405442363025347
14426,ADME,3.547497341,3.7299553074845178
14427,ADME,3.588242309,3.7943352564342026
14464,ADME,3.491075806,3.51980391190947
14563,ADME,3.577674359,3.6332886870540935
14564,ADME,3.577674359,3.711821841220342
14566,ADME,4.288135158,3.816166323783558
14576,ADME,4.078123912,3.9361612291993153
14579,ADME,4.278263519,4.016033701015948
14588,ADME,4.345905809,3.4582757616922417
14593,ADME,3.9995043,3.1576026910754313
14601,ADME,6.553130852,4.960230112910709
14609,ADME,3.708096219,3.9447080345582446
14611,ADME,4.582215704,4.850368710383148
14612,ADME,5.83983617,3.803201970694931
14613,ADME,4.39105467,3.8491121865897844
14624,ADME,3.519026894,3.5050591044835566
14634,ADME,1.79023413,2.6537800405010556
14635,ADME,4.095815793,3.735272863372031
14645,ADME,4.551020778,5.212653759046081
14647,ADME,3.701944694,3.603472712410775
14652,ADME,3.763868739,3.493398582454427
14653,ADME,3.910280403,3.610803471146176
14654,ADME,3.664026667,3.6880665393263885
14655,ADME,3.760641327,3.605384228601503
14656,ADME,3.723729243,3.6066391844460726
14657,ADME,3.635679596,3.772987894937109
14658,ADME,3.674184646,3.8041315037307726
14660,ADME,3.695562893,3.470451569827516
14661,ADME,3.674008856,3.6919669980427097
14663,ADME,3.75336854,3.759751103482641
14680,ADME,3.146725773,3.2932879536267534
14681,ADME,3.630935428,3.3739124499556916
14683,ADME,3.481708171,3.6663545220048577
14684,ADME,3.524350741,3.7179315886414273
14685,ADME,3.122199676,3.6723183601775946
14686,ADME,6.621367412,5.304941470085572
14692,ADME,3.997117161,4.117221652956729
14698,ADME,2.008411762,2.3440015251471173
14724,ADME,6.183561878,4.4919941713406315
14775,ADME,4.017582124,3.8591979614939595
14785,ADME,3.902270627,3.873494206485436
14799,ADME,3.641017762,3.7637628746922642
14812,ADME,3.430262504,3.407679087163949
14819,ADME,3.750921121,3.848135560762706
14841,ADME,3.012355926,2.795473466281907
14842,ADME,3.491895283,3.7372920038347304
14873,ADME,3.367202306,3.3115512024784786
14874,ADME,3.436040455,3.338602094628653
14875,ADME,5.452422525,3.525428482682023
14876,ADME,5.50976741,3.671539992478958
14877,ADME,3.268135507,3.532588630232916
14892,ADME,3.129860564,3.6221523280904626
14904,ADME,3.791342212,2.856941174720049
14906,ADME,3.697286439,3.2046482987337797
14907,ADME,3.66275984,3.2407798263721914
14908,ADME,3.629349945,3.225306799097557
14919,ADME,3.418090851,3.6860785105712885
14921,ADME,6.291812687,4.107406189067674
14922,ADME,4.115716499,3.6228725408059113
14942,ADME,3.727437144,3.6866662777084778
14948,ADME,3.266562283,3.4601796535548113
14964,ADME,3.99415818,4.088134385029342
14987,ADME,3.634790827,3.6748902681523914
14989,ADME,3.347276592,3.644745601366182
14996,ADME,4.029905429,3.756982080229163
14997,ADME,3.939057757,3.5212741672181456
15005,ADME,3.586141146,3.6761653598080968
15007,ADME,3.564790694,3.7606737031345734
15008,ADME,3.717902482,3.2299287316924907
15023,ADME,3.203777786,3.8496946243450765
15024,ADME,3.52956967,4.127155401537872
15029,ADME,2.914841911,3.3960962513080917
15034,ADME,3.720833856,3.4525888514474254
15045,ADME,4.608965526,3.553504469888385
15071,ADME,3.590403028,3.5046542969503536
15097,ADME,3.788426202,3.9290662083061565
15113,ADME,4.310177658,3.5825505936100317
15116,ADME,3.566194644,2.7311983913691034
15125,ADME,3.759454799,3.5022631452315824
15134,ADME,4.169343739,4.018057546308894
15152,ADME,4.021787037,3.7039730595265095
15163,ADME,3.030368054,3.518413689543576
15165,ADME,2.990780227,3.1488786649640232
15167,ADME,3.411927866,4.163175268041172
15168,ADME,3.599142476,2.897929466774601
15176,ADME,2.963714062,3.5979715366046756
15180,ADME,3.236045253,3.25089856933934
15188,ADME,3.456279252,3.0053574265558627
15191,ADME,2.949965431,3.1833599718172483
15193,ADME,3.810809625,3.7698191597055972
15201,ADME,2.779147777,3.485247448558725
15205,ADME,3.136287113,3.4419241678376205
15210,ADME,3.158337076,3.431719071568538
15214,ADME,4.338614416,3.508700425419259
15237,ADME,2.970158752,2.897908803771984
15239,ADME,3.06347527,3.701766718656931
15242,ADME,2.990780227,3.110404013546656
15248,ADME,3.878898225,3.66072311990838
15249,ADME,4.020135186,4.306224653351135
15267,ADME,3.028521549,3.0012205295036543
15273,ADME,3.855218359,2.901058919481004
15279,ADME,2.751435585,3.404566979889799
15280,ADME,3.769476234,3.1575713888502026
15281,ADME,3.558782486,3.976706720893169
15282,ADME,3.717814293,3.900707983531063
15287,ADME,3.540153218,3.6538672804292927
15291,ADME,4.527817846,4.0473176361235845
15293,ADME,3.515833647,3.4937614195043567
15308,ADME,2.140903248,3.099884615851567
15309,ADME,2.82659512,2.979481611496979
15317,ADME,3.305252391,3.5010094652119434
15319,ADME,2.75097487,2.820258842582157
15324,ADME,3.144818008,3.129295950391219
15336,ADME,3.303743844,3.923911723284268
15339,ADME,4.257273151,4.033622285796491
15355,ADME,1.868819577,2.013895449386101
15357,ADME,3.847262558,3.9210625003535564
15361,ADME,3.580393466,3.51851937029246
15365,ADME,3.765648601,3.842704386009056
15366,ADME,3.783918885,3.83689978714481
15370,ADME,4.956880461,3.848527794125766
15375,ADME,3.564048962,3.738499992196907
15381,ADME,3.929937326,4.068892260508
15382,ADME,4.147767943,4.072161040839166
15388,ADME,5.617480527,3.7160516144896576
15389,ADME,4.771707477,4.593971235155069
15412,ADME,3.968063921,3.6588731314389897
15418,ADME,2.952229911,3.366072373589172
15425,ADME,2.647755726,3.1756867988192794
15427,ADME,2.915484845,3.0345619969576036
15450,ADME,3.326121848,3.7089258111426435
15460,ADME,3.725058007,3.86190183551834
15462,ADME,3.152458435,3.3973447128176923
15477,ADME,2.977275365,3.223232308918176
15478,ADME,3.291314079,3.623418223296504
15480,ADME,4.397752739,3.6359641542192023
15521,ADME,2.082421123,2.0077234898430945
15522,ADME,2.14177169,2.1701031889637035
15523,ADME,2.009232297,2.1080836042257767
15538,ADME,3.442829595,3.67486099902987
15546,ADME,3.848476498,3.661997387920952
15588,ADME,3.404690984,3.50823231976499
15604,ADME,3.523533416,3.7078754323007326
15606,ADME,3.860005228,3.8860894564244544
15607,ADME,3.422826667,3.4837156487961614
15616,ADME,3.56202294,3.47951589917914
15620,ADME,2.858851,3.1632195009257527
15624,ADME,3.673840117,3.4724702735642365
15628,ADME,3.274596542,3.093356145116428
15639,ADME,3.675095211,3.636629469012048
15642,ADME,3.638201629,3.84198082876002
15643,ADME,3.762271456,3.9463996790816083
15655,ADME,3.508505671,3.1926015106016052
15667,ADME,3.123180586,3.4553508793447127
15668,ADME,3.591619185,3.4023735482904685
15676,ADME,3.339264565,3.3947946183873525
15686,ADME,3.058860102,4.001617373821192
15687,ADME,3.719248398,4.263814823410975
15692,ADME,3.21550009,3.3614311619746804
15694,ADME,3.869649334,3.8106085660290154
15709,ADME,3.6926693,3.8514491483952824
15711,ADME,3.646545854,3.8488745433625793
15737,ADME,6.311204113,4.909305434074376
15750,ADME,3.900252736,3.436544425801714
15755,ADME,3.356917072,3.6227983259599847
15757,ADME,5.716188714,5.103123021496485
15766,ADME,3.429980041,3.0965857901847054
15773,ADME,3.966185998,3.6263959379852935
15774,ADME,3.635192779,3.5951429602835754
15775,ADME,3.568151621,3.496860376281134
15776,ADME,3.558315488,3.5039234112337803
15795,ADME,3.792664289,4.077847834909187
15820,ADME,4.101566997,3.895211369397982
15821,ADME,4.041255795,3.940890570268513
15847,ADME,3.48355933,3.417690698753974
15860,ADME,3.282622113,3.2378863149597317
15862,ADME,4.11454921,4.189047386394303
15868,ADME,5.264218099,5.095192520722756
15872,ADME,3.908173633,3.9160760804444097
15890,ADME,3.510497388,3.897079906710117
15891,ADME,3.589704353,3.8734273686237164
15897,ADME,4.042011311,4.005671140175051
15905,ADME,4.481157464,4.709736685689856
15906,ADME,4.212128984,4.633524956560594
15909,ADME,5.041261061,5.283912803884537
15910,ADME,4.315540454,4.578838972506193
15921,ADME,3.782228551,3.9224262644884167
15923,ADME,3.466040735,3.482612235259779
15932,ADME,2.844438515,2.7153230398540646
15936,ADME,3.125654732,2.897658422819165
15947,ADME,3.176663737,3.6558026697101154
15951,ADME,3.172350715,3.476191105891711
15952,ADME,3.138375301,3.4668145903203147
15968,ADME,3.117094709,3.4226771709777535
15982,ADME,2.742739293,3.643989848398228
16003,ADME,3.284733966,3.6927836572782207
16033,ADME,4.306669042,3.5792451613038474
16034,ADME,3.253954058,3.21305980751952
16035,ADME,3.199784098,3.48421462239646
16036,ADME,2.821175664,3.16027174421144
16037,ADME,3.225556898,3.466929483498662
16039,ADME,2.892251617,3.3374796737283745
16040,ADME,3.191982844,3.5181543011197767
16041,ADME,3.212753706,3.227486948783159
16042,ADME,3.239066983,3.312549622841275
16048,ADME,4.37267671,4.0326443474705425
16050,ADME,4.01479626,3.8969649017690875
16073,ADME,3.662455946,3.9896153883329535
16084,ADME,4.051454989,4.075534156137976
16090,ADME,3.535339338,3.622913822923386
16093,ADME,3.331618679,3.566631104460243
16095,ADME,2.915221561,3.4429037873020434
16100,ADME,3.262828062,3.230454807363562
16128,ADME,5.228205381,4.546139265452455
16148,ADME,3.086383173,3.153577393082207
16155,ADME,4.111888281,4.109825521640068
16157,ADME,2.840818456,3.4849768981115488
16158,ADME,3.38782746,3.0450772277990636
16163,ADME,3.408642406,3.434832445471458
16171,ADME,3.460607214,3.6785481824254322
16172,ADME,3.494333057,3.503561109408534
16174,ADME,3.758866493,3.0742567349616285
16178,ADME,4.002712722,3.6324007482442857
16198,ADME,4.346692745,4.083442374139055
16215,ADME,3.896819598,4.097329074133166
16216,ADME,3.802676597,4.160978579525133
16230,ADME,2.768435334,3.7027387423703852
16234,ADME,3.219484839,3.7489143288390903
16245,ADME,3.002941274,3.131164293826844
16246,ADME,2.95002193,3.5071289271359545
16256,ADME,3.725007531,4.072025462808453
16258,ADME,4.657043098,3.993654036151014
16261,ADME,3.504585201,3.9716384318763973
16290,ADME,4.410142158,3.8165071677954847
16292,ADME,3.828025147,3.997376933123053
16296,ADME,3.912390149,3.8755252081629066
16298,ADME,2.230985072,2.818280523707603
16301,ADME,4.226357326,3.966273921820907
16305,ADME,3.938593453,3.870704854782472
16310,ADME,2.741584102,2.857215592612717
16313,ADME,2.647788709,2.638126772932657
16325,ADME,3.890950768,3.9573368170029863
16328,ADME,4.191674532,3.416254884593372
16339,ADME,3.459954596,2.9605391436577557
16340,ADME,3.480581787,2.960182673350218
16348,ADME,3.482027028,3.4597227696967887
16362,ADME,3.072479058,3.6376310253409208
16373,ADME,3.688818336,4.130333096497662
16375,ADME,3.724673108,4.280460138308132
16380,ADME,3.009732595,3.3186331775062454
16381,ADME,2.515264204,3.049250525135121
16382,ADME,2.915119743,3.4276352782622093
16400,ADME,4.072508706,3.992312044116346
16409,ADME,3.767343205,3.8972526607507234
16414,ADME,4.509793728,4.223085327571123
16425,ADME,5.515582067,3.816212461676034
16440,ADME,3.942734224,4.029102762341155
16441,ADME,3.723525372,3.893278324931038
16444,ADME,4.372251471,3.9169134821308593
16447,ADME,3.924368319,4.014901441558151
16452,ADME,3.546890629,3.410484439952055
16456,ADME,3.257482286,3.6853503556148253
16462,ADME,3.562014436,3.8146299618157755
16471,ADME,3.622803442,3.4244919630760435
16473,ADME,3.206810761,3.7636973026748977
16480,ADME,3.41385276,3.2270927212459153
16488,ADME,3.439414807,3.525665478582009
16492,ADME,2.624558393,3.204193478785292
16493,ADME,3.723947976,3.8851293836960075
