ligand_id,model,y_true,y_pred
20,Plain,4.949580416,5.703709685120955
23,Plain,4.144498339,4.512021503139445
27,Plain,3.42449855,3.7920192057376547
36,Plain,3.594278505,3.6103399222978583
39,Plain,3.095724987,3.8296844397366137
43,Plain,4.05571921,2.8758247865471036
46,Plain,3.719836565,3.742620061374539
50,Plain,1.380598315,3.4381356180775473
51,Plain,3.751974994,3.1781635617098223
52,Plain,3.641734078,3.6454781921210286
59,Plain,2.725605396,2.2448593301837683
65,Plain,2.388794064,2.971990754268577
67,Plain,2.658368945,2.4858832200747063
68,Plain,3.107799938,3.279981500757226
74,Plain,4.239971231,3.852737680038954
77,Plain,2.585019011,3.051375305786766
80,Plain,3.626219292,3.8560356266796663
91,Plain,4.177123902,4.035087125834948
108,Plain,4.254464761,3.9726773351035645
114,Plain,2.33209914,2.4543182661317715
122,Plain,3.927901751,3.8559750617781834
124,Plain,4.143541466,3.703816797709268
126,Plain,2.63773183,2.4940153330049086
130,Plain,4.158646853,4.070856725333487
131,Plain,4.015908184,2.6947969172650446
134,Plain,3.937195421,3.874098660122799
136,Plain,2.730398322,2.7377095466766375
141,Plain,3.801412286,3.42861083195392
142,Plain,3.96442747,4.056921842327986
155,Plain,1.717997085,2.46023323556441
161,Plain,1.790478441,3.1418127139314693
162,Plain,2.523401181,2.6811291491261695
170,Plain,2.908968372,2.9428736786746654
171,Plain,1.360457754,1.9494250363083652
173,Plain,1.559873429,1.8956504260191493
196,Plain,4.154926917,3.9722045166077025
206,Plain,3.999037282,3.9884011033669187
219,Plain,3.907297875,3.845488711664338
221,Plain,2.44412298,2.3722755702844367
225,Plain,3.01484243,3.357664411041237
237,Plain,4.518096365,4.36345871863099
243,Plain,2.768208103,3.249294251323155
262,Plain,2.239253186,2.614521249022364
265,Plain,3.879416447,3.9942515385927835
266,Plain,3.325555342,3.9027376510220306
280,Plain,7.038939476,5.743589553243704
284,Plain,1.595379942,2.383064550901869
288,Plain,3.723110042,3.869207725993987
298,Plain,3.870551118,3.5877097099031188
310,Plain,4.169444125,3.9841384996709017
313,Plain,3.905192767,4.092262352700425
321,Plain,2.233211202,2.0735414029408545
323,Plain,3.667299551,3.9335201827404145
345,Plain,3.066295669,3.260297970352023
346,Plain,3.740965259,3.3719379984675606
350,Plain,3.931892225,3.7892880869979955
361,Plain,4.080096324,4.015969799355004
362,Plain,3.839182265,3.737577778475848
366,Plain,2.489248544,2.7256317114065105
370,Plain,3.952030378,3.82341012437047
372,Plain,2.015123561,3.043073958699788
376,Plain,3.522264606,3.2361388672836418
382,Plain,4.181635406,3.6418564543008722
388,Plain,3.236132011,3.3432332767964312
389,Plain,3.692363906,3.7456389795958436
395,Plain,3.681693214,3.928457501134372
397,Plain,3.030947823,3.1767829497896916
399,Plain,3.039942171,3.3760833694486894
403,Plain,1.812435335,1.8672519007533186
416,Plain,3.336594958,3.1783327894007773
417,Plain,3.756637342,3.2566905861461484
423,Plain,2.091380654,2.5398652668928747
428,Plain,1.867622814,3.4200440931525242
437,Plain,4.055811039,4.057204891223521
449,Plain,6.170365184,5.799023040486822
461,Plain,3.709216802,3.6380918818682364
463,Plain,4.231604131,3.76342696091948
473,Plain,3.8692422,4.299792113506652
474,Plain,3.596778129,3.1822674974465524
477,Plain,2.794535228,2.801561286569182
479,Plain,3.685979528,3.687822758715266
480,Plain,2.632078148,3.016658321348591
482,Plain,3.363868864,3.568499022758429
483,Plain,2.578241089,3.676759119834046
498,Plain,2.496785583,2.7433028115163203
500,Plain,2.825343237,2.9009300430993985
501,Plain,2.560508776,3.005995628000999
523,Plain,1.53375646,3.455491423018228
525,Plain,4.817161221,4.213954198846395
527,Plain,3.549415702,3.804181837724895
531,Plain,2.863459321,3.0336405946473324
546,Plain,3.498861689,3.21066599443036
554,Plain,2.723734902,3.146891047775712
559,Plain,4.145537126,4.26031674432944
564,Plain,4.027748474,3.347491086433042
567,Plain,2.870153628,3.873974830694565
605,Plain,2.015789085,2.287549200396997
608,Plain,3.227709579,3.499449880431102
613,Plain,3.342217135,2.3800594765886807
623,Plain,3.560809635,3.6087304543704506
626,Plain,1.874298552,3.2093810872502035
643,Plain,3.385689088,3.0318295877369903
649,Plain,3.634507081,3.4653314184849284
651,Plain,3.647834014,4.256419356730365
653,Plain,1.536143754,3.4404764006167703
658,Plain,3.93981481,3.7909889276312265
664,Plain,2.734537075,3.316280130111203
676,Plain,4.118230846,4.748858901970145
679,Plain,4.2491762,4.105989403535975
682,Plain,3.013959516,3.0318130715389744
683,Plain,2.696373865,2.602082966572808
686,Plain,2.097927609,2.93827477703975
689,Plain,1.610732826,2.546054789822809
695,Plain,1.937269778,3.1979061215843974
696,Plain,2.721315881,2.6164168928374156
706,Plain,3.560809635,3.819431471646318
707,Plain,2.576458589,2.5581521471674304
710,Plain,1.957926387,2.7763143921526217
716,Plain,3.279130588,3.082082098485966
719,Plain,3.251353873,3.104356037370298
734,Plain,2.02926158,3.1525706927567922
746,Plain,2.892629127,3.2575298081541195
776,Plain,3.813831764,3.9335712208438363
782,Plain,3.715635708,3.8708148654342684
795,Plain,2.497766061,2.7670355589828315
796,Plain,2.995720485,2.824188429221014
797,Plain,3.01755561,3.014964417421657
802,Plain,3.660618188,3.430338587770464
803,Plain,2.798347722,3.0246305903422996
812,Plain,3.340707344,3.374775406579475
814,Plain,1.225733029,2.47808937021181
815,Plain,2.818803928,2.902684855130622
825,Plain,3.986763339,2.9244815307909473
831,Plain,4.000506382,3.3632060851703107
832,Plain,3.273158748,3.660752595625224
834,Plain,5.348949078,4.265028676936787
840,Plain,3.906360086,3.956909662864427
847,Plain,1.385602184,2.6946786095349466
855,Plain,3.22922379,4.161222422400024
858,Plain,1.826593477,2.9164189305025205
861,Plain,1.682996653,2.4654842913721273
863,Plain,2.159892482,2.6375355197616606
864,Plain,2.602229333,2.687095602920886
871,Plain,3.445095558,4.216511460979673
873,Plain,3.604334073,3.6759592082480728
875,Plain,4.031066771,2.77886739063292
889,Plain,1.260202121,2.1957426514622447
902,Plain,3.263515086,3.814476685934889
905,Plain,3.703971159,3.510023478699645
910,Plain,3.041879349,2.889845255278881
922,Plain,2.879077951,2.9301324397109023
925,Plain,4.260496228,3.836357510898275
926,Plain,3.286117255,3.4500719229069907
927,Plain,3.748744111,3.7259895855746823
928,Plain,4.532104361,3.7373022529591426
929,Plain,2.946637821,3.1784873104983022
934,Plain,1.329574138,2.270003409172483
940,Plain,3.336495757,2.753994815998953
946,Plain,3.037437565,3.19198579023187
949,Plain,3.279406837,3.61090352322605
951,Plain,3.108893739,3.487879813116352
954,Plain,3.216432763,3.7747497454737653
955,Plain,3.673882844,3.7331906129119097
968,Plain,3.037430925,2.7598982012874473
990,Plain,6.716420734,3.2551870499681272
991,Plain,3.314560273,3.3289816749714856
994,Plain,3.658939331,3.6048178944241087
999,Plain,4.458336346,3.9419089144015684
1001,Plain,2.960227585,3.3589137147607055
1002,Plain,3.7155333,3.4388394832850953
1008,Plain,2.59306679,2.895021943266497
1012,Plain,2.924052314,3.148975298823601
1020,Plain,2.601386302,2.704742299923158
1021,Plain,3.305673746,3.323156907380705
1025,Plain,2.806089487,2.604387627773081
1028,Plain,3.190740116,3.120127033643066
1032,Plain,3.688513574,3.430817093498832
1042,Plain,3.230181089,3.555505032230716
1045,Plain,3.246045339,3.179497841222579
1053,Plain,1.252329344,2.215073166132348
1060,Plain,2.733308865,3.134282751009728
1066,Plain,2.208907496,2.958769671247663
1070,Plain,3.106968628,2.7167158907937026
1085,Plain,2.769631356,3.3649450335045064
1101,Plain,3.183129011,3.2734808131634097
1108,Plain,2.946637821,3.192833358327436
1112,Plain,2.909523343,2.930455331323827
1113,Plain,3.975168183,3.5861810309493545
1120,Plain,3.258086794,2.839799764330426
1126,Plain,2.416848453,2.573252542033313
1132,Plain,2.882024625,2.9646069256180274
1133,Plain,4.245086568,4.026956039624887
1139,Plain,2.809963522,2.9748960492243754
1142,Plain,7.095543245,3.70604542229606
1143,Plain,3.862392573,3.7580680306952847
1144,Plain,3.757126755,4.032781508591029
1150,Plain,1.755294236,3.0159498303368313
1166,Plain,1.73563205,2.2054618131396664
1167,Plain,3.255265728,3.289623661440694
1168,Plain,3.660429068,3.0426664592088786
1178,Plain,1.904617329,2.749070373549934
1200,Plain,3.079802084,3.3774036964026184
1205,Plain,2.94417823,3.549232244830964
1206,Plain,2.788267882,2.8115638568190207
1216,Plain,2.654536418,3.2519931926590706
1217,Plain,3.629025307,3.2602719989099493
1220,Plain,7.313490593,4.075902116596956
1226,Plain,2.69913404,2.2252030054967573
1236,Plain,3.353657104,3.3811793643710475
1242,Plain,4.588096611,4.946158007589531
1243,Plain,3.539661876,3.621786266309693
1245,Plain,3.637432544,3.322795288161739
1253,Plain,2.872551201,3.5564954106955025
1257,Plain,3.459069232,3.520603210184739
1271,Plain,4.119641577,3.86688961023062
1272,Plain,4.728001391,3.704827429433873
1276,Plain,3.332577311,3.8368156033005034
1283,Plain,4.203224836,3.8372363650539043
1284,Plain,3.423532001,3.351647018164617
1293,Plain,3.070431941,3.352807373049577
1301,Plain,1.747596286,2.8194816587650764
1310,Plain,3.920446321,3.7244144091594586
1321,Plain,2.237671847,2.561416847454159
1327,Plain,2.834206757,2.7184742641938273
1330,Plain,3.167290229,3.413748387904998
1336,Plain,2.988145075,3.3338483804991004
1342,Plain,0.942475043,3.358152637612715
1345,Plain,4.214487751,4.232964301084958
1348,Plain,3.506729176,3.695989923993051
1351,Plain,2.985541233,3.1689392448727425
1353,Plain,2.411280151,2.9612263956192217
1358,Plain,2.727143469,2.4965897739459653
1360,Plain,3.912995943,3.9774649599022225
1363,Plain,3.017962644,3.1806878774183662
1370,Plain,2.245056299,2.678180483945524
1372,Plain,4.002182066,3.8027972951929803
1379,Plain,3.804468558,3.859185296875701
1383,Plain,3.345786681,3.4999523492178604
1392,Plain,2.732194911,2.8754334633913543
1395,Plain,2.244447418,2.305614583301007
1399,Plain,2.970468272,3.2600758528213754
1402,Plain,3.593456834,2.9689834860840767
1404,Plain,3.060637413,3.2611537305615297
1406,Plain,4.956525486,5.760062466740681
1410,Plain,3.952773834,3.848262619685508
1412,Plain,4.032005965,3.8585645662316392
1416,Plain,3.491092958,3.6032399697390463
1420,Plain,5.166456139,6.163606767342146
1425,Plain,4.967309603,5.302143585720321
1429,Plain,3.809693406,3.7775371585614046
1430,Plain,3.360566593,3.6918987778643926
1431,Plain,3.688949051,3.7533392660375338
1432,Plain,5.58592974,4.206747932160189
1433,Plain,3.233279357,3.8276310249741217
1439,Plain,4.543130886,4.746617529643208
1449,Plain,4.109839428,3.0217517797776887
1451,Plain,5.041269431,3.1447238344851356
1461,Plain,4.005850279,3.7087260622748417
1463,Plain,4.037956476,3.6272950785926907
1466,Plain,3.530917438,3.3873238450102474
1470,Plain,4.748224843,3.3697039701456193
1471,Plain,4.638247576,3.2254012768270544
1475,Plain,2.704750904,2.82059753872067
1494,Plain,3.465271707,3.3833136801277366
1506,Plain,3.821255615,3.8535795624808658
1508,Plain,4.015840263,3.805326775570751
1514,Plain,3.096881059,3.364572502569521
1516,Plain,2.521544717,2.853795152998637
1520,Plain,4.101452722,3.73154513885473
1522,Plain,2.814115906,2.826180946138234
1523,Plain,2.576590488,3.1093745015030647
1528,Plain,3.428487689,3.2609906837306974
1532,Plain,3.087513252,3.8884663668726334
1546,Plain,2.952103309,3.204591458378703
1553,Plain,4.285025366,3.998876905831582
1557,Plain,2.745843012,3.006780668302088
1558,Plain,4.067719675,4.0230130604611345
1565,Plain,1.635229316,2.271342213410846
1571,Plain,3.25338405,2.6878074138069854
1573,Plain,3.271120794,3.207290747500115
1577,Plain,3.566851796,2.498902459347881
1588,Plain,2.579608528,3.0090375060520387
1589,Plain,3.211626544,2.2861103075045603
1591,Plain,4.032855942,2.778785602192168
1595,Plain,3.684979936,3.371602756960068
1600,Plain,3.654060971,3.865980643859898
1607,Plain,3.970645821,3.9814766185621226
1608,Plain,3.7521902,4.278825995662086
1612,Plain,3.702826736,2.7583586769101185
1619,Plain,3.817188788,3.4127447334938545
1639,Plain,3.860237213,3.9843136353541206
1643,Plain,4.572935464,3.9180560389695995
1644,Plain,4.524635528,3.5770088227487378
1656,Plain,4.354721016,3.4426659284203986
1663,Plain,3.511945032,3.651866837417354
1674,Plain,3.453595038,3.394439452481009
1675,Plain,3.724396356,3.330919075216436
1686,Plain,4.859079727,3.9148138376221606
1689,Plain,2.688319691,2.725615281594488
1694,Plain,3.436434769,3.3554615127861327
1698,Plain,3.1109767,2.846691258085318
1705,Plain,3.980889247,3.948583932360041
1706,Plain,5.288200024,3.278526345908474
1707,Plain,3.271568635,3.4093878776772075
1717,Plain,3.432499715,3.5350056604211963
1741,Plain,1.965562728,2.495048726600341
1742,Plain,2.911593683,3.2863916582093706
1744,Plain,2.625382279,3.2365700446943415
1750,Plain,3.127538876,3.0063389929387663
1756,Plain,2.200850969,3.264603610554512
1757,Plain,1.783874548,3.3731022524514707
1769,Plain,3.446514977,3.3502119925314586
1773,Plain,3.262315005,3.217001126541802
1774,Plain,3.568473361,3.6401925046655568
1775,Plain,2.993384788,3.450907704201477
1800,Plain,2.748234071,3.3925389184692323
1807,Plain,3.977876724,3.55600871338273
1811,Plain,3.749692635,3.355935635455962
1822,Plain,2.889184545,2.6539888113605974
1826,Plain,3.920806632,3.642650980452475
1833,Plain,3.285930687,2.79304363816531
1834,Plain,3.542136018,3.331130217187297
1840,Plain,2.916828859,3.4252089239918693
1867,Plain,2.772055693,3.429918691735476
1872,Plain,3.165117321,3.3812908773287726
1875,Plain,2.599292745,3.2752083766713316
1878,Plain,3.631499113,3.52253772996288
1892,Plain,3.657207857,3.7771288349879684
1894,Plain,3.677248368,3.7181428377645545
1901,Plain,3.908053683,4.139214931413961
1905,Plain,2.65090136,3.225662849090867
1911,Plain,2.987037304,3.113175093022467
1917,Plain,3.318524528,3.1218178959690577
1947,Plain,4.528376709,3.8321231320986224
1955,Plain,3.441010226,3.1846751197387153
1956,Plain,2.911727671,3.016481668527695
1960,Plain,3.01484243,3.3137095037979862
1963,Plain,4.014864414,3.629749446631583
1971,Plain,3.740934792,3.780368234474821
1979,Plain,4.018669298,3.7736485794312844
1980,Plain,2.942052721,3.5204390076495367
1981,Plain,2.97012983,3.0940083915628116
1986,Plain,2.845662256,3.1873369355043124
1991,Plain,2.712289218,3.614857919886813
1998,Plain,3.220568301,3.071283145654496
2008,Plain,3.067337479,2.752906104013418
2013,Plain,3.131003459,3.492053218386045
2015,Plain,4.330935784,4.056703706330422
2027,Plain,3.915153859,4.008966692284013
2029,Plain,3.963174826,3.6893444017850188
2031,Plain,3.432655633,3.8064061729241443
2033,Plain,3.967933208,4.070097973037242
2035,Plain,4.010634879,3.785175481311002
2036,Plain,3.817262214,3.6146773034036643
2038,Plain,3.845515636,3.4522947001128568
2047,Plain,3.337321685,3.5581578523539306
2067,Plain,3.176730649,3.2099322107676986
2070,Plain,3.334914609,2.7749788039805194
2075,Plain,3.301694147,3.712849639170141
2077,Plain,2.678555028,4.213176622137555
2080,Plain,3.59653552,3.859820514853842
2087,Plain,3.659331234,3.3962652710444745
2094,Plain,4.827166835,4.082473992237266
2107,Plain,2.44982057,2.8128715044957846
2109,Plain,3.095599363,3.1992516815811287
2115,Plain,3.103096419,3.5159988106119386
2116,Plain,2.604559465,2.5283230460101755
2117,Plain,2.518500845,2.865250846914722
2136,Plain,2.8991238,2.215612808851373
2137,Plain,2.643116728,2.5648347154236086
2145,Plain,2.480504555,3.2833807631009946
2146,Plain,2.576115979,3.053994132138161
2149,Plain,3.146828546,3.2847130031583296
2152,Plain,2.755772829,3.075063624803922
2156,Plain,3.556511412,3.7685160721336315
2162,Plain,3.919015884,3.7206125374136416
2166,Plain,3.945010414,3.294247828193807
2167,Plain,3.651992364,3.6589509698672713
2170,Plain,3.862459363,3.6398049817931937
2173,Plain,3.90224699,3.9986275673748453
2178,Plain,3.637947132,4.138243470419132
2180,Plain,4.008653391,3.805821118259721
2187,Plain,3.548124906,4.075752760425806
2188,Plain,4.474087511,3.8846039686102465
2204,Plain,3.664276254,3.2786758490135046
2205,Plain,3.242208375,3.3669875783625307
2208,Plain,4.154047645,3.971877517835519
2210,Plain,3.289198626,3.5453670059903453
2217,Plain,4.397306718,4.013377351715051
2220,Plain,3.750352545,3.861207533526381
2221,Plain,4.317379113,4.2019312700720155
2223,Plain,3.561850696,3.3399193051278995
2226,Plain,3.033052749,3.2895825109795087
2232,Plain,4.060050637,4.232839576053281
2239,Plain,5.691682543,3.948592694900414
2241,Plain,3.021781741,3.266856672470104
2242,Plain,3.431263221,2.7795958830618437
2248,Plain,2.824353665,2.5250853724619615
2252,Plain,2.87743254,3.2467844788543996
2271,Plain,3.176700911,2.6675033718160894
2275,Plain,3.328746882,3.0768622712428453
2280,Plain,3.687715203,3.8259607012214514
2296,Plain,3.637387863,3.438238959714573
2298,Plain,3.616629279,3.198810229775157
2299,Plain,3.61526895,3.400172732931577
2301,Plain,3.213503,3.512674178228958
2303,Plain,3.704173506,3.4778415708957975
2313,Plain,3.597826116,3.99558657960418
2320,Plain,4.564072975,3.851859840727308
2324,Plain,3.107081774,3.492477581130464
2326,Plain,2.630715761,2.9975767277994807
2332,Plain,3.873515737,3.7591534093202537
2333,Plain,3.838817619,3.4085392028562467
2339,Plain,4.341379561,3.7964935994069267
2347,Plain,4.076338872,4.1029428443525084
2353,Plain,3.778729924,3.154375544213039
2360,Plain,3.808590971,3.2987207937939056
2361,Plain,3.164926578,3.3562900797523207
2374,Plain,4.577935565,4.166740331380298
2382,Plain,3.099364068,3.4187562604987205
2396,Plain,3.963006204,3.6394540311603922
2403,Plain,3.351625621,3.701631632392606
2417,Plain,3.376153144,3.0727143768764362
2426,Plain,3.042290068,3.5603503650535746
2427,Plain,3.525308637,3.8128756462569147
2431,Plain,6.461870073,4.272578607515444
2435,Plain,3.406304777,3.898304869898713
2436,Plain,4.314040282,4.140662723093609
2442,Plain,3.577995759,2.9426160473731082
2443,Plain,3.037437565,3.250694471772592
2468,Plain,3.123180586,3.3428871667575626
2472,Plain,2.126957252,3.304486204882063
2474,Plain,3.873652875,3.8415318913312624
2491,Plain,3.991878504,3.9951091937141743
2494,Plain,3.881417946,3.556672508933091
2495,Plain,3.25584154,3.059764658244752
2497,Plain,2.637723671,2.628522452148025
2498,Plain,3.580342432,3.299007113062376
2501,Plain,3.164739384,3.0257267350882606
2521,Plain,3.579029912,3.6829449353247052
2525,Plain,3.632187251,2.4978037161475806
2537,Plain,3.35852282,2.733775749025704
2541,Plain,3.831507559,3.1761698508488005
2546,Plain,4.563154851,4.249885977585255
2553,Plain,3.747883249,4.435811266596491
2558,Plain,2.791424317,3.157298141195974
2563,Plain,3.513869884,3.547686457761467
2573,Plain,3.513744828,3.8317174670646765
2574,Plain,3.232308629,3.824807677491988
2590,Plain,3.661864547,3.7190163448852016
2591,Plain,3.249729681,3.6215692978945278
2593,Plain,3.233125444,3.588384807333503
2594,Plain,3.42667529,3.7186166467956965
2595,Plain,3.845463491,3.8889914330945117
2598,Plain,3.50759086,3.626562748320271
2600,Plain,3.870867816,3.5118614477370147
2603,Plain,2.959934421,3.1439014830536722
2615,Plain,3.664119608,3.8207903947142654
2622,Plain,3.551312734,3.640943529545178
2623,Plain,3.535671544,3.490430309364652
2624,Plain,2.944126097,3.406622077590884
2631,Plain,2.60248831,3.376630014808515
2632,Plain,4.16521464,3.18128037276313
2642,Plain,3.425844101,3.4350430644012073
2643,Plain,2.648568804,3.009693284150681
2684,Plain,2.896867099,3.6534553534004894
2690,Plain,5.498886823,3.661602295634021
2693,Plain,4.307828432,3.8749084916243777
2694,Plain,3.037457486,2.741520674788464
2697,Plain,3.466032815,3.5119915024079935
2713,Plain,3.419701785,3.314454366781874
2716,Plain,3.359318911,3.542628215472866
2759,Plain,2.615368951,2.9244251228147973
2762,Plain,2.707399831,3.470023422212108
2772,Plain,2.899757987,3.0292142821162718
2774,Plain,3.330868124,3.724263719868753
2775,Plain,3.548873988,3.5281957595419318
2781,Plain,3.929227695,3.7936006936784703
2793,Plain,4.768947497,4.373013876476554
2799,Plain,2.533452046,1.8994187722657903
2841,Plain,4.450279908,4.314048802753036
2849,Plain,2.94897601,3.1140473299699982
2854,Plain,3.209083953,3.1533206408113656
2858,Plain,3.391552567,3.524301466994007
2866,Plain,2.838790987,3.1343270134333325
2868,Plain,3.951351075,4.33792573437602
2871,Plain,3.941215725,3.0287191222637686
2888,Plain,3.559666081,3.8273962638667562
2890,Plain,3.252293291,3.6631196005996154
2910,Plain,4.402898173,3.914248762675496
2923,Plain,4.568702954,4.129796563871272
2929,Plain,3.626972758,3.909746303257664
2931,Plain,4.449106686,4.642643968376839
2934,Plain,3.567057337,3.042675914060678
2936,Plain,3.193647664,3.3049952172824346
2939,Plain,2.97513245,3.3570344627103186
2941,Plain,3.509843119,3.006478524726921
2954,Plain,3.28338463,1.929196877266425
2955,Plain,5.220660633,3.5765497557742427
2962,Plain,3.575171634,3.7627578836825615
2964,Plain,3.849847832,4.043809628528179
2965,Plain,3.713263676,3.7808603580713824
2967,Plain,3.673089732,3.843266774486914
2968,Plain,3.773591867,4.052963205846518
2978,Plain,3.756520103,3.790700523278392
2981,Plain,3.875966997,3.5937543570306234
2987,Plain,3.492757895,3.2244027159218622
2994,Plain,4.982665482,3.8893642677062656
2998,Plain,2.940248224,3.182234854982206
3002,Plain,3.79690979,3.79015922208109
3006,Plain,3.811311121,3.7571006558609263
3017,Plain,4.099224127,4.072091011899519
3018,Plain,3.428487689,3.2154793336006833
3019,Plain,2.5898858,2.9085501312643416
3020,Plain,2.223142755,2.4547676120153934
3025,Plain,3.609426314,4.100844051421956
3026,Plain,2.358431982,3.1107868509997325
3033,Plain,2.455259983,3.201459679438525
3034,Plain,3.598739714,3.5222086303299953
3046,Plain,3.512570053,3.3774884412127664
3054,Plain,4.113702172,4.177551843068439
3057,Plain,4.048414928,4.4210854856807735
3066,Plain,1.99451658,2.621769672588263
3069,Plain,4.168151147,4.263350126812258
3070,Plain,3.549222501,3.861167609243573
3071,Plain,3.299404869,3.5957624879346426
3079,Plain,3.418881069,2.8907021309839758
3082,Plain,5.859307346,4.5124850891917525
3084,Plain,5.183921982,4.450229386832402
3085,Plain,4.180856733,4.2918951767476585
3086,Plain,3.566411563,3.9411465226987508
3087,Plain,4.822329384,4.796716544499982
3095,Plain,5.730946215,3.510130229289778
3106,Plain,4.112377071,4.573902383119948
3108,Plain,4.258242072,3.795051007188952
3109,Plain,3.491913318,3.67210246240252
3111,Plain,4.13861196,3.646841363784736
3115,Plain,4.248371329,3.5549885782347426
3124,Plain,3.778723728,4.041093573082151
3127,Plain,3.410768198,3.724816736050124
3129,Plain,3.882841036,3.7504859713420715
3130,Plain,3.355381647,3.2284558934048158
3134,Plain,3.360281369,3.9187017973542697
3135,Plain,2.549898451,2.8678871138160265
3138,Plain,3.316681,3.534526048630945
3150,Plain,3.377734757,3.8226104173081787
3151,Plain,3.970218586,4.062414343824009
3152,Plain,4.194585491,4.404737651790475
3162,Plain,5.066130791,3.798581897943939
3176,Plain,4.928070062,3.0901623704150616
3177,Plain,3.151717065,3.3685482564909623
3178,Plain,4.318599608,5.770667305060721
3179,Plain,4.071393049,3.2690002126526654
3183,Plain,3.537634728,3.620803894882752
3191,Plain,4.908415908,3.1956821659181616
3192,Plain,3.596879727,3.8296192778042912
3203,Plain,3.980625944,3.3939897698391346
3207,Plain,4.072617477,3.849934287144998
3214,Plain,3.759997028,3.6500567138845277
3215,Plain,3.129196682,3.08445542392759
3217,Plain,3.345578466,3.653952540901868
3222,Plain,3.678660617,3.6401714784544765
3233,Plain,4.06802622,3.8232528532622587
3234,Plain,3.621738082,3.753118089333544
3235,Plain,3.563923715,3.7447883658466625
3236,Plain,3.653819436,3.6820503201025483
3237,Plain,3.699588631,3.822147681553842
3241,Plain,3.622034954,3.8038025469912853
3245,Plain,3.441602496,4.106016503858415
3260,Plain,3.56927147,3.535071346578191
3263,Plain,3.448198205,3.4270591710980325
3265,Plain,2.656966561,2.9227239523222672
3269,Plain,3.079394753,3.3225136058798506
3271,Plain,3.061270228,3.28154580317334
3276,Plain,2.184248993,2.517713698371601
3277,Plain,3.172308048,3.607298391511024
3281,Plain,2.567379308,2.718287012000082
3307,Plain,3.736993744,3.6334525374514643
3311,Plain,3.484341945,3.3817100331823733
3332,Plain,3.905293087,3.870458872223998
3341,Plain,4.301673206,4.270803817759827
3345,Plain,3.735214186,3.789468661545501
3347,Plain,2.614990216,2.170245438620791
3368,Plain,3.817523449,4.010578259809749
3370,Plain,3.364091131,3.321487788329052
3379,Plain,4.403320428,3.8122880927812766
3383,Plain,3.454749428,3.38936614968155
3396,Plain,3.929303623,3.929156672587609
3399,Plain,2.54457959,2.956853591079656
3403,Plain,3.699667474,3.5981621658652823
3410,Plain,3.715209906,3.8424433264951148
3411,Plain,3.384477071,3.9171573495764216
3412,Plain,4.288285999,4.122249301687578
3415,Plain,4.892758065,4.856085365508226
3418,Plain,3.539675664,3.9601936944169434
3419,Plain,2.947979379,2.6738755734801103
3426,Plain,3.764887165,3.4759161267793552
3430,Plain,3.632076485,3.946072318183079
3431,Plain,3.561467686,3.42849035477804
3434,Plain,3.988687131,3.8876079535409533
3443,Plain,4.00464375,3.985094487997563
3447,Plain,2.973189451,3.0877816933043616
3454,Plain,3.197098223,3.7418378521076647
3467,Plain,4.383764516,3.796073535470882
3469,Plain,2.924190235,2.7875087139215076
3473,Plain,3.369443879,4.183698015677159
3474,Plain,4.202652258,4.442331613494109
3496,Plain,3.475059259,4.23003426606237
3502,Plain,3.714759231,3.7196930678015754
3508,Plain,3.18751132,3.556988057592989
3509,Plain,2.912065879,3.4023137615914454
3510,Plain,3.468261645,3.879549835915025
3515,Plain,3.170028529,2.929853601759821
3517,Plain,2.871797248,2.76512207359926
3519,Plain,3.663946467,3.2666231306328593
3521,Plain,4.312473558,4.13603134927431
3523,Plain,2.879860146,2.9276079296376807
3526,Plain,3.233716796,3.324874378315192
3528,Plain,3.462951745,3.821337045104853
3530,Plain,3.239609757,3.365691748778664
3543,Plain,3.546890629,3.5925153838200936
3546,Plain,2.598813602,2.3646636626899005
3551,Plain,2.781487319,2.841800461974335
3554,Plain,2.802861345,3.405101533989324
3555,Plain,3.735145322,3.2508645882057037
3591,Plain,3.911422063,3.987897256318084
3598,Plain,3.039764322,3.2801022822178743
3603,Plain,3.766078073,3.995568742683754
3605,Plain,4.217641094,4.174175676995384
3608,Plain,2.572934068,2.799961803959518
3619,Plain,3.594979991,3.9495602363786224
3620,Plain,3.774327149,4.107743101414576
3622,Plain,4.380848644,3.9507141558219976
3623,Plain,3.375190966,3.5098778286687926
3627,Plain,4.085884932,3.482711654767257
3632,Plain,2.989447037,3.437960703228121
3642,Plain,2.335487989,2.615548022661528
3647,Plain,3.932579028,4.081779221053456
3656,Plain,3.973760354,3.55186728386291
3660,Plain,3.563743752,3.5092853967396453
3661,Plain,4.602612378,4.783463142893096
3664,Plain,1.888702113,2.2130138215536364
3669,Plain,3.236650607,3.992621792241187
3672,Plain,3.729260273,3.380580391672778
3673,Plain,3.228574863,3.5296003919438936
3674,Plain,3.076462434,3.217411330672939
3676,Plain,2.832852364,3.207806395965719
3684,Plain,3.531027052,3.06558326914641
3690,Plain,2.795630123,3.698591863082872
3694,Plain,2.847994411,2.928851371200891
3704,Plain,3.28464761,3.218436310759335
3710,Plain,4.069731745,3.9806593856329004
3724,Plain,3.890554079,3.686484057357287
3740,Plain,3.095381868,3.6076450453877102
3742,Plain,3.650328049,3.818886318625924
3754,Plain,6.622127639,5.485133267983837
3755,Plain,3.571354788,3.2360796417005053
3756,Plain,2.560839751,2.647969042021127
3757,Plain,4.298815247,3.9549445145676803
3768,Plain,2.871903466,3.23064224309327
3774,Plain,3.338612519,3.7723853723339014
3780,Plain,3.84735559,3.778324741633216
3785,Plain,3.487304122,3.3169336296821745
3804,Plain,3.689537175,3.357342485564825
3810,Plain,3.252044885,3.4716715302896732
3817,Plain,3.235885767,3.148261165368896
3821,Plain,3.407798661,3.33388945682693
3827,Plain,2.905247609,3.2308862181927673
3829,Plain,3.314707589,3.8610515541699284
3831,Plain,3.140618017,3.669697282148547
3834,Plain,1.903557959,2.796410489395423
3835,Plain,2.123721006,3.0390544234056964
3837,Plain,2.113338419,3.3053546961358866
3838,Plain,2.646725721,2.953018691374721
3839,Plain,2.646725721,3.1063507881848387
3840,Plain,2.309566296,3.0042397880177076
3846,Plain,3.236716361,3.80887326543447
3852,Plain,3.636021256,3.8116673984814966
3853,Plain,3.394609259,3.8588018175159196
3854,Plain,3.408041057,3.99100009821616
3856,Plain,4.016919825,4.0358859851543265
3869,Plain,3.236716361,3.5855656122638266
3879,Plain,3.017865824,3.2786592295336967
3880,Plain,1.881307607,2.9229416225756726
3897,Plain,3.251090445,3.5340764152978124
3920,Plain,2.041002866,2.5257149313455516
3924,Plain,4.112744606,3.8878615268926393
3936,Plain,4.016293574,4.049766471952623
3941,Plain,3.204716727,3.359059162268461
3950,Plain,3.71160648,3.9348029006900433
3955,Plain,4.42509057,3.772847905188227
3959,Plain,5.061858467,4.053259636767234
3960,Plain,3.971676683,4.166188537602912
3971,Plain,4.384838256,4.023899679482409
3975,Plain,2.285840103,2.2285039082211298
3978,Plain,3.502929214,3.4067118078732403
3980,Plain,3.846648536,4.094026596307688
3987,Plain,3.550344149,3.9828180609486723
4001,Plain,4.390995632,2.746746860121829
4010,Plain,3.549810898,3.422310931161593
4011,Plain,2.981795963,3.3263116675705984
4012,Plain,3.545565548,3.5025479140308984
4014,Plain,2.869296924,3.457452540407505
4019,Plain,4.463010416,4.1631710930547605
4023,Plain,4.581545767,4.1089289172519585
4026,Plain,3.740961546,3.9257344818022997
4028,Plain,4.348770068,3.254682697982985
4035,Plain,2.815778995,3.7244152823645584
4037,Plain,4.375902486,4.421107358912089
4053,Plain,3.869234583,3.81360887139891
4064,Plain,4.90791515,4.546397089267625
4067,Plain,3.596161483,4.038773759857742
4077,Plain,3.535761897,3.2470559079995014
4082,Plain,3.897917135,2.9681414997932247
4096,Plain,3.748838981,3.830741114324083
4105,Plain,2.915484845,2.997343929430631
4106,Plain,3.301702905,2.6653733866754674
4110,Plain,3.095564513,3.482275502744396
4111,Plain,2.983552916,3.295772443035088
4122,Plain,3.831313873,3.6906627181935647
4125,Plain,3.222424532,3.7335768334250163
4133,Plain,1.188983477,3.2252974120385263
4152,Plain,3.386830242,3.5355169026853797
4154,Plain,3.281969665,3.590190736180015
4156,Plain,5.518027893,3.8687972411500824
4160,Plain,6.105684889,5.349330741593679
4166,Plain,3.4536384,3.555770010281396
4168,Plain,3.602679969,3.5975279057991547
4169,Plain,2.347665435,2.6294696388892365
4174,Plain,3.886140086,3.7728062314564124
4208,Plain,3.127894884,2.927274945465515
4209,Plain,3.462125141,3.12877880368272
4212,Plain,3.657214687,3.324709668362014
4216,Plain,3.443831893,3.5198549392249956
4223,Plain,3.072168601,5.214781970277733
4243,Plain,3.546599943,3.4964990961360503
4245,Plain,3.064041466,2.837478014868826
4250,Plain,2.884471237,3.00194988682467
4257,Plain,4.004754838,4.097903375405948
4260,Plain,3.691425683,3.551485328299208
4262,Plain,2.813366207,3.239925953281921
4265,Plain,2.202186565,2.627493487397075
4266,Plain,2.59140936,2.627493487397075
4267,Plain,2.141267451,2.2616988009238748
4273,Plain,2.151751516,3.049330104950417
4282,Plain,3.600659851,3.8386123115432715
4289,Plain,5.086048237,3.9440181639144543
4302,Plain,3.643282874,3.791225007068404
4306,Plain,3.601041122,3.736562370774757
4327,Plain,3.881120826,3.765202838448665
4333,Plain,3.292069758,3.6385022051211386
4338,Plain,6.382237363,3.4494606812203106
4348,Plain,3.96922671,4.012799910191821
4353,Plain,2.243465928,2.759251801389749
4355,Plain,3.909666041,2.662400524447706
4374,Plain,2.301553828,3.366938230721929
4375,Plain,3.078024806,3.451666634085437
4381,Plain,4.948464587,4.8979494422869845
4390,Plain,6.913760886,4.137904543385534
4404,Plain,3.234745723,2.768655426197883
4406,Plain,4.042019547,4.309336518534592
4412,Plain,4.485203086,3.3436204133350564
4424,Plain,2.782577929,2.405483264901056
4431,Plain,3.244766818,2.764041827525167
4432,Plain,3.254561887,2.967330702517922
4435,Plain,2.969326159,3.1951443104110107
4438,Plain,4.215077704,4.271496467603675
4455,Plain,3.012387237,3.0273195715257595
4457,Plain,3.068676254,3.687919747938019
4458,Plain,3.608038669,3.604375350884898
4460,Plain,3.990888652,3.643178218522851
4472,Plain,3.553778435,3.3777338793490346
4478,Plain,3.915366853,3.7786233636857274
4497,Plain,4.301648425,4.157492591520235
4504,Plain,4.311576353,4.191970212346381
4513,Plain,3.471476601,3.7376290503269214
4515,Plain,3.461894952,3.1912351043528475
4516,Plain,3.497913993,3.32285117133417
4519,Plain,3.520850632,3.97678228301785
4520,Plain,4.131163363,4.050549979842528
4522,Plain,3.794798146,3.616914127531614
4524,Plain,3.735347922,3.614962017080979
4525,Plain,4.764038572,4.022595660648898
4533,Plain,3.088644385,3.1329167800592552
4547,Plain,2.978444291,3.1249075732497644
4551,Plain,3.685791483,3.5400384803984855
4553,Plain,3.544467687,3.662494352621878
4554,Plain,3.826500554,3.69921197274872
4556,Plain,3.675310156,3.756508904712167
4557,Plain,3.843825867,3.743916808940805
4559,Plain,3.437397302,3.5041921622464094
4560,Plain,3.562974132,3.585380734984911
4561,Plain,3.416756408,3.7445265033597224
4562,Plain,3.493976597,3.7647409570662886
4565,Plain,3.483283939,3.802675976930425
4572,Plain,3.046271825,3.3797773004139886
4582,Plain,3.544205401,3.652655964636657
4592,Plain,2.002064746,2.262345675417849
4594,Plain,3.303520037,3.3685925326654584
4597,Plain,4.154252023,4.1400418956761875
4601,Plain,3.510817263,3.5237167529306066
4623,Plain,3.649232255,3.6927656949544683
4629,Plain,3.707185284,4.00510894956756
4641,Plain,3.434561019,3.448389011833334
4642,Plain,3.369745808,3.028682410936538
4674,Plain,3.780043284,4.058678899677748
4676,Plain,3.249275015,3.2739737927843935
4678,Plain,3.847223486,3.9028446708314997
4685,Plain,4.067610133,3.6393114064035763
4688,Plain,4.183054621,3.754658701899215
4692,Plain,4.216561735,3.76269588829973
4693,Plain,3.998111545,3.6890099972918677
4694,Plain,3.952039724,3.785167936987619
4700,Plain,3.604470988,3.341214231691393
4703,Plain,3.748690277,3.3689582558269926
4712,Plain,4.673918605,3.7595303642885467
4721,Plain,4.121988201,3.7044858086172026
4736,Plain,3.04637592,3.4742783077439725
4737,Plain,3.460865144,3.547435115722688
4739,Plain,3.377628183,3.8725925984523695
4754,Plain,3.614777866,3.781916230944997
4757,Plain,3.694300757,3.146161959195952
4765,Plain,3.23496698,3.475657472902845
4772,Plain,2.682391495,2.6962189613845626
4784,Plain,4.034923386,3.859205784310949
4785,Plain,3.372304302,3.5373895144726797
4800,Plain,4.265157311,4.005299121691526
4801,Plain,3.535606027,3.1272348914810473
4803,Plain,2.640546276,2.6849950899637247
4806,Plain,3.448594684,3.5577849840393796
4816,Plain,4.069469771,3.905921282413908
4820,Plain,3.869492479,3.280039584495556
4844,Plain,3.869212156,3.7410631791192595
4853,Plain,4.237575907,4.006078229632718
4855,Plain,4.052374547,4.210078021742929
4873,Plain,2.944344022,3.360515677232282
4877,Plain,3.679205566,3.8835177564016745
4879,Plain,6.787006403,4.520090525822952
4881,Plain,3.541099847,3.6767189186362534
4887,Plain,4.153425264,3.4024301931453813
4889,Plain,4.210141876,4.078928722928571
4894,Plain,3.99490469,3.53168521333225
4895,Plain,4.110144488,3.907447237692771
4908,Plain,2.993198565,3.196633874447234
4909,Plain,4.137259139,4.041060175036985
4910,Plain,4.195251086,3.987397048209714
4912,Plain,3.879556364,3.7022478541095567
4913,Plain,4.225796482,3.966211726682284
4923,Plain,1.471957315,3.1622123415522423
4934,Plain,3.703637923,4.011375409508496
4946,Plain,4.051822749,3.968598449146635
4962,Plain,3.58871978,3.2270533172974654
4976,Plain,3.965355901,3.5410288048746
4978,Plain,3.5052566,3.457611985614321
4994,Plain,2.889184545,2.7853438504964854
4996,Plain,3.885933459,3.8596629328877095
4997,Plain,3.985479803,3.8374057177999186
4998,Plain,3.922125091,3.892216480526165
4999,Plain,4.181961978,3.820990170488412
5000,Plain,2.827797217,3.6262096722496726
5009,Plain,4.025704772,4.121435995069491
5010,Plain,3.960837813,3.963796552285671
5011,Plain,3.782315281,3.39885784051246
5012,Plain,4.006601761,4.000953396114144
5013,Plain,3.964166719,4.074125738128099
5014,Plain,4.310087296,4.1813105395014025
5015,Plain,4.310496146,4.263099532563096
5017,Plain,2.791881954,3.299257973900297
5023,Plain,3.718590446,3.870916605634403
5030,Plain,6.359956366,4.563091748435344
5031,Plain,4.325371969,4.077273650755963
5033,Plain,4.334182232,3.5578927938075444
5041,Plain,3.246151302,3.5533949090228942
5046,Plain,4.260603192,3.9512576574483096
5051,Plain,3.378621351,3.4131810826069224
5052,Plain,3.944427335,3.842792347776351
5053,Plain,4.122785005,4.145980830862204
5054,Plain,4.234335684,4.075866276038502
5055,Plain,4.251600137,4.035526064115925
5059,Plain,3.441482168,3.573332857314881
5060,Plain,3.549078062,2.9462938117107513
5064,Plain,4.292809665,3.7379597023905697
5065,Plain,4.233058622,3.850371749250444
5071,Plain,3.621597236,3.3207905399561843
5072,Plain,3.163626772,3.6368213644655714
5073,Plain,3.884926284,3.5833770760033374
5097,Plain,3.674475666,3.9465513214756407
5101,Plain,4.74297606,3.888287612153761
5118,Plain,2.971294851,3.3117271109098607
5121,Plain,3.82872747,3.827380970499391
5130,Plain,3.56202294,3.7293936500107048
5131,Plain,3.735590916,4.536536644039594
5132,Plain,3.877853468,3.523931172240391
5136,Plain,3.078360136,3.3734507114562717
5143,Plain,3.490875467,3.3794924337944923
5154,Plain,3.245936885,2.537695813385734
5156,Plain,2.212604302,3.385970223686171
5162,Plain,4.851780412,3.940625421945284
5164,Plain,3.963474439,4.113645566072676
5165,Plain,3.933416145,4.174865052366993
5166,Plain,3.216905227,3.2318150512768726
5167,Plain,3.75383045,3.2349646512221786
5174,Plain,3.382195409,3.2432006000338225
5181,Plain,3.482111968,3.94170495887655
5185,Plain,3.711992713,3.913220678760003
5188,Plain,3.703420999,3.812546748926197
5191,Plain,3.887863684,3.7982854198355613
5195,Plain,3.630476888,3.7798339674416175
5196,Plain,3.516658577,4.044890541699298
5197,Plain,3.75789993,4.114565597866037
5198,Plain,3.768980765,4.0878808682976455
5201,Plain,3.132684737,3.3530094745366736
5205,Plain,3.830175269,4.173233368246955
5208,Plain,4.537859247,4.308801041973184
5224,Plain,4.050659795,3.6848943386815187
5229,Plain,3.342335627,3.20376451509744
5237,Plain,2.750525269,2.9269262508951917
5245,Plain,3.107992687,3.6918843459759207
5248,Plain,3.883718202,3.919344379361662
5254,Plain,3.397775814,3.023775417775736
5255,Plain,3.359835482,3.65494017376685
5260,Plain,3.62300179,3.394892914302249
5284,Plain,4.720168246,4.520990372611739
5286,Plain,2.846746928,2.7337015331653856
5287,Plain,2.989198488,3.1933404183767125
5291,Plain,3.571134605,3.100013661545039
5292,Plain,3.160298422,3.6088429530890775
5293,Plain,3.438299311,3.628830018380586
5302,Plain,3.748131243,3.998134103334416
5322,Plain,3.298298101,3.465969475155202
5352,Plain,3.484463559,3.361085209511316
5355,Plain,3.880931436,3.76386467328878
5357,Plain,3.760217783,3.854678569235737
5363,Plain,3.636991459,3.8347317196283313
5371,Plain,4.059404046,3.6672028639521983
5377,Plain,3.717758149,3.541729315327335
5381,Plain,2.913663213,3.3021672599514478
5391,Plain,2.868260441,3.4329376048985796
5392,Plain,2.893307401,3.446567220872056
5393,Plain,4.497192358,3.9827615298397943
5395,Plain,3.166865736,3.448863861212077
5398,Plain,4.30560929,4.401392874161185
5403,Plain,2.957500868,3.295317535667721
5405,Plain,3.343721646,3.7919776265079843
5411,Plain,3.756464182,3.7058398016734984
5421,Plain,2.771729834,2.8297587437602547
5422,Plain,3.911417275,3.8119292071931037
5426,Plain,2.854618309,3.430002640869701
5427,Plain,3.360821133,3.6560582983385848
5432,Plain,4.00179056,3.8362810752946856
5443,Plain,3.870514066,3.873189008952127
5444,Plain,3.249939234,3.5238654933642515
5445,Plain,3.355712257,3.578477682304577
5447,Plain,3.584759168,3.307665356709156
5451,Plain,3.56940841,4.018544811964556
5463,Plain,3.334421357,3.7454336099229497
5468,Plain,4.791384641,2.955864610964166
5472,Plain,3.034844137,3.9967711418809917
5473,Plain,2.854552405,3.205633968247627
5478,Plain,3.949346784,3.8737687356304566
5483,Plain,3.18228052,3.0141551979195045
5484,Plain,2.676333224,3.4398117271451767
5485,Plain,3.991809175,3.6954717103445804
5507,Plain,4.4081845,2.1956952216607455
5509,Plain,3.150097764,3.45114042326542
5517,Plain,2.331057972,2.617113838449137
5519,Plain,3.853374195,3.8767651841716466
5522,Plain,3.198568035,3.685090776153116
5523,Plain,3.441044504,3.4709188992284097
5533,Plain,5.57129435,4.182407802473171
5537,Plain,4.07094939,3.8289791790379266
5538,Plain,3.80611211,3.5570864182461284
5542,Plain,5.020932783,4.840959337320228
5543,Plain,5.431966532,5.270199927255796
5544,Plain,5.011976664,5.371647646375931
5545,Plain,5.194372098,5.890439984192156
5551,Plain,3.199319019,3.3065372386876346
5561,Plain,4.020987616,2.9876477166368334
5568,Plain,3.715836275,3.57396353841758
5569,Plain,4.363601237,3.881190052924943
5570,Plain,2.786656794,2.9236235814489153
5574,Plain,3.60838848,3.651068203423712
5585,Plain,3.918338377,4.091100010686703
5586,Plain,3.915150993,4.145124390008938
5589,Plain,3.83304889,3.897867360855791
5591,Plain,4.151614972,3.8340622878559216
5596,Plain,3.766850557,3.1159603748488167
5607,Plain,4.113310723,3.919445358830588
5612,Plain,3.77417051,4.0140785439855735
5616,Plain,1.867994804,2.0938242008731986
5623,Plain,3.996281038,3.803889493919318
5626,Plain,3.420866316,3.6861466756160066
5630,Plain,3.336395686,3.8254868619273172
5642,Plain,3.037797914,2.791242792194856
5646,Plain,3.035256253,2.8059780901063927
5647,Plain,3.648378242,3.862191248137708
5649,Plain,3.366133331,3.6497469102171642
5659,Plain,3.994777457,3.896377767009815
5671,Plain,3.65367758,4.534187795829166
5675,Plain,3.261542631,2.8937870444146983
5677,Plain,3.717424123,3.6552205111546345
5704,Plain,3.159079692,3.4737423251362376
5708,Plain,3.079786424,3.409590274100736
5709,Plain,3.606639285,3.5571118547569456
5711,Plain,3.373572144,3.666804115826565
5712,Plain,3.771512153,3.5728150579449207
5713,Plain,3.771512153,3.6991683673924927
5714,Plain,3.94220838,3.7198096208437046
5715,Plain,3.633209454,3.473326500566287
5716,Plain,3.921488787,3.744798024554409
5722,Plain,4.318699,4.002500924407155
5735,Plain,3.347353871,3.877976433243416
5738,Plain,3.938763572,3.4971134469373206
5744,Plain,2.880890373,3.575179810511597
5746,Plain,4.039712645,3.9535355781214
5747,Plain,3.463002594,2.9230967433782205
5751,Plain,4.556228532,4.328899003786651
5754,Plain,3.763271243,3.434285320728454
5758,Plain,3.472574581,3.952528538140432
5782,Plain,3.50501786,3.6098004332730085
5787,Plain,3.56041995,4.017422472179719
5806,Plain,3.761211868,3.562841396226578
5813,Plain,4.33333521,4.314584233733461
5819,Plain,3.12548488,3.411619808535375
5831,Plain,2.972973821,2.7581260921742103
5833,Plain,3.650271758,4.151343207661914
5840,Plain,3.761950038,3.829498718857345
5841,Plain,3.744616538,4.024988095506769
5867,Plain,3.901153559,4.169490218017077
5873,Plain,3.501407106,3.1880849945412684
5874,Plain,4.02672425,4.006262191280026
5876,Plain,3.10382204,2.68527798370388
5893,Plain,3.933907595,3.5369177008725305
5894,Plain,5.090962493,3.6461717345672406
5905,Plain,3.652037365,3.784504106617629
5907,Plain,3.764168657,4.317947706824416
5914,Plain,4.647474339,4.700215435501262
5915,Plain,5.072521936,4.976107279492922
5918,Plain,3.951940655,4.14809963873167
5919,Plain,3.951940655,4.286261048355159
5921,Plain,3.872149277,4.1435453188096245
5927,Plain,5.045627493,4.354752054047562
5932,Plain,3.910964398,3.367639771299657
5937,Plain,3.840040477,3.803179380789168
5947,Plain,3.833903757,3.7726651222383727
5959,Plain,3.899752777,3.823182700021017
5970,Plain,2.955586808,2.9994380452624485
5972,Plain,2.959934421,2.8281234855063273
5986,Plain,3.49789371,3.8578870879883795
5990,Plain,3.035274049,3.0409118841445255
6004,Plain,3.0102178,3.154640848427408
6006,Plain,2.58935525,2.733823376583272
6010,Plain,3.784467784,3.5966545450892826
6011,Plain,3.65001248,3.8374498596693396
6014,Plain,3.497518451,3.0829287176489766
6015,Plain,3.798548446,3.279497065742694
6016,Plain,3.463002594,2.961312516157829
6018,Plain,4.05751396,3.434737730524594
6019,Plain,3.568828065,3.3867345735152448
6020,Plain,4.121175604,3.445967737659213
6023,Plain,4.423240831,3.7590286646079782
6024,Plain,4.980881683,3.77879608916994
6025,Plain,5.066034589,3.649900041190685
6026,Plain,5.127264326,3.6955570580124313
6027,Plain,3.973799566,3.6681524218953445
6028,Plain,3.602715281,3.61112727800219
6032,Plain,3.96682433,3.6105961699870313
6035,Plain,3.783234897,3.6410260024122456
6039,Plain,3.400113927,3.4689499922404177
6040,Plain,3.699564794,3.477105343057408
6055,Plain,3.80084018,3.774781151201597
6058,Plain,3.105818528,3.436341477764267
6079,Plain,3.687888707,3.6910664222170655
6093,Plain,3.356404914,3.2468473912427678
6096,Plain,3.099412049,3.1778174683988727
6098,Plain,2.326388003,3.0837695546423514
6102,Plain,3.442695295,3.251489709309474
6105,Plain,3.283983801,3.486156276268829
6108,Plain,2.457701909,1.9694493699603854
6116,Plain,2.938478028,3.0804464815952874
6120,Plain,3.235194462,3.6205960859223016
6134,Plain,2.975761918,3.0522952640407777
6136,Plain,2.90946604,3.290209204474173
6137,Plain,3.046161326,3.174427182944084
6138,Plain,3.080417574,2.9439175466450047
6139,Plain,3.088506468,2.959667250948092
6154,Plain,3.954230165,3.8843738617171453
6181,Plain,4.380730136,3.9065373463254
6191,Plain,4.384312187,3.8693714697568904
6204,Plain,3.586395439,3.2872570684058573
6206,Plain,2.146664368,3.0457298480183934
6208,Plain,3.249003935,3.7731726357416226
6216,Plain,4.311161451,4.539533842934172
6235,Plain,4.768892352,4.115078951739348
6238,Plain,4.420868513,4.001831406358133
6245,Plain,3.429032052,3.5700937344460617
6251,Plain,3.207656332,3.1905011648586488
6253,Plain,3.174016865,3.2271281646791885
6267,Plain,3.541237165,3.4765249042203834
6273,Plain,3.774165556,3.517375518322441
6277,Plain,3.384235101,3.464603902847038
6280,Plain,3.968686265,3.9758307610012094
6281,Plain,4.023423421,3.8735373800706823
6282,Plain,3.968451259,3.752989881921557
6302,Plain,3.932539225,3.999304421584522
6303,Plain,3.73638353,3.8262166723951196
6319,Plain,2.397203675,2.8043292314584205
6333,Plain,3.638527375,3.3854197645853326
6335,Plain,3.206144034,3.2720716956453417
6338,Plain,3.545937416,3.6850859331778874
6339,Plain,3.395031589,3.4193503046363585
6342,Plain,3.926105681,3.792311848083595
6343,Plain,4.371007488,4.189670487425518
6345,Plain,3.471195517,3.3441870582741773
6346,Plain,3.602630404,3.5719582821324223
6349,Plain,3.777315798,4.114104713161323
6350,Plain,3.396865235,4.078206197239214
6353,Plain,3.127892237,3.3428794359415908
6363,Plain,3.406494762,3.3013451164860648
6364,Plain,3.56410995,3.3356726032161546
6367,Plain,3.326935674,3.4265602449316552
6371,Plain,3.954359271,3.4777621057814607
6374,Plain,3.754910604,3.8603609785514594
6380,Plain,5.538993807,3.890503428321
6381,Plain,5.512374838,4.012166917316448
6395,Plain,3.403206342,3.4811241191876037
6398,Plain,2.564315711,2.9912377212331993
6415,Plain,3.749127883,3.5638235472905797
6423,Plain,3.949348179,3.909023099882231
6424,Plain,3.616071256,3.670108675573763
6426,Plain,3.753053533,3.7624257820111597
6427,Plain,3.66734142,3.8157906391347964
6428,Plain,4.007397012,4.004546610484677
6435,Plain,3.212552681,3.803763066498711
6438,Plain,2.594916575,2.8994887394786693
6456,Plain,3.067846257,3.305330302335497
6459,Plain,3.446544286,3.518197782466679
6462,Plain,4.150643115,3.739309991393447
6464,Plain,4.681691223,3.424318013616092
6466,Plain,3.13111765,3.5550758191750744
6468,Plain,3.568594666,3.6575841050530435
6476,Plain,3.210682583,3.261921141342611
6483,Plain,3.039163228,3.2758476693874816
6486,Plain,3.824072271,3.967932793231746
6493,Plain,3.35661281,3.6719145855636226
6495,Plain,3.990507651,3.9590678039392717
6497,Plain,2.569541364,3.205134917500721
6499,Plain,2.57616852,3.0501151277391787
6519,Plain,3.492696547,3.5285623756059334
6524,Plain,3.874105764,3.3150152259435535
6543,Plain,3.766164032,3.7719659337021105
6555,Plain,2.819593284,3.3663240372751035
6571,Plain,3.166477478,3.698430289957673
6578,Plain,3.428730679,4.246820891650812
6580,Plain,4.576604579,3.763521376346585
6582,Plain,2.229170023,2.2829336453200684
6589,Plain,2.939483753,3.225050301866749
6607,Plain,3.21550009,3.4728807958050307
6630,Plain,3.183024544,3.5228128019587346
6631,Plain,3.452666409,3.390549755607272
6633,Plain,4.729113679,3.8382058903787692
6634,Plain,4.120523081,4.097196823675941
6664,Plain,3.55756334,3.9883595049346585
6667,Plain,4.255925868,4.2097265488001785
6668,Plain,4.348949078,4.023644297108822
6670,Plain,2.909588713,2.576204226363175
6674,Plain,5.208914648,5.389789754519066
6677,Plain,3.146971585,3.316871666696486
6679,Plain,3.439888235,3.2708417595148704
6680,Plain,3.471053224,3.8015886114529316
6681,Plain,2.892571754,3.446607681045025
6688,Plain,3.587702548,3.4892109067699253
6693,Plain,3.879055476,3.926286046250699
6699,Plain,3.63351769,3.4157485472228992
6703,Plain,3.18976254,3.6456277394947336
6712,Plain,3.649084045,3.504425426690044
6714,Plain,3.582365167,3.5128560440918064
6720,Plain,3.679589859,3.8936574915335957
6723,Plain,3.761053267,4.0431287750094205
6730,Plain,3.092478595,3.0805117379285094
6731,Plain,2.91206586,3.1074560444914
6732,Plain,3.189201897,3.3843058891148377
6772,Plain,3.206190004,3.454074024324915
6773,Plain,3.753459942,3.6048261953905034
6774,Plain,3.863348887,3.4271282031219035
6780,Plain,3.429315684,3.4339243356993077
6791,Plain,3.693614139,3.56077212084551
6805,Plain,3.097503722,2.935329784003142
6816,Plain,2.81908584,3.390390959216386
6824,Plain,3.268595971,3.537221797310712
6826,Plain,3.679772678,3.90095044543236
6828,Plain,2.625900717,2.942849491899208
6836,Plain,2.716299377,3.7205361369034806
6838,Plain,2.664650221,3.477730248930409
6839,Plain,3.548339089,3.4883333095666345
6840,Plain,2.827468802,3.4430060672588296
6848,Plain,3.613327973,3.3310031538648937
6851,Plain,3.480273929,3.2046328241204693
6862,Plain,3.412087415,3.3515367194739003
6872,Plain,3.823867171,3.8854251256574464
6884,Plain,4.036149909,3.9537109265578625
6889,Plain,3.836878839,3.682152951982561
6890,Plain,4.359061384,3.82357649694031
6892,Plain,3.381188819,3.819255908516758
6894,Plain,2.380775859,2.370903814804226
6896,Plain,2.431928382,2.48103714828392
6899,Plain,3.877542308,3.7491177733353482
6910,Plain,3.461252886,3.727308814600523
6915,Plain,3.980903687,3.7936565518491525
6917,Plain,2.212622015,2.1928137604223954
6921,Plain,2.122586439,2.3843675508552935
6924,Plain,3.11414375,3.30196588283125
6926,Plain,2.170907981,2.1845034153544276
6942,Plain,2.725701559,3.121391062112127
6953,Plain,3.142020096,3.4675020221774964
6960,Plain,1.611803303,2.1581055091881334
6972,Plain,3.489149573,3.9898550910918655
6974,Plain,4.239870408,3.687861832676951
6975,Plain,4.286351196,3.7639919245641984
6976,Plain,4.138017023,3.8951076224404404
6977,Plain,4.471523957,3.866382785333218
6981,Plain,3.564446621,3.8013554758124295
6987,Plain,2.915552254,2.724561007311055
6992,Plain,3.527099775,3.1843057638003094
6995,Plain,4.262791114,3.7469783458430572
6998,Plain,3.545373842,3.8345755191033097
7003,Plain,3.186466607,3.027423013065415
7005,Plain,3.457197382,3.37068325987039
7007,Plain,3.051099975,2.4485673633392087
7013,Plain,3.521104595,3.195444399092919
7027,Plain,3.096325525,2.877152693704305
7036,Plain,2.613858289,3.042126124509298
7038,Plain,2.733936167,3.0919227308306416
7050,Plain,3.387914795,3.5597510956881933
7052,Plain,2.236476612,3.0241005878230367
7057,Plain,1.900703748,2.108637788783841
7060,Plain,3.73389339,3.886743563784812
7061,Plain,2.747476546,2.7890575982114703
7062,Plain,3.347410252,3.7011416150363026
7067,Plain,2.494326071,2.9248242950136403
7080,Plain,3.148285975,3.3240733476080866
7085,Plain,3.120777205,3.4722598620632783
7096,Plain,3.659447419,3.655132921293507
7097,Plain,3.657170288,3.2799536433232994
7100,Plain,3.965047283,3.2999093569375786
7105,Plain,3.904212147,3.8406234886517057
7106,Plain,4.170810106,3.6953007761561225
7115,Plain,2.110357662,2.530512744632526
7116,Plain,2.205867896,2.644994850977058
7117,Plain,3.468865516,3.503004325201221
7121,Plain,3.946779664,3.782643486419314
7130,Plain,3.226801756,3.2288451816855
7143,Plain,1.384691993,1.830584848565094
7149,Plain,2.919729046,3.073099631964921
7156,Plain,4.145238372,3.9167291154044306
7161,Plain,3.568314894,3.3342727489657347
7170,Plain,3.877395855,4.2331386246111675
7172,Plain,3.518921722,3.559731870350624
7200,Plain,3.880037616,3.8257500803136852
7213,Plain,1.966787998,2.4753414080801086
7214,Plain,3.512235999,3.6702223811256256
7216,Plain,3.634351296,3.2099725313891363
7226,Plain,3.552976716,3.8186516563157915
7232,Plain,3.181387784,3.582423317270388
7240,Plain,3.323878455,3.722041671904079
7252,Plain,4.33800656,3.926582317742453
7256,Plain,4.183311464,3.660119944846185
7262,Plain,3.419465977,3.570494645055236
7266,Plain,3.371057782,3.2177506105044924
7270,Plain,3.464337724,3.4999600677310667
7273,Plain,2.54525471,2.656740015628475
7276,Plain,4.493411575,3.104220157915905
7278,Plain,3.220654537,3.2265523154373343
7280,Plain,3.794307198,3.7371590851671317
7301,Plain,4.191960209,3.4320237418050135
7305,Plain,3.314290767,3.343727816351837
7306,Plain,3.408682517,3.5141744535805044
7311,Plain,2.144293316,3.0298385319779384
7312,Plain,2.922048778,3.419354565919309
7315,Plain,2.859245072,2.508007326128526
7333,Plain,2.979201752,3.511074579588633
7335,Plain,3.049758831,3.224934686622939
7337,Plain,3.200128744,3.18956469255661
7341,Plain,3.239741167,3.399227403538756
7343,Plain,1.605168099,2.133442307319969
7344,Plain,2.285114476,2.7924922068093685
7349,Plain,3.083878014,3.2028361617952155
7374,Plain,3.211378655,3.723201837524489
7387,Plain,2.248638232,2.2035728848353213
7388,Plain,2.01354583,2.0002598578156885
7397,Plain,3.274138302,3.4448588246607805
7399,Plain,3.82423124,3.8888278029595162
7403,Plain,4.048909318,3.6274336772842384
7404,Plain,4.401665862,3.6759677408613087
7405,Plain,3.796305418,3.8775238032845163
7413,Plain,3.703039451,3.286821948532812
7414,Plain,3.550115789,3.5567819499826108
7418,Plain,4.253434935,3.8132315388832394
7419,Plain,4.296401902,3.933895255754176
7431,Plain,3.749052708,3.821717409040641
7441,Plain,2.906191833,3.1990124345998887
7446,Plain,3.489211526,4.022894638465198
7448,Plain,4.934364336,3.4860217194913248
7455,Plain,3.828656445,3.797375959014958
7456,Plain,2.924075304,2.6221659872282825
7459,Plain,3.191808587,3.073477037455016
7461,Plain,3.195464218,2.8168548724626046
7467,Plain,3.91297843,3.7060601802349336
7471,Plain,5.190350377,5.772189816818312
7473,Plain,3.170907981,2.0880288687961035
7474,Plain,1.981784641,2.3573307372437595
7505,Plain,3.74756855,3.6003322661226025
7507,Plain,3.990606598,3.6634775758346017
7508,Plain,3.872507286,3.6478102919498605
7511,Plain,3.857621068,3.5747436978122344
7512,Plain,3.708399652,3.6332408040929742
7514,Plain,3.718925574,3.6813344061124402
7515,Plain,3.788690968,3.77162092024935
7518,Plain,4.739084718,3.6943789991727445
7524,Plain,2.906655226,2.786660610854832
7527,Plain,3.310593791,3.578430358658641
7536,Plain,4.664093905,3.8335354085217443
7541,Plain,3.82796868,3.398115517659119
7542,Plain,2.859069814,2.8409477294768752
7544,Plain,3.22059037,3.103239439248377
7553,Plain,2.772940322,3.1777085777262064
7556,Plain,2.718520372,3.3390843690452727
7557,Plain,3.768056398,3.737570938009727
7562,Plain,4.033233962,3.6476138174400274
7564,Plain,3.871502048,3.8923255262927543
7572,Plain,3.503929547,3.3407650433507015
7573,Plain,3.477273954,3.4845598027987172
7574,Plain,3.379015287,3.2511259840188576
7576,Plain,3.446234174,3.494246054822504
7577,Plain,3.449288595,3.2220235822218366
7581,Plain,3.467507474,3.650091442140556
7582,Plain,3.470416372,3.348469810511596
7584,Plain,3.496722133,3.683065189595983
7585,Plain,3.499442379,3.385255525699425
7590,Plain,4.188786433,4.049582595465617
7595,Plain,3.046178552,3.20381088055181
7607,Plain,4.070225589,4.442206753133434
7638,Plain,3.071757192,3.0497618319604016
7657,Plain,3.923038509,3.9761286464142076
7658,Plain,4.195995906,3.8625275979472646
7660,Plain,3.170874577,3.137773170535955
7667,Plain,2.946630728,3.1176788743407857
7668,Plain,3.242006927,3.1572754358712696
7669,Plain,3.190854405,3.255653239281875
7691,Plain,3.926090361,3.875874996897666
7694,Plain,3.620310839,3.9682997642442372
7711,Plain,3.284900227,3.6946286072712695
7712,Plain,3.559730648,3.829632823354128
7721,Plain,3.673810709,3.9359378875423268
7728,Plain,4.506802578,4.153438769918118
7729,Plain,4.114493111,3.5513758497195917
7731,Plain,3.123462591,3.4094484747153144
7733,Plain,3.604015723,3.3718800171980594
7736,Plain,4.761966479,4.0444418615448505
7737,Plain,5.072543986,4.7239250100663455
7746,Plain,4.093191051,3.89842549232912
7754,Plain,3.547104962,3.711819167677248
7755,Plain,3.221838616,3.8557896957214144
7756,Plain,3.121457705,3.478212214804261
7758,Plain,4.045016386,3.554953383357485
7763,Plain,3.909105456,4.11354308569165
7773,Plain,6.14238446,3.8843887003731115
7781,Plain,2.979201752,2.758829723635623
7836,Plain,4.144077894,3.81440755409822
7842,Plain,3.500400667,3.604937315304433
7854,Plain,2.2244722,2.6251992359784966
7865,Plain,3.049349411,3.454251573167193
7880,Plain,3.195393537,3.0716998607845896
7887,Plain,5.753211413,3.825313641228848
7888,Plain,5.549091431,3.818217545325631
7937,Plain,3.623804729,3.650932669435832
7944,Plain,4.470654664,3.1540196154948394
7945,Plain,2.967569009,2.9061624255052987
7971,Plain,3.614126654,3.7960505594650464
7972,Plain,4.011270803,3.906665259148037
7974,Plain,3.566195402,3.5931535556584873
8024,Plain,3.092336155,2.8920406120045588
8034,Plain,7.000686135,5.479724465992483
8041,Plain,5.449209317,4.13762230379198
8047,Plain,3.061119791,3.4959925905378286
8056,Plain,4.612549772,4.556679092832103
8057,Plain,4.586923573,4.672000519883603
8060,Plain,3.991005826,3.96018139387291
8076,Plain,3.658452361,3.750488900883894
8077,Plain,3.525680874,3.969541441110067
8081,Plain,3.768416088,3.572814049330124
8112,Plain,6.156470242,5.522063327465227
8113,Plain,5.498207736,5.586822674049558
8114,Plain,6.094081187,5.5524823836511015
8115,Plain,5.212010831,5.487988272679521
8116,Plain,7.201757369,5.5524823836511015
8117,Plain,5.434856903,5.249329519601616
8118,Plain,5.284216666,5.1022343476985945
8119,Plain,5.394323357,5.157440878499715
8127,Plain,7.124151226,5.7294409773715405
8128,Plain,5.256826578,5.3172170933266365
8150,Plain,3.238934869,3.4814668032126463
8181,Plain,3.410217987,3.656648594689772
8189,Plain,3.28165594,3.521507849466235
8222,Plain,2.092099475,2.7716220962734144
8223,Plain,2.53315283,2.7137563098950985
8257,Plain,3.986666186,4.06182972083038
8262,Plain,3.301678996,4.051477345415496
8265,Plain,3.500243338,3.580303188777729
8282,Plain,2.962727022,2.739950837488131
8288,Plain,3.442695295,3.4974872419098193
8289,Plain,5.065812007,3.9141211226575257
8293,Plain,2.797997986,3.434265252873962
8298,Plain,2.853393977,3.817766617599345
8302,Plain,3.477609823,3.366838579425009
8311,Plain,3.640946709,3.79283747815803
8341,Plain,3.922605607,3.7615177495776835
8343,Plain,3.247660724,3.342918530267876
8344,Plain,3.626255251,3.7255640507870345
8346,Plain,3.938431561,3.7638470346126005
8347,Plain,3.998297203,3.9235316386582357
8353,Plain,2.907724785,2.9477803653020187
8355,Plain,3.798726198,3.4852112890920197
8366,Plain,3.559876714,3.325294885066934
8378,Plain,4.592455641,4.218856588467271
8397,Plain,4.004109811,4.020806443550581
8401,Plain,3.209138045,3.4661594856931295
8402,Plain,3.776406047,3.159271431703604
8410,Plain,3.406603759,3.5111514539117854
8413,Plain,2.976033429,3.4260555159065627
8414,Plain,3.295276655,3.5376648072353207
8415,Plain,3.717723605,3.813670985490282
8418,Plain,3.023019556,3.6569730253503114
8421,Plain,3.428606684,3.621600959758539
8427,Plain,5.523228108,3.6843134146648655
8429,Plain,4.126650821,3.7851373902894094
8431,Plain,3.880782012,3.838850698217842
8432,Plain,4.033959055,3.8333573231496545
8433,Plain,3.948718527,3.8724768916264387
8434,Plain,4.249748523,3.953881037588027
8435,Plain,4.230965935,3.984886921011757
8436,Plain,3.969498347,3.790626649845706
8457,Plain,3.731843232,3.5697878657874247
8458,Plain,3.968873655,3.918184792867988
8459,Plain,4.122794006,4.022018971564355
8460,Plain,3.895087441,3.8387821280312533
8461,Plain,4.219704019,4.031025381346093
8463,Plain,3.747024905,3.889441651256296
8465,Plain,4.064731071,4.271981019615413
8471,Plain,3.921621085,3.8498399364879723
8491,Plain,3.433206885,3.673079037005594
8532,Plain,3.959935631,3.809346437743663
8543,Plain,3.667540114,3.5804481136416877
8583,Plain,4.216888924,3.825327400242455
8595,Plain,3.473216503,3.660645135936159
8602,Plain,3.763262441,3.441951141054051
8605,Plain,3.538928192,3.4206643325628607
8606,Plain,3.613141874,3.606158601795439
8628,Plain,3.465096736,3.196652654074023
8641,Plain,3.053689868,3.697241854429603
8643,Plain,3.872663971,3.8708201822540658
8648,Plain,3.061270228,3.4019374711925896
8652,Plain,4.313812116,4.091619914573761
8653,Plain,3.773620602,3.8525184955771614
8660,Plain,2.774646568,3.1132005020067233
8664,Plain,3.495019285,3.418944716280517
8674,Plain,3.669555949,3.3348238978225133
8695,Plain,3.491120664,3.9170884767347935
8698,Plain,4.015603811,4.324699552410626
8733,Plain,2.799838324,3.273756288232707
8746,Plain,3.844208377,3.893030999682287
8759,Plain,4.048328359,3.782686604654866
8764,Plain,3.635207198,3.772461293518978
8765,Plain,3.627880102,3.696155869622923
8774,Plain,3.602478574,3.947535126332426
8779,Plain,3.201680545,3.9732852483750154
8781,Plain,4.067046473,4.372393959046862
8783,Plain,3.716639472,3.4317090172295317
8785,Plain,6.725142848,3.518443765404117
8829,Plain,3.512423708,3.752569081676778
8834,Plain,3.541409843,3.8470106963049338
8841,Plain,3.381094602,3.460507794268069
8860,Plain,4.217527559,3.8947885289131254
8868,Plain,3.490542169,3.9614481257241825
8873,Plain,4.50912072,3.9763737766444502
8888,Plain,3.19351195,2.8474957284304807
8895,Plain,3.584759168,3.545795572869156
8902,Plain,3.59459773,3.3974123208225095
8903,Plain,2.689959665,3.445430352102022
8911,Plain,3.128875056,3.720019450011376
8925,Plain,3.236587641,3.765531018018052
8936,Plain,4.053383322,3.6186949867956093
8937,Plain,4.292829209,4.268525397823322
8943,Plain,1.979569938,2.0951672694044285
8950,Plain,3.542155846,3.5532591502588877
8953,Plain,3.605029558,3.475157483030414
8954,Plain,3.741001324,3.463113523203262
8981,Plain,4.970916572,4.1828407815819775
8988,Plain,3.660610635,3.7059598166223986
8995,Plain,3.697733111,3.613200749444773
8998,Plain,4.142049845,3.841631323547673
9003,Plain,3.625318332,3.4841431327388652
9005,Plain,3.825055933,3.8869220102029782
9012,Plain,3.143495695,2.827148764878176
9018,Plain,4.291444335,3.998091787762075
9019,Plain,4.321407558,3.9826355640376674
9020,Plain,4.168623504,3.9414369883792597
9021,Plain,4.30013567,4.032226984049754
9022,Plain,4.488876472,4.022598891959623
9029,Plain,3.736653986,3.966191195394415
9043,Plain,4.153220963,4.100131883160845
9058,Plain,3.720391801,3.8762084882658634
9061,Plain,3.599569631,4.090608529691827
9082,Plain,4.422976212,4.056260531530499
9083,Plain,3.825546661,3.768790035856833
9085,Plain,5.169500054,3.870754480323379
9087,Plain,4.451160486,3.7615168551269313
9089,Plain,2.915992075,3.4745604264925536
9104,Plain,3.991699996,3.2743142318788983
9108,Plain,3.615216846,3.833016136672474
9109,Plain,3.58986586,3.7193278838439228
9130,Plain,2.507051562,2.69762220197717
9131,Plain,3.859905369,3.733601561986907
9137,Plain,3.958544282,3.9844183984215737
9139,Plain,3.23664501,3.8342524223916645
9142,Plain,3.112115101,2.4503954173792883
9154,Plain,3.595418321,3.7044111604403653
9155,Plain,4.325432275,4.073614322040422
9168,Plain,3.498430026,3.7016940714814828
9174,Plain,3.694496308,3.6037298676681417
9182,Plain,3.263561862,3.3337389014684606
9183,Plain,3.952439214,3.5880063411062935
9192,Plain,3.545160757,3.541622149062293
9198,Plain,2.912205046,2.776737707457146
9259,Plain,3.323003928,3.2205864284895727
9276,Plain,4.045746105,4.062670254763572
9277,Plain,4.44838944,4.125839501698562
9278,Plain,3.489106483,3.8984747646599467
9279,Plain,4.168877087,3.8476244147044874
9280,Plain,3.548021467,4.098385223295391
9284,Plain,2.944057492,2.744629974550813
9291,Plain,2.589748596,3.111045680638978
9294,Plain,3.3498148,3.7588410469927056
9318,Plain,3.277844441,3.306248684533532
9328,Plain,3.579538625,3.3463133692839575
9340,Plain,3.845470133,4.028122435525887
9341,Plain,4.209907682,4.1316615983898215
9342,Plain,3.93958026,4.114078543092537
9365,Plain,5.095480397,4.5306923416287175
9370,Plain,3.429056029,3.7359575777898186
9401,Plain,3.971218246,3.8275793376266405
9425,Plain,3.034300699,3.5200861269631933
9429,Plain,3.741019019,3.931537264348424
9430,Plain,3.580428844,3.945892657067232
9434,Plain,2.595702703,3.009804797350875
9440,Plain,4.106430067,3.483435460379999
9454,Plain,4.26833165,4.111125123901307
9463,Plain,3.810787996,3.8897230578141313
9469,Plain,6.175493258,5.012839518904386
9471,Plain,6.518426195,4.229153095284175
9476,Plain,3.726452295,3.9753200077927655
9477,Plain,3.63807602,3.789331592532824
9479,Plain,3.546168182,4.054856888391847
9480,Plain,3.434227886,3.8051609350342135
9481,Plain,3.638759465,3.981862863435061
9482,Plain,3.606175735,3.920631584566488
9483,Plain,3.697997712,3.918818292037634
9484,Plain,3.525406857,3.979271276000435
9485,Plain,3.699359454,3.9476304050772875
9486,Plain,3.914632504,3.8593048389442233
9487,Plain,3.70925905,3.8600714389975543
9488,Plain,3.749773376,3.7329687595511163
9489,Plain,3.790288623,3.8749432656977216
9490,Plain,3.640865637,3.764743504165519
9494,Plain,4.539834984,4.4869784846496215
9501,Plain,3.214876347,3.8538791442387734
9503,Plain,3.146593102,4.34149248004549
9506,Plain,4.289300423,4.732015487904125
9507,Plain,5.219889635,5.025454099527578
9508,Plain,4.856749427,4.946142855950551
9511,Plain,4.398607641,4.90168141705667
9515,Plain,3.28109803,2.906266198009535
9516,Plain,4.093196891,4.194851793042795
9520,Plain,4.111848349,3.7908217034377185
9521,Plain,4.084654143,4.163173536045372
9523,Plain,4.180636693,4.164076721069503
9527,Plain,4.162675334,4.0073089697899835
9528,Plain,4.1964117,4.189163474828826
9530,Plain,3.937900114,3.98208743215534
9531,Plain,4.187777587,3.976033279253146
9532,Plain,4.226275927,4.122994030480895
9533,Plain,3.906762525,4.100182079225054
9534,Plain,4.017909396,4.168792879515269
9535,Plain,4.029121839,4.242840964767113
9536,Plain,4.089422747,4.136338763297956
9537,Plain,4.019683419,4.064722987411571
9539,Plain,4.122053453,4.0234375141936365
9546,Plain,4.070282837,4.175660275690293
9551,Plain,3.836909529,4.160216997062799
9555,Plain,4.620422366,3.939209766924728
9566,Plain,4.118878638,4.17225967537456
9567,Plain,4.572691577,4.836693891839744
9608,Plain,3.747327045,3.9661670211635975
9612,Plain,4.858777737,4.105567047560692
9624,Plain,3.818489822,4.286995392363993
9627,Plain,4.390536902,4.520596029046179
9641,Plain,4.109797832,4.189735072179153
9642,Plain,4.051805885,4.159850589280936
9649,Plain,4.086170358,3.8878623372766246
9655,Plain,3.349798223,3.7378691472518764
9657,Plain,3.285622561,3.4137573806846673
9659,Plain,3.823657166,3.464057968157059
9660,Plain,2.47751556,2.4759462213950587
9662,Plain,2.99828114,3.0762822954249383
9666,Plain,4.297319794,3.7232400874558818
9670,Plain,3.418886035,3.5214421949156707
9673,Plain,3.719488732,4.190944590134803
9682,Plain,3.0027962,3.3571174114765663
9683,Plain,2.995801713,3.353480367088888
9708,Plain,4.379316095,4.035190962080137
9720,Plain,3.891196451,4.444005516332257
9721,Plain,4.2661796,4.156514075083786
9723,Plain,3.727106921,3.7732965466671016
9724,Plain,3.741605252,3.7368716803190365
9727,Plain,4.317421561,4.511250320166769
9728,Plain,4.422156911,4.47683564596689
9729,Plain,4.499655013,4.361864029644379
9731,Plain,4.525129531,4.35112215943643
9733,Plain,4.32960972,4.545122008638487
9736,Plain,4.956392566,4.506171435616801
9756,Plain,4.128326675,3.903469575767228
9757,Plain,4.034923386,3.9969059041595827
9758,Plain,4.218666325,3.9968609469692935
9760,Plain,4.160742317,4.197715922231959
9762,Plain,4.166539408,4.25490162302861
9763,Plain,3.984158119,4.192879730183287
9764,Plain,4.328304836,4.187456700699337
9765,Plain,2.350438875,2.525446103151798
9768,Plain,4.751099394,3.9365146976353538
9777,Plain,3.953519424,3.77292640600542
9782,Plain,4.39387181,4.281789701797353
9790,Plain,3.679632802,3.936134880502455
9791,Plain,4.574418273,3.8783752677674737
9792,Plain,4.503562907,3.9010548467596573
9794,Plain,4.655006184,3.8521289229262
9798,Plain,3.567338217,3.7311421964168527
9829,Plain,3.383285289,3.6495843920560755
9864,Plain,2.227770245,2.808259753138465
9870,Plain,3.721619385,3.8672783370045996
9874,Plain,4.544579853,3.458760056249969
9901,Plain,3.368463408,3.586556321679624
9910,Plain,5.814400694,3.7914908389962227
9931,Plain,4.646667862,5.201803220525171
9936,Plain,4.53190789,4.586606788756906
9942,Plain,3.376267972,3.570670429181943
9948,Plain,5.384675364,5.34227137156046
9951,Plain,4.005505866,4.066562731991864
9966,Plain,4.017612807,4.068755687431537
9968,Plain,5.80524856,5.015872253110427
9982,Plain,4.045797562,4.472037605127411
9983,Plain,3.391564907,3.0403577125767955
9988,Plain,4.756474454,4.348255495462686
9990,Plain,2.721144495,2.176849447670193
9991,Plain,2.320939733,2.1849511763591485
9992,Plain,3.144933325,2.153945539182284
9993,Plain,2.024509502,2.2118105137400796
10032,Plain,2.428929981,2.4517531336845773
10035,Plain,3.72012353,4.685508813866973
10036,Plain,2.857831648,4.411793381054281
10039,Plain,4.763026332,4.38697558956224
10041,Plain,3.473509909,4.771298085725914
10043,Plain,3.097689114,3.4021050266260793
10044,Plain,4.778636137,4.553371754860447
10046,Plain,4.816826043,4.7562812709146485
10070,Plain,3.555448685,3.2941542767316365
10071,Plain,3.606743172,3.3692911044825187
10080,Plain,3.434218065,3.2964816937472183
10088,Plain,3.81280347,4.14992399726165
10092,Plain,3.748786884,4.083530442780947
10098,Plain,3.770360534,4.151389878329698
10104,Plain,4.435961096,5.023374308932995
10105,Plain,4.585723416,4.995771236942324
10106,Plain,4.584968626,3.9227110614953506
10118,Plain,3.164892909,3.765040300231878
10122,Plain,3.992601712,3.8084188189805226
10133,Plain,4.918796253,5.1115741966172905
10137,Plain,4.540534371,4.159462225730387
10143,Plain,3.792585038,4.66268672559262
10148,Plain,4.527145254,4.502106344754133
10166,Plain,3.103136006,3.35892954481359
10174,Plain,3.871920319,3.6980681597399396
10176,Plain,3.882904832,3.7591984911699643
10177,Plain,3.795195507,3.761069228207979
10178,Plain,4.148784258,3.6929539955552664
10180,Plain,3.581501657,3.6071895662617375
10191,Plain,3.524423662,4.1397259636797115
10202,Plain,3.451089822,2.967200345514803
10204,Plain,3.091133286,2.737902167439695
10207,Plain,3.00327103,3.132043837409396
10218,Plain,3.606942541,3.8484100766937983
10227,Plain,4.649901214,5.096915826007428
10228,Plain,5.614575593,3.4010488641981977
10233,Plain,6.214312837,4.151458463164078
10236,Plain,3.53121881,3.5351129594810335
10238,Plain,2.547619353,2.6867663487135505
10242,Plain,4.716618437,4.691558543498327
10249,Plain,2.574603745,2.7754929693541226
10264,Plain,3.008827638,3.6110102429625526
10265,Plain,4.208771996,3.5809473639054725
10273,Plain,3.61790537,3.897463389827865
10274,Plain,3.606769004,3.8864884008759883
10275,Plain,3.954872125,4.004019222491529
10276,Plain,3.90229782,4.048052835544515
10277,Plain,3.689689728,3.8944962902287092
10279,Plain,3.57581727,3.440272746955224
10280,Plain,3.535718287,3.4924801430935846
10284,Plain,3.317471345,3.5466620096751855
10291,Plain,3.65650014,3.5240412155985226
10293,Plain,3.626832904,3.5152998036556427
10323,Plain,4.631081222,3.9260577072084413
10372,Plain,3.089708909,3.5850281023935926
10383,Plain,2.902919878,3.6475204856954844
10384,Plain,3.266334938,3.547341327060465
10394,Plain,3.752315757,4.00225438546363
10395,Plain,3.565512444,3.9038098186816104
10396,Plain,5.030090511,4.1608673052744045
10397,Plain,4.223175015,4.103914194693826
10398,Plain,4.886092094,3.9901845048720697
10400,Plain,4.400438228,4.135841210443048
10408,Plain,3.886385805,4.003987122538876
10417,Plain,4.13624586,3.951966413113278
10419,Plain,3.420511884,3.620007434663947
10420,Plain,3.594794927,3.8274429474528437
10429,Plain,3.107214431,3.3928028032792525
10440,Plain,5.678434291,3.9840582326068708
10441,Plain,3.823624088,3.7745145908290763
10442,Plain,3.447726895,3.821097945880717
10452,Plain,4.003478997,3.3440644662061865
10471,Plain,3.695194825,3.6340634215168004
10493,Plain,3.822890256,3.6129645580103027
10514,Plain,3.638959123,3.6130573001680566
10515,Plain,3.044598551,3.1642194627019355
10517,Plain,3.33542794,3.97005596047381
10518,Plain,3.606145188,3.3727916792923325
10519,Plain,3.505410477,3.478176882768488
10520,Plain,1.939118925,2.361787923944325
10523,Plain,3.901761809,3.6133967381763665
10526,Plain,4.556536777,4.077421749213167
10532,Plain,3.600646236,3.2721835563325166
10541,Plain,2.980890582,3.476200172439227
10560,Plain,3.576824499,3.4324884535717524
10566,Plain,3.820640038,3.866547973184639
10569,Plain,4.022706264,3.370483251675049
10605,Plain,3.306302288,3.866417606592902
10608,Plain,3.118841344,3.2284893546921705
10609,Plain,5.997987076,4.310746712900867
10616,Plain,3.04082477,3.6984537109442557
10618,Plain,3.330470142,3.5933710969622705
10619,Plain,3.064056068,3.026893086486816
10620,Plain,3.636548788,3.565675009008216
10631,Plain,3.82465106,4.093403441987085
10633,Plain,3.612176252,3.812576416733394
10634,Plain,4.087722278,3.501120180113155
10635,Plain,3.283834721,3.0537620619752652
10645,Plain,3.802439232,4.160448059656709
10650,Plain,4.048454752,4.009102636037836
10655,Plain,3.604596296,3.88826918277389
10661,Plain,3.103223895,3.4754066640698404
10662,Plain,2.989907066,3.7084015801934873
10664,Plain,2.962832332,3.589920122643142
10665,Plain,4.298095128,3.1531910648986803
10671,Plain,3.71436569,3.5538498218732633
10672,Plain,3.619637349,3.634176039616091
10690,Plain,3.52816696,3.5920892954826242
10706,Plain,3.549209144,4.5467667942679855
10709,Plain,4.235228152,4.353598925349116
10710,Plain,4.215077704,4.048507050853091
10711,Plain,3.905151089,3.9690057629558577
10723,Plain,3.414896319,3.8951401525366904
10724,Plain,3.776291181,3.7834877269910274
10727,Plain,2.988348348,3.3827529976848267
10729,Plain,3.028677419,3.4299624624781293
10742,Plain,2.499078337,2.813452786207652
10745,Plain,3.543342877,3.9554239783197866
10748,Plain,3.781336004,4.0716387713197335
10749,Plain,3.702622837,3.620510721385138
10750,Plain,3.72367845,3.7041702743246945
10752,Plain,3.594771268,3.300187159886863
10754,Plain,2.811300553,2.850677689639251
10760,Plain,3.65375084,3.8184739658277094
10764,Plain,2.740794302,3.6678610128648765
10770,Plain,4.28530471,3.481087529622492
10773,Plain,3.694846407,3.5786612505663875
10774,Plain,3.464358375,3.5635744448386424
10786,Plain,4.212990276,3.054779933324574
10788,Plain,3.96094365,3.8942802772134653
10790,Plain,3.585473138,3.7304678972462484
10793,Plain,3.53121881,3.631444125316147
10794,Plain,2.783208813,3.668897260687825
10795,Plain,3.670625165,3.738437294083556
10799,Plain,3.878929115,3.232831157233957
10810,Plain,2.794457063,3.1715592278264424
10823,Plain,3.209222736,3.3857601180134353
10828,Plain,3.560058285,3.4496878991703324
10833,Plain,3.737863962,3.7658145495702366
10834,Plain,3.058298662,3.533570134476701
10838,Plain,2.829780029,2.9924772638019714
10854,Plain,4.574522547,3.5483714918066376
10859,Plain,3.631563343,3.3812627214270385
10868,Plain,3.582858462,3.558075189970756
10870,Plain,2.965473475,3.1917960072897094
10873,Plain,3.872994489,3.8123405125682686
10891,Plain,3.520310567,3.772552141776412
10897,Plain,3.685120163,3.5592077400466193
10900,Plain,3.14619492,3.659451623031522
10907,Plain,6.083230205,3.645519891540647
10911,Plain,4.309777982,3.709591937101367
10917,Plain,6.333005702,3.8326135034224045
10931,Plain,3.336847166,3.437227148149394
10937,Plain,3.032019077,3.4932394126586885
10938,Plain,3.016548925,2.983170472114249
10948,Plain,3.458183595,3.8501274822044946
10956,Plain,2.762648091,3.3761023019099943
10978,Plain,3.762486835,2.492440295288231
10981,Plain,2.900186135,3.097582975864713
10984,Plain,3.709266932,3.5511906052011186
10985,Plain,3.425371166,3.7125971237440547
10989,Plain,4.07977055,3.8231010810184483
11001,Plain,3.019416337,3.5539999750347624
11011,Plain,3.028422125,3.5917784010234697
11021,Plain,3.888378898,3.689221544489414
11024,Plain,3.848771745,3.797530767998478
11030,Plain,3.443655631,3.637138131713336
11039,Plain,3.026433384,3.1361412068271863
11042,Plain,3.189321841,2.8475194637915986
11045,Plain,3.553453893,3.7054322517193246
11070,Plain,3.68690108,3.104829551840324
11088,Plain,3.20920959,3.0659886941173253
11100,Plain,3.566305475,3.5489327853900288
11115,Plain,3.553367147,3.2216498134441545
11119,Plain,2.875582104,3.493169784522995
11120,Plain,3.578626932,3.365465998580012
11121,Plain,2.945667037,3.5210123252093934
11123,Plain,3.524273226,3.2828698623888584
11129,Plain,3.826625424,3.427944130959948
11131,Plain,3.219695925,3.558071405787686
11132,Plain,3.458634635,3.699381507011461
11133,Plain,3.333837238,3.8123982198699027
11135,Plain,4.354312785,3.574893242110311
11145,Plain,3.061793332,3.1817439243418337
11146,Plain,2.994302027,3.6778731491057783
11148,Plain,3.461959203,3.282715993958499
11153,Plain,3.258811487,3.714826973751141
11172,Plain,4.259322659,3.845508795044699
11210,Plain,4.127311813,3.626982135808684
11212,Plain,4.590405861,4.06512427576775
11217,Plain,3.8159215,3.871138384291812
11218,Plain,3.77350957,3.667417856627794
11221,Plain,3.144443822,3.4477909124030885
11222,Plain,4.142471948,4.1723243478221335
11238,Plain,3.555493909,3.474455003657302
11240,Plain,3.386271999,3.4987090534845926
11244,Plain,3.265108829,3.083665803324252
11260,Plain,3.239464933,3.715808174665852
11263,Plain,3.156195992,3.5940481192852505
11306,Plain,3.628857221,3.5315270450624547
11309,Plain,4.065432394,4.013647530897835
11311,Plain,3.059555004,3.3620145158809884
11313,Plain,4.099294967,3.2070215105234845
11315,Plain,3.067436646,3.0878546369728808
11346,Plain,2.94098315,4.416147099248553
11347,Plain,3.168486025,3.4390847424617275
11354,Plain,3.131742982,3.3558927973150876
11365,Plain,3.839962621,3.8522592429855256
11367,Plain,3.203233105,3.5119640093241054
11384,Plain,4.355892976,4.039987236989502
11396,Plain,3.536694769,3.7157804339929226
11399,Plain,3.897397318,2.770590482709603
11407,Plain,3.320655089,4.381841740502056
11431,Plain,3.343025449,3.64699273979367
11436,Plain,3.687493289,3.8396669999974296
11437,Plain,3.871765732,3.7728062314564124
11438,Plain,3.841171694,3.4974549564227146
11457,Plain,3.407921762,3.455182598342943
11467,Plain,3.161983233,3.943146170175393
11469,Plain,3.294289827,3.4042332601028797
11477,Plain,3.231926696,3.6344987187116877
11485,Plain,2.918487585,3.1903731032623073
11491,Plain,3.520048365,3.4866064806377732
11493,Plain,2.834840334,3.235869994692513
11499,Plain,2.967310992,3.3783133993871752
11507,Plain,4.116032537,3.857654479998538
11525,Plain,3.401831175,3.5162645556110945
11553,Plain,4.436437339,4.043046306444268
11554,Plain,4.282727284,3.734546239605295
11556,Plain,4.200555403,3.6869926802181707
11557,Plain,4.241677967,3.755268468643393
11603,Plain,3.087607918,3.3944648386278002
11608,Plain,3.693255726,3.7442181194926873
11609,Plain,3.447705208,3.5314819574838774
11626,Plain,3.235743016,3.4875799766754008
11669,Plain,4.062729472,3.7176730003674368
11671,Plain,4.299192748,4.061588878556458
11680,Plain,4.218768994,3.8869501310104844
11681,Plain,4.631549032,4.291600012996407
11682,Plain,4.321431335,3.784765342378516
11683,Plain,4.212419724,4.198968971611636
11697,Plain,5.073726495,3.6974197707895615
11700,Plain,3.540181943,3.398315308172456
11708,Plain,2.713440824,3.362062108062762
11711,Plain,3.845678779,3.6684158767937145
11721,Plain,3.46500627,3.357219873105538
11722,Plain,3.524204936,3.494107003653058
11723,Plain,3.552036692,3.490444890627368
11725,Plain,3.375634007,3.348067294688561
11773,Plain,3.447728444,3.638890749844836
11778,Plain,4.571661869,4.3193180307464765
11807,Plain,3.536287018,3.810027695359696
11814,Plain,2.549419718,2.436662731112514
11815,Plain,2.320661316,2.216975686422389
11816,Plain,2.346242117,2.248361788194387
11819,Plain,3.582357823,3.67066619644073
11820,Plain,4.515012922,4.062568562737498
11830,Plain,3.506750184,3.4304575210352226
11878,Plain,4.156163422,4.34987606709557
11903,Plain,3.8084502,3.9039167607146754
11913,Plain,4.011872858,4.059982090318826
11938,Plain,4.279010814,4.308209950568978
11947,Plain,3.882841036,3.9009076840868944
11949,Plain,3.557715534,3.9460433211044093
11950,Plain,3.335024393,3.7475124872933923
11955,Plain,3.627511757,3.769416074643358
11966,Plain,5.674122784,5.314608270173727
11987,Plain,3.261826194,3.494096720272303
11990,Plain,3.022128315,3.8080434396904392
11994,Plain,2.493860192,3.1153363564224525
11995,Plain,3.798189524,3.770802702833572
12002,Plain,4.451617596,3.452897297527325
12014,Plain,3.765242671,3.3810573739484795
12023,Plain,3.552957452,3.6793614277645457
12024,Plain,4.259782364,4.157258901932424
12062,Plain,3.410267409,3.833337257547422
12084,Plain,3.13681113,3.3126837551027406
12085,Plain,3.21368374,3.3694040456427867
12086,Plain,3.322843403,3.485673548597706
12089,Plain,3.25777646,3.2752567422913406
12090,Plain,3.279404555,3.4586292991758234
12091,Plain,3.442469018,3.5537463912394847
12093,Plain,3.295292583,3.492009167478961
12094,Plain,3.141315365,3.6742730227358424
12098,Plain,3.470447244,3.6156363782378875
12103,Plain,3.321324969,3.403453375484289
12107,Plain,3.329033611,3.505358762942375
12113,Plain,2.662356396,3.2469885239791485
12116,Plain,3.920931124,3.8648680880417015
12130,Plain,4.089481203,3.3866877980709327
12152,Plain,3.02078215,3.725511578611933
12177,Plain,3.187878725,3.2741204292840123
12190,Plain,3.064817257,2.8121857156069088
12214,Plain,4.933450349,3.9432314219545224
12215,Plain,3.971713721,3.835366191783178
12218,Plain,2.951464031,3.350707643781821
12222,Plain,2.365406859,3.423078485170833
12231,Plain,2.902710037,3.8691549442275908
12264,Plain,2.568651924,3.0063504408753428
12281,Plain,4.301548668,3.8069756210408
12290,Plain,3.670698008,3.8210062482404803
12297,Plain,4.567951708,3.9872394687457007
12300,Plain,1.898139879,2.468474545648511
12340,Plain,3.657359807,3.6590365760955645
12370,Plain,3.976812918,3.7699461750450327
12371,Plain,3.930774435,3.8679314434035588
12376,Plain,4.017669004,3.955778569008421
12379,Plain,3.570584633,3.9359965780401636
12384,Plain,3.642586383,3.9663432284817284
12387,Plain,3.930774435,3.9453721283547534
12395,Plain,3.410959346,3.3916601461379625
12421,Plain,2.785716493,2.3168534356487074
12422,Plain,3.915183529,4.136755295125241
12423,Plain,3.564355467,4.280017029511772
12430,Plain,3.677962029,3.6855193648954807
12451,Plain,3.89436474,4.022533457075369
12457,Plain,4.378402444,4.5270962664513865
12479,Plain,4.665140611,4.633062196786872
12482,Plain,3.759134163,4.030705673549887
12496,Plain,3.862636296,3.3885287378610154
12497,Plain,4.752361291,3.900451259399345
12507,Plain,3.097329965,3.4598848831026343
12509,Plain,3.2955671,3.889093517603397
12511,Plain,4.457168584,4.220321021836849
12514,Plain,3.058861619,3.245200180345254
12532,Plain,4.156553694,4.436026025326378
12544,Plain,3.4338543,3.987531241524046
12547,Plain,3.694067482,3.473968029172486
12557,Plain,5.971651256,4.373807274383154
12560,Plain,4.228636436,4.270177836848873
12561,Plain,3.686961677,3.314505463215837
12567,Plain,3.594771268,3.281741880493214
12568,Plain,3.593842981,3.738234428205433
12572,Plain,4.069637269,3.6356909796918244
12573,Plain,3.263046353,3.4056379674334116
12576,Plain,3.328854417,3.3867898154944327
12579,Plain,3.592818918,3.351212000132348
12582,Plain,3.193817247,3.1980831841304886
12588,Plain,4.733210644,3.4082324230538705
12591,Plain,3.33842816,3.6765621458873814
12592,Plain,3.238676434,3.6104335446464066
12593,Plain,3.255703406,3.559270082125977
12596,Plain,4.19238496,4.198288021190013
12607,Plain,3.690520941,3.4463949667289375
12610,Plain,3.6186097,4.002563393163927
12611,Plain,5.126264927,3.8156734749385475
12614,Plain,4.019857428,3.9304501859078913
12629,Plain,4.960345924,4.172571636029655
12633,Plain,4.939535517,4.643041608671947
12635,Plain,4.290026406,4.030228270117867
12636,Plain,4.530998817,4.308183851175283
12637,Plain,4.807430095,4.297315292617798
12641,Plain,3.874776905,3.840085527633496
12651,Plain,4.967714325,4.357504978929139
12653,Plain,5.399358662,3.9222905948057543
12659,Plain,4.420282349,4.549181141771221
12664,Plain,3.447645822,3.422507238067818
12667,Plain,4.697260402,4.7854425163316945
12673,Plain,4.275687024,3.8061944284650444
12674,Plain,3.923504506,3.7995039486368207
12675,Plain,4.022471199,4.0550522435047975
12676,Plain,4.084764708,3.921056088497652
12686,Plain,4.107042176,3.927261472520711
12694,Plain,4.122187198,3.8082137020877984
12699,Plain,3.691112154,3.8734026774718178
12705,Plain,3.661053189,3.8744576872887992
12709,Plain,4.016293574,3.7801187512702477
12711,Plain,4.513007951,3.8709051089512165
12723,Plain,3.546571579,3.57965706851535
12735,Plain,3.296550989,3.012264443607759
12738,Plain,4.143660034,3.918374581563773
12741,Plain,3.650800804,3.9435013918118758
12743,Plain,3.713585456,4.432406999818573
12749,Plain,3.847757688,3.819755370413049
12750,Plain,2.116718406,2.802994797691904
12755,Plain,4.997488198,4.807452755372631
12760,Plain,4.34016923,4.3362738038368835
12762,Plain,5.404596576,4.753179246406324
12783,Plain,3.487253418,3.383951053025206
12804,Plain,3.815945197,3.7642786775027903
12808,Plain,3.438373028,3.6078801492657595
12813,Plain,4.711863445,3.8014154955090533
12828,Plain,3.749217148,3.405881015944121
12830,Plain,3.307213937,3.6408879913811996
12836,Plain,3.320837697,3.815092327412492
12837,Plain,4.247420846,3.8632168772584468
12841,Plain,2.810106447,3.491110455223875
12844,Plain,2.813409171,2.9830334996868753
12853,Plain,3.621094541,3.808859087235514
12855,Plain,4.382719275,4.149234041812599
12858,Plain,4.114496606,4.279963545938073
12860,Plain,3.754621977,4.304233977159021
12861,Plain,4.223562276,3.7599300101434934
12870,Plain,3.995305611,3.9620680279605693
12875,Plain,3.919069953,4.0359757017419655
12886,Plain,3.566288044,3.4899262416194756
12888,Plain,3.574785458,3.6750657549645274
12895,Plain,3.590915442,3.6597603222890345
12896,Plain,3.6026548,3.6506447429081006
12922,Plain,3.682191831,3.631403661970607
12926,Plain,3.754872319,3.9109364944388
12927,Plain,3.879321717,3.8141945026834456
12928,Plain,3.672323857,3.3980602775068802
12931,Plain,3.648551672,3.156589958997735
12932,Plain,4.238019604,3.577895151439596
12933,Plain,3.623402522,3.9168297148585705
12934,Plain,3.70289533,3.668111065431473
12939,Plain,3.753979896,3.9924548487680203
12970,Plain,3.986767537,3.895855895655935
12977,Plain,4.046289176,3.690426072972993
12978,Plain,4.502718296,3.767068453592457
12979,Plain,4.643378643,3.8090169466524606
12982,Plain,3.560058285,3.3842434128624523
12985,Plain,3.51385963,3.4389039762890365
12998,Plain,3.704167376,3.747507422663691
12999,Plain,3.719217311,3.768038640940958
13019,Plain,4.449009139,3.8114659149882604
13039,Plain,4.061284685,3.9959147668802686
13040,Plain,4.074831395,3.954436675684283
13057,Plain,3.240350807,3.828943415545737
13058,Plain,3.750630974,4.00922127341749
13060,Plain,3.634351296,3.3964407624652626
13070,Plain,3.512663266,3.9365571323131294
13090,Plain,3.660946598,4.1212777628724755
13091,Plain,3.725094521,3.8260408690305736
13092,Plain,3.457484646,3.9532775750523053
13093,Plain,3.933830926,3.6581131345444162
13097,Plain,3.92569232,3.429596814057527
13108,Plain,3.985892805,4.008508794174944
13135,Plain,4.26515338,3.8467938692394346
13143,Plain,4.275484116,4.045121789182612
13144,Plain,4.36630019,3.964493703812013
13147,Plain,3.785140362,3.883515182152178
13161,Plain,4.141101222,3.6536882712397087
13198,Plain,3.585280206,3.6755610720559986
13200,Plain,3.413958252,3.6858583091848427
13201,Plain,3.389814383,3.6152016266833638
13220,Plain,3.574942101,3.76326910399652
13225,Plain,3.617911657,3.5409029329006088
13231,Plain,4.092771668,3.985657152366813
13241,Plain,3.511944916,3.7560996779770432
13252,Plain,3.584930631,3.4281402579374403
13253,Plain,3.612337227,3.5142398368431316
13254,Plain,3.923654107,3.5942442241320682
13284,Plain,3.356259818,4.073167159545827
13287,Plain,3.868346824,3.6817607143337847
13289,Plain,3.854470878,3.657291319485793
13293,Plain,3.590865709,3.5479412859039567
13299,Plain,4.228224929,3.9168312244586896
13301,Plain,3.740967179,3.7567701770061044
13306,Plain,3.831626045,3.7425422774874333
13311,Plain,3.805800123,3.6690501398670614
13323,Plain,3.874334073,3.980135851565297
13327,Plain,3.524310331,3.3997613579723702
13328,Plain,4.222557519,3.8349908045841783
13329,Plain,3.808192061,3.8477961243077696
13334,Plain,3.619185955,3.7502583531859486
13335,Plain,3.704230208,3.82710825505266
13338,Plain,4.055070257,3.044603730449417
13340,Plain,4.910719668,4.0533068818826195
13344,Plain,4.87818314,4.016772549776309
13350,Plain,3.933278442,3.9884269265621666
13354,Plain,4.940987593,3.517364747339277
13355,Plain,4.169402548,3.944453363403829
13357,Plain,3.551690828,3.6828527226544714
13362,Plain,3.835603366,3.8257257439615904
13364,Plain,3.319610368,3.60884311395777
13371,Plain,4.248371329,3.9288100727404887
13372,Plain,3.643216429,3.5182640155976848
13406,Plain,4.477931182,3.9246919561156277
13407,Plain,3.472505702,3.5576999392490873
13409,Plain,3.912695783,3.7936959014206146
13438,Plain,3.653904765,3.95877944072416
13444,Plain,3.73139496,3.7226111746783377
13451,Plain,3.887453525,3.9388359309168086
13457,Plain,2.981075278,3.2387994967433804
13463,Plain,2.950894254,2.955774577537357
13464,Plain,2.621685085,2.8024465762173585
13465,Plain,4.178955376,2.480168422184904
13467,Plain,2.897096818,2.948911497268841
13468,Plain,2.798431026,3.433281907403203
13471,Plain,2.954846241,3.052587631112676
13474,Plain,2.778605574,3.310333673031491
13475,Plain,4.024239306,3.325817115307529
13476,Plain,4.000560746,3.3230597734720297
13480,Plain,3.516360828,3.496626122943238
13493,Plain,4.142751376,3.8863705746781454
13502,Plain,3.839849378,3.5568498927456824
13512,Plain,3.437245177,3.4425215712293227
13513,Plain,3.564118413,3.2580595656700186
13536,Plain,3.391404456,3.3235119562995195
13546,Plain,3.13112251,3.8360063869689407
13551,Plain,3.495422912,4.002993001861882
13567,Plain,3.688572358,3.481211267892166
13597,Plain,3.818083258,3.938111183175558
13600,Plain,3.684149395,3.4241742334733347
13601,Plain,4.590865709,3.710131197071015
13603,Plain,3.820643554,4.106105938025992
13611,Plain,3.937900114,4.091670971180376
13614,Plain,3.311342707,3.9516174368663477
13617,Plain,3.954475966,4.033490760944222
13624,Plain,4.024530819,3.9539960314314215
13676,Plain,3.645032577,3.8981156866605673
13684,Plain,3.908123914,3.8788293613990605
13687,Plain,3.949061966,3.5727687484340005
13691,Plain,3.288423624,3.0895775441334736
13697,Plain,3.902131932,3.6571655775525818
13702,Plain,4.040275004,3.963870706084494
13709,Plain,4.411649864,4.00503368561378
13712,Plain,4.69180114,3.7720480270827683
13716,Plain,3.505193941,3.579989220596951
13720,Plain,4.006098626,3.8471511211841936
13732,Plain,3.333086388,3.292837896646121
13744,Plain,4.16361353,3.8240639147839475
13747,Plain,3.928558609,4.158732945756156
13750,Plain,3.758886221,3.4210509688501554
13752,Plain,3.79236,3.58351520709144
13756,Plain,2.132402989,2.9621014873551683
13757,Plain,2.132402989,2.5664221097385522
13760,Plain,3.798697495,3.7539380228389763
13764,Plain,3.604478701,3.5464998924473563
13770,Plain,3.982103439,3.9075609307344084
13772,Plain,3.639802988,4.018521006019962
13775,Plain,3.614126654,3.9035557572242485
13804,Plain,4.064383104,3.9452716078560686
13807,Plain,3.887906519,4.3279314176258525
13821,Plain,3.68426352,3.7428214470149603
13835,Plain,3.431028263,3.186010093845135
13837,Plain,3.995279229,3.9564437737668747
13859,Plain,4.311142594,3.9898361004122265
13882,Plain,3.461461008,3.532687008624321
13886,Plain,3.742344915,3.848858638377187
13888,Plain,4.291762778,4.105029966339665
13892,Plain,3.601258005,3.593044354250124
13893,Plain,3.494627606,3.5533790387518436
13894,Plain,3.818967784,4.0049093096136525
13898,Plain,3.471078748,3.9658854248176563
13899,Plain,4.170122975,3.905000004690097
13901,Plain,3.377488383,3.698771451506764
13904,Plain,3.801100721,3.2156708370746396
13905,Plain,3.59273969,3.108362828905203
13908,Plain,4.099371746,3.9726719907939305
13916,Plain,3.698348977,4.024251213073428
13917,Plain,3.902352788,3.778708454960296
13919,Plain,3.323890064,3.8304736604965037
13923,Plain,3.467089899,3.8539723053338757
13930,Plain,4.032593581,3.594792049113875
13932,Plain,4.381537432,4.0152017320254405
13936,Plain,4.825146266,4.077284444628486
13951,Plain,4.186841801,3.9878954428840094
13952,Plain,3.823549912,4.035536607963272
13954,Plain,4.26759408,3.842711385598118
13957,Plain,4.28873922,4.135865965794928
13958,Plain,3.920990266,4.180330814256371
13964,Plain,4.920990266,3.9877775048353232
13975,Plain,3.690751255,3.690082409722755
13999,Plain,3.720383779,3.9115475157667263
14003,Plain,3.744883658,4.098354206422219
14038,Plain,4.029689643,3.380627952035583
14041,Plain,4.304055872,4.522993470980068
14042,Plain,4.037040342,4.32964664604496
14063,Plain,4.543969045,3.9037616086351172
14067,Plain,4.553537704,3.9854996105925555
14069,Plain,3.610142533,3.9420464508496194
14070,Plain,4.507009018,4.089636873375455
14071,Plain,4.04620102,4.0931335102011595
14072,Plain,4.095419043,3.9455683604865746
14073,Plain,4.174350597,4.308723874040411
14074,Plain,3.935089453,4.146697136996784
14075,Plain,4.819074293,4.1158578874692076
14077,Plain,4.130921204,3.81205171362292
14081,Plain,4.502577322,3.9758162313799947
14084,Plain,3.806229653,3.6577780153663526
14086,Plain,3.539615494,3.862228345324125
14095,Plain,3.822252164,3.8539371312920663
14099,Plain,4.309976566,4.123303249458705
14100,Plain,3.780043284,4.113925248220336
14102,Plain,3.762818556,3.752458468734155
14110,Plain,3.904644554,3.7109114170724
14113,Plain,4.094349471,3.7278159545535647
14120,Plain,3.815554921,4.067155293075434
14124,Plain,3.493660085,3.6151207909876435
14129,Plain,3.63363628,4.3230513872022485
14130,Plain,3.415258111,4.274447848593916
14134,Plain,4.540930578,4.761648765400145
14136,Plain,5.169476047,4.887267218488496
14143,Plain,3.443598816,3.5573064481722545
14147,Plain,3.570328158,3.418927497054219
14154,Plain,3.399676158,3.251841188014765
14158,Plain,3.841262612,3.780368195476686
14166,Plain,3.819374133,3.9986164366727968
14183,Plain,3.384392845,3.868735910741142
14187,Plain,3.494408786,3.463349503691147
14190,Plain,3.283427879,3.2981178907417035
14195,Plain,3.782568594,3.9883317227021697
14203,Plain,4.756388405,4.22034193839842
14216,Plain,4.115697267,4.063763178935189
14220,Plain,3.792600531,3.6482336669405586
14221,Plain,3.313059722,3.1522208512115557
14241,Plain,4.065041648,3.7703097320696664
14245,Plain,3.667524662,3.346589207873841
14247,Plain,3.732186904,3.881204304017282
14249,Plain,3.733441848,3.7139020708862196
14250,Plain,3.645364622,3.9540931691248464
14255,Plain,3.563335505,3.656546223319284
14256,Plain,3.563335505,3.7377433021968316
14258,Plain,4.908937971,4.018666940034773
14259,Plain,4.183666777,4.143307671922792
14268,Plain,3.586748006,3.8724486423401245
14273,Plain,4.605483182,4.085960875193526
14277,Plain,3.545390763,3.49190949897961
14288,Plain,3.662734441,3.651387547749636
14291,Plain,3.566644485,3.6981150702611933
14292,Plain,3.409396871,3.6498946663941023
14298,Plain,2.406502689,2.7023275367225956
14301,Plain,3.750316834,3.8232997090090994
14313,Plain,2.848269612,2.9432633691805625
14314,Plain,3.650420482,3.967124251442801
14319,Plain,2.850673061,3.1414839040330387
14323,Plain,2.559048291,3.225756385190988
14324,Plain,2.318244253,2.910384324893501
14331,Plain,2.933797207,3.705010353576441
14332,Plain,3.760823612,4.013106923197378
14351,Plain,3.885158854,4.065173228705271
14363,Plain,3.068209989,3.4275378029762913
14376,Plain,6.017742664,5.508609114387155
14379,Plain,2.986261235,3.4049196601833756
14385,Plain,3.266456445,3.3368356493509936
14402,Plain,3.560329345,3.871795943343462
14407,Plain,3.111659205,3.5900808943879827
14409,Plain,3.576149963,3.6903511994239255
14410,Plain,3.014563515,3.6462212049528566
14417,Plain,2.131614655,2.955698081059646
14425,Plain,3.885727219,3.9877841779026846
14426,Plain,3.547497341,3.783450660778045
14427,Plain,3.588242309,3.7853562552453375
14464,Plain,3.491075806,3.628581777786373
14563,Plain,3.577674359,3.7942818693940588
14564,Plain,3.577674359,3.699241387023568
14566,Plain,4.288135158,4.01200268890908
14576,Plain,4.078123912,3.918311372755721
14579,Plain,4.278263519,3.923716973365296
14588,Plain,4.345905809,3.506703361901744
14593,Plain,3.9995043,3.1590970051569274
14601,Plain,6.553130852,4.621096758379957
14609,Plain,3.708096219,3.74304054317409
14611,Plain,4.582215704,4.501071131989808
14612,Plain,5.83983617,3.9746259511247666
14613,Plain,4.39105467,4.091048340184419
14624,Plain,3.519026894,3.5583754613784477
14634,Plain,1.79023413,2.5020498807898752
14635,Plain,4.095815793,3.70892650935191
14645,Plain,4.551020778,4.703874199654365
14647,Plain,3.701944694,3.5782081157829912
14652,Plain,3.763868739,3.8309039668280156
14653,Plain,3.910280403,3.700456191310357
14654,Plain,3.664026667,3.7153725983793753
14655,Plain,3.760641327,3.7106662831590462
14656,Plain,3.723729243,3.7690845853589843
14657,Plain,3.635679596,3.96420963295788
14658,Plain,3.674184646,4.099073447051415
14660,Plain,3.695562893,3.7199800732448343
14661,Plain,3.674008856,3.9739407887581235
14663,Plain,3.75336854,3.5391615313651807
14680,Plain,3.146725773,3.208611398239643
14681,Plain,3.630935428,3.450629088717697
14683,Plain,3.481708171,3.661231989411789
14684,Plain,3.524350741,3.7474955579558658
14685,Plain,3.122199676,3.5926464611800557
14686,Plain,6.621367412,4.806224784459327
14692,Plain,3.997117161,4.030527220262046
14698,Plain,2.008411762,2.3245807540094816
14724,Plain,6.183561878,4.515753557475987
14775,Plain,4.017582124,3.401377004218648
14785,Plain,3.902270627,3.9555892558987202
14799,Plain,3.641017762,3.611284839918118
14812,Plain,3.430262504,3.5718106106473817
14819,Plain,3.750921121,3.9032553045677365
14841,Plain,3.012355926,2.2134456217685865
14842,Plain,3.491895283,3.6007183735603547
14873,Plain,3.367202306,2.9101904076855107
14874,Plain,3.436040455,2.673594703681305
14875,Plain,5.452422525,2.9273073882139022
14876,Plain,5.50976741,3.012498944531197
14877,Plain,3.268135507,3.957193116226805
14892,Plain,3.129860564,3.4962400849584943
14904,Plain,3.791342212,3.399476158870398
14906,Plain,3.697286439,3.642801550747888
14907,Plain,3.66275984,3.6613375760737563
14908,Plain,3.629349945,3.5384154428002605
14919,Plain,3.418090851,3.5826290884250023
14921,Plain,6.291812687,3.78520928243466
14922,Plain,4.115716499,3.5974539486980865
14942,Plain,3.727437144,3.631137578657642
14948,Plain,3.266562283,3.5676352662080784
14964,Plain,3.99415818,3.4965776033687885
14987,Plain,3.634790827,3.5037177110364217
14989,Plain,3.347276592,3.6737003768301375
14996,Plain,4.029905429,3.574185669612925
14997,Plain,3.939057757,3.423493988705355
15005,Plain,3.586141146,3.6503152649421002
15007,Plain,3.564790694,3.5908848846363703
15008,Plain,3.717902482,3.33575764435853
15023,Plain,3.203777786,4.254700709161444
15024,Plain,3.52956967,4.425484742278197
15029,Plain,2.914841911,2.7086737734398705
15034,Plain,3.720833856,3.348607484027368
15045,Plain,4.608965526,3.686648725755546
15071,Plain,3.590403028,3.586754721075114
15097,Plain,3.788426202,4.012198512993629
15113,Plain,4.310177658,3.4564539606163804
15116,Plain,3.566194644,2.7380365132430384
15125,Plain,3.759454799,3.542500874223769
15134,Plain,4.169343739,4.0116878341637845
15152,Plain,4.021787037,3.7125688887308144
15163,Plain,3.030368054,3.44409509870862
15165,Plain,2.990780227,3.2563979283371682
15167,Plain,3.411927866,3.4181779089318547
15168,Plain,3.599142476,2.918836182601128
15176,Plain,2.963714062,3.714103058712878
15180,Plain,3.236045253,3.536254030198397
15188,Plain,3.456279252,2.8831759284180554
15191,Plain,2.949965431,3.041655848917637
15193,Plain,3.810809625,4.125320930912597
15201,Plain,2.779147777,3.836253990250931
15205,Plain,3.136287113,3.437075055150326
15210,Plain,3.158337076,3.6885131061048786
15214,Plain,4.338614416,3.763089120688404
15237,Plain,2.970158752,2.9631962680138897
15239,Plain,3.06347527,3.558221335646482
15242,Plain,2.990780227,3.3124058075654146
15248,Plain,3.878898225,3.5647492059976154
15249,Plain,4.020135186,4.1006084436794685
15267,Plain,3.028521549,3.1622009658897534
15273,Plain,3.855218359,2.7930949159942107
15279,Plain,2.751435585,3.1746964076225295
15280,Plain,3.769476234,3.365523429365411
15281,Plain,3.558782486,3.8637093645047864
15282,Plain,3.717814293,3.8241653695400384
15287,Plain,3.540153218,3.309463344172511
15291,Plain,4.527817846,4.082275253726776
15293,Plain,3.515833647,3.426516615506087
15308,Plain,2.140903248,2.983795755228339
15309,Plain,2.82659512,2.4392721527320047
15317,Plain,3.305252391,3.403860715658478
15319,Plain,2.75097487,2.743753547173541
15324,Plain,3.144818008,3.4603269328726585
15336,Plain,3.303743844,4.309027290991492
15339,Plain,4.257273151,3.941112903791413
15355,Plain,1.868819577,2.705895322335457
15357,Plain,3.847262558,3.8428431925732864
15361,Plain,3.580393466,3.7382915424565755
15365,Plain,3.765648601,3.8707334755163507
15366,Plain,3.783918885,3.853392683641381
15370,Plain,4.956880461,3.886652388154381
15375,Plain,3.564048962,3.732130798274418
15381,Plain,3.929937326,3.9516054398393083
15382,Plain,4.147767943,4.025120970939697
15388,Plain,5.617480527,3.8681994526259853
15389,Plain,4.771707477,4.946401368481242
15412,Plain,3.968063921,3.7965409881086107
15418,Plain,2.952229911,3.4220154740453146
15425,Plain,2.647755726,3.2838103204457085
15427,Plain,2.915484845,2.8592906929905064
15450,Plain,3.326121848,3.8028790108037014
15460,Plain,3.725058007,3.645905190472969
15462,Plain,3.152458435,3.3610824448364576
15477,Plain,2.977275365,3.158498678712925
15478,Plain,3.291314079,3.2827526035565175
15480,Plain,4.397752739,3.6871189199955494
15521,Plain,2.082421123,2.174193689276728
15522,Plain,2.14177169,2.174193689276728
15523,Plain,2.009232297,2.174193689276728
15538,Plain,3.442829595,4.012029321862898
15546,Plain,3.848476498,3.6888367831860194
15588,Plain,3.404690984,3.4335850802558054
15604,Plain,3.523533416,3.708640544817419
15606,Plain,3.860005228,3.700340597379735
15607,Plain,3.422826667,3.4493704205744113
15616,Plain,3.56202294,3.6452844337168133
15620,Plain,2.858851,3.403936886657739
15624,Plain,3.673840117,3.3520494060286437
15628,Plain,3.274596542,3.1975430691577387
15639,Plain,3.675095211,3.7185586748500987
15642,Plain,3.638201629,3.7978618099707075
15643,Plain,3.762271456,3.8210503570629197
15655,Plain,3.508505671,3.1997922486002692
15667,Plain,3.123180586,3.547150302692403
15668,Plain,3.591619185,3.430943858581334
15676,Plain,3.339264565,3.817291321573496
15686,Plain,3.058860102,4.074254979214443
15687,Plain,3.719248398,4.273651110495107
15692,Plain,3.21550009,3.334690204249112
15694,Plain,3.869649334,3.876387440556973
15709,Plain,3.6926693,3.6548572992890525
15711,Plain,3.646545854,3.8726574309199653
15737,Plain,6.311204113,4.651430175320236
15750,Plain,3.900252736,3.3136789903735835
15755,Plain,3.356917072,3.7860175350458003
15757,Plain,5.716188714,5.048466196911669
15766,Plain,3.429980041,3.2209339038805944
15773,Plain,3.966185998,3.569151601288675
15774,Plain,3.635192779,3.65035810967444
15775,Plain,3.568151621,3.680912304812054
15776,Plain,3.558315488,3.53553796521996
15795,Plain,3.792664289,3.8073700241609907
15820,Plain,4.101566997,3.8628927666945927
15821,Plain,4.041255795,4.011579223223601
15847,Plain,3.48355933,3.5481905550411006
15860,Plain,3.282622113,3.109614948483698
15862,Plain,4.11454921,4.277680026381011
15868,Plain,5.264218099,5.0242717733064
15872,Plain,3.908173633,3.952733004350412
15890,Plain,3.510497388,3.4752688558372964
15891,Plain,3.589704353,3.831249475049839
15897,Plain,4.042011311,4.00275791504515
15905,Plain,4.481157464,4.516798326160488
15906,Plain,4.212128984,4.238337847123814
15909,Plain,5.041261061,5.50830532047802
15910,Plain,4.315540454,4.507201286404905
15921,Plain,3.782228551,3.8967499095069944
15923,Plain,3.466040735,3.4670350364524043
15932,Plain,2.844438515,2.968589903611049
15936,Plain,3.125654732,3.3276783956013913
15947,Plain,3.176663737,3.1149934083567836
15951,Plain,3.172350715,3.8253016325629994
15952,Plain,3.138375301,3.7654805024545164
15968,Plain,3.117094709,3.8291104139869114
15982,Plain,2.742739293,3.895369009377207
16003,Plain,3.284733966,3.817407900174635
16033,Plain,4.306669042,3.414194075439676
16034,Plain,3.253954058,3.2275437848847046
16035,Plain,3.199784098,3.274829223167695
16036,Plain,2.821175664,3.1659977911261943
16037,Plain,3.225556898,3.2323993980829346
16039,Plain,2.892251617,3.134962769731447
16040,Plain,3.191982844,3.537092213381128
16041,Plain,3.212753706,3.2026298608298185
16042,Plain,3.239066983,3.258971201060704
16048,Plain,4.37267671,4.328663293721143
16050,Plain,4.01479626,3.9648699314722915
16073,Plain,3.662455946,3.8451110728040714
16084,Plain,4.051454989,4.011975763493414
16090,Plain,3.535339338,3.588472965089812
16093,Plain,3.331618679,3.1293444982372147
16095,Plain,2.915221561,3.132043837409396
16100,Plain,3.262828062,3.3610830143551924
16128,Plain,5.228205381,4.7576588577916095
16148,Plain,3.086383173,3.262323998646881
16155,Plain,4.111888281,4.0242117513077655
16157,Plain,2.840818456,3.5398837867758286
16158,Plain,3.38782746,3.0408241770739495
16163,Plain,3.408642406,3.266518372744282
16171,Plain,3.460607214,3.3278937432533673
16172,Plain,3.494333057,3.7118741311726833
16174,Plain,3.758866493,3.0807948939625103
16178,Plain,4.002712722,3.6789540714988576
16198,Plain,4.346692745,4.093136782740862
16215,Plain,3.896819598,4.290241010057961
16216,Plain,3.802676597,4.247836227284114
16230,Plain,2.768435334,3.689820567125519
16234,Plain,3.219484839,3.567177150601512
16245,Plain,3.002941274,3.429128733261693
16246,Plain,2.95002193,3.7557280987745667
16256,Plain,3.725007531,4.020434803506988
16258,Plain,4.657043098,3.992348262796957
16261,Plain,3.504585201,3.7331008292034173
16290,Plain,4.410142158,3.8479709227089485
16292,Plain,3.828025147,3.9039418024174304
16296,Plain,3.912390149,3.8070200080775587
16298,Plain,2.230985072,3.319428659119871
16301,Plain,4.226357326,4.130817869773371
16305,Plain,3.938593453,3.9262532575256155
16310,Plain,2.741584102,2.898159085438591
16313,Plain,2.647788709,2.7703073779561054
16325,Plain,3.890950768,4.044864466935198
16328,Plain,4.191674532,3.3395713663064255
16339,Plain,3.459954596,2.9453041433396736
16340,Plain,3.480581787,2.899947948053748
16348,Plain,3.482027028,3.277910127804701
16362,Plain,3.072479058,3.4437444245212756
16373,Plain,3.688818336,4.107433293882006
16375,Plain,3.724673108,4.493308276621187
16380,Plain,3.009732595,3.3715855543002156
16381,Plain,2.515264204,3.2083099446222167
16382,Plain,2.915119743,3.5059614373678105
16400,Plain,4.072508706,3.9287400713103473
16409,Plain,3.767343205,3.9014597263644966
16414,Plain,4.509793728,3.994765334793793
16425,Plain,5.515582067,4.606161622669196
16440,Plain,3.942734224,4.0912903639526395
16441,Plain,3.723525372,3.90257731028634
16444,Plain,4.372251471,4.0100680760289364
16447,Plain,3.924368319,4.017447133699599
16452,Plain,3.546890629,3.4237690208192855
16456,Plain,3.257482286,3.6342529736817295
16462,Plain,3.562014436,3.528677266754778
16471,Plain,3.622803442,3.437999753309259
16473,Plain,3.206810761,3.736001419949768
16480,Plain,3.41385276,3.102362366645531
16488,Plain,3.439414807,3.270950337623437
16492,Plain,2.624558393,3.0202331543738214
16493,Plain,3.723947976,3.9538535580979968
