ligand_id,model,y_true,y_pred
20,PCA,4.949580416,5.580280990247242
23,PCA,4.144498339,4.6573266560159885
27,PCA,3.42449855,3.4814706537885063
36,PCA,3.594278505,3.8788502563875884
39,PCA,3.095724987,3.7826613538349676
43,PCA,4.05571921,2.9774829125460758
46,PCA,3.719836565,3.5014691299311584
50,PCA,1.380598315,3.4880768779771327
51,PCA,3.751974994,3.1605809573101493
52,PCA,3.641734078,3.816547666184595
59,PCA,2.725605396,2.1703253129653026
65,PCA,2.388794064,2.970533741982912
67,PCA,2.658368945,2.4560458127686475
68,PCA,3.107799938,3.273761356513147
74,PCA,4.239971231,3.951496062137113
77,PCA,2.585019011,3.1093869844685087
80,PCA,3.626219292,3.982282690513094
91,PCA,4.177123902,3.9916033995526985
108,PCA,4.254464761,3.9130372455711693
114,PCA,2.33209914,2.665383021289882
122,PCA,3.927901751,3.7077974687571817
124,PCA,4.143541466,3.2510360550900477
126,PCA,2.63773183,2.5023878505319797
130,PCA,4.158646853,4.108971029633509
131,PCA,4.015908184,2.756297047552074
134,PCA,3.937195421,3.875854329790443
136,PCA,2.730398322,2.6471627636749746
141,PCA,3.801412286,3.6986802699828942
142,PCA,3.96442747,4.125071370368783
155,PCA,1.717997085,2.5974219952129607
161,PCA,1.790478441,3.07827356694907
162,PCA,2.523401181,2.458795494864348
170,PCA,2.908968372,3.052277784591485
171,PCA,1.360457754,1.78735499974558
173,PCA,1.559873429,2.1109370633492217
196,PCA,4.154926917,3.8977429035064244
206,PCA,3.999037282,3.8648934787580247
219,PCA,3.907297875,3.8588129041328063
221,PCA,2.44412298,2.4152698914703574
225,PCA,3.01484243,3.307657584184711
237,PCA,4.518096365,4.334495720696887
243,PCA,2.768208103,3.145186380183552
262,PCA,2.239253186,2.6846265288232614
265,PCA,3.879416447,3.9625229960073374
266,PCA,3.325555342,3.6977688531353246
280,PCA,7.038939476,6.065925486212768
284,PCA,1.595379942,2.1690958027656935
288,PCA,3.723110042,3.8705049910086493
298,PCA,3.870551118,3.5179570003254925
310,PCA,4.169444125,3.9083932123602567
313,PCA,3.905192767,4.0761919779166265
321,PCA,2.233211202,2.60358765886832
323,PCA,3.667299551,4.043034515638427
345,PCA,3.066295669,3.238852543964978
346,PCA,3.740965259,3.378736793209806
350,PCA,3.931892225,3.6385601716371427
361,PCA,4.080096324,4.0377725839360235
362,PCA,3.839182265,3.697482802249515
366,PCA,2.489248544,2.9212230769693783
370,PCA,3.952030378,3.7825880898478905
372,PCA,2.015123561,2.792166225451389
376,PCA,3.522264606,3.1416634746110677
382,PCA,4.181635406,3.943729437732044
388,PCA,3.236132011,3.34430192052113
389,PCA,3.692363906,3.796041610464492
395,PCA,3.681693214,3.963149154327567
397,PCA,3.030947823,3.19664739889001
399,PCA,3.039942171,3.347040808740822
403,PCA,1.812435335,2.283391400348823
416,PCA,3.336594958,3.552964508702777
417,PCA,3.756637342,3.364954065417788
423,PCA,2.091380654,2.41304994196116
428,PCA,1.867622814,3.4447784467206977
437,PCA,4.055811039,3.9989520673695673
449,PCA,6.170365184,5.6192762067851785
461,PCA,3.709216802,3.557424265402745
463,PCA,4.231604131,3.749059215729546
473,PCA,3.8692422,4.684966393950556
474,PCA,3.596778129,3.2146379504856135
477,PCA,2.794535228,2.791057741691588
479,PCA,3.685979528,3.8399748001916074
480,PCA,2.632078148,3.009705420432274
482,PCA,3.363868864,3.592631935558299
483,PCA,2.578241089,3.9551733328331196
498,PCA,2.496785583,2.703225964725797
500,PCA,2.825343237,3.0959768046996747
501,PCA,2.560508776,2.924425638943389
523,PCA,1.53375646,3.4273327312948845
525,PCA,4.817161221,4.095110909575361
527,PCA,3.549415702,3.8491645607547276
531,PCA,2.863459321,3.1388145909769025
546,PCA,3.498861689,3.145000236295562
554,PCA,2.723734902,3.2226407871097904
559,PCA,4.145537126,4.144189306555049
564,PCA,4.027748474,3.296145331911242
567,PCA,2.870153628,3.678949547589459
605,PCA,2.015789085,1.906744351394993
608,PCA,3.227709579,3.3630669157837443
613,PCA,3.342217135,2.532729326207189
623,PCA,3.560809635,3.6337333178019087
626,PCA,1.874298552,3.2417739385785533
643,PCA,3.385689088,3.0879599492063545
649,PCA,3.634507081,3.535541169170854
651,PCA,3.647834014,3.965005797292324
653,PCA,1.536143754,3.280541949501221
658,PCA,3.93981481,3.7465268252382047
664,PCA,2.734537075,3.6010122073377056
676,PCA,4.118230846,4.272445057892508
679,PCA,4.2491762,4.006272131208001
682,PCA,3.013959516,3.0065003229602976
683,PCA,2.696373865,2.4097722816503353
686,PCA,2.097927609,2.755268335147495
689,PCA,1.610732826,2.1039531662160433
695,PCA,1.937269778,3.269128393490883
696,PCA,2.721315881,2.8869328072748393
706,PCA,3.560809635,3.651928703123989
707,PCA,2.576458589,2.4234790067949126
710,PCA,1.957926387,2.639906664115032
716,PCA,3.279130588,3.1782610631477364
719,PCA,3.251353873,2.9813447733962786
734,PCA,2.02926158,2.9855109207594412
746,PCA,2.892629127,3.3348755086007023
776,PCA,3.813831764,3.975279643367045
782,PCA,3.715635708,3.7473785004017053
795,PCA,2.497766061,2.760503403258071
796,PCA,2.995720485,2.828922390555949
797,PCA,3.01755561,2.979510511267212
802,PCA,3.660618188,3.553916689782872
803,PCA,2.798347722,2.9709440888915988
812,PCA,3.340707344,3.453416053247369
814,PCA,1.225733029,2.461138363690011
815,PCA,2.818803928,2.8798422746403127
825,PCA,3.986763339,2.9454476509089127
831,PCA,4.000506382,3.3102636843270905
832,PCA,3.273158748,3.498657826438757
834,PCA,5.348949078,4.236924836595781
840,PCA,3.906360086,3.8726581647331613
847,PCA,1.385602184,2.9314950554846826
855,PCA,3.22922379,4.340861485054772
858,PCA,1.826593477,2.857965666006067
861,PCA,1.682996653,2.522444596769926
863,PCA,2.159892482,2.5425324061430548
864,PCA,2.602229333,2.991567147401492
871,PCA,3.445095558,4.190766317941601
873,PCA,3.604334073,3.756389908022828
875,PCA,4.031066771,2.6940433557708166
889,PCA,1.260202121,2.347080800269821
902,PCA,3.263515086,3.9278060399836203
905,PCA,3.703971159,3.4978948232175355
910,PCA,3.041879349,3.0858077447276298
922,PCA,2.879077951,3.0386137867523813
925,PCA,4.260496228,3.721040155867346
926,PCA,3.286117255,3.5256159226455708
927,PCA,3.748744111,3.9245416992420368
928,PCA,4.532104361,3.6802397889673055
929,PCA,2.946637821,3.0941162214674787
934,PCA,1.329574138,2.225680447009616
940,PCA,3.336495757,2.7704526927908515
946,PCA,3.037437565,3.3068074459222423
949,PCA,3.279406837,3.7370847778451073
951,PCA,3.108893739,3.438310670959193
954,PCA,3.216432763,3.621907427938673
955,PCA,3.673882844,3.6258084232414207
968,PCA,3.037430925,2.7521297837995693
990,PCA,6.716420734,3.2877360945426397
991,PCA,3.314560273,3.3358123594148754
994,PCA,3.658939331,3.355669889924676
999,PCA,4.458336346,4.017205495274024
1001,PCA,2.960227585,3.393298807191417
1002,PCA,3.7155333,3.4030074646333204
1008,PCA,2.59306679,2.7693643800902454
1012,PCA,2.924052314,3.109381908977887
1020,PCA,2.601386302,2.663008482679359
1021,PCA,3.305673746,3.2546437558483796
1025,PCA,2.806089487,2.4459522563641105
1028,PCA,3.190740116,2.9871575226079923
1032,PCA,3.688513574,3.455688165269393
1042,PCA,3.230181089,3.427604453824763
1045,PCA,3.246045339,3.282746869712944
1053,PCA,1.252329344,2.307045513341172
1060,PCA,2.733308865,2.963740877993918
1066,PCA,2.208907496,2.9350221580715017
1070,PCA,3.106968628,2.958764422830566
1085,PCA,2.769631356,3.4268216589917406
1101,PCA,3.183129011,3.1296748662231058
1108,PCA,2.946637821,3.1976662317773856
1112,PCA,2.909523343,2.8664304741915725
1113,PCA,3.975168183,3.693818562907406
1120,PCA,3.258086794,2.90762169840392
1126,PCA,2.416848453,2.441796038975742
1132,PCA,2.882024625,3.294591115287591
1133,PCA,4.245086568,4.028966762613332
1139,PCA,2.809963522,2.9479501692328633
1142,PCA,7.095543245,4.733349358530916
1143,PCA,3.862392573,3.591399434857098
1144,PCA,3.757126755,3.9413450169204225
1150,PCA,1.755294236,3.1735208871184963
1166,PCA,1.73563205,2.1944264950589023
1167,PCA,3.255265728,3.2145565022986013
1168,PCA,3.660429068,3.063716916981521
1178,PCA,1.904617329,2.9002578111867354
1200,PCA,3.079802084,3.2770513141791957
1205,PCA,2.94417823,3.340890720042382
1206,PCA,2.788267882,2.796436958260805
1216,PCA,2.654536418,3.2762701497291107
1217,PCA,3.629025307,3.337360278016745
1220,PCA,7.313490593,4.654954659508364
1226,PCA,2.69913404,2.4101377961077257
1236,PCA,3.353657104,3.353654470553818
1242,PCA,4.588096611,4.730258229553336
1243,PCA,3.539661876,3.450386459573456
1245,PCA,3.637432544,3.1985286075914288
1253,PCA,2.872551201,3.4454097001215223
1257,PCA,3.459069232,3.5272947523678866
1271,PCA,4.119641577,3.838110508040219
1272,PCA,4.728001391,3.81018624810398
1276,PCA,3.332577311,4.157721443346198
1283,PCA,4.203224836,3.893460871077271
1284,PCA,3.423532001,3.5284728029351964
1293,PCA,3.070431941,3.291612950181239
1301,PCA,1.747596286,3.0539753680283233
1310,PCA,3.920446321,3.8095970644549597
1321,PCA,2.237671847,2.5997479157058296
1327,PCA,2.834206757,2.9330450270291415
1330,PCA,3.167290229,3.4610272767385957
1336,PCA,2.988145075,3.3581755179155066
1342,PCA,0.942475043,3.397790507168867
1345,PCA,4.214487751,4.180363769333353
1348,PCA,3.506729176,3.4316030912923923
1351,PCA,2.985541233,3.287684676565087
1353,PCA,2.411280151,3.0238875842832016
1358,PCA,2.727143469,2.655615908405846
1360,PCA,3.912995943,4.149189069923988
1363,PCA,3.017962644,3.197258423648234
1370,PCA,2.245056299,2.5827809880732238
1372,PCA,4.002182066,3.5612032782598577
1379,PCA,3.804468558,3.7829348639845426
1383,PCA,3.345786681,3.3680341531831153
1392,PCA,2.732194911,3.146888088968897
1395,PCA,2.244447418,2.42403092776454
1399,PCA,2.970468272,3.181834274857089
1402,PCA,3.593456834,2.939709429379854
1404,PCA,3.060637413,3.272875298334421
1406,PCA,4.956525486,6.173291421418936
1410,PCA,3.952773834,3.737205253459144
1412,PCA,4.032005965,3.825544617710398
1416,PCA,3.491092958,3.6203056981149553
1420,PCA,5.166456139,6.526395161315682
1425,PCA,4.967309603,5.57951247167061
1429,PCA,3.809693406,3.716690494990515
1430,PCA,3.360566593,3.6421392669147323
1431,PCA,3.688949051,3.7760127944337976
1432,PCA,5.58592974,4.007169852152679
1433,PCA,3.233279357,3.7991442744154735
1439,PCA,4.543130886,4.70677693855551
1449,PCA,4.109839428,3.013247145400578
1451,PCA,5.041269431,3.298421468859103
1461,PCA,4.005850279,3.7854699218340326
1463,PCA,4.037956476,3.7814654941614494
1466,PCA,3.530917438,3.4500412218266634
1470,PCA,4.748224843,3.5045435832467757
1471,PCA,4.638247576,3.3354766903339637
1475,PCA,2.704750904,2.712262045772024
1494,PCA,3.465271707,3.2729019641797716
1506,PCA,3.821255615,3.767637607448751
1508,PCA,4.015840263,3.809451680892255
1514,PCA,3.096881059,3.573639406186936
1516,PCA,2.521544717,2.7680043010619104
1520,PCA,4.101452722,3.6973964146106595
1522,PCA,2.814115906,2.8309500884876675
1523,PCA,2.576590488,3.120580851752148
1528,PCA,3.428487689,3.226744944456266
1532,PCA,3.087513252,3.835613980740937
1546,PCA,2.952103309,3.3096958509995975
1553,PCA,4.285025366,3.9407855685101194
1557,PCA,2.745843012,3.0190717537907643
1558,PCA,4.067719675,4.110092363106612
1565,PCA,1.635229316,2.0492549697424387
1571,PCA,3.25338405,2.581034494505162
1573,PCA,3.271120794,3.203550379147978
1577,PCA,3.566851796,2.8250381185408524
1588,PCA,2.579608528,2.762908511437487
1589,PCA,3.211626544,2.2070726177668094
1591,PCA,4.032855942,2.717474165025454
1595,PCA,3.684979936,3.257979178701537
1600,PCA,3.654060971,3.899060262044043
1607,PCA,3.970645821,4.123420439635984
1608,PCA,3.7521902,3.8401650972175485
1612,PCA,3.702826736,2.6354794064816947
1619,PCA,3.817188788,3.3509470340844985
1639,PCA,3.860237213,3.967722096894827
1643,PCA,4.572935464,3.9992377626760636
1644,PCA,4.524635528,3.502067605458878
1656,PCA,4.354721016,3.419756102259574
1663,PCA,3.511945032,3.7064016516329863
1674,PCA,3.453595038,3.3787509891553933
1675,PCA,3.724396356,3.330336117068909
1686,PCA,4.859079727,4.1597147450768235
1689,PCA,2.688319691,2.6953915306489664
1694,PCA,3.436434769,3.287287614515633
1698,PCA,3.1109767,2.9026062569228177
1705,PCA,3.980889247,3.762155881521376
1706,PCA,5.288200024,2.7944021331327535
1707,PCA,3.271568635,3.4361075318263112
1717,PCA,3.432499715,3.55373802431888
1741,PCA,1.965562728,2.298861405230765
1742,PCA,2.911593683,3.3152687459563794
1744,PCA,2.625382279,3.1543619108447842
1750,PCA,3.127538876,2.9971442877165884
1756,PCA,2.200850969,3.2970331990795967
1757,PCA,1.783874548,3.305063180307247
1769,PCA,3.446514977,3.366309354271425
1773,PCA,3.262315005,3.26600053989366
1774,PCA,3.568473361,3.669569684686478
1775,PCA,2.993384788,3.2743043932656977
1800,PCA,2.748234071,3.469577026745633
1807,PCA,3.977876724,3.512043174508982
1811,PCA,3.749692635,3.44419541628454
1822,PCA,2.889184545,2.4843567557082924
1826,PCA,3.920806632,3.6548963161399075
1833,PCA,3.285930687,2.9474774667156893
1834,PCA,3.542136018,3.3592635048117616
1840,PCA,2.916828859,3.4308013290592596
1867,PCA,2.772055693,3.588328260119221
1872,PCA,3.165117321,3.2697246107585936
1875,PCA,2.599292745,3.438804415098131
1878,PCA,3.631499113,3.4825603163600536
1892,PCA,3.657207857,3.6844960884671907
1894,PCA,3.677248368,3.702575980676333
1901,PCA,3.908053683,4.288265017513694
1905,PCA,2.65090136,3.143161790183812
1911,PCA,2.987037304,3.0988175241476
1917,PCA,3.318524528,3.2213588199909617
1947,PCA,4.528376709,3.8286885142212927
1955,PCA,3.441010226,3.1904318831630962
1956,PCA,2.911727671,2.966899007659654
1960,PCA,3.01484243,3.2354697137413853
1963,PCA,4.014864414,3.6926856572047733
1971,PCA,3.740934792,3.9931447267842026
1979,PCA,4.018669298,3.7852348031254386
1980,PCA,2.942052721,3.6574870835837294
1981,PCA,2.97012983,2.9826370909916546
1986,PCA,2.845662256,3.20694169446343
1991,PCA,2.712289218,3.4408204751390437
1998,PCA,3.220568301,3.078950739629741
2008,PCA,3.067337479,2.883877007128393
2013,PCA,3.131003459,3.4951954246000456
2015,PCA,4.330935784,3.9800778727281823
2027,PCA,3.915153859,4.09883347931777
2029,PCA,3.963174826,3.6965304223016586
2031,PCA,3.432655633,3.8392762484232597
2033,PCA,3.967933208,4.132767488487695
2035,PCA,4.010634879,3.827984505828612
2036,PCA,3.817262214,3.7092543961195297
2038,PCA,3.845515636,3.489024075543005
2047,PCA,3.337321685,3.566077172951649
2067,PCA,3.176730649,3.1298990334047145
2070,PCA,3.334914609,3.1021615910665266
2075,PCA,3.301694147,4.044251435561284
2077,PCA,2.678555028,4.049710397117743
2080,PCA,3.59653552,3.877379400870895
2087,PCA,3.659331234,3.314384294215116
2094,PCA,4.827166835,4.104829610819574
2107,PCA,2.44982057,2.88186375295917
2109,PCA,3.095599363,3.227044864678938
2115,PCA,3.103096419,3.5293564242871445
2116,PCA,2.604559465,2.4155040834787176
2117,PCA,2.518500845,2.7296203735942783
2136,PCA,2.8991238,2.2080405246012953
2137,PCA,2.643116728,2.6151898142363996
2145,PCA,2.480504555,3.316450396455135
2146,PCA,2.576115979,3.065921367012182
2149,PCA,3.146828546,3.4344832683431967
2152,PCA,2.755772829,3.050789747241549
2156,PCA,3.556511412,3.5995955642632
2162,PCA,3.919015884,3.749681675507525
2166,PCA,3.945010414,3.4244829043216485
2167,PCA,3.651992364,3.724454265557423
2170,PCA,3.862459363,3.6895741309534733
2173,PCA,3.90224699,4.098818253762123
2178,PCA,3.637947132,3.9407446140266913
2180,PCA,4.008653391,3.9820094624945335
2187,PCA,3.548124906,3.9737236539909437
2188,PCA,4.474087511,3.892117246614282
2204,PCA,3.664276254,3.3206255848084743
2205,PCA,3.242208375,3.312501375483894
2208,PCA,4.154047645,3.908878236548209
2210,PCA,3.289198626,3.711717485632728
2217,PCA,4.397306718,3.8243914064051667
2220,PCA,3.750352545,3.961393128429349
2221,PCA,4.317379113,4.450207868594522
2223,PCA,3.561850696,3.334948780634139
2226,PCA,3.033052749,3.2865937139392374
2232,PCA,4.060050637,4.274436940443172
2239,PCA,5.691682543,3.9684388119919056
2241,PCA,3.021781741,3.396586153422933
2242,PCA,3.431263221,2.827870161007814
2248,PCA,2.824353665,2.495473997455827
2252,PCA,2.87743254,3.377976932675099
2271,PCA,3.176700911,2.5788243371576494
2275,PCA,3.328746882,3.1101765005830133
2280,PCA,3.687715203,3.820277804967565
2296,PCA,3.637387863,3.4746563783273974
2298,PCA,3.616629279,3.4306567571759174
2299,PCA,3.61526895,3.457233402369822
2301,PCA,3.213503,3.4871803550639155
2303,PCA,3.704173506,3.5488097601473694
2313,PCA,3.597826116,4.031366530502101
2320,PCA,4.564072975,3.972162921334864
2324,PCA,3.107081774,3.5043137925732903
2326,PCA,2.630715761,3.3242119981946257
2332,PCA,3.873515737,3.848627351411637
2333,PCA,3.838817619,3.525595104330342
2339,PCA,4.341379561,3.883618841852279
2347,PCA,4.076338872,4.281330307736683
2353,PCA,3.778729924,2.9741126663493693
2360,PCA,3.808590971,3.2571977622609407
2361,PCA,3.164926578,3.4700718466259577
2374,PCA,4.577935565,4.309425207999795
2382,PCA,3.099364068,3.3690554799056947
2396,PCA,3.963006204,3.673908082473129
2403,PCA,3.351625621,3.9091821057072162
2417,PCA,3.376153144,3.0352548789683955
2426,PCA,3.042290068,3.526560878278239
2427,PCA,3.525308637,3.5726022203916936
2431,PCA,6.461870073,4.548073027322662
2435,PCA,3.406304777,3.9381677564951647
2436,PCA,4.314040282,4.086640330759903
2442,PCA,3.577995759,2.9056688579612406
2443,PCA,3.037437565,3.292717225081099
2468,PCA,3.123180586,3.327258124912799
2472,PCA,2.126957252,3.4955999329295646
2474,PCA,3.873652875,3.785667630007006
2491,PCA,3.991878504,4.0100494821100305
2494,PCA,3.881417946,3.53969663756534
2495,PCA,3.25584154,2.76264724856484
2497,PCA,2.637723671,2.6669005960183885
2498,PCA,3.580342432,3.405514134234951
2501,PCA,3.164739384,3.0163712984161686
2521,PCA,3.579029912,3.6406009364430396
2525,PCA,3.632187251,2.3932040459131696
2537,PCA,3.35852282,2.7974852356288284
2541,PCA,3.831507559,3.3407519200551223
2546,PCA,4.563154851,4.258049380193656
2553,PCA,3.747883249,4.595921091754674
2558,PCA,2.791424317,3.137098826792322
2563,PCA,3.513869884,3.61769419633534
2573,PCA,3.513744828,3.815117576899266
2574,PCA,3.232308629,3.778432735827435
2590,PCA,3.661864547,3.8791412339948237
2591,PCA,3.249729681,3.7394184979627414
2593,PCA,3.233125444,3.651527968403765
2594,PCA,3.42667529,3.723938692256755
2595,PCA,3.845463491,3.823740042138563
2598,PCA,3.50759086,3.6476981231587633
2600,PCA,3.870867816,3.4621578640087196
2603,PCA,2.959934421,3.2626718747866965
2615,PCA,3.664119608,3.7702566382193208
2622,PCA,3.551312734,3.704747802464642
2623,PCA,3.535671544,3.3875857207210966
2624,PCA,2.944126097,3.0489105765281685
2631,PCA,2.60248831,3.4041419373794826
2632,PCA,4.16521464,3.0865556248107633
2642,PCA,3.425844101,3.686578868429445
2643,PCA,2.648568804,2.835985045516642
2684,PCA,2.896867099,3.793195853319526
2690,PCA,5.498886823,3.6324086610183763
2693,PCA,4.307828432,3.7403630260490317
2694,PCA,3.037457486,2.915775363130664
2697,PCA,3.466032815,3.563631982731106
2713,PCA,3.419701785,3.330047426960734
2716,PCA,3.359318911,3.4158535681147284
2759,PCA,2.615368951,3.120273131542058
2762,PCA,2.707399831,3.363659718741774
2772,PCA,2.899757987,3.291735559275865
2774,PCA,3.330868124,3.7533723242208055
2775,PCA,3.548873988,3.5954364733560853
2781,PCA,3.929227695,3.735290751271143
2793,PCA,4.768947497,4.00816733603029
2799,PCA,2.533452046,1.5631910090483312
2841,PCA,4.450279908,4.023290742629023
2849,PCA,2.94897601,3.0257881078265427
2854,PCA,3.209083953,3.237820258702628
2858,PCA,3.391552567,3.4978629279809006
2866,PCA,2.838790987,3.0464328568093126
2868,PCA,3.951351075,4.097213131971968
2871,PCA,3.941215725,3.2747816463440116
2888,PCA,3.559666081,3.8637926425695457
2890,PCA,3.252293291,3.800939886438708
2910,PCA,4.402898173,4.0578708458914985
2923,PCA,4.568702954,4.498329242067568
2929,PCA,3.626972758,4.000393809454556
2931,PCA,4.449106686,4.577935729904766
2934,PCA,3.567057337,3.059318781126208
2936,PCA,3.193647664,3.350245543485143
2939,PCA,2.97513245,3.440854396695098
2941,PCA,3.509843119,3.1840731535057096
2954,PCA,3.28338463,2.498633192283773
2955,PCA,5.220660633,3.5294768147244655
2962,PCA,3.575171634,3.750202007098796
2964,PCA,3.849847832,4.014512778643807
2965,PCA,3.713263676,3.762637296386637
2967,PCA,3.673089732,3.9763838062273567
2968,PCA,3.773591867,4.102426467731332
2978,PCA,3.756520103,3.7997447797253234
2981,PCA,3.875966997,3.65540901018349
2987,PCA,3.492757895,3.1639429223239413
2994,PCA,4.982665482,3.94805940653575
2998,PCA,2.940248224,3.373671599128859
3002,PCA,3.79690979,3.766292531984867
3006,PCA,3.811311121,3.769601201748535
3017,PCA,4.099224127,4.04045590687905
3018,PCA,3.428487689,3.2461609043540345
3019,PCA,2.5898858,2.997755628559248
3020,PCA,2.223142755,2.194405159246096
3025,PCA,3.609426314,4.281599422386746
3026,PCA,2.358431982,3.0977530526846127
3033,PCA,2.455259983,3.292231996007957
3034,PCA,3.598739714,3.5436163019124756
3046,PCA,3.512570053,3.31200369798241
3054,PCA,4.113702172,4.218163597530617
3057,PCA,4.048414928,4.092717409693484
3066,PCA,1.99451658,2.4585182506138406
3069,PCA,4.168151147,4.291139616329165
3070,PCA,3.549222501,3.8371614938541483
3071,PCA,3.299404869,3.6456166865966964
3079,PCA,3.418881069,2.9306083331776818
3082,PCA,5.859307346,4.467543781973445
3084,PCA,5.183921982,4.42250500790891
3085,PCA,4.180856733,4.388887985581553
3086,PCA,3.566411563,4.084131243053021
3087,PCA,4.822329384,5.027956830323404
3095,PCA,5.730946215,3.6631953667338597
3106,PCA,4.112377071,4.512644840622642
3108,PCA,4.258242072,3.867572231005897
3109,PCA,3.491913318,3.5219226376118
3111,PCA,4.13861196,3.768402738263294
3115,PCA,4.248371329,3.4972871304657396
3124,PCA,3.778723728,4.3005522233323825
3127,PCA,3.410768198,3.5808315340347443
3129,PCA,3.882841036,3.741824605205225
3130,PCA,3.355381647,3.2124998816383346
3134,PCA,3.360281369,3.489365012109128
3135,PCA,2.549898451,2.8967160603895015
3138,PCA,3.316681,3.361469644602885
3150,PCA,3.377734757,3.8589010569212223
3151,PCA,3.970218586,4.040106889745387
3152,PCA,4.194585491,4.289169382397848
3162,PCA,5.066130791,3.7344452358648734
3176,PCA,4.928070062,3.0672676510341486
3177,PCA,3.151717065,3.382308539471688
3178,PCA,4.318599608,5.934942247255515
3179,PCA,4.071393049,3.2608883385132934
3183,PCA,3.537634728,3.443075925791689
3191,PCA,4.908415908,3.1711621368493264
3192,PCA,3.596879727,3.526136857879733
3203,PCA,3.980625944,3.438240835459313
3207,PCA,4.072617477,3.5146304262729844
3214,PCA,3.759997028,3.3340230912187674
3215,PCA,3.129196682,3.1409189177920545
3217,PCA,3.345578466,3.7680170616299153
3222,PCA,3.678660617,3.5540529611180034
3233,PCA,4.06802622,3.8107731317923594
3234,PCA,3.621738082,4.0811602246505
3235,PCA,3.563923715,3.912454441217732
3236,PCA,3.653819436,3.746336030713308
3237,PCA,3.699588631,3.8470780299275233
3241,PCA,3.622034954,3.8019837085180095
3245,PCA,3.441602496,4.405921252090375
3260,PCA,3.56927147,3.5784868341067932
3263,PCA,3.448198205,3.4970229149993366
3265,PCA,2.656966561,2.9504607407132957
3269,PCA,3.079394753,3.487125421515561
3271,PCA,3.061270228,3.193430901087239
3276,PCA,2.184248993,2.440249191718573
3277,PCA,3.172308048,3.621109774140681
3281,PCA,2.567379308,2.712274338483796
3307,PCA,3.736993744,3.5105747935980802
3311,PCA,3.484341945,3.5587728404902554
3332,PCA,3.905293087,3.8401412651670306
3341,PCA,4.301673206,4.518287794088116
3345,PCA,3.735214186,3.710453004533055
3347,PCA,2.614990216,2.2143801824069813
3368,PCA,3.817523449,4.143676450551393
3370,PCA,3.364091131,3.2188321807596
3379,PCA,4.403320428,3.8447066202433287
3383,PCA,3.454749428,3.0958511437367453
3396,PCA,3.929303623,3.8356934278048676
3399,PCA,2.54457959,2.7361848257618755
3403,PCA,3.699667474,3.555375209717446
3410,PCA,3.715209906,3.782262886367435
3411,PCA,3.384477071,3.906263275018653
3412,PCA,4.288285999,4.34504876229937
3415,PCA,4.892758065,4.594384159923943
3418,PCA,3.539675664,3.949196788397246
3419,PCA,2.947979379,2.718131236778699
3426,PCA,3.764887165,3.6682848676249873
3430,PCA,3.632076485,4.018528096530401
3431,PCA,3.561467686,3.3735482207728626
3434,PCA,3.988687131,3.6862919500373263
3443,PCA,4.00464375,3.8514292381869635
3447,PCA,2.973189451,3.066453850183576
3454,PCA,3.197098223,3.847149568472258
3467,PCA,4.383764516,3.7303409587104026
3469,PCA,2.924190235,2.889406897005858
3473,PCA,3.369443879,4.094986513875093
3474,PCA,4.202652258,4.411675755885764
3496,PCA,3.475059259,4.256228425010411
3502,PCA,3.714759231,3.8110122503177015
3508,PCA,3.18751132,3.617895195423968
3509,PCA,2.912065879,3.298849429107356
3510,PCA,3.468261645,3.7308604779144554
3515,PCA,3.170028529,2.6074623171352966
3517,PCA,2.871797248,2.6779133099481025
3519,PCA,3.663946467,3.352379731305421
3521,PCA,4.312473558,3.767792099295548
3523,PCA,2.879860146,2.8960591828604967
3526,PCA,3.233716796,3.0742630921979233
3528,PCA,3.462951745,3.766259974610637
3530,PCA,3.239609757,3.293688142128294
3543,PCA,3.546890629,3.647741408280535
3546,PCA,2.598813602,2.5124185328653637
3551,PCA,2.781487319,2.541941865383797
3554,PCA,2.802861345,3.435496442890131
3555,PCA,3.735145322,3.3207439168866615
3591,PCA,3.911422063,3.9506251628720914
3598,PCA,3.039764322,3.2885549244830057
3603,PCA,3.766078073,3.9922439068169417
3605,PCA,4.217641094,4.161230240855991
3608,PCA,2.572934068,2.691796187893437
3619,PCA,3.594979991,3.9151727643082483
3620,PCA,3.774327149,4.003281226372981
3622,PCA,4.380848644,3.9399208944550277
3623,PCA,3.375190966,3.3752397178089923
3627,PCA,4.085884932,3.588247410011073
3632,PCA,2.989447037,3.344753372821468
3642,PCA,2.335487989,2.543225092899335
3647,PCA,3.932579028,4.0939434081378
3656,PCA,3.973760354,3.5630420688448887
3660,PCA,3.563743752,3.478434080551874
3661,PCA,4.602612378,5.00781137597135
3664,PCA,1.888702113,2.1596514048543742
3669,PCA,3.236650607,3.9431486554024424
3672,PCA,3.729260273,3.330045892882369
3673,PCA,3.228574863,3.4824581416876894
3674,PCA,3.076462434,3.3385220182096043
3676,PCA,2.832852364,3.152853529892234
3684,PCA,3.531027052,3.1595282978496453
3690,PCA,2.795630123,3.5617552715736505
3694,PCA,2.847994411,3.094050704959706
3704,PCA,3.28464761,3.184440191094101
3710,PCA,4.069731745,4.0122833693526525
3724,PCA,3.890554079,3.855019254219629
3740,PCA,3.095381868,3.5562987668122554
3742,PCA,3.650328049,3.7795751134943067
3754,PCA,6.622127639,5.340837521539849
3755,PCA,3.571354788,3.1904074587396973
3756,PCA,2.560839751,2.8443416262384256
3757,PCA,4.298815247,4.055665167694495
3768,PCA,2.871903466,3.2421581924422447
3774,PCA,3.338612519,3.8695278789794902
3780,PCA,3.84735559,3.641967505841925
3785,PCA,3.487304122,3.392077496286911
3804,PCA,3.689537175,3.30042391531082
3810,PCA,3.252044885,3.4291537474570504
3817,PCA,3.235885767,3.216877003819933
3821,PCA,3.407798661,3.7054210337772435
3827,PCA,2.905247609,3.253183808154137
3829,PCA,3.314707589,3.892113004282722
3831,PCA,3.140618017,3.7736359550496337
3834,PCA,1.903557959,2.868936848869077
3835,PCA,2.123721006,3.1222048699898073
3837,PCA,2.113338419,3.0285299784686748
3838,PCA,2.646725721,3.1277441826241605
3839,PCA,2.646725721,3.230146620494467
3840,PCA,2.309566296,2.7736393835611466
3846,PCA,3.236716361,3.6065569668052593
3852,PCA,3.636021256,3.949427350671822
3853,PCA,3.394609259,3.900685863292978
3854,PCA,3.408041057,3.9839657670363287
3856,PCA,4.016919825,4.025455668329961
3869,PCA,3.236716361,3.5224518313933877
3879,PCA,3.017865824,3.150824062654555
3880,PCA,1.881307607,3.0421596297925415
3897,PCA,3.251090445,3.3841834662162387
3920,PCA,2.041002866,2.3672761346765903
3924,PCA,4.112744606,3.938190431261707
3936,PCA,4.016293574,3.7448661556096683
3941,PCA,3.204716727,3.1360167793704523
3950,PCA,3.71160648,3.8144733997383558
3955,PCA,4.42509057,3.846202052592318
3959,PCA,5.061858467,4.072990086977498
3960,PCA,3.971676683,4.091791512072578
3971,PCA,4.384838256,3.76790483519117
3975,PCA,2.285840103,2.1482448996973313
3978,PCA,3.502929214,3.26368140368566
3980,PCA,3.846648536,4.119711630801047
3987,PCA,3.550344149,3.8876367634944873
4001,PCA,4.390995632,2.636129110419996
4010,PCA,3.549810898,3.522588581116729
4011,PCA,2.981795963,3.2680139324554873
4012,PCA,3.545565548,3.620465070239179
4014,PCA,2.869296924,3.7062659451187523
4019,PCA,4.463010416,4.315170501174247
4023,PCA,4.581545767,4.122727363268801
4026,PCA,3.740961546,3.8682086855694844
4028,PCA,4.348770068,3.106443141470611
4035,PCA,2.815778995,3.7364961240243684
4037,PCA,4.375902486,4.1907225247663895
4053,PCA,3.869234583,3.8796738293276243
4064,PCA,4.90791515,4.394510882930262
4067,PCA,3.596161483,4.052727134033928
4077,PCA,3.535761897,3.2529426868286904
4082,PCA,3.897917135,2.950839292780854
4096,PCA,3.748838981,3.880620088817189
4105,PCA,2.915484845,2.993281989909379
4106,PCA,3.301702905,2.9381038129057586
4110,PCA,3.095564513,3.589806402027913
4111,PCA,2.983552916,3.3025805535068393
4122,PCA,3.831313873,3.6966800171542222
4125,PCA,3.222424532,3.6923318653774864
4133,PCA,1.188983477,3.4653790607897355
4152,PCA,3.386830242,3.5817982033636673
4154,PCA,3.281969665,3.556744354746829
4156,PCA,5.518027893,3.7914716179161174
4160,PCA,6.105684889,4.883577688735911
4166,PCA,3.4536384,3.5231421635862565
4168,PCA,3.602679969,3.5666988682341665
4169,PCA,2.347665435,2.7679358873400313
4174,PCA,3.886140086,3.9113098802390702
4208,PCA,3.127894884,3.2374984257001844
4209,PCA,3.462125141,3.23178609996869
4212,PCA,3.657214687,3.110105236669807
4216,PCA,3.443831893,3.5246320621921168
4223,PCA,3.072168601,5.174708324365902
4243,PCA,3.546599943,3.501266516830839
4245,PCA,3.064041466,2.713411255233259
4250,PCA,2.884471237,3.152401624154959
4257,PCA,4.004754838,4.442077758858838
4260,PCA,3.691425683,3.554256774934464
4262,PCA,2.813366207,3.1846910110791717
4265,PCA,2.202186565,2.6050635724150677
4266,PCA,2.59140936,2.576077214062514
4267,PCA,2.141267451,2.4088695624000627
4273,PCA,2.151751516,2.9876140335003987
4282,PCA,3.600659851,3.7991887431314226
4289,PCA,5.086048237,3.914871151244178
4302,PCA,3.643282874,3.7096335287444884
4306,PCA,3.601041122,3.9169148867623043
4327,PCA,3.881120826,3.8370479638350874
4333,PCA,3.292069758,3.413900907901364
4338,PCA,6.382237363,4.043252247325158
4348,PCA,3.96922671,4.019938562270724
4353,PCA,2.243465928,2.641228533961101
4355,PCA,3.909666041,2.5278693121754743
4374,PCA,2.301553828,3.4060909703423174
4375,PCA,3.078024806,3.747938472889922
4381,PCA,4.948464587,4.6690450948435664
4390,PCA,6.913760886,4.080942336245881
4404,PCA,3.234745723,2.7550292253261115
4406,PCA,4.042019547,4.659865244791456
4412,PCA,4.485203086,3.5501856657551505
4424,PCA,2.782577929,2.3844651246358657
4431,PCA,3.244766818,2.7569839461804166
4432,PCA,3.254561887,2.9654097697202397
4435,PCA,2.969326159,3.114659983246046
4438,PCA,4.215077704,3.949738476853052
4455,PCA,3.012387237,3.082024194787197
4457,PCA,3.068676254,3.9106491421848455
4458,PCA,3.608038669,3.541301911213318
4460,PCA,3.990888652,3.6541071831888243
4472,PCA,3.553778435,3.467216637695423
4478,PCA,3.915366853,3.929266538989136
4497,PCA,4.301648425,3.912960031668362
4504,PCA,4.311576353,4.014541502714377
4513,PCA,3.471476601,3.6546472848893896
4515,PCA,3.461894952,3.088542492955719
4516,PCA,3.497913993,3.193960286805291
4519,PCA,3.520850632,3.8392169220938634
4520,PCA,4.131163363,3.922773701940727
4522,PCA,3.794798146,3.6090677177666595
4524,PCA,3.735347922,3.699618257298457
4525,PCA,4.764038572,4.071883297400111
4533,PCA,3.088644385,3.0119177168918334
4547,PCA,2.978444291,3.2019742700462093
4551,PCA,3.685791483,3.463190328347782
4553,PCA,3.544467687,3.563037811793659
4554,PCA,3.826500554,3.5283803358468986
4556,PCA,3.675310156,3.610184829930713
4557,PCA,3.843825867,3.6090257186030437
4559,PCA,3.437397302,3.5717036177865267
4560,PCA,3.562974132,3.484637170497623
4561,PCA,3.416756408,3.590193803456157
4562,PCA,3.493976597,3.4725073480374835
4565,PCA,3.483283939,3.888333581124586
4572,PCA,3.046271825,3.3677560609996893
4582,PCA,3.544205401,3.707847369002012
4592,PCA,2.002064746,2.577492116224029
4594,PCA,3.303520037,3.2639681919142167
4597,PCA,4.154252023,4.042532493038514
4601,PCA,3.510817263,3.576498519376992
4623,PCA,3.649232255,3.7516351598751845
4629,PCA,3.707185284,4.131788559862851
4641,PCA,3.434561019,3.4299681978383574
4642,PCA,3.369745808,3.0702040585230432
4674,PCA,3.780043284,3.8288489486857724
4676,PCA,3.249275015,3.384983219217108
4678,PCA,3.847223486,4.025663667920904
4685,PCA,4.067610133,3.4912466819524406
4688,PCA,4.183054621,3.6612024305714668
4692,PCA,4.216561735,3.843787616408339
4693,PCA,3.998111545,3.4094597990114486
4694,PCA,3.952039724,3.77265278616614
4700,PCA,3.604470988,3.409970885738248
4703,PCA,3.748690277,3.343250609779933
4712,PCA,4.673918605,4.001310589983266
4721,PCA,4.121988201,3.6644111919032047
4736,PCA,3.04637592,3.424031570176204
4737,PCA,3.460865144,3.508094429962341
4739,PCA,3.377628183,3.7999856030467227
4754,PCA,3.614777866,3.971185320352969
4757,PCA,3.694300757,3.0558079522963353
4765,PCA,3.23496698,3.4265172523557177
4772,PCA,2.682391495,2.6747349158913742
4784,PCA,4.034923386,3.896153588979292
4785,PCA,3.372304302,3.380894624829095
4800,PCA,4.265157311,3.995898487768582
4801,PCA,3.535606027,3.2810613235734554
4803,PCA,2.640546276,2.733493317089753
4806,PCA,3.448594684,3.529141945645078
4816,PCA,4.069469771,3.794114877362939
4820,PCA,3.869492479,3.368707234081102
4844,PCA,3.869212156,3.75734555114981
4853,PCA,4.237575907,4.17239410009887
4855,PCA,4.052374547,4.193812153957546
4873,PCA,2.944344022,3.5194707385643165
4877,PCA,3.679205566,3.8666299737472176
4879,PCA,6.787006403,4.784304785178914
4881,PCA,3.541099847,3.5798764557015574
4887,PCA,4.153425264,3.357250257811901
4889,PCA,4.210141876,4.146281847695344
4894,PCA,3.99490469,3.5656957694462337
4895,PCA,4.110144488,3.884835379926135
4908,PCA,2.993198565,3.007867209752498
4909,PCA,4.137259139,4.016589191616976
4910,PCA,4.195251086,4.090882933095941
4912,PCA,3.879556364,3.748440544023149
4913,PCA,4.225796482,4.150254378308437
4923,PCA,1.471957315,3.020999461100156
4934,PCA,3.703637923,4.1962761751939635
4946,PCA,4.051822749,3.8803901235935747
4962,PCA,3.58871978,3.2473996964317946
4976,PCA,3.965355901,3.5365209977490144
4978,PCA,3.5052566,3.39885742979508
4994,PCA,2.889184545,2.782586703380792
4996,PCA,3.885933459,3.6877215849111122
4997,PCA,3.985479803,3.6513019210617332
4998,PCA,3.922125091,3.875234617516599
4999,PCA,4.181961978,3.795191994236094
5000,PCA,2.827797217,3.7291425468779265
5009,PCA,4.025704772,4.026790892747668
5010,PCA,3.960837813,3.9109116762314025
5011,PCA,3.782315281,3.3764055102068244
5012,PCA,4.006601761,3.8268803971261867
5013,PCA,3.964166719,3.964490400390003
5014,PCA,4.310087296,4.1016702234401965
5015,PCA,4.310496146,4.1671760956995785
5017,PCA,2.791881954,3.234494226321985
5023,PCA,3.718590446,3.8002311604377415
5030,PCA,6.359956366,4.818428504821177
5031,PCA,4.325371969,4.001209700185322
5033,PCA,4.334182232,3.493847626477293
5041,PCA,3.246151302,3.55842184828357
5046,PCA,4.260603192,3.9049549461298962
5051,PCA,3.378621351,3.409877941717815
5052,PCA,3.944427335,3.6624233841320613
5053,PCA,4.122785005,4.168592952090803
5054,PCA,4.234335684,4.118330022888817
5055,PCA,4.251600137,4.101910957427689
5059,PCA,3.441482168,3.464238760951294
5060,PCA,3.549078062,2.8552626989873606
5064,PCA,4.292809665,3.901080147569681
5065,PCA,4.233058622,3.667907579675274
5071,PCA,3.621597236,3.351538240443316
5072,PCA,3.163626772,3.54721556331112
5073,PCA,3.884926284,3.443869745794028
5097,PCA,3.674475666,3.9121419674800735
5101,PCA,4.74297606,3.966691904174233
5118,PCA,2.971294851,3.4314065135849647
5121,PCA,3.82872747,3.675498002140672
5130,PCA,3.56202294,3.7196105019339645
5131,PCA,3.735590916,4.34717689374281
5132,PCA,3.877853468,3.570454811271244
5136,PCA,3.078360136,3.596248475973632
5143,PCA,3.490875467,3.450689624260061
5154,PCA,3.245936885,2.361126538640148
5156,PCA,2.212604302,3.3276842036429035
5162,PCA,4.851780412,3.984433894167916
5164,PCA,3.963474439,4.2524883642744635
5165,PCA,3.933416145,4.442332589863327
5166,PCA,3.216905227,3.1179178864173003
5167,PCA,3.75383045,3.197397734468802
5174,PCA,3.382195409,3.2368110106560977
5181,PCA,3.482111968,4.015044780515243
5185,PCA,3.711992713,4.027768967500183
5188,PCA,3.703420999,3.723428443309126
5191,PCA,3.887863684,3.8184658947699757
5195,PCA,3.630476888,3.7023163171096787
5196,PCA,3.516658577,4.085183427438403
5197,PCA,3.75789993,4.13053790746096
5198,PCA,3.768980765,4.151618679649169
5201,PCA,3.132684737,3.345493404586334
5205,PCA,3.830175269,4.4263659495317595
5208,PCA,4.537859247,4.208270263426042
5224,PCA,4.050659795,3.625896723523456
5229,PCA,3.342335627,3.173440530440421
5237,PCA,2.750525269,3.0884894999230466
5245,PCA,3.107992687,3.618556949134061
5248,PCA,3.883718202,4.1437055355984524
5254,PCA,3.397775814,3.1665289724779733
5255,PCA,3.359835482,3.679241233203047
5260,PCA,3.62300179,3.407658194820016
5284,PCA,4.720168246,4.615200874238728
5286,PCA,2.846746928,2.626010314554624
5287,PCA,2.989198488,3.336006134203066
5291,PCA,3.571134605,3.25917802642228
5292,PCA,3.160298422,3.5956021022454685
5293,PCA,3.438299311,3.8884576739727232
5302,PCA,3.748131243,4.061239651374121
5322,PCA,3.298298101,3.471110202816353
5352,PCA,3.484463559,3.4884018819819884
5355,PCA,3.880931436,3.711068509998146
5357,PCA,3.760217783,3.7868931132764154
5363,PCA,3.636991459,3.869217868494572
5371,PCA,4.059404046,3.753683881596746
5377,PCA,3.717758149,3.535431394233486
5381,PCA,2.913663213,3.206552877118308
5391,PCA,2.868260441,3.5260451226993603
5392,PCA,2.893307401,3.358112501839836
5393,PCA,4.497192358,4.001723165660911
5395,PCA,3.166865736,3.413462582539879
5398,PCA,4.30560929,4.119841313241805
5403,PCA,2.957500868,3.1813099323900014
5405,PCA,3.343721646,3.6837099864674596
5411,PCA,3.756464182,3.750938963172366
5421,PCA,2.771729834,2.7640426383436894
5422,PCA,3.911417275,4.043969142900601
5426,PCA,2.854618309,3.614140284679097
5427,PCA,3.360821133,3.7492871025077177
5432,PCA,4.00179056,3.8457616421132035
5443,PCA,3.870514066,3.837765302184287
5444,PCA,3.249939234,3.480403006705991
5445,PCA,3.355712257,3.6448286172949476
5447,PCA,3.584759168,3.312342947662411
5451,PCA,3.56940841,4.090539484848271
5463,PCA,3.334421357,3.917039494467829
5468,PCA,4.791384641,2.962433291907404
5472,PCA,3.034844137,3.766650453136016
5473,PCA,2.854552405,3.237191404699701
5478,PCA,3.949346784,3.629991494642118
5483,PCA,3.18228052,3.0456193912475618
5484,PCA,2.676333224,3.5849797059622217
5485,PCA,3.991809175,3.6152574305820564
5507,PCA,4.4081845,2.333245738673794
5509,PCA,3.150097764,3.4639366622868133
5517,PCA,2.331057972,2.4869848861481465
5519,PCA,3.853374195,3.6507149607474907
5522,PCA,3.198568035,3.6600721379305163
5523,PCA,3.441044504,3.56187739403286
5533,PCA,5.57129435,4.173668788945981
5537,PCA,4.07094939,3.874045959096687
5538,PCA,3.80611211,3.566574433133329
5542,PCA,5.020932783,4.7231866464191725
5543,PCA,5.431966532,5.138219121922781
5544,PCA,5.011976664,5.1694784053006515
5545,PCA,5.194372098,5.334806170201825
5551,PCA,3.199319019,3.046207690923072
5561,PCA,4.020987616,2.8480665048047977
5568,PCA,3.715836275,3.603315497646284
5569,PCA,4.363601237,3.7375193204792176
5570,PCA,2.786656794,3.067917903209902
5574,PCA,3.60838848,3.5098292496180967
5585,PCA,3.918338377,4.441535384512811
5586,PCA,3.915150993,4.553506053244204
5589,PCA,3.83304889,3.8371476712948875
5591,PCA,4.151614972,3.8894583741651
5596,PCA,3.766850557,3.1625358486010144
5607,PCA,4.113310723,3.912521177726098
5612,PCA,3.77417051,4.150592063644629
5616,PCA,1.867994804,2.1042145932969136
5623,PCA,3.996281038,3.7803778295543884
5626,PCA,3.420866316,3.762870164347216
5630,PCA,3.336395686,3.8273687073128735
5642,PCA,3.037797914,2.7839076842299955
5646,PCA,3.035256253,2.873125959063571
5647,PCA,3.648378242,3.844407522127269
5649,PCA,3.366133331,3.8645390690394184
5659,PCA,3.994777457,3.8521380726042205
5671,PCA,3.65367758,4.575354205462238
5675,PCA,3.261542631,2.9420657309396954
5677,PCA,3.717424123,3.6833182041187493
5704,PCA,3.159079692,3.5719690847655086
5708,PCA,3.079786424,3.3260475245834766
5709,PCA,3.606639285,3.6094380334360694
5711,PCA,3.373572144,3.740407823124847
5712,PCA,3.771512153,3.6077557630104358
5713,PCA,3.771512153,3.751738056287369
5714,PCA,3.94220838,3.6964314453704405
5715,PCA,3.633209454,3.526244836716874
5716,PCA,3.921488787,3.7294267658144657
5722,PCA,4.318699,3.7916495811350677
5735,PCA,3.347353871,4.021102947284285
5738,PCA,3.938763572,3.3724547733759875
5744,PCA,2.880890373,3.5358365827018274
5746,PCA,4.039712645,3.8788886208026914
5747,PCA,3.463002594,3.033367448014653
5751,PCA,4.556228532,4.4933668628870365
5754,PCA,3.763271243,3.3870865421316547
5758,PCA,3.472574581,3.9169724426613586
5782,PCA,3.50501786,3.596716277377586
5787,PCA,3.56041995,4.390656743127339
5806,PCA,3.761211868,3.5032556538595037
5813,PCA,4.33333521,4.210399792445161
5819,PCA,3.12548488,3.363339051014566
5831,PCA,2.972973821,2.7649828610406084
5833,PCA,3.650271758,3.720773416053637
5840,PCA,3.761950038,3.8796684447522445
5841,PCA,3.744616538,4.1393362088901515
5867,PCA,3.901153559,4.1625819761352005
5873,PCA,3.501407106,3.213973609947384
5874,PCA,4.02672425,3.825774307444768
5876,PCA,3.10382204,2.713601045674845
5893,PCA,3.933907595,3.331676886615853
5894,PCA,5.090962493,3.5224162803630357
5905,PCA,3.652037365,3.68896925301335
5907,PCA,3.764168657,4.236100100529994
5914,PCA,4.647474339,4.600345848885246
5915,PCA,5.072521936,4.938750823428571
5918,PCA,3.951940655,4.318587903777119
5919,PCA,3.951940655,4.60555397469586
5921,PCA,3.872149277,4.311986951350731
5927,PCA,5.045627493,4.791600137461344
5932,PCA,3.910964398,3.5388866184258947
5937,PCA,3.840040477,3.8097449865679778
5947,PCA,3.833903757,3.7058233304955914
5959,PCA,3.899752777,3.88575827596212
5970,PCA,2.955586808,2.98577319250806
5972,PCA,2.959934421,2.7238525177089246
5986,PCA,3.49789371,3.81975862222702
5990,PCA,3.035274049,3.142244197925514
6004,PCA,3.0102178,3.295801339464005
6006,PCA,2.58935525,2.802911576523561
6010,PCA,3.784467784,3.54691248777733
6011,PCA,3.65001248,3.950052295849118
6014,PCA,3.497518451,3.2530306270863676
6015,PCA,3.798548446,3.2422004795631203
6016,PCA,3.463002594,2.893325587988817
6018,PCA,4.05751396,3.290789106115975
6019,PCA,3.568828065,3.3312041548051616
6020,PCA,4.121175604,3.4373602020286
6023,PCA,4.423240831,3.5576425669999114
6024,PCA,4.980881683,3.7768746619029785
6025,PCA,5.066034589,3.413417949851391
6026,PCA,5.127264326,3.647432063736148
6027,PCA,3.973799566,3.9080627746128562
6028,PCA,3.602715281,3.448295697253366
6032,PCA,3.96682433,3.587452211431808
6035,PCA,3.783234897,3.5428013254690596
6039,PCA,3.400113927,3.5614077837230655
6040,PCA,3.699564794,3.4161597543806157
6055,PCA,3.80084018,3.7202531186780123
6058,PCA,3.105818528,3.459902262656882
6079,PCA,3.687888707,3.661547764298372
6093,PCA,3.356404914,3.1198304226816296
6096,PCA,3.099412049,3.294598800029866
6098,PCA,2.326388003,2.9311493062914273
6102,PCA,3.442695295,3.2330500727377953
6105,PCA,3.283983801,3.3889976676908318
6108,PCA,2.457701909,2.051772107615712
6116,PCA,2.938478028,3.0128512340235334
6120,PCA,3.235194462,3.5076039156327647
6134,PCA,2.975761918,3.039816514259908
6136,PCA,2.90946604,3.276275058297967
6137,PCA,3.046161326,3.33634939512017
6138,PCA,3.080417574,3.3950144973548353
6139,PCA,3.088506468,3.3824451932353323
6154,PCA,3.954230165,4.1670111110400665
6181,PCA,4.380730136,3.8022498965005367
6191,PCA,4.384312187,3.8949558543341443
6204,PCA,3.586395439,3.26810620445852
6206,PCA,2.146664368,2.868603700764533
6208,PCA,3.249003935,3.6245819505447585
6216,PCA,4.311161451,4.404845009868189
6235,PCA,4.768892352,3.967661705460476
6238,PCA,4.420868513,3.851574769923399
6245,PCA,3.429032052,3.5426063601060687
6251,PCA,3.207656332,3.1757621661519035
6253,PCA,3.174016865,3.210887032145556
6267,PCA,3.541237165,3.389314146624795
6273,PCA,3.774165556,3.6523283091811143
6277,PCA,3.384235101,3.6299373260909182
6280,PCA,3.968686265,3.95246347384969
6281,PCA,4.023423421,3.8292968616586713
6282,PCA,3.968451259,3.6641549963144637
6302,PCA,3.932539225,4.141462300676195
6303,PCA,3.73638353,4.1593839135828485
6319,PCA,2.397203675,2.9806197250393973
6333,PCA,3.638527375,3.415103564674404
6335,PCA,3.206144034,3.1916792527112907
6338,PCA,3.545937416,3.711328915481133
6339,PCA,3.395031589,3.541290325743836
6342,PCA,3.926105681,3.791080762647863
6343,PCA,4.371007488,4.114568061728727
6345,PCA,3.471195517,3.3357076561589643
6346,PCA,3.602630404,3.685200309047917
6349,PCA,3.777315798,4.035971643882742
6350,PCA,3.396865235,4.054195175871194
6353,PCA,3.127892237,3.3490604925853806
6363,PCA,3.406494762,3.4511422618179637
6364,PCA,3.56410995,3.2395816807471927
6367,PCA,3.326935674,3.493218756183607
6371,PCA,3.954359271,3.4167436067897383
6374,PCA,3.754910604,3.95282047238901
6380,PCA,5.538993807,4.320850849328736
6381,PCA,5.512374838,4.466174898027116
6395,PCA,3.403206342,3.4602534760164914
6398,PCA,2.564315711,2.9844325528959548
6415,PCA,3.749127883,3.596335411497621
6423,PCA,3.949348179,3.904137275072912
6424,PCA,3.616071256,3.7257268502816943
6426,PCA,3.753053533,3.7950686684418478
6427,PCA,3.66734142,3.8890998308652565
6428,PCA,4.007397012,3.975909228250715
6435,PCA,3.212552681,3.6501395041669285
6438,PCA,2.594916575,2.673679434126473
6456,PCA,3.067846257,3.326221766153302
6459,PCA,3.446544286,3.530772156544033
6462,PCA,4.150643115,3.6170943034968177
6464,PCA,4.681691223,2.9463318927539697
6466,PCA,3.13111765,3.6419085474050026
6468,PCA,3.568594666,3.5731822573732686
6476,PCA,3.210682583,3.2633603026324005
6483,PCA,3.039163228,3.173283457469631
6486,PCA,3.824072271,4.131141827326972
6493,PCA,3.35661281,3.6787029838910104
6495,PCA,3.990507651,3.988719058437599
6497,PCA,2.569541364,3.3641845310385774
6499,PCA,2.57616852,3.1432800025326206
6519,PCA,3.492696547,3.532414762367769
6524,PCA,3.874105764,3.6363841307791636
6543,PCA,3.766164032,3.810695327446426
6555,PCA,2.819593284,3.238434889992587
6571,PCA,3.166477478,3.5001105934715837
6578,PCA,3.428730679,4.1735491494962575
6580,PCA,4.576604579,3.937128901682665
6582,PCA,2.229170023,2.271758838990377
6589,PCA,2.939483753,3.3433462796540194
6607,PCA,3.21550009,3.6521027860639284
6630,PCA,3.183024544,3.404948281552042
6631,PCA,3.452666409,3.3912050314478277
6633,PCA,4.729113679,3.6218687169630828
6634,PCA,4.120523081,4.050532406572649
6664,PCA,3.55756334,3.894356292866263
6667,PCA,4.255925868,4.21437082209605
6668,PCA,4.348949078,3.9125195564405226
6670,PCA,2.909588713,2.907221066285752
6674,PCA,5.208914648,5.439945033495024
6677,PCA,3.146971585,3.438801836690609
6679,PCA,3.439888235,3.334967291955744
6680,PCA,3.471053224,3.813322172743534
6681,PCA,2.892571754,3.23840134929669
6688,PCA,3.587702548,3.4508600010608736
6693,PCA,3.879055476,4.091075648501301
6699,PCA,3.63351769,3.3716423892068224
6703,PCA,3.18976254,3.569589990108593
6712,PCA,3.649084045,3.401240580062782
6714,PCA,3.582365167,3.348174594647088
6720,PCA,3.679589859,3.9318390915591745
6723,PCA,3.761053267,4.170115063459958
6730,PCA,3.092478595,2.9750835968264755
6731,PCA,2.91206586,3.062194094380976
6732,PCA,3.189201897,3.4034641227947864
6772,PCA,3.206190004,3.426699962143494
6773,PCA,3.753459942,3.629821124169795
6774,PCA,3.863348887,3.425363959306493
6780,PCA,3.429315684,3.4187340511921214
6791,PCA,3.693614139,3.6211719383691383
6805,PCA,3.097503722,2.982454820766061
6816,PCA,2.81908584,3.3118312051448937
6824,PCA,3.268595971,3.372442169883261
6826,PCA,3.679772678,3.707277169736785
6828,PCA,2.625900717,2.8991469465521122
6836,PCA,2.716299377,3.564977730899068
6838,PCA,2.664650221,3.4400329366352542
6839,PCA,3.548339089,3.519092557150898
6840,PCA,2.827468802,3.329026978737212
6848,PCA,3.613327973,3.2950280140413475
6851,PCA,3.480273929,3.198221119595663
6862,PCA,3.412087415,3.413759803588889
6872,PCA,3.823867171,3.8658846816931085
6884,PCA,4.036149909,3.941482370260268
6889,PCA,3.836878839,3.985092912926033
6890,PCA,4.359061384,3.886544468288737
6892,PCA,3.381188819,3.8765656163257427
6894,PCA,2.380775859,2.1280264709980754
6896,PCA,2.431928382,2.4652220859614324
6899,PCA,3.877542308,3.5228046020185415
6910,PCA,3.461252886,3.6589098371610547
6915,PCA,3.980903687,3.8679332067481296
6917,PCA,2.212622015,2.10497219056408
6921,PCA,2.122586439,2.2920810506221496
6924,PCA,3.11414375,3.3676789854117186
6926,PCA,2.170907981,2.118996228900321
6942,PCA,2.725701559,2.9477109245041238
6953,PCA,3.142020096,3.471880723172596
6960,PCA,1.611803303,2.12286341724762
6972,PCA,3.489149573,3.9492497448967057
6974,PCA,4.239870408,3.5794925261230044
6975,PCA,4.286351196,3.644795893065953
6976,PCA,4.138017023,3.8004338486687748
6977,PCA,4.471523957,3.6489338392006507
6981,PCA,3.564446621,3.8864323724755514
6987,PCA,2.915552254,2.650576059281363
6992,PCA,3.527099775,3.073170476631055
6995,PCA,4.262791114,3.7134823600031606
6998,PCA,3.545373842,3.8448222853993648
7003,PCA,3.186466607,3.0120480646508936
7005,PCA,3.457197382,3.3276174563824905
7007,PCA,3.051099975,2.5046204603368936
7013,PCA,3.521104595,3.1255472172705527
7027,PCA,3.096325525,2.832860819992459
7036,PCA,2.613858289,3.0007364651319426
7038,PCA,2.733936167,2.9044933074476784
7050,PCA,3.387914795,3.5156033779506743
7052,PCA,2.236476612,3.177637059867771
7057,PCA,1.900703748,2.1781502632775256
7060,PCA,3.73389339,3.871110645581011
7061,PCA,2.747476546,2.7731753223491373
7062,PCA,3.347410252,3.825494199876291
7067,PCA,2.494326071,2.749007194418688
7080,PCA,3.148285975,3.461958152097634
7085,PCA,3.120777205,3.5812057241841195
7096,PCA,3.659447419,3.4491359661741825
7097,PCA,3.657170288,3.1003878081288825
7100,PCA,3.965047283,3.286815005333258
7105,PCA,3.904212147,3.828910855852234
7106,PCA,4.170810106,3.6190215118154376
7115,PCA,2.110357662,2.245705684674008
7116,PCA,2.205867896,2.3516880203286754
7117,PCA,3.468865516,3.5459303358185483
7121,PCA,3.946779664,3.722985257156419
7130,PCA,3.226801756,3.2257100032504336
7143,PCA,1.384691993,1.6371355132547007
7149,PCA,2.919729046,2.989905577854363
7156,PCA,4.145238372,3.83205654370805
7161,PCA,3.568314894,3.2885846757012738
7170,PCA,3.877395855,3.9511925166892263
7172,PCA,3.518921722,3.7166234574074526
7200,PCA,3.880037616,3.8055550957688036
7213,PCA,1.966787998,2.6020025578168413
7214,PCA,3.512235999,3.852184504144839
7216,PCA,3.634351296,3.1853841201751343
7226,PCA,3.552976716,4.076507418715629
7232,PCA,3.181387784,3.406429446406028
7240,PCA,3.323878455,3.653971920858499
7252,PCA,4.33800656,4.00947283806629
7256,PCA,4.183311464,3.705323178842079
7262,PCA,3.419465977,3.7006580758359884
7266,PCA,3.371057782,3.7309655780649837
7270,PCA,3.464337724,3.304672023747011
7273,PCA,2.54525471,2.8252524498282545
7276,PCA,4.493411575,3.7771543072401768
7278,PCA,3.220654537,3.270561418160925
7280,PCA,3.794307198,3.7370026666201945
7301,PCA,4.191960209,3.5266103597235867
7305,PCA,3.314290767,3.1696976701299984
7306,PCA,3.408682517,3.4857120565916815
7311,PCA,2.144293316,3.1199241480400555
7312,PCA,2.922048778,3.6357621807052816
7315,PCA,2.859245072,2.88019108949039
7333,PCA,2.979201752,3.5874372391691476
7335,PCA,3.049758831,3.3308396706077477
7337,PCA,3.200128744,3.2722525260866275
7341,PCA,3.239741167,3.370380384967171
7343,PCA,1.605168099,1.789098147803535
7344,PCA,2.285114476,2.8628365055642035
7349,PCA,3.083878014,3.3142395307352905
7374,PCA,3.211378655,3.7139620333339285
7387,PCA,2.248638232,2.4676038145367665
7388,PCA,2.01354583,2.0904540821638307
7397,PCA,3.274138302,3.284864532359942
7399,PCA,3.82423124,3.907892114202239
7403,PCA,4.048909318,3.6307821219595846
7404,PCA,4.401665862,3.708032938127201
7405,PCA,3.796305418,4.051347878775172
7413,PCA,3.703039451,3.539267046686858
7414,PCA,3.550115789,3.7559399270681144
7418,PCA,4.253434935,3.855019985379425
7419,PCA,4.296401902,4.0227332854582825
7431,PCA,3.749052708,4.000936517922381
7441,PCA,2.906191833,3.09716246608886
7446,PCA,3.489211526,4.016748261070874
7448,PCA,4.934364336,4.027753937103519
7455,PCA,3.828656445,3.835248274624645
7456,PCA,2.924075304,2.69710190282739
7459,PCA,3.191808587,3.1268306562953807
7461,PCA,3.195464218,3.016478616200806
7467,PCA,3.91297843,3.6967338529954454
7471,PCA,5.190350377,5.76965452242902
7473,PCA,3.170907981,1.9705241551568393
7474,PCA,1.981784641,2.19534069515352
7505,PCA,3.74756855,3.469070607097508
7507,PCA,3.990606598,3.570252651539303
7508,PCA,3.872507286,3.4596033990213253
7511,PCA,3.857621068,3.5653065973381035
7512,PCA,3.708399652,3.6005146106638843
7514,PCA,3.718925574,3.713830446958499
7515,PCA,3.788690968,3.7295656345109376
7518,PCA,4.739084718,3.8276621247565816
7524,PCA,2.906655226,2.8599738197089426
7527,PCA,3.310593791,3.494048308918614
7536,PCA,4.664093905,3.816230348318901
7541,PCA,3.82796868,3.2317028078687495
7542,PCA,2.859069814,2.9477357274719713
7544,PCA,3.22059037,3.007674688341117
7553,PCA,2.772940322,2.9633383720918736
7556,PCA,2.718520372,3.21492651503634
7557,PCA,3.768056398,3.4436784977362795
7562,PCA,4.033233962,3.56835751319031
7564,PCA,3.871502048,3.989032684650753
7572,PCA,3.503929547,3.372194182731357
7573,PCA,3.477273954,3.4617222462051984
7574,PCA,3.379015287,3.2228451310135204
7576,PCA,3.446234174,3.640796950863569
7577,PCA,3.449288595,3.149161525391908
7581,PCA,3.467507474,3.6446338804936484
7582,PCA,3.470416372,3.2955186605085762
7584,PCA,3.496722133,3.802387555104947
7585,PCA,3.499442379,3.4434677054767935
7590,PCA,4.188786433,3.9604138344343727
7595,PCA,3.046178552,3.4260524091881246
7607,PCA,4.070225589,3.9841638096266454
7638,PCA,3.071757192,2.974396453639229
7657,PCA,3.923038509,4.264771268712152
7658,PCA,4.195995906,3.7280428017284772
7660,PCA,3.170874577,3.232241783518217
7667,PCA,2.946630728,3.1525573555214654
7668,PCA,3.242006927,3.0881796413462377
7669,PCA,3.190854405,3.046156620717481
7691,PCA,3.926090361,3.935294496643436
7694,PCA,3.620310839,3.9300747383878702
7711,PCA,3.284900227,3.884328527701739
7712,PCA,3.559730648,3.94930298621681
7721,PCA,3.673810709,3.955742525164035
7728,PCA,4.506802578,3.9714934233186407
7729,PCA,4.114493111,3.712723096891452
7731,PCA,3.123462591,3.223035519666972
7733,PCA,3.604015723,3.3209889794177223
7736,PCA,4.761966479,3.9240853473413524
7737,PCA,5.072543986,4.477318010291295
7746,PCA,4.093191051,3.779479781115387
7754,PCA,3.547104962,3.586848006829589
7755,PCA,3.221838616,3.888637134231688
7756,PCA,3.121457705,3.4944673063329503
7758,PCA,4.045016386,3.700195167640311
7763,PCA,3.909105456,4.238094511705464
7773,PCA,6.14238446,3.6527825749539833
7781,PCA,2.979201752,2.686371364192235
7836,PCA,4.144077894,3.85883752464608
7842,PCA,3.500400667,3.4288696010004234
7854,PCA,2.2244722,2.58938758841266
7865,PCA,3.049349411,3.3259351021317145
7880,PCA,3.195393537,3.0969975653209767
7887,PCA,5.753211413,3.6430960931418777
7888,PCA,5.549091431,3.637134672052467
7937,PCA,3.623804729,3.625715436975949
7944,PCA,4.470654664,3.2222628694878157
7945,PCA,2.967569009,2.8349166212397328
7971,PCA,3.614126654,3.3549387016069696
7972,PCA,4.011270803,3.771000217787752
7974,PCA,3.566195402,3.68051415478203
8024,PCA,3.092336155,2.829156533536497
8034,PCA,7.000686135,5.357618728830799
8041,PCA,5.449209317,4.068053393593973
8047,PCA,3.061119791,3.6154018970032653
8056,PCA,4.612549772,4.392070751121115
8057,PCA,4.586923573,4.534477117652861
8060,PCA,3.991005826,3.9849819726876925
8076,PCA,3.658452361,3.748448568710538
8077,PCA,3.525680874,3.932320182667642
8081,PCA,3.768416088,3.6264764661387034
8112,PCA,6.156470242,5.360367708886795
8113,PCA,5.498207736,5.583065491436825
8114,PCA,6.094081187,5.695230692016493
8115,PCA,5.212010831,5.218290396690152
8116,PCA,7.201757369,5.604336911084442
8117,PCA,5.434856903,5.191668090036439
8118,PCA,5.284216666,5.218905159375222
8119,PCA,5.394323357,5.076236778358839
8127,PCA,7.124151226,5.9139061079888116
8128,PCA,5.256826578,5.115943988085573
8150,PCA,3.238934869,3.3917660484246306
8181,PCA,3.410217987,3.653976159433969
8189,PCA,3.28165594,3.5648673101901305
8222,PCA,2.092099475,2.976065636083872
8223,PCA,2.53315283,2.7727721669406815
8257,PCA,3.986666186,4.111026364376067
8262,PCA,3.301678996,3.721690663709745
8265,PCA,3.500243338,3.6620993935687784
8282,PCA,2.962727022,2.852910551852651
8288,PCA,3.442695295,3.466086913729218
8289,PCA,5.065812007,3.5069880426010904
8293,PCA,2.797997986,3.436374716080251
8298,PCA,2.853393977,3.813357925607198
8302,PCA,3.477609823,3.278357813057079
8311,PCA,3.640946709,3.6560561376659013
8341,PCA,3.922605607,3.763647976794854
8343,PCA,3.247660724,3.473254834749123
8344,PCA,3.626255251,3.678081354710991
8346,PCA,3.938431561,3.681876411745435
8347,PCA,3.998297203,3.799917525330174
8353,PCA,2.907724785,2.9324269456516214
8355,PCA,3.798726198,3.6111935688085817
8366,PCA,3.559876714,3.444039124672304
8378,PCA,4.592455641,4.305481165604494
8397,PCA,4.004109811,3.9944730049136017
8401,PCA,3.209138045,3.3403668200070484
8402,PCA,3.776406047,3.191027781257234
8410,PCA,3.406603759,3.553721186370938
8413,PCA,2.976033429,3.4623946587675283
8414,PCA,3.295276655,3.5033321752421394
8415,PCA,3.717723605,3.7604194423501003
8418,PCA,3.023019556,3.7054878466757337
8421,PCA,3.428606684,3.640081626927482
8427,PCA,5.523228108,3.6075254461770516
8429,PCA,4.126650821,3.979423335165521
8431,PCA,3.880782012,4.030550929884225
8432,PCA,4.033959055,3.967492938997038
8433,PCA,3.948718527,4.188784394198844
8434,PCA,4.249748523,4.140450050910743
8435,PCA,4.230965935,4.174604152924797
8436,PCA,3.969498347,3.7625612828243025
8457,PCA,3.731843232,3.665665786464331
8458,PCA,3.968873655,3.9317624279320214
8459,PCA,4.122794006,4.04985037383726
8460,PCA,3.895087441,3.7946311199936513
8461,PCA,4.219704019,4.194846822052049
8463,PCA,3.747024905,3.7763150421759817
8465,PCA,4.064731071,4.547536866237726
8471,PCA,3.921621085,3.8074825602588556
8491,PCA,3.433206885,3.6967270394505247
8532,PCA,3.959935631,3.80441196741471
8543,PCA,3.667540114,3.515296660287571
8583,PCA,4.216888924,3.789997691588098
8595,PCA,3.473216503,3.688710047901048
8602,PCA,3.763262441,3.491052833309968
8605,PCA,3.538928192,3.4694074646254496
8606,PCA,3.613141874,3.611425598643839
8628,PCA,3.465096736,3.31591549941172
8641,PCA,3.053689868,3.7924148922312417
8643,PCA,3.872663971,3.5756051289602344
8648,PCA,3.061270228,3.160455690361361
8652,PCA,4.313812116,4.129924908401147
8653,PCA,3.773620602,3.763491211220706
8660,PCA,2.774646568,3.4235677910814015
8664,PCA,3.495019285,3.4186320696703545
8674,PCA,3.669555949,3.194240051780401
8695,PCA,3.491120664,3.7134344508857904
8698,PCA,4.015603811,4.208281427202857
8733,PCA,2.799838324,3.2047456720152954
8746,PCA,3.844208377,3.928862909746291
8759,PCA,4.048328359,3.9611902135427624
8764,PCA,3.635207198,3.5762004657360924
8765,PCA,3.627880102,3.838737933440166
8774,PCA,3.602478574,3.828997799670366
8779,PCA,3.201680545,3.929232597387694
8781,PCA,4.067046473,4.101376401225437
8783,PCA,3.716639472,3.4328275900152168
8785,PCA,6.725142848,3.5611142421776645
8829,PCA,3.512423708,3.883977283928382
8834,PCA,3.541409843,3.768471898055661
8841,PCA,3.381094602,3.377998053537724
8860,PCA,4.217527559,4.200155093676951
8868,PCA,3.490542169,4.16502397166013
8873,PCA,4.50912072,4.08977364919608
8888,PCA,3.19351195,2.804575810222325
8895,PCA,3.584759168,3.6109553343656935
8902,PCA,3.59459773,3.361978879581617
8903,PCA,2.689959665,3.2279241367130753
8911,PCA,3.128875056,3.7150922812791363
8925,PCA,3.236587641,3.6878559075459103
8936,PCA,4.053383322,3.4266078194059104
8937,PCA,4.292829209,4.143670114737967
8943,PCA,1.979569938,2.055882174850499
8950,PCA,3.542155846,3.5800083015120268
8953,PCA,3.605029558,3.515981379814896
8954,PCA,3.741001324,3.3882266994764603
8981,PCA,4.970916572,4.453820504447138
8988,PCA,3.660610635,3.7508207128207487
8995,PCA,3.697733111,3.649190045294513
8998,PCA,4.142049845,3.845491694071647
9003,PCA,3.625318332,3.495265513853827
9005,PCA,3.825055933,3.764425609887655
9012,PCA,3.143495695,2.938798544971818
9018,PCA,4.291444335,4.064566722870915
9019,PCA,4.321407558,3.935592152877144
9020,PCA,4.168623504,3.79363814882318
9021,PCA,4.30013567,4.041720238887002
9022,PCA,4.488876472,4.078249373120783
9029,PCA,3.736653986,4.113353648802919
9043,PCA,4.153220963,3.997522435988523
9058,PCA,3.720391801,3.956068549520639
9061,PCA,3.599569631,4.045653881060649
9082,PCA,4.422976212,4.175984312266924
9083,PCA,3.825546661,3.8127962874156003
9085,PCA,5.169500054,3.945209387790952
9087,PCA,4.451160486,4.049440941493218
9089,PCA,2.915992075,3.37868889657128
9104,PCA,3.991699996,3.2983494076538045
9108,PCA,3.615216846,3.7085077739450902
9109,PCA,3.58986586,3.6563434735757236
9130,PCA,2.507051562,2.726235006611841
9131,PCA,3.859905369,3.6214251425220674
9137,PCA,3.958544282,3.9054485332674047
9139,PCA,3.23664501,3.8330550714443214
9142,PCA,3.112115101,2.528591651395221
9154,PCA,3.595418321,3.8106788386925126
9155,PCA,4.325432275,4.100110515733635
9168,PCA,3.498430026,3.6340325646213913
9174,PCA,3.694496308,3.7488509018658402
9182,PCA,3.263561862,3.4075953456069374
9183,PCA,3.952439214,3.6528503654893063
9192,PCA,3.545160757,3.458297558143092
9198,PCA,2.912205046,2.689584538786645
9259,PCA,3.323003928,3.042039554040369
9276,PCA,4.045746105,3.981526564027581
9277,PCA,4.44838944,3.978329776777903
9278,PCA,3.489106483,3.8533287107149787
9279,PCA,4.168877087,3.8968227778498017
9280,PCA,3.548021467,3.9735403180028555
9284,PCA,2.944057492,2.7519907363887377
9291,PCA,2.589748596,3.269979877499272
9294,PCA,3.3498148,3.8644197543286105
9318,PCA,3.277844441,3.1852472509726613
9328,PCA,3.579538625,3.6330085788636217
9340,PCA,3.845470133,3.9140691121113282
9341,PCA,4.209907682,4.155240354975822
9342,PCA,3.93958026,4.209504070626359
9365,PCA,5.095480397,4.528174336730376
9370,PCA,3.429056029,3.7653297771642444
9401,PCA,3.971218246,3.835335818516901
9425,PCA,3.034300699,3.759642378261172
9429,PCA,3.741019019,3.9980749938463336
9430,PCA,3.580428844,4.016900999563332
9434,PCA,2.595702703,2.769489105091103
9440,PCA,4.106430067,3.324892308174543
9454,PCA,4.26833165,3.946092357692204
9463,PCA,3.810787996,4.271555097391067
9469,PCA,6.175493258,5.1068027060358165
9471,PCA,6.518426195,4.254740164993253
9476,PCA,3.726452295,3.794295630296685
9477,PCA,3.63807602,3.6822840572276325
9479,PCA,3.546168182,3.922424908521211
9480,PCA,3.434227886,3.8858566563035533
9481,PCA,3.638759465,3.913293243738871
9482,PCA,3.606175735,3.8632126078612523
9483,PCA,3.697997712,3.8616555268894257
9484,PCA,3.525406857,3.9104417061438896
9485,PCA,3.699359454,3.841891479166969
9486,PCA,3.914632504,3.793392747466183
9487,PCA,3.70925905,3.803748615836901
9488,PCA,3.749773376,3.6947751129373616
9489,PCA,3.790288623,3.754394348543573
9490,PCA,3.640865637,3.696913882095727
9494,PCA,4.539834984,4.542460545700937
9501,PCA,3.214876347,3.9842716263181646
9503,PCA,3.146593102,4.531815760572167
9506,PCA,4.289300423,4.831726825996615
9507,PCA,5.219889635,4.9798449733972046
9508,PCA,4.856749427,4.8733309786632395
9511,PCA,4.398607641,4.922931554877179
9515,PCA,3.28109803,2.9418270863926574
9516,PCA,4.093196891,4.297879049811417
9520,PCA,4.111848349,3.6831125824571904
9521,PCA,4.084654143,4.132375139286869
9523,PCA,4.180636693,4.161077790862743
9527,PCA,4.162675334,4.024727143719674
9528,PCA,4.1964117,4.102291614759141
9530,PCA,3.937900114,4.035660430831681
9531,PCA,4.187777587,4.014190004930651
9532,PCA,4.226275927,3.938935107766051
9533,PCA,3.906762525,3.9949869250823165
9534,PCA,4.017909396,4.18067294196112
9535,PCA,4.029121839,4.176207501431109
9536,PCA,4.089422747,4.167480981053015
9537,PCA,4.019683419,4.102573868061049
9539,PCA,4.122053453,3.9981219564156003
9546,PCA,4.070282837,4.131354998336588
9551,PCA,3.836909529,4.2273162584567725
9555,PCA,4.620422366,4.070382019746843
9566,PCA,4.118878638,4.243363819419983
9567,PCA,4.572691577,4.685006110012033
9608,PCA,3.747327045,3.9589872118678073
9612,PCA,4.858777737,4.294854220761363
9624,PCA,3.818489822,4.174036930191193
9627,PCA,4.390536902,4.642762785546619
9641,PCA,4.109797832,4.264524336589133
9642,PCA,4.051805885,4.161835991677522
9649,PCA,4.086170358,3.916428563803605
9655,PCA,3.349798223,3.798968038101577
9657,PCA,3.285622561,3.4417159192809814
9659,PCA,3.823657166,3.4279362213593663
9660,PCA,2.47751556,2.685605737784671
9662,PCA,2.99828114,3.0956153998077527
9666,PCA,4.297319794,3.678085654218808
9670,PCA,3.418886035,3.6976456613159896
9673,PCA,3.719488732,4.1241364821729345
9682,PCA,3.0027962,3.2949707272864934
9683,PCA,2.995801713,3.3616702656394946
9708,PCA,4.379316095,3.921469336766145
9720,PCA,3.891196451,4.439631625148644
9721,PCA,4.2661796,4.14917539621616
9723,PCA,3.727106921,3.758119065362793
9724,PCA,3.741605252,3.7766570346667514
9727,PCA,4.317421561,4.606669839256389
9728,PCA,4.422156911,4.444552010266454
9729,PCA,4.499655013,4.302211236550721
9731,PCA,4.525129531,4.424211528877393
9733,PCA,4.32960972,4.542274142645599
9736,PCA,4.956392566,4.634185200403327
9756,PCA,4.128326675,3.6823186042354634
9757,PCA,4.034923386,3.6361147008069468
9758,PCA,4.218666325,3.7055957981453416
9760,PCA,4.160742317,4.0911855746208525
9762,PCA,4.166539408,4.219238108261885
9763,PCA,3.984158119,4.237251557901186
9764,PCA,4.328304836,4.27477930451039
9765,PCA,2.350438875,2.6290342137900717
9768,PCA,4.751099394,3.918929355810866
9777,PCA,3.953519424,3.859526062440608
9782,PCA,4.39387181,4.318597750600358
9790,PCA,3.679632802,3.7103005865643715
9791,PCA,4.574418273,3.762660322245969
9792,PCA,4.503562907,3.827631808838235
9794,PCA,4.655006184,3.62467361320426
9798,PCA,3.567338217,3.8850193124266648
9829,PCA,3.383285289,3.5871608048355896
9864,PCA,2.227770245,2.831110468910527
9870,PCA,3.721619385,3.8513201813104825
9874,PCA,4.544579853,3.796883523241358
9901,PCA,3.368463408,3.553209056369343
9910,PCA,5.814400694,3.981525084751227
9931,PCA,4.646667862,5.2073014797053965
9936,PCA,4.53190789,4.522208259691452
9942,PCA,3.376267972,3.595589565758211
9948,PCA,5.384675364,5.446201377217332
9951,PCA,4.005505866,4.194633958601544
9966,PCA,4.017612807,4.235822193625063
9968,PCA,5.80524856,5.229927962463064
9982,PCA,4.045797562,4.192955506556828
9983,PCA,3.391564907,3.192958105679167
9988,PCA,4.756474454,4.099151817398608
9990,PCA,2.721144495,2.4054080753990417
9991,PCA,2.320939733,2.407374456355762
9992,PCA,3.144933325,2.4273106218664973
9993,PCA,2.024509502,2.376997614771351
10032,PCA,2.428929981,2.6228141680006356
10035,PCA,3.72012353,4.797030378287432
10036,PCA,2.857831648,4.172557365467421
10039,PCA,4.763026332,4.474621535515256
10041,PCA,3.473509909,4.730919320139208
10043,PCA,3.097689114,3.5185614115769894
10044,PCA,4.778636137,4.567567487417741
10046,PCA,4.816826043,4.6860939941217525
10070,PCA,3.555448685,3.3858032259900854
10071,PCA,3.606743172,3.4949756131144794
10080,PCA,3.434218065,3.257240135321761
10088,PCA,3.81280347,4.0568086133733505
10092,PCA,3.748786884,4.084706376406174
10098,PCA,3.770360534,4.056809844964959
10104,PCA,4.435961096,4.558216086506437
10105,PCA,4.585723416,4.64734253903762
10106,PCA,4.584968626,3.9698468379239302
10118,PCA,3.164892909,3.580039472077257
10122,PCA,3.992601712,4.001753763709488
10133,PCA,4.918796253,5.097505856585663
10137,PCA,4.540534371,4.084814405410081
10143,PCA,3.792585038,4.761834857409331
10148,PCA,4.527145254,4.623086354829933
10166,PCA,3.103136006,3.984937110563927
10174,PCA,3.871920319,3.9222122514598214
10176,PCA,3.882904832,3.9991501525899165
10177,PCA,3.795195507,3.833711772487963
10178,PCA,4.148784258,3.592840809081999
10180,PCA,3.581501657,3.622977492008852
10191,PCA,3.524423662,4.1833309037047295
10202,PCA,3.451089822,3.286132943469025
10204,PCA,3.091133286,2.874587558616527
10207,PCA,3.00327103,3.071880379614858
10218,PCA,3.606942541,3.86523842177355
10227,PCA,4.649901214,5.074880842147495
10228,PCA,5.614575593,3.646319380086902
10233,PCA,6.214312837,3.5613348595989605
10236,PCA,3.53121881,3.579282355711359
10238,PCA,2.547619353,2.7734419233836856
10242,PCA,4.716618437,4.640702138221182
10249,PCA,2.574603745,3.1099634586059244
10264,PCA,3.008827638,3.7861065646065493
10265,PCA,4.208771996,3.761859393018903
10273,PCA,3.61790537,3.903987161775702
10274,PCA,3.606769004,3.888036401448394
10275,PCA,3.954872125,4.155420009399836
10276,PCA,3.90229782,4.001219268528163
10277,PCA,3.689689728,3.8802022113348484
10279,PCA,3.57581727,3.551276771565596
10280,PCA,3.535718287,3.446588127081613
10284,PCA,3.317471345,3.5136667833318924
10291,PCA,3.65650014,3.530413728384632
10293,PCA,3.626832904,3.635326494908255
10323,PCA,4.631081222,3.7068418193073316
10372,PCA,3.089708909,3.3878718804907364
10383,PCA,2.902919878,3.4599131048864784
10384,PCA,3.266334938,3.6096114256081298
10394,PCA,3.752315757,4.003411123891237
10395,PCA,3.565512444,3.8032345189226935
10396,PCA,5.030090511,3.9397496512403714
10397,PCA,4.223175015,3.871352214814629
10398,PCA,4.886092094,3.994157322870827
10400,PCA,4.400438228,4.034821291986129
10408,PCA,3.886385805,4.112513147793871
10417,PCA,4.13624586,4.269104754117581
10419,PCA,3.420511884,3.582792867077205
10420,PCA,3.594794927,3.7671513925089375
10429,PCA,3.107214431,3.619677593747785
10440,PCA,5.678434291,3.7569727297153364
10441,PCA,3.823624088,3.8321870814838426
10442,PCA,3.447726895,3.7985790610052184
10452,PCA,4.003478997,3.3288969278691054
10471,PCA,3.695194825,3.576723984460138
10493,PCA,3.822890256,3.7253056647070935
10514,PCA,3.638959123,4.021647062221593
10515,PCA,3.044598551,3.1947883308640934
10517,PCA,3.33542794,3.778857709047739
10518,PCA,3.606145188,3.357329986401083
10519,PCA,3.505410477,3.5816370977315133
10520,PCA,1.939118925,2.498223930769637
10523,PCA,3.901761809,3.560651500756748
10526,PCA,4.556536777,3.9960707750397377
10532,PCA,3.600646236,3.23734487400784
10541,PCA,2.980890582,3.7343844891602997
10560,PCA,3.576824499,3.3900980297770493
10566,PCA,3.820640038,3.9206618108257905
10569,PCA,4.022706264,3.2501651311459923
10605,PCA,3.306302288,3.7583008128834345
10608,PCA,3.118841344,3.2596571318880057
10609,PCA,5.997987076,4.49267780601899
10616,PCA,3.04082477,3.6641520178174556
10618,PCA,3.330470142,3.6346221203951634
10619,PCA,3.064056068,3.1921017243553678
10620,PCA,3.636548788,3.6144583741415564
10631,PCA,3.82465106,4.09491750281573
10633,PCA,3.612176252,3.7216235465971494
10634,PCA,4.087722278,3.3173880393050297
10635,PCA,3.283834721,3.1873127088488027
10645,PCA,3.802439232,4.6971612010873205
10650,PCA,4.048454752,3.9803751391899658
10655,PCA,3.604596296,3.9777893698832765
10661,PCA,3.103223895,3.451616431596759
10662,PCA,2.989907066,3.826193488428973
10664,PCA,2.962832332,3.614031393960465
10665,PCA,4.298095128,3.1720930468570785
10671,PCA,3.71436569,3.4436863427894746
10672,PCA,3.619637349,3.3849964154584975
10690,PCA,3.52816696,3.7539378497838247
10706,PCA,3.549209144,4.3561310868598495
10709,PCA,4.235228152,4.131880922506598
10710,PCA,4.215077704,4.009177885057741
10711,PCA,3.905151089,4.110133246294898
10723,PCA,3.414896319,4.016415539722047
10724,PCA,3.776291181,3.8981105235669236
10727,PCA,2.988348348,3.2150642032411536
10729,PCA,3.028677419,3.379824279855491
10742,PCA,2.499078337,2.6028180245897365
10745,PCA,3.543342877,3.6741195903783708
10748,PCA,3.781336004,4.221726669251832
10749,PCA,3.702622837,3.7540814325297927
10750,PCA,3.72367845,3.972740508262509
10752,PCA,3.594771268,3.180754394986391
10754,PCA,2.811300553,3.0998625719623467
10760,PCA,3.65375084,3.640995840167532
10764,PCA,2.740794302,3.5207508341044367
10770,PCA,4.28530471,3.4838006069540413
10773,PCA,3.694846407,3.46331859636573
10774,PCA,3.464358375,3.5854050011607272
10786,PCA,4.212990276,2.976393254559438
10788,PCA,3.96094365,3.863912094422648
10790,PCA,3.585473138,3.845687358751895
10793,PCA,3.53121881,3.7784172134894285
10794,PCA,2.783208813,3.8369911175031253
10795,PCA,3.670625165,3.6666178144844963
10799,PCA,3.878929115,3.4026330874350306
10810,PCA,2.794457063,3.101824409507232
10823,PCA,3.209222736,3.326091301240087
10828,PCA,3.560058285,3.253883887858641
10833,PCA,3.737863962,4.056139115203908
10834,PCA,3.058298662,3.789208827040613
10838,PCA,2.829780029,3.1917781752825674
10854,PCA,4.574522547,3.6882217971173032
10859,PCA,3.631563343,3.598682670996983
10868,PCA,3.582858462,3.485737730230782
10870,PCA,2.965473475,3.052824962353652
10873,PCA,3.872994489,3.848912241335541
10891,PCA,3.520310567,3.831480643734908
10897,PCA,3.685120163,3.59190297707137
10900,PCA,3.14619492,3.409317922935509
10907,PCA,6.083230205,3.585092387871582
10911,PCA,4.309777982,3.832119863619682
10917,PCA,6.333005702,3.8536331031322355
10931,PCA,3.336847166,3.291966841231902
10937,PCA,3.032019077,3.449723098290851
10938,PCA,3.016548925,3.0762033516967784
10948,PCA,3.458183595,3.5974854189970613
10956,PCA,2.762648091,3.2734378863915374
10978,PCA,3.762486835,2.5379406329515435
10981,PCA,2.900186135,3.1658660798436955
10984,PCA,3.709266932,3.623560820563942
10985,PCA,3.425371166,3.8076410213021346
10989,PCA,4.07977055,4.0635966534054235
11001,PCA,3.019416337,3.5993703638911394
11011,PCA,3.028422125,3.55858453864741
11021,PCA,3.888378898,3.7339586040120563
11024,PCA,3.848771745,3.8130595554475146
11030,PCA,3.443655631,3.6414082217856047
11039,PCA,3.026433384,3.410202922480287
11042,PCA,3.189321841,3.0834249732152514
11045,PCA,3.553453893,3.5525913358662233
11070,PCA,3.68690108,3.2586929167218055
11088,PCA,3.20920959,3.1330742803913005
11100,PCA,3.566305475,3.3419979491925824
11115,PCA,3.553367147,3.0971367052535337
11119,PCA,2.875582104,3.4387464594382395
11120,PCA,3.578626932,3.0119919785063134
11121,PCA,2.945667037,3.3611630949146734
11123,PCA,3.524273226,3.1232708711532933
11129,PCA,3.826625424,3.3362731717043497
11131,PCA,3.219695925,3.6863057739880136
11132,PCA,3.458634635,3.899328121984725
11133,PCA,3.333837238,3.7393275951477016
11135,PCA,4.354312785,3.6099841035999582
11145,PCA,3.061793332,3.351188641460756
11146,PCA,2.994302027,3.6980040591874572
11148,PCA,3.461959203,3.2327958294729866
11153,PCA,3.258811487,3.744363878167843
11172,PCA,4.259322659,3.954038011138239
11210,PCA,4.127311813,3.428058450231095
11212,PCA,4.590405861,3.7955590836103523
11217,PCA,3.8159215,3.6469621989330037
11218,PCA,3.77350957,3.710139503815321
11221,PCA,3.144443822,3.3506625152866665
11222,PCA,4.142471948,4.17524596010508
11238,PCA,3.555493909,3.3685199614157124
11240,PCA,3.386271999,3.4068618706714875
11244,PCA,3.265108829,3.2075507426141674
11260,PCA,3.239464933,3.7163589008643783
11263,PCA,3.156195992,3.8104852930992092
11306,PCA,3.628857221,3.5850775499568908
11309,PCA,4.065432394,4.032633584647914
11311,PCA,3.059555004,3.2198616443505266
11313,PCA,4.099294967,3.212142749669762
11315,PCA,3.067436646,3.066352509814961
11346,PCA,2.94098315,4.533540239640952
11347,PCA,3.168486025,3.4376927005137565
11354,PCA,3.131742982,3.342391298288625
11365,PCA,3.839962621,3.9323468040728486
11367,PCA,3.203233105,3.42018248860646
11384,PCA,4.355892976,3.9809682086183704
11396,PCA,3.536694769,3.4678910963249345
11399,PCA,3.897397318,3.0438605681683057
11407,PCA,3.320655089,4.476318320634079
11431,PCA,3.343025449,3.7062790346294463
11436,PCA,3.687493289,3.953564413687282
11437,PCA,3.871765732,3.915090908841432
11438,PCA,3.841171694,3.675821728315098
11457,PCA,3.407921762,3.2881393417779456
11467,PCA,3.161983233,4.006371108825599
11469,PCA,3.294289827,3.560690752262249
11477,PCA,3.231926696,3.533959864371288
11485,PCA,2.918487585,2.9365756956629285
11491,PCA,3.520048365,3.413965983543196
11493,PCA,2.834840334,3.1268800948432585
11499,PCA,2.967310992,3.378086909649459
11507,PCA,4.116032537,3.8196271253116856
11525,PCA,3.401831175,3.651131980639088
11553,PCA,4.436437339,3.679940054695684
11554,PCA,4.282727284,3.7008370834834188
11556,PCA,4.200555403,3.8199742045993874
11557,PCA,4.241677967,3.9102566292462746
11603,PCA,3.087607918,3.3513112290987848
11608,PCA,3.693255726,3.8392817624903
11609,PCA,3.447705208,3.6436764561666917
11626,PCA,3.235743016,3.483915353405731
11669,PCA,4.062729472,3.8692379244206796
11671,PCA,4.299192748,3.9704435480619185
11680,PCA,4.218768994,4.061771710635466
11681,PCA,4.631549032,4.171654625973443
11682,PCA,4.321431335,4.07323697042478
11683,PCA,4.212419724,4.374889038758967
11697,PCA,5.073726495,3.799099819171745
11700,PCA,3.540181943,3.4366760693060616
11708,PCA,2.713440824,3.473131928928841
11711,PCA,3.845678779,3.5619527158189377
11721,PCA,3.46500627,3.3592041783907134
11722,PCA,3.524204936,3.485185486728004
11723,PCA,3.552036692,3.504292041280831
11725,PCA,3.375634007,3.369182599708103
11773,PCA,3.447728444,3.6847575765897895
11778,PCA,4.571661869,4.3856852309342464
11807,PCA,3.536287018,3.596094877499235
11814,PCA,2.549419718,2.538262615431991
11815,PCA,2.320661316,2.2160109322469292
11816,PCA,2.346242117,2.1707625374581636
11819,PCA,3.582357823,3.771873338600078
11820,PCA,4.515012922,4.046253178281371
11830,PCA,3.506750184,3.4517764226192957
11878,PCA,4.156163422,4.204030893643079
11903,PCA,3.8084502,3.711614871213354
11913,PCA,4.011872858,4.0213939818616184
11938,PCA,4.279010814,4.524787187491104
11947,PCA,3.882841036,3.8990408871666964
11949,PCA,3.557715534,3.8474501109468884
11950,PCA,3.335024393,3.4097622643833168
11955,PCA,3.627511757,3.7807527059658907
11966,PCA,5.674122784,5.149047625820073
11987,PCA,3.261826194,3.4090766563767194
11990,PCA,3.022128315,3.778008640431133
11994,PCA,2.493860192,3.2255364098242776
11995,PCA,3.798189524,3.9465121312445146
12002,PCA,4.451617596,3.298120258621783
12014,PCA,3.765242671,3.5892838354352516
12023,PCA,3.552957452,3.785102260792459
12024,PCA,4.259782364,4.157259371209816
12062,PCA,3.410267409,3.5344247024180775
12084,PCA,3.13681113,3.3657609730404268
12085,PCA,3.21368374,3.576760597811338
12086,PCA,3.322843403,3.649064487356579
12089,PCA,3.25777646,3.3040895167551763
12090,PCA,3.279404555,3.4219999727347026
12091,PCA,3.442469018,3.537043130287719
12093,PCA,3.295292583,3.5490112123121778
12094,PCA,3.141315365,3.670577120148437
12098,PCA,3.470447244,3.6813962169821393
12103,PCA,3.321324969,3.5117039536538215
12107,PCA,3.329033611,3.5811146640789224
12113,PCA,2.662356396,3.0686083141686646
12116,PCA,3.920931124,3.7730324751206155
12130,PCA,4.089481203,3.2585237576467656
12152,PCA,3.02078215,3.6924174872774316
12177,PCA,3.187878725,3.4096799017636377
12190,PCA,3.064817257,2.8734098577084173
12214,PCA,4.933450349,4.177807435052402
12215,PCA,3.971713721,3.817782300970369
12218,PCA,2.951464031,3.5974957882070178
12222,PCA,2.365406859,3.3184210674578916
12231,PCA,2.902710037,3.531886299785527
12264,PCA,2.568651924,3.054942610036559
12281,PCA,4.301548668,3.965193147969317
12290,PCA,3.670698008,3.6311364951323992
12297,PCA,4.567951708,4.189674753024628
12300,PCA,1.898139879,2.6913121562694444
12340,PCA,3.657359807,3.763144021921102
12370,PCA,3.976812918,3.8364438938908956
12371,PCA,3.930774435,3.8807622623135605
12376,PCA,4.017669004,3.972815288641569
12379,PCA,3.570584633,3.850095640939451
12384,PCA,3.642586383,3.847716168176354
12387,PCA,3.930774435,3.91699962352208
12395,PCA,3.410959346,3.5997848293639128
12421,PCA,2.785716493,2.4048874060225014
12422,PCA,3.915183529,4.131209497044887
12423,PCA,3.564355467,4.155292265330845
12430,PCA,3.677962029,3.662848226347098
12451,PCA,3.89436474,3.965043378554236
12457,PCA,4.378402444,4.432528647508537
12479,PCA,4.665140611,4.560187603247467
12482,PCA,3.759134163,3.8562882162654444
12496,PCA,3.862636296,3.6800454164336167
12497,PCA,4.752361291,3.7361924759024947
12507,PCA,3.097329965,3.3674520757917787
12509,PCA,3.2955671,3.8220673620598413
12511,PCA,4.457168584,4.247894244723648
12514,PCA,3.058861619,3.2534419593895354
12532,PCA,4.156553694,4.434296760325764
12544,PCA,3.4338543,3.9110695882228557
12547,PCA,3.694067482,3.3359909691633804
12557,PCA,5.971651256,4.72617717608444
12560,PCA,4.228636436,4.252936899807842
12561,PCA,3.686961677,3.276234808123108
12567,PCA,3.594771268,3.218955248202092
12568,PCA,3.593842981,3.8091903752809486
12572,PCA,4.069637269,3.5498638356915557
12573,PCA,3.263046353,3.3818083239929924
12576,PCA,3.328854417,3.309180515517867
12579,PCA,3.592818918,3.2893453088676616
12582,PCA,3.193817247,3.1596885468176414
12588,PCA,4.733210644,3.5688616967140288
12591,PCA,3.33842816,3.5952997440727215
12592,PCA,3.238676434,3.5522051140105986
12593,PCA,3.255703406,3.353433198162697
12596,PCA,4.19238496,4.248178275747385
12607,PCA,3.690520941,3.4884500174353796
12610,PCA,3.6186097,3.8900988911258345
12611,PCA,5.126264927,4.05158298390615
12614,PCA,4.019857428,3.9156262230086223
12629,PCA,4.960345924,4.11680376377221
12633,PCA,4.939535517,4.542591911767804
12635,PCA,4.290026406,3.9779634442733163
12636,PCA,4.530998817,4.296227673101726
12637,PCA,4.807430095,4.289614013982134
12641,PCA,3.874776905,3.8506270075190994
12651,PCA,4.967714325,4.361879706245441
12653,PCA,5.399358662,3.937141643070865
12659,PCA,4.420282349,4.21036538757417
12664,PCA,3.447645822,3.4022699727638197
12667,PCA,4.697260402,4.885874228560898
12673,PCA,4.275687024,3.7188300470186126
12674,PCA,3.923504506,3.778371157799987
12675,PCA,4.022471199,3.9771960567280713
12676,PCA,4.084764708,3.8532944714578288
12686,PCA,4.107042176,3.831236093439262
12694,PCA,4.122187198,3.748237784283132
12699,PCA,3.691112154,3.7113975757272657
12705,PCA,3.661053189,3.7080748927949796
12709,PCA,4.016293574,3.8229974205745987
12711,PCA,4.513007951,3.8572137098750625
12723,PCA,3.546571579,3.405343648766544
12735,PCA,3.296550989,2.8999057057122553
12738,PCA,4.143660034,3.9504854461128245
12741,PCA,3.650800804,3.845433563346021
12743,PCA,3.713585456,4.39581658862456
12749,PCA,3.847757688,3.842589227769429
12750,PCA,2.116718406,2.629279101444994
12755,PCA,4.997488198,4.467192577046351
12760,PCA,4.34016923,4.13591618130574
12762,PCA,5.404596576,4.586520931305693
12783,PCA,3.487253418,3.4106853351385777
12804,PCA,3.815945197,3.7716163011842285
12808,PCA,3.438373028,3.7279312979780643
12813,PCA,4.711863445,3.717821492652298
12828,PCA,3.749217148,3.2275138409701856
12830,PCA,3.307213937,3.5876799373372013
12836,PCA,3.320837697,4.029294129567155
12837,PCA,4.247420846,3.79391462190457
12841,PCA,2.810106447,3.553253470841438
12844,PCA,2.813409171,2.9342844127173504
12853,PCA,3.621094541,3.8309588956614222
12855,PCA,4.382719275,4.011303077882682
12858,PCA,4.114496606,4.343988978972816
12860,PCA,3.754621977,4.387800715375464
12861,PCA,4.223562276,3.8264519666404166
12870,PCA,3.995305611,3.895733679545065
12875,PCA,3.919069953,4.1002201513553125
12886,PCA,3.566288044,3.572407655765112
12888,PCA,3.574785458,3.844812142400643
12895,PCA,3.590915442,3.5477314541544716
12896,PCA,3.6026548,3.549427974919756
12922,PCA,3.682191831,3.7071695751497677
12926,PCA,3.754872319,4.252450634036773
12927,PCA,3.879321717,3.823396741528545
12928,PCA,3.672323857,3.3839744208463145
12931,PCA,3.648551672,3.2640093841150364
12932,PCA,4.238019604,3.4021742023556434
12933,PCA,3.623402522,3.9337276392247196
12934,PCA,3.70289533,3.615044838586618
12939,PCA,3.753979896,3.9184414721151124
12970,PCA,3.986767537,3.935679469288593
12977,PCA,4.046289176,3.624426642990666
12978,PCA,4.502718296,3.8272681001765156
12979,PCA,4.643378643,3.91838959898515
12982,PCA,3.560058285,3.1287464612446687
12985,PCA,3.51385963,3.4791237334321257
12998,PCA,3.704167376,3.7613401928496235
12999,PCA,3.719217311,3.6491128491710287
13019,PCA,4.449009139,3.8544149511979864
13039,PCA,4.061284685,4.078742530628921
13040,PCA,4.074831395,3.986307986259544
13057,PCA,3.240350807,3.9825129106149273
13058,PCA,3.750630974,4.159750262351881
13060,PCA,3.634351296,3.439759024059538
13070,PCA,3.512663266,3.7652278600272546
13090,PCA,3.660946598,3.991691574243868
13091,PCA,3.725094521,3.8974429344929953
13092,PCA,3.457484646,4.056825229234912
13093,PCA,3.933830926,3.6983316883051778
13097,PCA,3.92569232,3.496899270225379
13108,PCA,3.985892805,3.842633928380072
13135,PCA,4.26515338,3.8484642915286114
13143,PCA,4.275484116,4.00429531261514
13144,PCA,4.36630019,3.861407656886168
13147,PCA,3.785140362,3.812348394683384
13161,PCA,4.141101222,3.753946707901637
13198,PCA,3.585280206,3.67548021758728
13200,PCA,3.413958252,3.624537924808136
13201,PCA,3.389814383,3.562977974437312
13220,PCA,3.574942101,3.721671128261498
13225,PCA,3.617911657,3.5432961420639177
13231,PCA,4.092771668,3.975178987165871
13241,PCA,3.511944916,3.7971405781320153
13252,PCA,3.584930631,3.464655227623343
13253,PCA,3.612337227,3.685953575970274
13254,PCA,3.923654107,3.5601033291937205
13284,PCA,3.356259818,3.955237362569304
13287,PCA,3.868346824,3.5789923918253708
13289,PCA,3.854470878,3.6659165478209945
13293,PCA,3.590865709,3.4990771356324943
13299,PCA,4.228224929,3.868151961869983
13301,PCA,3.740967179,3.763057427930043
13306,PCA,3.831626045,3.595017315748511
13311,PCA,3.805800123,3.586987022869039
13323,PCA,3.874334073,3.9960489574510727
13327,PCA,3.524310331,3.4384040932043667
13328,PCA,4.222557519,3.9426700122854688
13329,PCA,3.808192061,3.8766177387817096
13334,PCA,3.619185955,3.8143900835259337
13335,PCA,3.704230208,3.460193310271187
13338,PCA,4.055070257,2.761169953079948
13340,PCA,4.910719668,3.9299326884892105
13344,PCA,4.87818314,4.003682038710845
13350,PCA,3.933278442,3.968206773067385
13354,PCA,4.940987593,3.4309130278380517
13355,PCA,4.169402548,4.119104333398671
13357,PCA,3.551690828,3.3356817532724468
13362,PCA,3.835603366,3.8816609481288413
13364,PCA,3.319610368,3.8869576567776662
13371,PCA,4.248371329,3.891803083212584
13372,PCA,3.643216429,3.651973963315766
13406,PCA,4.477931182,3.9280180525327317
13407,PCA,3.472505702,3.5206026124860523
13409,PCA,3.912695783,3.7944978143631163
13438,PCA,3.653904765,3.88961130980425
13444,PCA,3.73139496,3.712016072345363
13451,PCA,3.887453525,3.9027487686048854
13457,PCA,2.981075278,3.1784744774805334
13463,PCA,2.950894254,2.8939120470655455
13464,PCA,2.621685085,2.762408241437241
13465,PCA,4.178955376,2.491266962554504
13467,PCA,2.897096818,2.899359876959553
13468,PCA,2.798431026,3.5116792786476907
13471,PCA,2.954846241,3.044979489292846
13474,PCA,2.778605574,3.333572099672345
13475,PCA,4.024239306,3.4468168249045603
13476,PCA,4.000560746,3.419265390870674
13480,PCA,3.516360828,3.5466950529864345
13493,PCA,4.142751376,3.9050069659045734
13502,PCA,3.839849378,3.7803315992701108
13512,PCA,3.437245177,3.5112292719871747
13513,PCA,3.564118413,3.4574624496709423
13536,PCA,3.391404456,3.3009781010319657
13546,PCA,3.13112251,3.5378952519428797
13551,PCA,3.495422912,4.151916454244691
13567,PCA,3.688572358,3.4072308139613585
13597,PCA,3.818083258,3.9478961745391676
13600,PCA,3.684149395,3.5389758796356814
13601,PCA,4.590865709,3.8677871491073414
13603,PCA,3.820643554,4.00274571383953
13611,PCA,3.937900114,4.057654234080703
13614,PCA,3.311342707,3.749995129232783
13617,PCA,3.954475966,4.072518858452003
13624,PCA,4.024530819,3.887938764893849
13676,PCA,3.645032577,3.8784904550765265
13684,PCA,3.908123914,3.714610245002603
13687,PCA,3.949061966,3.576700697727613
13691,PCA,3.288423624,3.3365013581943854
13697,PCA,3.902131932,3.7712404195093376
13702,PCA,4.040275004,4.039272855805639
13709,PCA,4.411649864,4.182393973113193
13712,PCA,4.69180114,3.9339645424626157
13716,PCA,3.505193941,3.613444372683125
13720,PCA,4.006098626,3.8477089873044164
13732,PCA,3.333086388,3.264782400072693
13744,PCA,4.16361353,3.8134598853438804
13747,PCA,3.928558609,3.821232218487272
13750,PCA,3.758886221,3.501168293552053
13752,PCA,3.79236,3.5594528386000555
13756,PCA,2.132402989,3.194498781510303
13757,PCA,2.132402989,2.7451156561267265
13760,PCA,3.798697495,3.8171364729339716
13764,PCA,3.604478701,3.532434517895312
13770,PCA,3.982103439,3.8270170358430082
13772,PCA,3.639802988,3.787475602348123
13775,PCA,3.614126654,3.693382492376073
13804,PCA,4.064383104,3.893262310315728
13807,PCA,3.887906519,4.416355853902625
13821,PCA,3.68426352,3.3762887156708046
13835,PCA,3.431028263,3.426250460655478
13837,PCA,3.995279229,4.131866826084851
13859,PCA,4.311142594,3.7387245041301664
13882,PCA,3.461461008,3.5852847440393116
13886,PCA,3.742344915,3.7502671579827416
13888,PCA,4.291762778,4.349820624006271
13892,PCA,3.601258005,3.5941900368699704
13893,PCA,3.494627606,3.5506515058791086
13894,PCA,3.818967784,4.105109702440459
13898,PCA,3.471078748,4.141300439888528
13899,PCA,4.170122975,3.8649346672288667
13901,PCA,3.377488383,3.5374395821001614
13904,PCA,3.801100721,3.4111151101952037
13905,PCA,3.59273969,3.029315032184889
13908,PCA,4.099371746,4.008856665694046
13916,PCA,3.698348977,3.918984440163547
13917,PCA,3.902352788,3.5971729830105335
13919,PCA,3.323890064,3.8474437295256143
13923,PCA,3.467089899,3.7501754525648536
13930,PCA,4.032593581,3.7757130416557643
13932,PCA,4.381537432,4.257533621789652
13936,PCA,4.825146266,4.076127467819008
13951,PCA,4.186841801,4.142209101567937
13952,PCA,3.823549912,3.9212356451084105
13954,PCA,4.26759408,3.9338516090978706
13957,PCA,4.28873922,4.13395064561638
13958,PCA,3.920990266,4.3979810093903815
13964,PCA,4.920990266,4.227359765843827
13975,PCA,3.690751255,3.740251367541235
13999,PCA,3.720383779,3.9794849635041105
14003,PCA,3.744883658,3.9969066849207553
14038,PCA,4.029689643,3.410188912618054
14041,PCA,4.304055872,4.395129891590706
14042,PCA,4.037040342,4.327337753103081
14063,PCA,4.543969045,3.732911538739886
14067,PCA,4.553537704,3.986605884913431
14069,PCA,3.610142533,4.103039690262728
14070,PCA,4.507009018,4.097704465451184
14071,PCA,4.04620102,3.8990209293029596
14072,PCA,4.095419043,4.082927247826791
14073,PCA,4.174350597,4.12954599243143
14074,PCA,3.935089453,4.194070005490264
14075,PCA,4.819074293,4.277775270757968
14077,PCA,4.130921204,3.5695168704813116
14081,PCA,4.502577322,4.006121981033979
14084,PCA,3.806229653,3.568194410994355
14086,PCA,3.539615494,3.6914260277743356
14095,PCA,3.822252164,3.8408483420390045
14099,PCA,4.309976566,3.914471022357289
14100,PCA,3.780043284,3.978714974658419
14102,PCA,3.762818556,3.7810509144650633
14110,PCA,3.904644554,3.789704448049231
14113,PCA,4.094349471,3.4746781160961544
14120,PCA,3.815554921,4.214510213211645
14124,PCA,3.493660085,3.5689733668419277
14129,PCA,3.63363628,4.2799269982661095
14130,PCA,3.415258111,4.017840181215634
14134,PCA,4.540930578,4.680070080751152
14136,PCA,5.169476047,4.65349028174304
14143,PCA,3.443598816,3.565873445312594
14147,PCA,3.570328158,3.4238992382656415
14154,PCA,3.399676158,2.975332071289894
14158,PCA,3.841262612,3.9550772337819415
14166,PCA,3.819374133,4.005145255579529
14183,PCA,3.384392845,3.945746976594902
14187,PCA,3.494408786,3.5796954351255406
14190,PCA,3.283427879,3.107043527602415
14195,PCA,3.782568594,4.064148038137394
14203,PCA,4.756388405,4.02278460932478
14216,PCA,4.115697267,4.150131358487645
14220,PCA,3.792600531,3.9197430949237297
14221,PCA,3.313059722,3.12865681784241
14241,PCA,4.065041648,3.855278437674933
14245,PCA,3.667524662,2.980671662293476
14247,PCA,3.732186904,3.9453465807543298
14249,PCA,3.733441848,3.8010670906956836
14250,PCA,3.645364622,3.9284569915437584
14255,PCA,3.563335505,3.7338509083132254
14256,PCA,3.563335505,3.7643160590989972
14258,PCA,4.908937971,3.943783961448562
14259,PCA,4.183666777,4.304776881028393
14268,PCA,3.586748006,3.831867849485857
14273,PCA,4.605483182,3.9313682876606117
14277,PCA,3.545390763,3.3883296175573316
14288,PCA,3.662734441,3.734718862506664
14291,PCA,3.566644485,3.8526015128705975
14292,PCA,3.409396871,3.573036829573254
14298,PCA,2.406502689,2.7402495194349794
14301,PCA,3.750316834,3.817558837483425
14313,PCA,2.848269612,3.0507920927538223
14314,PCA,3.650420482,3.9832220317172133
14319,PCA,2.850673061,3.2211588833711993
14323,PCA,2.559048291,3.1300048747857163
14324,PCA,2.318244253,2.862863655246837
14331,PCA,2.933797207,3.6214826711636987
14332,PCA,3.760823612,3.7337544686338755
14351,PCA,3.885158854,3.9613602293334638
14363,PCA,3.068209989,3.238390482477649
14376,PCA,6.017742664,5.502489331711352
14379,PCA,2.986261235,3.2407728473698816
14385,PCA,3.266456445,3.201651384926518
14402,PCA,3.560329345,4.079985482212985
14407,PCA,3.111659205,3.600158442256816
14409,PCA,3.576149963,3.6313238530590497
14410,PCA,3.014563515,3.476625978134296
14417,PCA,2.131614655,3.0495947529891168
14425,PCA,3.885727219,3.832354426569169
14426,PCA,3.547497341,3.8162536136736205
14427,PCA,3.588242309,3.7561013137139976
14464,PCA,3.491075806,3.5396940892703603
14563,PCA,3.577674359,3.6165829608394295
14564,PCA,3.577674359,3.6207904704347382
14566,PCA,4.288135158,4.082073335244307
14576,PCA,4.078123912,3.973652817408199
14579,PCA,4.278263519,3.984663348426128
14588,PCA,4.345905809,3.407752681364549
14593,PCA,3.9995043,3.2063570578101674
14601,PCA,6.553130852,4.765314441978856
14609,PCA,3.708096219,3.69211614109039
14611,PCA,4.582215704,4.599948534081252
14612,PCA,5.83983617,3.8901687019201736
14613,PCA,4.39105467,3.9594572955272174
14624,PCA,3.519026894,3.5235482114088787
14634,PCA,1.79023413,2.58452142099377
14635,PCA,4.095815793,3.748055634256926
14645,PCA,4.551020778,4.9831488564258395
14647,PCA,3.701944694,3.7791850509989344
14652,PCA,3.763868739,3.7569812332830694
14653,PCA,3.910280403,3.9352439096625105
14654,PCA,3.664026667,3.7336751264227632
14655,PCA,3.760641327,3.801323828776623
14656,PCA,3.723729243,3.8220415714164546
14657,PCA,3.635679596,3.9944184784962906
14658,PCA,3.674184646,3.979687481567935
14660,PCA,3.695562893,3.877042619458785
14661,PCA,3.674008856,3.8171338162069857
14663,PCA,3.75336854,3.4576941725198007
14680,PCA,3.146725773,3.0590073298774194
14681,PCA,3.630935428,3.3818672884273213
14683,PCA,3.481708171,3.6872840537486584
14684,PCA,3.524350741,3.5154324283912555
14685,PCA,3.122199676,3.53728198076837
14686,PCA,6.621367412,4.672690688317961
14692,PCA,3.997117161,4.028589899095191
14698,PCA,2.008411762,2.08236049179267
14724,PCA,6.183561878,4.490868330765701
14775,PCA,4.017582124,3.534148390305275
14785,PCA,3.902270627,3.9728645486137517
14799,PCA,3.641017762,3.5007553678805214
14812,PCA,3.430262504,3.4743529717709762
14819,PCA,3.750921121,3.8332092625862177
14841,PCA,3.012355926,2.1161038247066566
14842,PCA,3.491895283,3.615435081130571
14873,PCA,3.367202306,3.309941189010517
14874,PCA,3.436040455,3.2754921539006454
14875,PCA,5.452422525,3.3659569496508692
14876,PCA,5.50976741,3.3228950124556147
14877,PCA,3.268135507,3.8139148470213367
14892,PCA,3.129860564,3.4849023086563897
14904,PCA,3.791342212,3.3530051207535987
14906,PCA,3.697286439,3.672739237984688
14907,PCA,3.66275984,3.492067422522123
14908,PCA,3.629349945,3.4441607185630003
14919,PCA,3.418090851,3.4744821309999607
14921,PCA,6.291812687,3.7115094522160277
14922,PCA,4.115716499,3.466229230872577
14942,PCA,3.727437144,3.4340838864616865
14948,PCA,3.266562283,3.380867435732273
14964,PCA,3.99415818,3.7474136974555923
14987,PCA,3.634790827,3.7008227912716687
14989,PCA,3.347276592,3.7965566953099934
14996,PCA,4.029905429,3.4337243119740344
14997,PCA,3.939057757,3.3512740306555884
15005,PCA,3.586141146,3.4869006896203047
15007,PCA,3.564790694,3.538709579399862
15008,PCA,3.717902482,3.4167159270495366
15023,PCA,3.203777786,4.050878139582756
15024,PCA,3.52956967,4.212415728483963
15029,PCA,2.914841911,2.7213357432847793
15034,PCA,3.720833856,3.4069574874211135
15045,PCA,4.608965526,3.718259164030527
15071,PCA,3.590403028,3.5173524540426255
15097,PCA,3.788426202,3.9784830094641386
15113,PCA,4.310177658,3.4260545738424777
15116,PCA,3.566194644,2.6699759878202323
15125,PCA,3.759454799,3.402103630031178
15134,PCA,4.169343739,3.9163235112144013
15152,PCA,4.021787037,3.616301468403865
15163,PCA,3.030368054,3.444916730376339
15165,PCA,2.990780227,3.3080289615397205
15167,PCA,3.411927866,3.6259890180854586
15168,PCA,3.599142476,3.0257885996372167
15176,PCA,2.963714062,3.90054502484045
15180,PCA,3.236045253,3.763615825762985
15188,PCA,3.456279252,2.8466164067549085
15191,PCA,2.949965431,3.163951931278799
15193,PCA,3.810809625,3.8243832495220738
15201,PCA,2.779147777,3.9405695277794144
15205,PCA,3.136287113,3.4134586426588545
15210,PCA,3.158337076,3.6915244373455742
15214,PCA,4.338614416,3.8248810412935548
15237,PCA,2.970158752,3.0884821272411016
15239,PCA,3.06347527,3.4848662249159643
15242,PCA,2.990780227,3.2285621202574237
15248,PCA,3.878898225,3.7688437335530782
15249,PCA,4.020135186,4.078581774200982
15267,PCA,3.028521549,3.132938551163751
15273,PCA,3.855218359,2.7297269249425615
15279,PCA,2.751435585,3.225115921724087
15280,PCA,3.769476234,3.41936193733315
15281,PCA,3.558782486,3.996444540383046
15282,PCA,3.717814293,3.8128898617356097
15287,PCA,3.540153218,3.0846396670513165
15291,PCA,4.527817846,4.1338759840874735
15293,PCA,3.515833647,3.481526173660507
15308,PCA,2.140903248,3.144724297628728
15309,PCA,2.82659512,2.9914846921884415
15317,PCA,3.305252391,3.3474567581141854
15319,PCA,2.75097487,2.978523749707397
15324,PCA,3.144818008,3.5776961094902506
15336,PCA,3.303743844,4.279634766485642
15339,PCA,4.257273151,3.885844978165009
15355,PCA,1.868819577,2.6415683394273906
15357,PCA,3.847262558,3.952904230557508
15361,PCA,3.580393466,3.6680671300370897
15365,PCA,3.765648601,3.900564503043567
15366,PCA,3.783918885,3.9037448234550363
15370,PCA,4.956880461,3.844671158510657
15375,PCA,3.564048962,3.7750494963479
15381,PCA,3.929937326,4.000049223474619
15382,PCA,4.147767943,4.046947002125104
15388,PCA,5.617480527,3.8027459212351964
15389,PCA,4.771707477,4.8400930478880895
15412,PCA,3.968063921,3.6474648072541935
15418,PCA,2.952229911,3.6726511907641273
15425,PCA,2.647755726,3.581916469698473
15427,PCA,2.915484845,2.8238164096051626
15450,PCA,3.326121848,3.917348942250433
15460,PCA,3.725058007,3.787389178523893
15462,PCA,3.152458435,3.168127923524571
15477,PCA,2.977275365,3.3799692202843277
15478,PCA,3.291314079,3.3477772400650574
15480,PCA,4.397752739,3.555162198206903
15521,PCA,2.082421123,2.2074476687810227
15522,PCA,2.14177169,2.184728062154311
15523,PCA,2.009232297,2.2138818232751465
15538,PCA,3.442829595,4.3390500872018825
15546,PCA,3.848476498,3.7176535247007307
15588,PCA,3.404690984,3.431277013745539
15604,PCA,3.523533416,3.564905247238672
15606,PCA,3.860005228,3.6425833190430654
15607,PCA,3.422826667,3.3988011372298312
15616,PCA,3.56202294,3.4368335861827592
15620,PCA,2.858851,3.4351444244008196
15624,PCA,3.673840117,3.331366126022394
15628,PCA,3.274596542,2.8760524085760126
15639,PCA,3.675095211,3.745040735170668
15642,PCA,3.638201629,3.7455443968713347
15643,PCA,3.762271456,3.7848282340890997
15655,PCA,3.508505671,3.325308299342676
15667,PCA,3.123180586,3.6228193079823843
15668,PCA,3.591619185,3.5311208529670113
15676,PCA,3.339264565,3.5777834252647134
15686,PCA,3.058860102,3.930963970337617
15687,PCA,3.719248398,4.09426697921947
15692,PCA,3.21550009,3.353477459915219
15694,PCA,3.869649334,3.930388403406721
15709,PCA,3.6926693,3.792137989035566
15711,PCA,3.646545854,3.761327403375281
15737,PCA,6.311204113,5.125416983677652
15750,PCA,3.900252736,3.0689060957567027
15755,PCA,3.356917072,3.399548248666007
15757,PCA,5.716188714,5.39757203809346
15766,PCA,3.429980041,3.055663750250928
15773,PCA,3.966185998,3.7189717085226084
15774,PCA,3.635192779,3.8109551077156802
15775,PCA,3.568151621,3.710486897383108
15776,PCA,3.558315488,3.620305009729354
15795,PCA,3.792664289,4.092257634747174
15820,PCA,4.101566997,3.7930798988230245
15821,PCA,4.041255795,3.9075048213681525
15847,PCA,3.48355933,3.480720706694814
15860,PCA,3.282622113,3.070318171164275
15862,PCA,4.11454921,4.289122597818944
15868,PCA,5.264218099,5.141704772755721
15872,PCA,3.908173633,3.9511384219590977
15890,PCA,3.510497388,3.485976494014939
15891,PCA,3.589704353,3.7682915775497223
15897,PCA,4.042011311,4.06526342114699
15905,PCA,4.481157464,4.383158090549134
15906,PCA,4.212128984,4.144990602398927
15909,PCA,5.041261061,5.282946567705266
15910,PCA,4.315540454,4.398915917979879
15921,PCA,3.782228551,4.075045702934272
15923,PCA,3.466040735,3.4810701223286427
15932,PCA,2.844438515,2.909524941461312
15936,PCA,3.125654732,3.1880930177112163
15947,PCA,3.176663737,3.1497776967935627
15951,PCA,3.172350715,3.68151215802891
15952,PCA,3.138375301,3.4664079998738484
15968,PCA,3.117094709,3.639346461890987
15982,PCA,2.742739293,3.760000240235856
16003,PCA,3.284733966,3.857927780234415
16033,PCA,4.306669042,3.778215807567876
16034,PCA,3.253954058,3.190744774880292
16035,PCA,3.199784098,3.214825077517689
16036,PCA,2.821175664,3.023323695508024
16037,PCA,3.225556898,3.223753031410792
16039,PCA,2.892251617,2.933047253478763
16040,PCA,3.191982844,3.409832005907844
16041,PCA,3.212753706,3.1711689394434024
16042,PCA,3.239066983,3.256057939742517
16048,PCA,4.37267671,4.202909132671329
16050,PCA,4.01479626,3.8859007797691327
16073,PCA,3.662455946,3.869341728317732
16084,PCA,4.051454989,3.9941424190243913
16090,PCA,3.535339338,3.589021030210484
16093,PCA,3.331618679,3.199317206099101
16095,PCA,2.915221561,3.0532480477145234
16100,PCA,3.262828062,3.3715644117452026
16128,PCA,5.228205381,4.931299245492259
16148,PCA,3.086383173,3.2980083257389046
16155,PCA,4.111888281,4.080797775383589
16157,PCA,2.840818456,3.287646075612976
16158,PCA,3.38782746,3.0674916024408367
16163,PCA,3.408642406,3.3662106201501003
16171,PCA,3.460607214,3.295814892097901
16172,PCA,3.494333057,3.760174912615103
16174,PCA,3.758866493,3.1705863065251627
16178,PCA,4.002712722,3.936241453062903
16198,PCA,4.346692745,4.027791211384625
16215,PCA,3.896819598,4.008543267662495
16216,PCA,3.802676597,3.916042365327724
16230,PCA,2.768435334,3.62034488612934
16234,PCA,3.219484839,3.297882553298726
16245,PCA,3.002941274,3.389064660325176
16246,PCA,2.95002193,3.6696073692068976
16256,PCA,3.725007531,4.285183638342654
16258,PCA,4.657043098,4.065327510769657
16261,PCA,3.504585201,3.5943378435309055
16290,PCA,4.410142158,3.83127895247016
16292,PCA,3.828025147,3.805419116574392
16296,PCA,3.912390149,3.9997520819762564
16298,PCA,2.230985072,3.253439301708024
16301,PCA,4.226357326,3.960179568968137
16305,PCA,3.938593453,3.940305039598671
16310,PCA,2.741584102,2.459371788794931
16313,PCA,2.647788709,2.157151521647001
16325,PCA,3.890950768,4.075493854011139
16328,PCA,4.191674532,3.299057278890006
16339,PCA,3.459954596,2.7856015460548575
16340,PCA,3.480581787,2.950321701596996
16348,PCA,3.482027028,3.3503528815193584
16362,PCA,3.072479058,3.6429620695333975
16373,PCA,3.688818336,4.534514863026295
16375,PCA,3.724673108,4.4833721715733565
16380,PCA,3.009732595,3.349234231029548
16381,PCA,2.515264204,3.1128156556360604
16382,PCA,2.915119743,3.441670371816249
16400,PCA,4.072508706,3.938678436852138
16409,PCA,3.767343205,3.918771572708695
16414,PCA,4.509793728,4.1466138351955735
16425,PCA,5.515582067,4.473450690149504
16440,PCA,3.942734224,4.070111629162983
16441,PCA,3.723525372,3.860312624014801
16444,PCA,4.372251471,4.0112277965544045
16447,PCA,3.924368319,3.9226811083886
16452,PCA,3.546890629,3.5287936499885704
16456,PCA,3.257482286,3.520914722015579
16462,PCA,3.562014436,3.876141235185972
16471,PCA,3.622803442,3.527899242524
16473,PCA,3.206810761,3.6499096259382067
16480,PCA,3.41385276,3.016313716759989
16488,PCA,3.439414807,3.2648377762944896
16492,PCA,2.624558393,3.0446103758186633
16493,PCA,3.723947976,4.01690136578914
