ligand_id,model,y_true,y_pred
20,Baseline,4.949580416,5.545722122040623
23,Baseline,4.144498339,4.544000555570307
27,Baseline,3.42449855,3.27747326288507
36,Baseline,3.594278505,3.5398271935809817
39,Baseline,3.095724987,3.9927564964863267
43,Baseline,4.05571921,3.237400672733787
46,Baseline,3.719836565,3.508522572362154
50,Baseline,1.380598315,3.473592147948876
51,Baseline,3.751974994,2.9819171865034617
52,Baseline,3.641734078,3.614925881742437
59,Baseline,2.725605396,2.075566144446568
65,Baseline,2.388794064,2.556276988694464
67,Baseline,2.658368945,2.4520915221555972
68,Baseline,3.107799938,3.3175445827142513
74,Baseline,4.239971231,4.007086385359639
77,Baseline,2.585019011,3.2227564647129374
80,Baseline,3.626219292,3.970512938767191
91,Baseline,4.177123902,4.002874261235423
108,Baseline,4.254464761,4.098342487073529
114,Baseline,2.33209914,2.5697141916879422
122,Baseline,3.927901751,3.8356752471412703
124,Baseline,4.143541466,3.5434495506980372
126,Baseline,2.63773183,2.5402068900153756
130,Baseline,4.158646853,3.9125655452329555
131,Baseline,4.015908184,2.605863831152126
134,Baseline,3.937195421,3.982830935435124
136,Baseline,2.730398322,2.789866885535207
141,Baseline,3.801412286,3.4269384548468556
142,Baseline,3.96442747,3.9704797262904608
155,Baseline,1.717997085,2.5402831930999143
161,Baseline,1.790478441,2.5173560986299854
162,Baseline,2.523401181,2.4490558103436446
170,Baseline,2.908968372,3.032529706214536
171,Baseline,1.360457754,1.902832111665788
173,Baseline,1.559873429,2.1946150334317442
196,Baseline,4.154926917,4.141418826806401
206,Baseline,3.999037282,4.088379150288878
219,Baseline,3.907297875,3.71148567245359
221,Baseline,2.44412298,2.4300900544118518
225,Baseline,3.01484243,3.252696931060333
237,Baseline,4.518096365,4.348065392675387
243,Baseline,2.768208103,3.140289299855837
262,Baseline,2.239253186,2.586383394993759
265,Baseline,3.879416447,3.899824704915707
266,Baseline,3.325555342,3.8326142782597254
280,Baseline,7.038939476,5.340312295021316
284,Baseline,1.595379942,2.266329726203183
288,Baseline,3.723110042,3.8020698693464046
298,Baseline,3.870551118,3.623987093440864
310,Baseline,4.169444125,3.849274114460331
313,Baseline,3.905192767,4.116128903399084
321,Baseline,2.233211202,2.3226239298245135
323,Baseline,3.667299551,3.996895101809731
345,Baseline,3.066295669,3.5713980518711
346,Baseline,3.740965259,3.7670656833541973
350,Baseline,3.931892225,3.8437403476392795
361,Baseline,4.080096324,4.096440428868883
362,Baseline,3.839182265,3.7841982353884664
366,Baseline,2.489248544,2.80711357216128
370,Baseline,3.952030378,3.7603369794877297
372,Baseline,2.015123561,2.6637590515567506
376,Baseline,3.522264606,3.2459326072238497
382,Baseline,4.181635406,3.5872854637774187
388,Baseline,3.236132011,3.3386604145538827
389,Baseline,3.692363906,3.7654192672724665
395,Baseline,3.681693214,4.007691104263191
397,Baseline,3.030947823,3.169398372307081
399,Baseline,3.039942171,3.32281584163272
403,Baseline,1.812435335,2.3790057190643155
416,Baseline,3.336594958,3.6399851295027914
417,Baseline,3.756637342,3.127489239650413
423,Baseline,2.091380654,2.3810839136164725
428,Baseline,1.867622814,3.3151102727584707
437,Baseline,4.055811039,4.0419418419940305
449,Baseline,6.170365184,5.528724801369659
461,Baseline,3.709216802,3.502457453359181
463,Baseline,4.231604131,3.6535463290810655
473,Baseline,3.8692422,4.6692196938429635
474,Baseline,3.596778129,3.1005885113632665
477,Baseline,2.794535228,2.6865279076635145
479,Baseline,3.685979528,3.592450638219341
480,Baseline,2.632078148,2.864994435021032
482,Baseline,3.363868864,3.5653952701052525
483,Baseline,2.578241089,3.652984971281279
498,Baseline,2.496785583,2.7149923626110484
500,Baseline,2.825343237,2.9730034003188828
501,Baseline,2.560508776,3.009691449419888
523,Baseline,1.53375646,3.311081969776033
525,Baseline,4.817161221,4.006566162707799
527,Baseline,3.549415702,3.787113484496847
531,Baseline,2.863459321,3.0564908509496154
546,Baseline,3.498861689,3.1556660946914477
554,Baseline,2.723734902,3.4386705938512616
559,Baseline,4.145537126,4.157148696439716
564,Baseline,4.027748474,3.2675633065818976
567,Baseline,2.870153628,3.795980145909835
605,Baseline,2.015789085,2.0482220667664492
608,Baseline,3.227709579,3.452070700628898
613,Baseline,3.342217135,2.701375133099163
623,Baseline,3.560809635,3.636703411596448
626,Baseline,1.874298552,2.901093695302249
643,Baseline,3.385689088,3.222142125375356
649,Baseline,3.634507081,3.505640456434575
651,Baseline,3.647834014,3.6777517991455855
653,Baseline,1.536143754,2.8388496291039154
658,Baseline,3.93981481,3.7206099713561773
664,Baseline,2.734537075,3.355020212461997
676,Baseline,4.118230846,4.520949275720253
679,Baseline,4.2491762,4.005070364560244
682,Baseline,3.013959516,3.1722084475736185
683,Baseline,2.696373865,2.7715757087533395
686,Baseline,2.097927609,2.862584354266973
689,Baseline,1.610732826,2.22384139168301
695,Baseline,1.937269778,3.3413276543456965
696,Baseline,2.721315881,3.0714199012436154
706,Baseline,3.560809635,3.7966070434862225
707,Baseline,2.576458589,2.904006511753554
710,Baseline,1.957926387,2.6285490104815468
716,Baseline,3.279130588,2.7948898202164174
719,Baseline,3.251353873,3.0303395169631355
734,Baseline,2.02926158,2.9544484646070526
746,Baseline,2.892629127,3.14332115279107
776,Baseline,3.813831764,3.852728624842184
782,Baseline,3.715635708,3.812450022658371
795,Baseline,2.497766061,2.731213443131733
796,Baseline,2.995720485,3.0139523266690755
797,Baseline,3.01755561,2.912594705359965
802,Baseline,3.660618188,3.6123933603580145
803,Baseline,2.798347722,2.9302532136482577
812,Baseline,3.340707344,3.559128046273007
814,Baseline,1.225733029,2.5951873743072067
815,Baseline,2.818803928,2.604846236809903
825,Baseline,3.986763339,3.0455089745993726
831,Baseline,4.000506382,3.2742013723966177
832,Baseline,3.273158748,3.533141758681195
834,Baseline,5.348949078,4.25404451765734
840,Baseline,3.906360086,3.8345761948149786
847,Baseline,1.385602184,2.812187231865177
855,Baseline,3.22922379,3.976732984654809
858,Baseline,1.826593477,2.6581908092388984
861,Baseline,1.682996653,2.752384944877107
863,Baseline,2.159892482,2.523345731936219
864,Baseline,2.602229333,2.7496698031987616
871,Baseline,3.445095558,4.25934422640962
873,Baseline,3.604334073,3.78571209682371
875,Baseline,4.031066771,2.393822194867444
889,Baseline,1.260202121,2.423932247188592
902,Baseline,3.263515086,3.7936185856481046
905,Baseline,3.703971159,3.2844414815054983
910,Baseline,3.041879349,3.2607888904719515
922,Baseline,2.879077951,3.0603627650713454
925,Baseline,4.260496228,3.7713349384427155
926,Baseline,3.286117255,3.60232681552528
927,Baseline,3.748744111,3.9537325291728456
928,Baseline,4.532104361,3.989465532137366
929,Baseline,2.946637821,3.3562707194750905
934,Baseline,1.329574138,2.173024195439536
940,Baseline,3.336495757,2.8366085437730773
946,Baseline,3.037437565,3.2712791305951843
949,Baseline,3.279406837,3.7082271561510187
951,Baseline,3.108893739,3.3204905690025104
954,Baseline,3.216432763,3.862989211571052
955,Baseline,3.673882844,3.7386480124051062
968,Baseline,3.037430925,2.926511557574476
990,Baseline,6.716420734,3.302838108871681
991,Baseline,3.314560273,3.4690545692460875
994,Baseline,3.658939331,3.290896719676478
999,Baseline,4.458336346,3.9518406303031486
1001,Baseline,2.960227585,3.375396864696876
1002,Baseline,3.7155333,3.409267860493722
1008,Baseline,2.59306679,2.770488041380506
1012,Baseline,2.924052314,3.2203702142166155
1020,Baseline,2.601386302,2.5785377008653625
1021,Baseline,3.305673746,3.196003658496351
1025,Baseline,2.806089487,2.416551875216003
1028,Baseline,3.190740116,2.9681343943407943
1032,Baseline,3.688513574,3.456058393412091
1042,Baseline,3.230181089,3.4788825418431295
1045,Baseline,3.246045339,3.213149208445632
1053,Baseline,1.252329344,2.575051862577747
1060,Baseline,2.733308865,3.0290030679575164
1066,Baseline,2.208907496,3.2939847548495944
1070,Baseline,3.106968628,2.879363453224177
1085,Baseline,2.769631356,3.5743796507186434
1101,Baseline,3.183129011,3.237294487022264
1108,Baseline,2.946637821,3.2967551605435386
1112,Baseline,2.909523343,3.0401317853492986
1113,Baseline,3.975168183,3.5730035840485708
1120,Baseline,3.258086794,3.1829997351219506
1126,Baseline,2.416848453,2.667376720767674
1132,Baseline,2.882024625,3.2639575877752938
1133,Baseline,4.245086568,4.035559363850306
1139,Baseline,2.809963522,2.960253565034945
1142,Baseline,7.095543245,4.480093325762338
1143,Baseline,3.862392573,3.8354702053538796
1144,Baseline,3.757126755,4.110928367375527
1150,Baseline,1.755294236,2.6658446241940563
1166,Baseline,1.73563205,2.4323653785931256
1167,Baseline,3.255265728,3.1236791870338183
1168,Baseline,3.660429068,3.1877114021347936
1178,Baseline,1.904617329,2.562881306809497
1200,Baseline,3.079802084,3.3757980813807302
1205,Baseline,2.94417823,3.2550136298876526
1206,Baseline,2.788267882,2.7329387230734623
1216,Baseline,2.654536418,3.4383202470155774
1217,Baseline,3.629025307,3.2938881370222983
1220,Baseline,7.313490593,4.451785745019091
1226,Baseline,2.69913404,2.2790134751306015
1236,Baseline,3.353657104,3.2984028936349494
1242,Baseline,4.588096611,4.942877529129143
1243,Baseline,3.539661876,3.4987494094710074
1245,Baseline,3.637432544,3.2561585050902164
1253,Baseline,2.872551201,3.5687696164599543
1257,Baseline,3.459069232,3.3413795520555807
1271,Baseline,4.119641577,3.8697560711983434
1272,Baseline,4.728001391,3.9493087726415315
1276,Baseline,3.332577311,3.8728914330528754
1283,Baseline,4.203224836,3.814011602302334
1284,Baseline,3.423532001,3.6748112578933014
1293,Baseline,3.070431941,3.2990218961019884
1301,Baseline,1.747596286,2.4747965273611947
1310,Baseline,3.920446321,3.7679780110363676
1321,Baseline,2.237671847,2.6077016961882706
1327,Baseline,2.834206757,2.673090986370737
1330,Baseline,3.167290229,3.4531592079972206
1336,Baseline,2.988145075,3.322032965783181
1342,Baseline,0.942475043,3.464432555128782
1345,Baseline,4.214487751,4.35849392940457
1348,Baseline,3.506729176,3.5402498304365015
1351,Baseline,2.985541233,3.2501196547401188
1353,Baseline,2.411280151,2.9043690812420073
1358,Baseline,2.727143469,2.599241988986071
1360,Baseline,3.912995943,3.9344146241937463
1363,Baseline,3.017962644,3.16661377241314
1370,Baseline,2.245056299,2.4923798007484224
1372,Baseline,4.002182066,3.700951267367157
1379,Baseline,3.804468558,3.767965544448989
1383,Baseline,3.345786681,3.2154728205070855
1392,Baseline,2.732194911,3.2733525479611694
1395,Baseline,2.244447418,2.411309397647284
1399,Baseline,2.970468272,3.2904096736635955
1402,Baseline,3.593456834,2.8955794449427312
1404,Baseline,3.060637413,3.18002293433896
1406,Baseline,4.956525486,5.5043547772417085
1410,Baseline,3.952773834,3.8057278894160924
1412,Baseline,4.032005965,4.078260976540382
1416,Baseline,3.491092958,3.654130830326977
1420,Baseline,5.166456139,5.76066717665613
1425,Baseline,4.967309603,5.111934863887447
1429,Baseline,3.809693406,3.77618204873742
1430,Baseline,3.360566593,3.7676004491039725
1431,Baseline,3.688949051,3.7226520000953713
1432,Baseline,5.58592974,3.9494401724534325
1433,Baseline,3.233279357,3.8154317024596143
1439,Baseline,4.543130886,4.614030689319851
1449,Baseline,4.109839428,3.073702329677131
1451,Baseline,5.041269431,3.1438327112395
1461,Baseline,4.005850279,3.858327601127727
1463,Baseline,4.037956476,3.7894135726115517
1466,Baseline,3.530917438,3.426788139535783
1470,Baseline,4.748224843,3.5043846310016713
1471,Baseline,4.638247576,3.3422433363566193
1475,Baseline,2.704750904,2.842484440101588
1494,Baseline,3.465271707,3.5899236938408565
1506,Baseline,3.821255615,3.733532846731296
1508,Baseline,4.015840263,3.862030846000993
1514,Baseline,3.096881059,3.1507287264024955
1516,Baseline,2.521544717,2.643082040074818
1520,Baseline,4.101452722,3.7013584349960293
1522,Baseline,2.814115906,2.9280327306125713
1523,Baseline,2.576590488,3.267365175142776
1528,Baseline,3.428487689,3.0874428157987115
1532,Baseline,3.087513252,3.9774444594223315
1546,Baseline,2.952103309,3.344080160590112
1553,Baseline,4.285025366,3.9871910927818788
1557,Baseline,2.745843012,3.0114959745239545
1558,Baseline,4.067719675,3.930491728011583
1565,Baseline,1.635229316,2.0810780636000272
1571,Baseline,3.25338405,2.6675992443196668
1573,Baseline,3.271120794,3.0287682924033867
1577,Baseline,3.566851796,2.790390331546213
1588,Baseline,2.579608528,2.7702885571384543
1589,Baseline,3.211626544,2.23212214949234
1591,Baseline,4.032855942,2.7472374073673698
1595,Baseline,3.684979936,3.273708533947098
1600,Baseline,3.654060971,3.9053883755692436
1607,Baseline,3.970645821,3.537460591287225
1608,Baseline,3.7521902,4.003612045646824
1612,Baseline,3.702826736,2.473833841406755
1619,Baseline,3.817188788,3.559487504113363
1639,Baseline,3.860237213,3.992404964249302
1643,Baseline,4.572935464,3.985205155242819
1644,Baseline,4.524635528,3.7335400025776693
1656,Baseline,4.354721016,3.408310471708893
1663,Baseline,3.511945032,3.6462867131661376
1674,Baseline,3.453595038,3.5247507029395666
1675,Baseline,3.724396356,3.3869418837731144
1686,Baseline,4.859079727,3.797905172968335
1689,Baseline,2.688319691,2.658496080658238
1694,Baseline,3.436434769,2.8701864418437246
1698,Baseline,3.1109767,2.702778067606646
1705,Baseline,3.980889247,3.8127719851313753
1706,Baseline,5.288200024,3.102805887902383
1707,Baseline,3.271568635,3.3317415167452755
1717,Baseline,3.432499715,3.3863604398580454
1741,Baseline,1.965562728,2.4883023457226905
1742,Baseline,2.911593683,3.236353049205989
1744,Baseline,2.625382279,3.2175088848683453
1750,Baseline,3.127538876,3.1275635623538753
1756,Baseline,2.200850969,3.2467383880055394
1757,Baseline,1.783874548,3.455974968501578
1769,Baseline,3.446514977,3.3778887268563325
1773,Baseline,3.262315005,3.480248387225549
1774,Baseline,3.568473361,3.6497080394229995
1775,Baseline,2.993384788,3.370542581814308
1800,Baseline,2.748234071,3.3617885325012695
1807,Baseline,3.977876724,3.4272422393055737
1811,Baseline,3.749692635,3.4201502368281678
1822,Baseline,2.889184545,2.4646420171544015
1826,Baseline,3.920806632,3.586243686094438
1833,Baseline,3.285930687,2.9490072533622835
1834,Baseline,3.542136018,3.2543490832353514
1840,Baseline,2.916828859,3.3518522032146647
1867,Baseline,2.772055693,3.5328838088859316
1872,Baseline,3.165117321,3.3144036403510713
1875,Baseline,2.599292745,3.2003438253220615
1878,Baseline,3.631499113,3.711507705114913
1892,Baseline,3.657207857,3.7420070794268465
1894,Baseline,3.677248368,3.5932391871595053
1901,Baseline,3.908053683,4.206992757667726
1905,Baseline,2.65090136,2.9638332343420473
1911,Baseline,2.987037304,3.1256025230365103
1917,Baseline,3.318524528,3.21799392746463
1947,Baseline,4.528376709,3.906098712677319
1955,Baseline,3.441010226,3.2021363900027042
1956,Baseline,2.911727671,2.9732577363788204
1960,Baseline,3.01484243,3.2411021578287187
1963,Baseline,4.014864414,3.683788942779199
1971,Baseline,3.740934792,3.762439810258001
1979,Baseline,4.018669298,3.7379360268987645
1980,Baseline,2.942052721,3.852956474570621
1981,Baseline,2.97012983,3.2454038029618384
1986,Baseline,2.845662256,3.16565271194379
1991,Baseline,2.712289218,3.5494142552916323
1998,Baseline,3.220568301,3.1425798878699895
2008,Baseline,3.067337479,2.7772883779013275
2013,Baseline,3.131003459,3.5591810797777854
2015,Baseline,4.330935784,3.9810365892064175
2027,Baseline,3.915153859,3.9670924977104165
2029,Baseline,3.963174826,3.745175068385916
2031,Baseline,3.432655633,3.7313942344832842
2033,Baseline,3.967933208,4.073367527686042
2035,Baseline,4.010634879,3.753940358040653
2036,Baseline,3.817262214,3.7265064691014196
2038,Baseline,3.845515636,3.469324677106519
2047,Baseline,3.337321685,3.5991509501114702
2067,Baseline,3.176730649,3.531427891428676
2070,Baseline,3.334914609,3.064057971451405
2075,Baseline,3.301694147,4.133395287571596
2077,Baseline,2.678555028,4.022708823544485
2080,Baseline,3.59653552,3.830996657023036
2087,Baseline,3.659331234,3.305572824136582
2094,Baseline,4.827166835,4.14127477109225
2107,Baseline,2.44982057,3.0459725346808604
2109,Baseline,3.095599363,3.2771096950491554
2115,Baseline,3.103096419,3.680587274610012
2116,Baseline,2.604559465,2.529062618267758
2117,Baseline,2.518500845,2.750026518338228
2136,Baseline,2.8991238,2.330745030659199
2137,Baseline,2.643116728,2.405999068319666
2145,Baseline,2.480504555,3.345474646754022
2146,Baseline,2.576115979,2.973324463565948
2149,Baseline,3.146828546,3.2639678255848086
2152,Baseline,2.755772829,3.0789294278294603
2156,Baseline,3.556511412,3.587363697941302
2162,Baseline,3.919015884,3.613187213990778
2166,Baseline,3.945010414,3.237330400545869
2167,Baseline,3.651992364,3.4910090401070235
2170,Baseline,3.862459363,3.6128159793887367
2173,Baseline,3.90224699,3.90131305224241
2178,Baseline,3.637947132,3.8760421461760717
2180,Baseline,4.008653391,3.9697414794567876
2187,Baseline,3.548124906,4.148790064442734
2188,Baseline,4.474087511,3.834603814666146
2204,Baseline,3.664276254,3.540131719654
2205,Baseline,3.242208375,3.4046222377813113
2208,Baseline,4.154047645,3.9751921946799924
2210,Baseline,3.289198626,3.631218775404896
2217,Baseline,4.397306718,3.772601945991734
2220,Baseline,3.750352545,3.8779404227459637
2221,Baseline,4.317379113,4.066584880529401
2223,Baseline,3.561850696,3.4018824964626937
2226,Baseline,3.033052749,3.292234526758381
2232,Baseline,4.060050637,4.312515380043612
2239,Baseline,5.691682543,4.1670598597301325
2241,Baseline,3.021781741,3.3404034396858235
2242,Baseline,3.431263221,2.688310403961162
2248,Baseline,2.824353665,2.3752255386817946
2252,Baseline,2.87743254,3.3443241376184014
2271,Baseline,3.176700911,2.5825750602041877
2275,Baseline,3.328746882,2.998846458940796
2280,Baseline,3.687715203,3.6871333407154
2296,Baseline,3.637387863,3.4483091008093494
2298,Baseline,3.616629279,3.424231954525897
2299,Baseline,3.61526895,3.3530673136458615
2301,Baseline,3.213503,3.525559880587151
2303,Baseline,3.704173506,3.70134954848017
2313,Baseline,3.597826116,3.9131390402690576
2320,Baseline,4.564072975,3.609203561559999
2324,Baseline,3.107081774,3.6299892946389964
2326,Baseline,2.630715761,2.624935079186135
2332,Baseline,3.873515737,3.7203551392330163
2333,Baseline,3.838817619,3.6403356568980976
2339,Baseline,4.341379561,3.6369986623937995
2347,Baseline,4.076338872,4.238708020006742
2353,Baseline,3.778729924,3.0762312364323505
2360,Baseline,3.808590971,3.410620403908351
2361,Baseline,3.164926578,3.4215834089528854
2374,Baseline,4.577935565,3.931997354922719
2382,Baseline,3.099364068,3.398483502856213
2396,Baseline,3.963006204,3.819315030561981
2403,Baseline,3.351625621,3.7417944880851763
2417,Baseline,3.376153144,2.9678097552259546
2426,Baseline,3.042290068,3.507505365161342
2427,Baseline,3.525308637,3.6007482140491787
2431,Baseline,6.461870073,4.148824813909314
2435,Baseline,3.406304777,3.9019497012276823
2436,Baseline,4.314040282,3.9859212165747477
2442,Baseline,3.577995759,3.0136035066009415
2443,Baseline,3.037437565,3.306736671129109
2468,Baseline,3.123180586,3.3565562138822442
2472,Baseline,2.126957252,3.576871968859577
2474,Baseline,3.873652875,4.036688433128447
2491,Baseline,3.991878504,3.9564022606086393
2494,Baseline,3.881417946,3.4308312634408824
2495,Baseline,3.25584154,3.064499324293534
2497,Baseline,2.637723671,2.946258913239659
2498,Baseline,3.580342432,3.3321625081013653
2501,Baseline,3.164739384,2.6304930677788585
2521,Baseline,3.579029912,3.7492442079804595
2525,Baseline,3.632187251,2.257466327487183
2537,Baseline,3.35852282,2.7919671377288258
2541,Baseline,3.831507559,3.3805845992838477
2546,Baseline,4.563154851,4.326368013621927
2553,Baseline,3.747883249,4.111191831764831
2558,Baseline,2.791424317,3.141567221723885
2563,Baseline,3.513869884,3.5303564354065955
2573,Baseline,3.513744828,3.821904065447099
2574,Baseline,3.232308629,3.879930423982759
2590,Baseline,3.661864547,3.6063810302699637
2591,Baseline,3.249729681,3.6002861187597617
2593,Baseline,3.233125444,3.7976490293183853
2594,Baseline,3.42667529,3.915760126277976
2595,Baseline,3.845463491,3.7899294237534935
2598,Baseline,3.50759086,3.4523082614707383
2600,Baseline,3.870867816,3.5948620517402414
2603,Baseline,2.959934421,3.0727902273550898
2615,Baseline,3.664119608,3.712170428953828
2622,Baseline,3.551312734,3.6471765592589955
2623,Baseline,3.535671544,3.5732757134934094
2624,Baseline,2.944126097,2.947508161211881
2631,Baseline,2.60248831,3.8510543759468203
2632,Baseline,4.16521464,3.1385801983658803
2642,Baseline,3.425844101,3.4037310944082515
2643,Baseline,2.648568804,2.485689360911315
2684,Baseline,2.896867099,3.73449121641532
2690,Baseline,5.498886823,3.4700037454736936
2693,Baseline,4.307828432,3.923611016386847
2694,Baseline,3.037457486,2.9448575527884673
2697,Baseline,3.466032815,3.5076136979118857
2713,Baseline,3.419701785,3.0868839495096445
2716,Baseline,3.359318911,3.563176076494174
2759,Baseline,2.615368951,2.860400424749743
2762,Baseline,2.707399831,3.0077093477401586
2772,Baseline,2.899757987,3.221542045454351
2774,Baseline,3.330868124,3.690573066724815
2775,Baseline,3.548873988,3.5367662470460886
2781,Baseline,3.929227695,3.695703142553739
2793,Baseline,4.768947497,4.277985370298632
2799,Baseline,2.533452046,1.3985632254660243
2841,Baseline,4.450279908,4.07753998969158
2849,Baseline,2.94897601,3.2003819085350744
2854,Baseline,3.209083953,3.1995468991432645
2858,Baseline,3.391552567,3.5112820346090485
2866,Baseline,2.838790987,3.203658183379046
2868,Baseline,3.951351075,4.342037902115132
2871,Baseline,3.941215725,3.203656803401918
2888,Baseline,3.559666081,3.6377372646601915
2890,Baseline,3.252293291,3.75759557119429
2910,Baseline,4.402898173,3.868414605548141
2923,Baseline,4.568702954,4.279592860780508
2929,Baseline,3.626972758,3.6504012032056785
2931,Baseline,4.449106686,4.566510804617065
2934,Baseline,3.567057337,3.0899778955574173
2936,Baseline,3.193647664,3.250276180664114
2939,Baseline,2.97513245,3.2892178448294516
2941,Baseline,3.509843119,2.929025334437728
2954,Baseline,3.28338463,2.572287686287642
2955,Baseline,5.220660633,3.504181779990973
2962,Baseline,3.575171634,3.7784702871603493
2964,Baseline,3.849847832,3.9190693353002466
2965,Baseline,3.713263676,3.703852609365592
2967,Baseline,3.673089732,3.9130732563971393
2968,Baseline,3.773591867,3.973386863978079
2978,Baseline,3.756520103,3.7759314815205074
2981,Baseline,3.875966997,3.5690697573067087
2987,Baseline,3.492757895,3.0688874970078386
2994,Baseline,4.982665482,4.019968354755468
2998,Baseline,2.940248224,3.1014312001361564
3002,Baseline,3.79690979,3.8160693145633373
3006,Baseline,3.811311121,3.6234565647805796
3017,Baseline,4.099224127,4.897649357472888
3018,Baseline,3.428487689,3.2030214520329072
3019,Baseline,2.5898858,2.8666550538759052
3020,Baseline,2.223142755,2.368776122394225
3025,Baseline,3.609426314,4.084495455940656
3026,Baseline,2.358431982,3.1039799176943252
3033,Baseline,2.455259983,3.4311540399755196
3034,Baseline,3.598739714,3.619719432475305
3046,Baseline,3.512570053,3.3404590712300464
3054,Baseline,4.113702172,4.325004430684135
3057,Baseline,4.048414928,4.241507553323104
3066,Baseline,1.99451658,2.9022563728373996
3069,Baseline,4.168151147,4.120706785097827
3070,Baseline,3.549222501,3.84698559996348
3071,Baseline,3.299404869,3.7169065776081642
3079,Baseline,3.418881069,2.906838458104788
3082,Baseline,5.859307346,4.862591996484992
3084,Baseline,5.183921982,4.622210033510049
3085,Baseline,4.180856733,4.887584548375684
3086,Baseline,3.566411563,4.267155132496717
3087,Baseline,4.822329384,5.481829086897502
3095,Baseline,5.730946215,3.4385385759531117
3106,Baseline,4.112377071,4.74936732976968
3108,Baseline,4.258242072,3.768431760229966
3109,Baseline,3.491913318,3.8236047550420595
3111,Baseline,4.13861196,3.659823204957298
3115,Baseline,4.248371329,3.6504702149501114
3124,Baseline,3.778723728,4.129517053515065
3127,Baseline,3.410768198,3.6801565079130736
3129,Baseline,3.882841036,3.753893568024456
3130,Baseline,3.355381647,3.3225323230044115
3134,Baseline,3.360281369,3.797759598466218
3135,Baseline,2.549898451,2.781444298072347
3138,Baseline,3.316681,3.178415458176627
3150,Baseline,3.377734757,3.542198622911348
3151,Baseline,3.970218586,3.983195101457747
3152,Baseline,4.194585491,4.4112104726035675
3162,Baseline,5.066130791,3.592303314249296
3176,Baseline,4.928070062,3.000116135872394
3177,Baseline,3.151717065,3.221329922883047
3178,Baseline,4.318599608,5.9440992665468215
3179,Baseline,4.071393049,3.2019987084543575
3183,Baseline,3.537634728,3.640704542119778
3191,Baseline,4.908415908,2.8872973976475595
3192,Baseline,3.596879727,3.689536024802756
3203,Baseline,3.980625944,3.5177390027208784
3207,Baseline,4.072617477,3.855465384655655
3214,Baseline,3.759997028,3.357403586605799
3215,Baseline,3.129196682,3.2844073392996034
3217,Baseline,3.345578466,3.758327568777298
3222,Baseline,3.678660617,3.768927005487061
3233,Baseline,4.06802622,3.6884915062715216
3234,Baseline,3.621738082,3.9412841057839416
3235,Baseline,3.563923715,3.9032630341674626
3236,Baseline,3.653819436,3.6873646705669807
3237,Baseline,3.699588631,4.018442962382152
3241,Baseline,3.622034954,3.9386015554196687
3245,Baseline,3.441602496,4.03025390462245
3260,Baseline,3.56927147,3.4986366270675617
3263,Baseline,3.448198205,3.223514269398348
3265,Baseline,2.656966561,2.81977353918034
3269,Baseline,3.079394753,3.8458575834517514
3271,Baseline,3.061270228,3.1452712314822233
3276,Baseline,2.184248993,2.5221180679706654
3277,Baseline,3.172308048,3.610481237469851
3281,Baseline,2.567379308,2.8491510276153735
3307,Baseline,3.736993744,3.5857612367649514
3311,Baseline,3.484341945,3.458290254130256
3332,Baseline,3.905293087,3.914451970228031
3341,Baseline,4.301673206,4.420078744219604
3345,Baseline,3.735214186,3.8512612024042996
3347,Baseline,2.614990216,2.125291134822117
3368,Baseline,3.817523449,4.096570409681072
3370,Baseline,3.364091131,3.355984602459351
3379,Baseline,4.403320428,3.8398057779700916
3383,Baseline,3.454749428,3.2282441261380614
3396,Baseline,3.929303623,3.9062712831970274
3399,Baseline,2.54457959,2.7932411728378588
3403,Baseline,3.699667474,3.517001620287919
3410,Baseline,3.715209906,3.8946334086854177
3411,Baseline,3.384477071,4.11664977729819
3412,Baseline,4.288285999,3.883271674437725
3415,Baseline,4.892758065,4.557350538815351
3418,Baseline,3.539675664,3.7852124231536295
3419,Baseline,2.947979379,2.5570464428294493
3426,Baseline,3.764887165,3.4287555738587465
3430,Baseline,3.632076485,4.001406283235962
3431,Baseline,3.561467686,3.2558435142356585
3434,Baseline,3.988687131,3.9415373165108685
3443,Baseline,4.00464375,4.0019332269514605
3447,Baseline,2.973189451,3.174242843187383
3454,Baseline,3.197098223,3.5172891748764226
3467,Baseline,4.383764516,3.594712173043129
3469,Baseline,2.924190235,2.71669913493965
3473,Baseline,3.369443879,4.296103506946226
3474,Baseline,4.202652258,4.62590029783131
3496,Baseline,3.475059259,4.454367948637573
3502,Baseline,3.714759231,3.7296533986619944
3508,Baseline,3.18751132,3.5514036647133507
3509,Baseline,2.912065879,3.2883571876552526
3510,Baseline,3.468261645,3.7474063561021915
3515,Baseline,3.170028529,2.6393918634198292
3517,Baseline,2.871797248,2.607148014083253
3519,Baseline,3.663946467,3.2721838385761126
3521,Baseline,4.312473558,3.8522663539302853
3523,Baseline,2.879860146,3.101462174888135
3526,Baseline,3.233716796,3.16466736643424
3528,Baseline,3.462951745,3.862060526764635
3530,Baseline,3.239609757,3.3544950353844905
3543,Baseline,3.546890629,3.5504283673745336
3546,Baseline,2.598813602,2.6641684614666614
3551,Baseline,2.781487319,2.785909785666493
3554,Baseline,2.802861345,3.462650015839953
3555,Baseline,3.735145322,3.4464186771351364
3591,Baseline,3.911422063,4.002938370992708
3598,Baseline,3.039764322,3.4039330125122245
3603,Baseline,3.766078073,4.082408067406697
3605,Baseline,4.217641094,4.249106723270799
3608,Baseline,2.572934068,2.638623827555807
3619,Baseline,3.594979991,3.880391867549809
3620,Baseline,3.774327149,4.052988536406528
3622,Baseline,4.380848644,3.895354907249845
3623,Baseline,3.375190966,3.673119254349569
3627,Baseline,4.085884932,3.7011817373381
3632,Baseline,2.989447037,3.298428940932413
3642,Baseline,2.335487989,2.6410408913854573
3647,Baseline,3.932579028,4.144540383692294
3656,Baseline,3.973760354,3.594821079843326
3660,Baseline,3.563743752,3.5993185378934918
3661,Baseline,4.602612378,5.030242422123863
3664,Baseline,1.888702113,2.1156117184523433
3669,Baseline,3.236650607,4.039917371516547
3672,Baseline,3.729260273,3.4783745608953875
3673,Baseline,3.228574863,3.299615123323005
3674,Baseline,3.076462434,3.3756771472543488
3676,Baseline,2.832852364,3.1048007772893325
3684,Baseline,3.531027052,3.1023394418943244
3690,Baseline,2.795630123,3.655571271993003
3694,Baseline,2.847994411,2.998301517538262
3704,Baseline,3.28464761,3.3573840048952563
3710,Baseline,4.069731745,3.908047015290139
3724,Baseline,3.890554079,3.635279059287775
3740,Baseline,3.095381868,3.4575127406497255
3742,Baseline,3.650328049,3.6776653037468576
3754,Baseline,6.622127639,5.309531085597371
3755,Baseline,3.571354788,3.317466308002933
3756,Baseline,2.560839751,2.8034932578201386
3757,Baseline,4.298815247,4.023904253172114
3768,Baseline,2.871903466,3.146187502059829
3774,Baseline,3.338612519,3.8757745419597525
3780,Baseline,3.84735559,3.6847808755693934
3785,Baseline,3.487304122,3.282928694260475
3804,Baseline,3.689537175,3.4096460466814875
3810,Baseline,3.252044885,3.550759140638614
3817,Baseline,3.235885767,3.0678366380666415
3821,Baseline,3.407798661,3.59662470700723
3827,Baseline,2.905247609,3.14744318692747
3829,Baseline,3.314707589,3.982533423206186
3831,Baseline,3.140618017,3.8596451176028217
3834,Baseline,1.903557959,2.686335392537555
3835,Baseline,2.123721006,3.2095670647278625
3837,Baseline,2.113338419,3.2884625560562326
3838,Baseline,2.646725721,3.2006079632838267
3839,Baseline,2.646725721,3.324759551612493
3840,Baseline,2.309566296,3.0981432630492907
3846,Baseline,3.236716361,3.650056397644157
3852,Baseline,3.636021256,3.898464538171496
3853,Baseline,3.394609259,4.052610492740489
3854,Baseline,3.408041057,3.857747506364247
3856,Baseline,4.016919825,4.037251356806585
3869,Baseline,3.236716361,3.499555819188393
3879,Baseline,3.017865824,3.2689121697147794
3880,Baseline,1.881307607,2.8395644984355832
3897,Baseline,3.251090445,3.6008467182402066
3920,Baseline,2.041002866,2.2249248512370503
3924,Baseline,4.112744606,3.8787784313719045
3936,Baseline,4.016293574,4.0063246755918644
3941,Baseline,3.204716727,3.264944066171908
3950,Baseline,3.71160648,3.7951107856549378
3955,Baseline,4.42509057,3.6861121956570653
3959,Baseline,5.061858467,4.435358336132476
3960,Baseline,3.971676683,4.319339510418503
3971,Baseline,4.384838256,3.96470373850436
3975,Baseline,2.285840103,2.2877761308741653
3978,Baseline,3.502929214,3.2441192823105456
3980,Baseline,3.846648536,4.130224935871521
3987,Baseline,3.550344149,3.88941558627759
4001,Baseline,4.390995632,2.676664573790961
4010,Baseline,3.549810898,3.310881037723739
4011,Baseline,2.981795963,3.261220121061138
4012,Baseline,3.545565548,3.521112372901168
4014,Baseline,2.869296924,3.4962919988154932
4019,Baseline,4.463010416,4.295584587470408
4023,Baseline,4.581545767,3.9343721865416175
4026,Baseline,3.740961546,3.9584180045758597
4028,Baseline,4.348770068,3.1949904070038153
4035,Baseline,2.815778995,3.753375144803959
4037,Baseline,4.375902486,4.363578663769974
4053,Baseline,3.869234583,3.8985927591640213
4064,Baseline,4.90791515,4.552340716807621
4067,Baseline,3.596161483,4.035648328333124
4077,Baseline,3.535761897,3.2619347831520704
4082,Baseline,3.897917135,3.1220784592062834
4096,Baseline,3.748838981,3.6348972942682147
4105,Baseline,2.915484845,3.0514564899863723
4106,Baseline,3.301702905,2.9263121422983627
4110,Baseline,3.095564513,3.5755204931075344
4111,Baseline,2.983552916,3.2774105941264424
4122,Baseline,3.831313873,3.6959963102487157
4125,Baseline,3.222424532,3.7641433526812724
4133,Baseline,1.188983477,3.6416121380717765
4152,Baseline,3.386830242,3.5046479344452797
4154,Baseline,3.281969665,3.449245485853173
4156,Baseline,5.518027893,3.6326274831159404
4160,Baseline,6.105684889,5.3545465527439315
4166,Baseline,3.4536384,4.220163246429641
4168,Baseline,3.602679969,3.4945420331590697
4169,Baseline,2.347665435,2.9035747635127778
4174,Baseline,3.886140086,3.713530907920005
4208,Baseline,3.127894884,3.113281143072435
4209,Baseline,3.462125141,3.1244555696483918
4212,Baseline,3.657214687,3.3639959416878393
4216,Baseline,3.443831893,3.458351466347377
4223,Baseline,3.072168601,5.1018306273718395
4243,Baseline,3.546599943,3.3844657672800222
4245,Baseline,3.064041466,2.7411766943724865
4250,Baseline,2.884471237,2.8119096371593324
4257,Baseline,4.004754838,4.188531893539847
4260,Baseline,3.691425683,3.742476635980142
4262,Baseline,2.813366207,3.132522130204774
4265,Baseline,2.202186565,2.4185579824484362
4266,Baseline,2.59140936,2.425233742069384
4267,Baseline,2.141267451,2.1912930160978363
4273,Baseline,2.151751516,3.194698146982198
4282,Baseline,3.600659851,3.638946654075834
4289,Baseline,5.086048237,3.9712694165484774
4302,Baseline,3.643282874,3.7614970299802186
4306,Baseline,3.601041122,3.986727067219259
4327,Baseline,3.881120826,4.015832718252527
4333,Baseline,3.292069758,3.542232807112596
4338,Baseline,6.382237363,4.306893254254704
4348,Baseline,3.96922671,4.617576069408022
4353,Baseline,2.243465928,2.7259299859773263
4355,Baseline,3.909666041,2.497806825046146
4374,Baseline,2.301553828,3.37723690983052
4375,Baseline,3.078024806,3.868557648776638
4381,Baseline,4.948464587,4.736908427634161
4390,Baseline,6.913760886,4.253983830082095
4404,Baseline,3.234745723,2.7248882752769346
4406,Baseline,4.042019547,4.4497374472144
4412,Baseline,4.485203086,3.3659938130928264
4424,Baseline,2.782577929,2.5333616818654425
4431,Baseline,3.244766818,2.750366721794027
4432,Baseline,3.254561887,2.8885454803556745
4435,Baseline,2.969326159,3.1541734479410617
4438,Baseline,4.215077704,4.058214145393285
4455,Baseline,3.012387237,3.0319201913896277
4457,Baseline,3.068676254,3.6640517062486557
4458,Baseline,3.608038669,3.7156786362770284
4460,Baseline,3.990888652,3.655650707857366
4472,Baseline,3.553778435,3.4188627173839214
4478,Baseline,3.915366853,4.013789524192359
4497,Baseline,4.301648425,3.9598571264911695
4504,Baseline,4.311576353,4.003295087801827
4513,Baseline,3.471476601,3.7416581591873816
4515,Baseline,3.461894952,3.15703177302408
4516,Baseline,3.497913993,3.3253940096998154
4519,Baseline,3.520850632,3.983516097058625
4520,Baseline,4.131163363,4.03240807361585
4522,Baseline,3.794798146,3.5411607638552023
4524,Baseline,3.735347922,3.822271327665014
4525,Baseline,4.764038572,3.8942929758070015
4533,Baseline,3.088644385,3.146072878733882
4547,Baseline,2.978444291,3.0561765109767416
4551,Baseline,3.685791483,3.62720986556037
4553,Baseline,3.544467687,3.5735441837142123
4554,Baseline,3.826500554,3.729916643102914
4556,Baseline,3.675310156,3.58025644420396
4557,Baseline,3.843825867,3.777140246970155
4559,Baseline,3.437397302,3.4764618119126394
4560,Baseline,3.562974132,3.467644903335324
4561,Baseline,3.416756408,3.4715914779901778
4562,Baseline,3.493976597,3.439651303591458
4565,Baseline,3.483283939,3.9405195497573593
4572,Baseline,3.046271825,3.4331697257283293
4582,Baseline,3.544205401,3.490837667586891
4592,Baseline,2.002064746,2.2889333237306753
4594,Baseline,3.303520037,3.4289247254819673
4597,Baseline,4.154252023,4.116550820379328
4601,Baseline,3.510817263,3.575739518620697
4623,Baseline,3.649232255,3.6752824480551536
4629,Baseline,3.707185284,3.7992487640405197
4641,Baseline,3.434561019,3.374520788794042
4642,Baseline,3.369745808,2.7742824880672146
4674,Baseline,3.780043284,3.790939084102364
4676,Baseline,3.249275015,3.403553772479049
4678,Baseline,3.847223486,3.9837456023593205
4685,Baseline,4.067610133,3.46227089173242
4688,Baseline,4.183054621,3.7399874758172857
4692,Baseline,4.216561735,3.7236082380121323
4693,Baseline,3.998111545,3.566593102748069
4694,Baseline,3.952039724,3.8634228807023283
4700,Baseline,3.604470988,3.3571396417606167
4703,Baseline,3.748690277,3.326435711376077
4712,Baseline,4.673918605,3.707456428353056
4721,Baseline,4.121988201,3.722174015820623
4736,Baseline,3.04637592,3.4887230948724186
4737,Baseline,3.460865144,3.6804340169974035
4739,Baseline,3.377628183,3.7762088029616443
4754,Baseline,3.614777866,3.759249389719824
4757,Baseline,3.694300757,3.0330957263397695
4765,Baseline,3.23496698,3.525029175269194
4772,Baseline,2.682391495,2.8199024314931673
4784,Baseline,4.034923386,3.9324885732272548
4785,Baseline,3.372304302,3.627682197199119
4800,Baseline,4.265157311,3.988229933148644
4801,Baseline,3.535606027,3.0427258909204284
4803,Baseline,2.640546276,2.9396595243059673
4806,Baseline,3.448594684,3.6854292040293863
4816,Baseline,4.069469771,4.127702870019667
4820,Baseline,3.869492479,3.380405921871694
4844,Baseline,3.869212156,3.6854984215977145
4853,Baseline,4.237575907,4.136764899142016
4855,Baseline,4.052374547,4.150944913920964
4873,Baseline,2.944344022,3.561971568346816
4877,Baseline,3.679205566,3.869265547193132
4879,Baseline,6.787006403,4.621538545968798
4881,Baseline,3.541099847,3.7123401066240893
4887,Baseline,4.153425264,3.3308154944293076
4889,Baseline,4.210141876,4.118810077492527
4894,Baseline,3.99490469,3.6044187804830448
4895,Baseline,4.110144488,3.708636264421988
4908,Baseline,2.993198565,3.024623520634097
4909,Baseline,4.137259139,3.9635490750878413
4910,Baseline,4.195251086,3.9145850762832812
4912,Baseline,3.879556364,3.6681921293700825
4913,Baseline,4.225796482,3.8566240667119103
4923,Baseline,1.471957315,3.19929950677669
4934,Baseline,3.703637923,3.9494907543815967
4946,Baseline,4.051822749,3.8084837161863474
4962,Baseline,3.58871978,3.61455249056609
4976,Baseline,3.965355901,3.4797346824836852
4978,Baseline,3.5052566,3.4920667288679215
4994,Baseline,2.889184545,2.7961239219473724
4996,Baseline,3.885933459,3.7931789936394567
4997,Baseline,3.985479803,3.795126301339423
4998,Baseline,3.922125091,3.946567336447547
4999,Baseline,4.181961978,3.839025181363225
5000,Baseline,2.827797217,3.6270493327051434
5009,Baseline,4.025704772,4.089387521381909
5010,Baseline,3.960837813,3.857969775065063
5011,Baseline,3.782315281,3.3620452194603345
5012,Baseline,4.006601761,3.903598940444218
5013,Baseline,3.964166719,3.9715260435232094
5014,Baseline,4.310087296,4.136569295897579
5015,Baseline,4.310496146,4.126144073353603
5017,Baseline,2.791881954,3.2013880834111785
5023,Baseline,3.718590446,3.688447789042129
5030,Baseline,6.359956366,4.973037316675008
5031,Baseline,4.325371969,4.343537783903604
5033,Baseline,4.334182232,3.4640870713992347
5041,Baseline,3.246151302,3.5174232125059453
5046,Baseline,4.260603192,3.781296651241355
5051,Baseline,3.378621351,3.4874885840894336
5052,Baseline,3.944427335,3.7031585874007154
5053,Baseline,4.122785005,3.9860337586295578
5054,Baseline,4.234335684,3.8881626341178293
5055,Baseline,4.251600137,3.876852861650516
5059,Baseline,3.441482168,3.6929205007378276
5060,Baseline,3.549078062,2.9113544870923254
5064,Baseline,4.292809665,3.758573905623161
5065,Baseline,4.233058622,4.012996797150846
5071,Baseline,3.621597236,3.5278291692246344
5072,Baseline,3.163626772,3.6289902491767894
5073,Baseline,3.884926284,3.439705387343396
5097,Baseline,3.674475666,3.7734384404494716
5101,Baseline,4.74297606,3.8726666625539243
5118,Baseline,2.971294851,3.428188059238708
5121,Baseline,3.82872747,3.80500265156845
5130,Baseline,3.56202294,3.601266857579382
5131,Baseline,3.735590916,4.545726587950186
5132,Baseline,3.877853468,3.48790147822297
5136,Baseline,3.078360136,3.333052440810053
5143,Baseline,3.490875467,3.230385734766428
5154,Baseline,3.245936885,2.2615185824676978
5156,Baseline,2.212604302,3.157519148585968
5162,Baseline,4.851780412,3.691150189310028
5164,Baseline,3.963474439,4.19635130328952
5165,Baseline,3.933416145,4.035701328328364
5166,Baseline,3.216905227,3.1653396312821553
5167,Baseline,3.75383045,3.25062282392405
5174,Baseline,3.382195409,3.201946421130999
5181,Baseline,3.482111968,3.8591212844572147
5185,Baseline,3.711992713,3.8958944614638087
5188,Baseline,3.703420999,3.7710520630336672
5191,Baseline,3.887863684,3.7577400626079434
5195,Baseline,3.630476888,3.5020538422665126
5196,Baseline,3.516658577,3.8095377312017122
5197,Baseline,3.75789993,3.94873311347512
5198,Baseline,3.768980765,3.8690863454545843
5201,Baseline,3.132684737,3.35797915605041
5205,Baseline,3.830175269,3.874658723528992
5208,Baseline,4.537859247,4.189639190488862
5224,Baseline,4.050659795,3.435032200027775
5229,Baseline,3.342335627,3.2194138278869433
5237,Baseline,2.750525269,3.050284951560835
5245,Baseline,3.107992687,3.7542734191655236
5248,Baseline,3.883718202,3.9223529821265304
5254,Baseline,3.397775814,2.962595349916386
5255,Baseline,3.359835482,3.9306253325066716
5260,Baseline,3.62300179,3.4375649772297665
5284,Baseline,4.720168246,4.323444522477239
5286,Baseline,2.846746928,2.398480245465502
5287,Baseline,2.989198488,3.1794057568087917
5291,Baseline,3.571134605,2.876276518950612
5292,Baseline,3.160298422,3.5046410933353633
5293,Baseline,3.438299311,3.858387232643492
5302,Baseline,3.748131243,3.800673345362741
5322,Baseline,3.298298101,3.552208280798779
5352,Baseline,3.484463559,3.318054023608541
5355,Baseline,3.880931436,3.816641391093542
5357,Baseline,3.760217783,3.874464896370628
5363,Baseline,3.636991459,3.5611905299990414
5371,Baseline,4.059404046,3.655298693147071
5377,Baseline,3.717758149,3.5470724977094608
5381,Baseline,2.913663213,3.1668060850606623
5391,Baseline,2.868260441,3.5260670320205048
5392,Baseline,2.893307401,3.4353553258280694
5393,Baseline,4.497192358,3.8831926677476325
5395,Baseline,3.166865736,3.393235967848189
5398,Baseline,4.30560929,4.406249138053378
5403,Baseline,2.957500868,3.1958104689222484
5405,Baseline,3.343721646,3.607095793061866
5411,Baseline,3.756464182,3.7118423070276774
5421,Baseline,2.771729834,2.8307058501988465
5422,Baseline,3.911417275,3.90279163595531
5426,Baseline,2.854618309,3.6623431798927695
5427,Baseline,3.360821133,3.735505455615566
5432,Baseline,4.00179056,3.9532492919480777
5443,Baseline,3.870514066,3.6278590923992153
5444,Baseline,3.249939234,3.6518684787492366
5445,Baseline,3.355712257,3.713283417217026
5447,Baseline,3.584759168,3.3495705539666574
5451,Baseline,3.56940841,3.863775096102305
5463,Baseline,3.334421357,3.8583896825494004
5468,Baseline,4.791384641,2.9768881936687337
5472,Baseline,3.034844137,3.6319392180881644
5473,Baseline,2.854552405,2.945356607563247
5478,Baseline,3.949346784,3.841320312311495
5483,Baseline,3.18228052,3.048378255345769
5484,Baseline,2.676333224,3.585681998315163
5485,Baseline,3.991809175,3.617947082451689
5507,Baseline,4.4081845,2.3772220311576353
5509,Baseline,3.150097764,3.514000597253739
5517,Baseline,2.331057972,2.566773817696566
5519,Baseline,3.853374195,3.661916714295782
5522,Baseline,3.198568035,3.479539267184767
5523,Baseline,3.441044504,3.5647442220291623
5533,Baseline,5.57129435,4.013169455539509
5537,Baseline,4.07094939,3.9682119718944078
5538,Baseline,3.80611211,3.623253488742073
5542,Baseline,5.020932783,4.912092442139506
5543,Baseline,5.431966532,5.25922773107137
5544,Baseline,5.011976664,5.204973993653853
5545,Baseline,5.194372098,5.61012605684617
5551,Baseline,3.199319019,3.3273631200318565
5561,Baseline,4.020987616,3.3145512731630853
5568,Baseline,3.715836275,3.4745631800743753
5569,Baseline,4.363601237,3.9732794625896
5570,Baseline,2.786656794,2.8424998204004375
5574,Baseline,3.60838848,3.3757667118524077
5585,Baseline,3.918338377,4.063213233616498
5586,Baseline,3.915150993,4.190807138470966
5589,Baseline,3.83304889,3.8784797749797484
5591,Baseline,4.151614972,3.813289444225717
5596,Baseline,3.766850557,2.977543685877029
5607,Baseline,4.113310723,4.047036880057698
5612,Baseline,3.77417051,3.9087846725352846
5616,Baseline,1.867994804,2.165131883683356
5623,Baseline,3.996281038,3.8509399166076568
5626,Baseline,3.420866316,3.729701504895042
5630,Baseline,3.336395686,3.8026928585399697
5642,Baseline,3.037797914,2.903331727222761
5646,Baseline,3.035256253,2.7984665770202763
5647,Baseline,3.648378242,3.7414076559341725
5649,Baseline,3.366133331,3.6947863449063565
5659,Baseline,3.994777457,3.9186435156600736
5671,Baseline,3.65367758,4.604565911572484
5675,Baseline,3.261542631,2.9085570216271694
5677,Baseline,3.717424123,3.640389795487306
5704,Baseline,3.159079692,3.530398708765829
5708,Baseline,3.079786424,3.317378411162362
5709,Baseline,3.606639285,3.7952128556068625
5711,Baseline,3.373572144,3.776728737113356
5712,Baseline,3.771512153,3.6801418191258586
5713,Baseline,3.771512153,3.8094655456913036
5714,Baseline,3.94220838,3.7648849789480514
5715,Baseline,3.633209454,3.541275661740411
5716,Baseline,3.921488787,3.668943888044666
5722,Baseline,4.318699,3.992196107459056
5735,Baseline,3.347353871,3.6598597654259644
5738,Baseline,3.938763572,3.4688077711159098
5744,Baseline,2.880890373,3.7023967212079305
5746,Baseline,4.039712645,4.147578010860725
5747,Baseline,3.463002594,2.892237925072603
5751,Baseline,4.556228532,4.483658596044998
5754,Baseline,3.763271243,3.5196044219927614
5758,Baseline,3.472574581,4.037957989941346
5782,Baseline,3.50501786,3.5095364671307965
5787,Baseline,3.56041995,4.078659870984495
5806,Baseline,3.761211868,3.3902632833963215
5813,Baseline,4.33333521,4.6955757237463684
5819,Baseline,3.12548488,3.320835523755473
5831,Baseline,2.972973821,3.0322508248023934
5833,Baseline,3.650271758,3.958610257585044
5840,Baseline,3.761950038,3.9469773105484145
5841,Baseline,3.744616538,4.036256629475219
5867,Baseline,3.901153559,4.299134307289705
5873,Baseline,3.501407106,2.858425582309689
5874,Baseline,4.02672425,3.8472071118047726
5876,Baseline,3.10382204,2.8945266770909335
5893,Baseline,3.933907595,3.386681178449571
5894,Baseline,5.090962493,3.7151225341367318
5905,Baseline,3.652037365,3.8629037401250663
5907,Baseline,3.764168657,4.329611415501641
5914,Baseline,4.647474339,4.675516588756396
5915,Baseline,5.072521936,4.828241282378806
5918,Baseline,3.951940655,4.311540594998958
5919,Baseline,3.951940655,4.284551368750019
5921,Baseline,3.872149277,4.192239677549473
5927,Baseline,5.045627493,4.773850205121652
5932,Baseline,3.910964398,3.4412521045837687
5937,Baseline,3.840040477,3.9569046539146737
5947,Baseline,3.833903757,3.8182104733602102
5959,Baseline,3.899752777,3.8180088698404995
5970,Baseline,2.955586808,2.9954986985990333
5972,Baseline,2.959934421,2.931938380839622
5986,Baseline,3.49789371,3.759172910959748
5990,Baseline,3.035274049,3.099439441754711
6004,Baseline,3.0102178,3.070857951179662
6006,Baseline,2.58935525,2.6706177786743943
6010,Baseline,3.784467784,3.514505007374259
6011,Baseline,3.65001248,3.985429487585234
6014,Baseline,3.497518451,3.0750218174207107
6015,Baseline,3.798548446,3.2440344302480617
6016,Baseline,3.463002594,2.9831058836372613
6018,Baseline,4.05751396,3.4237694808251864
6019,Baseline,3.568828065,3.520059723174027
6020,Baseline,4.121175604,3.459582420566623
6023,Baseline,4.423240831,4.003657859182047
6024,Baseline,4.980881683,3.826677781916422
6025,Baseline,5.066034589,3.743998906133684
6026,Baseline,5.127264326,3.7111748383993635
6027,Baseline,3.973799566,3.880756736486605
6028,Baseline,3.602715281,3.886468744792553
6032,Baseline,3.96682433,3.756453192102386
6035,Baseline,3.783234897,3.6659518951118786
6039,Baseline,3.400113927,3.650476342344452
6040,Baseline,3.699564794,3.630340731134389
6055,Baseline,3.80084018,3.6657392374387046
6058,Baseline,3.105818528,3.3066902335226627
6079,Baseline,3.687888707,3.6676497398220027
6093,Baseline,3.356404914,3.0824063893431006
6096,Baseline,3.099412049,3.350889892333423
6098,Baseline,2.326388003,3.2736218198029823
6102,Baseline,3.442695295,3.2450613109045587
6105,Baseline,3.283983801,3.4733808909176713
6108,Baseline,2.457701909,2.2024789731547147
6116,Baseline,2.938478028,3.1152039960969766
6120,Baseline,3.235194462,3.5817492901542547
6134,Baseline,2.975761918,3.1973975132270906
6136,Baseline,2.90946604,3.3511188502164027
6137,Baseline,3.046161326,3.283367704577366
6138,Baseline,3.080417574,3.128986596701208
6139,Baseline,3.088506468,3.3058294534018855
6154,Baseline,3.954230165,3.667721507905405
6181,Baseline,4.380730136,3.6415490002361763
6191,Baseline,4.384312187,3.8758411739841923
6204,Baseline,3.586395439,3.238878664844749
6206,Baseline,2.146664368,2.95265502197795
6208,Baseline,3.249003935,3.7766673688445547
6216,Baseline,4.311161451,4.1301790066794215
6235,Baseline,4.768892352,4.011663673724134
6238,Baseline,4.420868513,3.9844375863054005
6245,Baseline,3.429032052,3.5297370438379807
6251,Baseline,3.207656332,3.2604422461520857
6253,Baseline,3.174016865,3.2606227324129717
6267,Baseline,3.541237165,3.5163280806230253
6273,Baseline,3.774165556,3.7679323399151836
6277,Baseline,3.384235101,3.3684562034288485
6280,Baseline,3.968686265,3.9523548065729868
6281,Baseline,4.023423421,3.961688350931807
6282,Baseline,3.968451259,3.718958062814688
6302,Baseline,3.932539225,3.9128351149733938
6303,Baseline,3.73638353,3.6256822613469177
6319,Baseline,2.397203675,3.0336539914647416
6333,Baseline,3.638527375,3.189217511614583
6335,Baseline,3.206144034,3.2616181497888594
6338,Baseline,3.545937416,3.714016806222397
6339,Baseline,3.395031589,3.396576771675269
6342,Baseline,3.926105681,3.8967220841816497
6343,Baseline,4.371007488,4.344699380330762
6345,Baseline,3.471195517,3.3791424470145364
6346,Baseline,3.602630404,3.6033922649260073
6349,Baseline,3.777315798,3.7649646184935266
6350,Baseline,3.396865235,4.16420898054385
6353,Baseline,3.127892237,3.372463723306432
6363,Baseline,3.406494762,3.152093682068359
6364,Baseline,3.56410995,3.1491079869438408
6367,Baseline,3.326935674,3.3081033850315418
6371,Baseline,3.954359271,3.4016596050702237
6374,Baseline,3.754910604,3.8625380033700756
6380,Baseline,5.538993807,4.089603978005935
6381,Baseline,5.512374838,4.2012248805877155
6395,Baseline,3.403206342,3.4535492535017784
6398,Baseline,2.564315711,2.891201856905899
6415,Baseline,3.749127883,3.720097901509121
6423,Baseline,3.949348179,4.043959800799348
6424,Baseline,3.616071256,3.872713250379589
6426,Baseline,3.753053533,3.786132973971008
6427,Baseline,3.66734142,3.936214825742037
6428,Baseline,4.007397012,4.180332650634196
6435,Baseline,3.212552681,3.8320356987964486
6438,Baseline,2.594916575,2.9351027917412886
6456,Baseline,3.067846257,3.3335950825069722
6459,Baseline,3.446544286,3.700605889941267
6462,Baseline,4.150643115,3.7967476573050876
6464,Baseline,4.681691223,2.9778250076735566
6466,Baseline,3.13111765,3.4151572108661434
6468,Baseline,3.568594666,3.422182234281075
6476,Baseline,3.210682583,3.2054027544856876
6483,Baseline,3.039163228,3.1478471245723263
6486,Baseline,3.824072271,3.9977430352462573
6493,Baseline,3.35661281,3.685204723919433
6495,Baseline,3.990507651,4.223035508468332
6497,Baseline,2.569541364,3.1389669052582265
6499,Baseline,2.57616852,2.9591438903666094
6519,Baseline,3.492696547,3.5043148610467836
6524,Baseline,3.874105764,3.620953476374
6543,Baseline,3.766164032,3.8258254588572
6555,Baseline,2.819593284,3.34236807420443
6571,Baseline,3.166477478,3.699699886388502
6578,Baseline,3.428730679,4.226765765423693
6580,Baseline,4.576604579,4.109364560940173
6582,Baseline,2.229170023,2.171155881147082
6589,Baseline,2.939483753,3.338412306504923
6607,Baseline,3.21550009,3.7703180824496014
6630,Baseline,3.183024544,3.3648012833300633
6631,Baseline,3.452666409,3.6392253507283203
6633,Baseline,4.729113679,3.9820125868069165
6634,Baseline,4.120523081,3.9671970315678133
6664,Baseline,3.55756334,4.077387821550019
6667,Baseline,4.255925868,4.176263256474843
6668,Baseline,4.348949078,4.2509362764106475
6670,Baseline,2.909588713,2.6337117237818477
6674,Baseline,5.208914648,4.963596793646484
6677,Baseline,3.146971585,3.337148827949828
6679,Baseline,3.439888235,3.3992805923113605
6680,Baseline,3.471053224,3.7361767647318
6681,Baseline,2.892571754,3.404127707213701
6688,Baseline,3.587702548,3.394175024458627
6693,Baseline,3.879055476,3.9925225102977913
6699,Baseline,3.63351769,3.3907214543843516
6703,Baseline,3.18976254,3.4505834774271005
6712,Baseline,3.649084045,3.4137758638213587
6714,Baseline,3.582365167,3.449568969404208
6720,Baseline,3.679589859,3.8700167715208407
6723,Baseline,3.761053267,4.106018555428563
6730,Baseline,3.092478595,3.0248832392109004
6731,Baseline,2.91206586,3.150508312445318
6732,Baseline,3.189201897,3.320009827580235
6772,Baseline,3.206190004,3.305178935010092
6773,Baseline,3.753459942,3.6101312020807867
6774,Baseline,3.863348887,3.352920106774763
6780,Baseline,3.429315684,3.300312473085239
6791,Baseline,3.693614139,3.687884308431734
6805,Baseline,3.097503722,2.923646734726677
6816,Baseline,2.81908584,3.1175954776949735
6824,Baseline,3.268595971,3.6865181122789656
6826,Baseline,3.679772678,3.8028142422212214
6828,Baseline,2.625900717,2.8657426224088187
6836,Baseline,2.716299377,3.879789117192359
6838,Baseline,2.664650221,3.688811387574908
6839,Baseline,3.548339089,3.5286088717825543
6840,Baseline,2.827468802,3.4403279823227013
6848,Baseline,3.613327973,3.3746906958817546
6851,Baseline,3.480273929,3.121019954238438
6862,Baseline,3.412087415,3.289425995370754
6872,Baseline,3.823867171,4.003529519813161
6884,Baseline,4.036149909,3.924190650889147
6889,Baseline,3.836878839,3.579059626214342
6890,Baseline,4.359061384,3.771425250705385
6892,Baseline,3.381188819,3.800290942282684
6894,Baseline,2.380775859,2.4654492869667477
6896,Baseline,2.431928382,2.570915019597612
6899,Baseline,3.877542308,3.5575379867207166
6910,Baseline,3.461252886,3.695808346760604
6915,Baseline,3.980903687,3.884139003649518
6917,Baseline,2.212622015,2.4168425271654748
6921,Baseline,2.122586439,2.3564101824986095
6924,Baseline,3.11414375,3.3208379333786358
6926,Baseline,2.170907981,2.231222601289275
6942,Baseline,2.725701559,2.8064019133165434
6953,Baseline,3.142020096,3.6373252223759165
6960,Baseline,1.611803303,2.178314517566718
6972,Baseline,3.489149573,4.009250664032484
6974,Baseline,4.239870408,3.8171177530897955
6975,Baseline,4.286351196,3.849141165584412
6976,Baseline,4.138017023,3.9296876212421523
6977,Baseline,4.471523957,3.8652913190490428
6981,Baseline,3.564446621,4.049125692872487
6987,Baseline,2.915552254,2.8535427536579685
6992,Baseline,3.527099775,3.2219924935394335
6995,Baseline,4.262791114,3.650415069084217
6998,Baseline,3.545373842,3.904419818323872
7003,Baseline,3.186466607,2.9956625734673374
7005,Baseline,3.457197382,3.2167199116576026
7007,Baseline,3.051099975,2.2390884042679726
7013,Baseline,3.521104595,3.162352647258814
7027,Baseline,3.096325525,2.715083495600247
7036,Baseline,2.613858289,3.050213899703431
7038,Baseline,2.733936167,2.9731554484986913
7050,Baseline,3.387914795,3.4210351812929773
7052,Baseline,2.236476612,3.2285754431844866
7057,Baseline,1.900703748,2.317505049655015
7060,Baseline,3.73389339,3.9227094308840558
7061,Baseline,2.747476546,2.682006984156328
7062,Baseline,3.347410252,3.6867940548244387
7067,Baseline,2.494326071,2.779087542508625
7080,Baseline,3.148285975,3.1920363981774216
7085,Baseline,3.120777205,3.394711709215329
7096,Baseline,3.659447419,3.395758767894396
7097,Baseline,3.657170288,3.128954058595122
7100,Baseline,3.965047283,3.3979052557589213
7105,Baseline,3.904212147,3.7768233198178884
7106,Baseline,4.170810106,3.595598592689171
7115,Baseline,2.110357662,2.5478721090072156
7116,Baseline,2.205867896,2.494078285761344
7117,Baseline,3.468865516,3.563667595564696
7121,Baseline,3.946779664,3.803949016391319
7130,Baseline,3.226801756,3.377637653109671
7143,Baseline,1.384691993,1.6995759994745248
7149,Baseline,2.919729046,2.901016855437474
7156,Baseline,4.145238372,3.890278255397157
7161,Baseline,3.568314894,3.225058649217966
7170,Baseline,3.877395855,4.063494553554976
7172,Baseline,3.518921722,3.6503912315067417
7200,Baseline,3.880037616,3.8261323700047583
7213,Baseline,1.966787998,2.6011848073744916
7214,Baseline,3.512235999,3.760565115115741
7216,Baseline,3.634351296,3.3357439651344034
7226,Baseline,3.552976716,3.8777695216690855
7232,Baseline,3.181387784,3.4815301848399804
7240,Baseline,3.323878455,3.663328114092702
7252,Baseline,4.33800656,4.01559089828002
7256,Baseline,4.183311464,3.8331045313154366
7262,Baseline,3.419465977,3.5254440435698706
7266,Baseline,3.371057782,3.5103693281440895
7270,Baseline,3.464337724,3.331282997554657
7273,Baseline,2.54525471,2.8399684840610324
7276,Baseline,4.493411575,3.576073392697068
7278,Baseline,3.220654537,3.335418705544368
7280,Baseline,3.794307198,3.675467783628748
7301,Baseline,4.191960209,3.3476768275165885
7305,Baseline,3.314290767,3.2294730072222477
7306,Baseline,3.408682517,3.4705177092220563
7311,Baseline,2.144293316,3.188449769457578
7312,Baseline,2.922048778,3.302328477765619
7315,Baseline,2.859245072,2.9721372071332937
7333,Baseline,2.979201752,3.3005429703841394
7335,Baseline,3.049758831,3.2121045271651663
7337,Baseline,3.200128744,3.2660202352888232
7341,Baseline,3.239741167,3.354549346824345
7343,Baseline,1.605168099,1.9451555944663026
7344,Baseline,2.285114476,2.9456378964257763
7349,Baseline,3.083878014,3.1787519311958237
7374,Baseline,3.211378655,3.787484213016702
7387,Baseline,2.248638232,2.213417027825823
7388,Baseline,2.01354583,2.702739512380688
7397,Baseline,3.274138302,3.2536524955614023
7399,Baseline,3.82423124,3.983889758381617
7403,Baseline,4.048909318,3.595108355463098
7404,Baseline,4.401665862,3.5978112675536917
7405,Baseline,3.796305418,4.102561812313359
7413,Baseline,3.703039451,3.3986063653226717
7414,Baseline,3.550115789,3.6377636586687743
7418,Baseline,4.253434935,3.8044163369753283
7419,Baseline,4.296401902,3.9559047833074437
7431,Baseline,3.749052708,3.910700889318381
7441,Baseline,2.906191833,3.0689565365844462
7446,Baseline,3.489211526,4.081640443191391
7448,Baseline,4.934364336,3.4405756664248672
7455,Baseline,3.828656445,3.822683143698728
7456,Baseline,2.924075304,2.975007128038569
7459,Baseline,3.191808587,3.0107820476494718
7461,Baseline,3.195464218,2.819578939950504
7467,Baseline,3.91297843,3.8045896935356627
7471,Baseline,5.190350377,5.833031360389797
7473,Baseline,3.170907981,2.2878017954777423
7474,Baseline,1.981784641,2.6121553901189376
7505,Baseline,3.74756855,3.7254342937090885
7507,Baseline,3.990606598,3.647169858508283
7508,Baseline,3.872507286,3.723056626565723
7511,Baseline,3.857621068,3.6682715336598237
7512,Baseline,3.708399652,3.626284559740551
7514,Baseline,3.718925574,3.6845253247249214
7515,Baseline,3.788690968,3.690018843896741
7518,Baseline,4.739084718,3.78599283212393
7524,Baseline,2.906655226,2.797349985607731
7527,Baseline,3.310593791,3.3512083139697117
7536,Baseline,4.664093905,3.8782577015957433
7541,Baseline,3.82796868,3.4058428444896207
7542,Baseline,2.859069814,2.978315534032707
7544,Baseline,3.22059037,2.994284863781931
7553,Baseline,2.772940322,3.1129942997700137
7556,Baseline,2.718520372,3.222729117304576
7557,Baseline,3.768056398,3.36077316656143
7562,Baseline,4.033233962,3.3179871942273897
7564,Baseline,3.871502048,3.748724244241957
7572,Baseline,3.503929547,3.257183338725492
7573,Baseline,3.477273954,3.405228780445027
7574,Baseline,3.379015287,3.2589493670869754
7576,Baseline,3.446234174,3.496859477899899
7577,Baseline,3.449288595,3.056583303379378
7581,Baseline,3.467507474,3.640903520730097
7582,Baseline,3.470416372,3.15077496183537
7584,Baseline,3.496722133,3.68946449582857
7585,Baseline,3.499442379,3.366369320535294
7590,Baseline,4.188786433,4.0817656402734634
7595,Baseline,3.046178552,3.3809711342957756
7607,Baseline,4.070225589,3.9217747294925878
7638,Baseline,3.071757192,2.851563328914681
7657,Baseline,3.923038509,3.984765064957698
7658,Baseline,4.195995906,3.755418481256341
7660,Baseline,3.170874577,3.1185454967502646
7667,Baseline,2.946630728,3.15935003827637
7668,Baseline,3.242006927,3.4137877572344326
7669,Baseline,3.190854405,3.385598245867343
7691,Baseline,3.926090361,3.889896397372789
7694,Baseline,3.620310839,3.9028836319082925
7711,Baseline,3.284900227,3.9593874996998912
7712,Baseline,3.559730648,3.91494254442277
7721,Baseline,3.673810709,4.12501424772136
7728,Baseline,4.506802578,3.893522941435278
7729,Baseline,4.114493111,3.2770949429116816
7731,Baseline,3.123462591,3.4213754887195758
7733,Baseline,3.604015723,3.4571445616271372
7736,Baseline,4.761966479,3.917248278024629
7737,Baseline,5.072543986,4.73782718322003
7746,Baseline,4.093191051,3.9333502983195356
7754,Baseline,3.547104962,3.558305742232005
7755,Baseline,3.221838616,3.971239131910714
7756,Baseline,3.121457705,3.570594240051505
7758,Baseline,4.045016386,3.603057959698204
7763,Baseline,3.909105456,4.047537237096615
7773,Baseline,6.14238446,4.188136268126618
7781,Baseline,2.979201752,2.6624030438763664
7836,Baseline,4.144077894,3.784570575862798
7842,Baseline,3.500400667,3.33036326113788
7854,Baseline,2.2244722,2.722889343320528
7865,Baseline,3.049349411,3.304590196865131
7880,Baseline,3.195393537,3.0384991993551487
7887,Baseline,5.753211413,3.5827132523108465
7888,Baseline,5.549091431,3.8961291262675384
7937,Baseline,3.623804729,3.6354709006316126
7944,Baseline,4.470654664,3.0702249412668983
7945,Baseline,2.967569009,2.7335280331877363
7971,Baseline,3.614126654,3.7310079555166302
7972,Baseline,4.011270803,4.08134075941431
7974,Baseline,3.566195402,3.632721655564877
8024,Baseline,3.092336155,2.9770271343361587
8034,Baseline,7.000686135,5.579130990131827
8041,Baseline,5.449209317,4.256903922578919
8047,Baseline,3.061119791,3.2236742573617287
8056,Baseline,4.612549772,4.585044562688176
8057,Baseline,4.586923573,4.640170054487304
8060,Baseline,3.991005826,3.8961223535018137
8076,Baseline,3.658452361,4.019196676805992
8077,Baseline,3.525680874,3.953552357344644
8081,Baseline,3.768416088,3.5196796754642
8112,Baseline,6.156470242,5.344679516390218
8113,Baseline,5.498207736,5.448082909273607
8114,Baseline,6.094081187,5.500526321300301
8115,Baseline,5.212010831,5.705133235529552
8116,Baseline,7.201757369,5.193038144612618
8117,Baseline,5.434856903,4.814983717773165
8118,Baseline,5.284216666,4.706481750357575
8119,Baseline,5.394323357,4.559781353421851
8127,Baseline,7.124151226,5.7026302372067565
8128,Baseline,5.256826578,4.651555204185076
8150,Baseline,3.238934869,3.4747727194479054
8181,Baseline,3.410217987,3.7810978148005234
8189,Baseline,3.28165594,3.4898067066683764
8222,Baseline,2.092099475,2.7497346565679437
8223,Baseline,2.53315283,2.900786215549571
8257,Baseline,3.986666186,4.110972181980443
8262,Baseline,3.301678996,3.7154180860764514
8265,Baseline,3.500243338,3.6687797872622077
8282,Baseline,2.962727022,3.0112868040549006
8288,Baseline,3.442695295,3.1028648034610544
8289,Baseline,5.065812007,3.909082623009381
8293,Baseline,2.797997986,3.325017602271325
8298,Baseline,2.853393977,3.674309208183435
8302,Baseline,3.477609823,3.129385497799129
8311,Baseline,3.640946709,3.617102314085473
8341,Baseline,3.922605607,3.7189604462058345
8343,Baseline,3.247660724,3.6192494609578048
8344,Baseline,3.626255251,3.7974090057837966
8346,Baseline,3.938431561,3.684351822039595
8347,Baseline,3.998297203,3.814978957395488
8353,Baseline,2.907724785,2.900613340643442
8355,Baseline,3.798726198,3.678728285700837
8366,Baseline,3.559876714,3.3397566858233776
8378,Baseline,4.592455641,4.29181316883659
8397,Baseline,4.004109811,4.0255766078192075
8401,Baseline,3.209138045,3.4299891104664666
8402,Baseline,3.776406047,3.300916698348553
8410,Baseline,3.406603759,3.4822587329891577
8413,Baseline,2.976033429,3.509930836650595
8414,Baseline,3.295276655,3.6237496883965656
8415,Baseline,3.717723605,3.826497527496402
8418,Baseline,3.023019556,3.5355459448826942
8421,Baseline,3.428606684,3.7545083921343645
8427,Baseline,5.523228108,3.7511698522792862
8429,Baseline,4.126650821,3.787297895339051
8431,Baseline,3.880782012,3.828482496466516
8432,Baseline,4.033959055,3.8224100316743628
8433,Baseline,3.948718527,4.0936755874642765
8434,Baseline,4.249748523,4.025760522866184
8435,Baseline,4.230965935,3.9565650261239007
8436,Baseline,3.969498347,3.8201194256779014
8457,Baseline,3.731843232,3.4172959604800557
8458,Baseline,3.968873655,3.7276609651000867
8459,Baseline,4.122794006,3.936597312138721
8460,Baseline,3.895087441,3.663910613176793
8461,Baseline,4.219704019,3.9496384616269316
8463,Baseline,3.747024905,3.798547096076234
8465,Baseline,4.064731071,4.183335279822857
8471,Baseline,3.921621085,3.7617943576149013
8491,Baseline,3.433206885,3.72185157613123
8532,Baseline,3.959935631,3.8620445056656636
8543,Baseline,3.667540114,3.549076617869654
8583,Baseline,4.216888924,3.7403282501845436
8595,Baseline,3.473216503,3.549071284495914
8602,Baseline,3.763262441,3.4099299549661493
8605,Baseline,3.538928192,3.403140928764139
8606,Baseline,3.613141874,3.50563966351066
8628,Baseline,3.465096736,3.38052084921526
8641,Baseline,3.053689868,3.5211209813564586
8643,Baseline,3.872663971,3.7093904395509467
8648,Baseline,3.061270228,3.37110882184704
8652,Baseline,4.313812116,4.104746313880253
8653,Baseline,3.773620602,3.8578563764748197
8660,Baseline,2.774646568,3.2348908755170314
8664,Baseline,3.495019285,3.324893683140307
8674,Baseline,3.669555949,3.3093043495820322
8695,Baseline,3.491120664,4.067361496873732
8698,Baseline,4.015603811,4.163513504590605
8733,Baseline,2.799838324,3.1706247821974824
8746,Baseline,3.844208377,3.8252321884187626
8759,Baseline,4.048328359,3.721889781417408
8764,Baseline,3.635207198,3.488720795911031
8765,Baseline,3.627880102,3.7340436272854878
8774,Baseline,3.602478574,3.7558195686301374
8779,Baseline,3.201680545,3.9187857594445763
8781,Baseline,4.067046473,4.027348049376666
8783,Baseline,3.716639472,3.394753699944043
8785,Baseline,6.725142848,3.3378736302675525
8829,Baseline,3.512423708,3.6810897128308655
8834,Baseline,3.541409843,3.8107824853843346
8841,Baseline,3.381094602,3.529736428063801
8860,Baseline,4.217527559,4.024673074811447
8868,Baseline,3.490542169,3.931452231742059
8873,Baseline,4.50912072,3.8071598441787162
8888,Baseline,3.19351195,2.790181184823023
8895,Baseline,3.584759168,3.677005348184416
8902,Baseline,3.59459773,3.628148252200797
8903,Baseline,2.689959665,3.594562715134589
8911,Baseline,3.128875056,3.8061810702065033
8925,Baseline,3.236587641,3.756089550062112
8936,Baseline,4.053383322,3.617864996899118
8937,Baseline,4.292829209,3.9245951165592943
8943,Baseline,1.979569938,2.213449805417194
8950,Baseline,3.542155846,3.7453182739859487
8953,Baseline,3.605029558,3.471717401690698
8954,Baseline,3.741001324,3.4676176282326643
8981,Baseline,4.970916572,4.084574365148189
8988,Baseline,3.660610635,3.6961135324771384
8995,Baseline,3.697733111,3.653388816069221
8998,Baseline,4.142049845,3.923869504526365
9003,Baseline,3.625318332,3.5517657962256046
9005,Baseline,3.825055933,3.8003118885389924
9012,Baseline,3.143495695,2.742969492329287
9018,Baseline,4.291444335,4.116751568228988
9019,Baseline,4.321407558,4.01160476536735
9020,Baseline,4.168623504,4.096820931448311
9021,Baseline,4.30013567,4.106244081952181
9022,Baseline,4.488876472,4.144510535785243
9029,Baseline,3.736653986,4.096854664475703
9043,Baseline,4.153220963,4.217480908386384
9058,Baseline,3.720391801,3.8240765638240086
9061,Baseline,3.599569631,4.04877489284362
9082,Baseline,4.422976212,3.9438439659626687
9083,Baseline,3.825546661,3.96117219328022
9085,Baseline,5.169500054,4.360045601913064
9087,Baseline,4.451160486,3.8504377650214594
9089,Baseline,2.915992075,3.817093075737275
9104,Baseline,3.991699996,3.4423770904681925
9108,Baseline,3.615216846,3.84093401957043
9109,Baseline,3.58986586,3.789131016087455
9130,Baseline,2.507051562,2.5357771888526597
9131,Baseline,3.859905369,3.8624090270541913
9137,Baseline,3.958544282,3.9064061294874413
9139,Baseline,3.23664501,3.636383322333283
9142,Baseline,3.112115101,2.3853373758269116
9154,Baseline,3.595418321,3.818966166649147
9155,Baseline,4.325432275,4.0870936841373675
9168,Baseline,3.498430026,3.6770094357300978
9174,Baseline,3.694496308,3.602171778747223
9182,Baseline,3.263561862,3.3864160449274885
9183,Baseline,3.952439214,3.6404154699291977
9192,Baseline,3.545160757,3.5405146622887615
9198,Baseline,2.912205046,3.0044019592166427
9259,Baseline,3.323003928,3.1597258797345105
9276,Baseline,4.045746105,4.032935546073928
9277,Baseline,4.44838944,4.100383050397386
9278,Baseline,3.489106483,4.086235920657875
9279,Baseline,4.168877087,4.029138733965066
9280,Baseline,3.548021467,4.164095645188235
9284,Baseline,2.944057492,2.662901941153362
9291,Baseline,2.589748596,3.41612472962055
9294,Baseline,3.3498148,3.889857028212638
9318,Baseline,3.277844441,3.2612799730924245
9328,Baseline,3.579538625,3.6012894208208137
9340,Baseline,3.845470133,3.9654833915098235
9341,Baseline,4.209907682,4.270834977080079
9342,Baseline,3.93958026,4.14170210219996
9365,Baseline,5.095480397,4.3005095066227135
9370,Baseline,3.429056029,3.891640366339373
9401,Baseline,3.971218246,3.8048894642870463
9425,Baseline,3.034300699,3.559631461494423
9429,Baseline,3.741019019,4.021245501194447
9430,Baseline,3.580428844,3.9530848802128236
9434,Baseline,2.595702703,2.9534224228833295
9440,Baseline,4.106430067,3.4439121590136845
9454,Baseline,4.26833165,4.026583120535411
9463,Baseline,3.810787996,3.7431970593074846
9469,Baseline,6.175493258,4.892723671421358
9471,Baseline,6.518426195,4.349832529081852
9476,Baseline,3.726452295,4.005265243663017
9477,Baseline,3.63807602,3.6850618048302617
9479,Baseline,3.546168182,4.012107193128891
9480,Baseline,3.434227886,4.007741393544324
9481,Baseline,3.638759465,4.001616200998533
9482,Baseline,3.606175735,3.864819161229119
9483,Baseline,3.697997712,3.7857393678015825
9484,Baseline,3.525406857,4.077195681332965
9485,Baseline,3.699359454,3.8957419956205697
9486,Baseline,3.914632504,3.8552291268334917
9487,Baseline,3.70925905,3.8887934940952267
9488,Baseline,3.749773376,3.627636409351925
9489,Baseline,3.790288623,3.822071297909364
9490,Baseline,3.640865637,3.804831819351647
9494,Baseline,4.539834984,4.3112248941837095
9501,Baseline,3.214876347,3.8927942011042953
9503,Baseline,3.146593102,4.337698341592348
9506,Baseline,4.289300423,4.161841236440585
9507,Baseline,5.219889635,4.659823044651106
9508,Baseline,4.856749427,4.813843987547822
9511,Baseline,4.398607641,4.8104346826407
9515,Baseline,3.28109803,2.8620309861115136
9516,Baseline,4.093196891,4.427201955677839
9520,Baseline,4.111848349,3.5070844318475825
9521,Baseline,4.084654143,4.155212028966051
9523,Baseline,4.180636693,4.2147692684071325
9527,Baseline,4.162675334,4.1401412090975995
9528,Baseline,4.1964117,4.197000167787864
9530,Baseline,3.937900114,4.128290778239995
9531,Baseline,4.187777587,4.127263476453222
9532,Baseline,4.226275927,3.9169186992292016
9533,Baseline,3.906762525,3.8847528579949273
9534,Baseline,4.017909396,4.2216457696614285
9535,Baseline,4.029121839,4.134532062789258
9536,Baseline,4.089422747,4.034072334422584
9537,Baseline,4.019683419,4.017943235492265
9539,Baseline,4.122053453,4.105502391457675
9546,Baseline,4.070282837,4.186421064427288
9551,Baseline,3.836909529,4.323342012474211
9555,Baseline,4.620422366,3.9565968338971866
9566,Baseline,4.118878638,4.0053224341695355
9567,Baseline,4.572691577,4.563826897786945
9608,Baseline,3.747327045,3.9989842411077383
9612,Baseline,4.858777737,4.158611374346971
9624,Baseline,3.818489822,4.02968470475996
9627,Baseline,4.390536902,4.4589406174152035
9641,Baseline,4.109797832,4.097336895215019
9642,Baseline,4.051805885,4.227492404309656
9649,Baseline,4.086170358,3.963265438458983
9655,Baseline,3.349798223,3.725496889098222
9657,Baseline,3.285622561,3.323929364867337
9659,Baseline,3.823657166,3.35240661574633
9660,Baseline,2.47751556,2.526318320120475
9662,Baseline,2.99828114,2.9083448917953842
9666,Baseline,4.297319794,3.6907930664741033
9670,Baseline,3.418886035,3.539602939860021
9673,Baseline,3.719488732,4.18955273638404
9682,Baseline,3.0027962,3.293033895329791
9683,Baseline,2.995801713,3.2084942661348665
9708,Baseline,4.379316095,3.941235379397437
9720,Baseline,3.891196451,4.351692965684674
9721,Baseline,4.2661796,4.088386824577604
9723,Baseline,3.727106921,3.74621236370622
9724,Baseline,3.741605252,3.896088832097173
9727,Baseline,4.317421561,4.481785930967421
9728,Baseline,4.422156911,4.263272475921691
9729,Baseline,4.499655013,4.08946905606166
9731,Baseline,4.525129531,4.093821173736879
9733,Baseline,4.32960972,4.356934649157259
9736,Baseline,4.956392566,4.353371232004824
9756,Baseline,4.128326675,3.978254215808767
9757,Baseline,4.034923386,4.104675580433946
9758,Baseline,4.218666325,4.1408044773208506
9760,Baseline,4.160742317,4.129707970505994
9762,Baseline,4.166539408,4.346874659740352
9763,Baseline,3.984158119,4.428444584159393
9764,Baseline,4.328304836,4.260847019140106
9765,Baseline,2.350438875,2.4984744931395646
9768,Baseline,4.751099394,3.927403002579463
9777,Baseline,3.953519424,3.922011635287329
9782,Baseline,4.39387181,4.24033620430879
9790,Baseline,3.679632802,4.027838405982641
9791,Baseline,4.574418273,3.848158933404004
9792,Baseline,4.503562907,3.827497602896056
9794,Baseline,4.655006184,3.586237959802098
9798,Baseline,3.567338217,3.616222515924917
9829,Baseline,3.383285289,3.573945761446272
9864,Baseline,2.227770245,2.619275542894842
9870,Baseline,3.721619385,3.690867994680108
9874,Baseline,4.544579853,4.3179710518629095
9901,Baseline,3.368463408,3.597423861540076
9910,Baseline,5.814400694,3.9639439100432416
9931,Baseline,4.646667862,4.9314447072516
9936,Baseline,4.53190789,4.53172058973651
9942,Baseline,3.376267972,3.821403492469366
9948,Baseline,5.384675364,5.245133257499225
9951,Baseline,4.005505866,3.99000176109001
9966,Baseline,4.017612807,3.9925363134397296
9968,Baseline,5.80524856,5.346104854779062
9982,Baseline,4.045797562,4.182767532690279
9983,Baseline,3.391564907,2.9654250339165107
9988,Baseline,4.756474454,3.946669834551214
9990,Baseline,2.721144495,2.486271701441965
9991,Baseline,2.320939733,2.4930767766597244
9992,Baseline,3.144933325,2.4363410812907467
9993,Baseline,2.024509502,2.306708142615106
10032,Baseline,2.428929981,2.403069926001888
10035,Baseline,3.72012353,4.851883544689915
10036,Baseline,2.857831648,4.231016812575148
10039,Baseline,4.763026332,4.707234067060745
10041,Baseline,3.473509909,4.790625705752721
10043,Baseline,3.097689114,3.3707287534448196
10044,Baseline,4.778636137,4.530009132901668
10046,Baseline,4.816826043,4.958650582413909
10070,Baseline,3.555448685,3.405046878376676
10071,Baseline,3.606743172,3.3782594805116366
10080,Baseline,3.434218065,3.3809453481112843
10088,Baseline,3.81280347,4.013454986430125
10092,Baseline,3.748786884,4.014590542350712
10098,Baseline,3.770360534,4.084573238613308
10104,Baseline,4.435961096,4.647386278136026
10105,Baseline,4.585723416,4.787696926167781
10106,Baseline,4.584968626,3.9445719995588298
10118,Baseline,3.164892909,3.409148175072953
10122,Baseline,3.992601712,3.8727264904555017
10133,Baseline,4.918796253,4.8559230129781765
10137,Baseline,4.540534371,4.165770046707739
10143,Baseline,3.792585038,4.902839021764422
10148,Baseline,4.527145254,4.50181250546553
10166,Baseline,3.103136006,3.521910708362909
10174,Baseline,3.871920319,3.8769930479421046
10176,Baseline,3.882904832,3.8644122442276903
10177,Baseline,3.795195507,3.7884280654649203
10178,Baseline,4.148784258,3.601137147891886
10180,Baseline,3.581501657,3.8608987232385164
10191,Baseline,3.524423662,4.435959929175777
10202,Baseline,3.451089822,3.077040135883961
10204,Baseline,3.091133286,2.476476789189598
10207,Baseline,3.00327103,3.1130709226951607
10218,Baseline,3.606942541,3.7294829008090313
10227,Baseline,4.649901214,4.589439000909764
10228,Baseline,5.614575593,3.545243930856519
10233,Baseline,6.214312837,4.0197302417287215
10236,Baseline,3.53121881,3.6549685501305045
10238,Baseline,2.547619353,2.738434878778976
10242,Baseline,4.716618437,4.942147657094765
10249,Baseline,2.574603745,2.9102472033541362
10264,Baseline,3.008827638,3.857618861285525
10265,Baseline,4.208771996,3.6511603912222697
10273,Baseline,3.61790537,3.9258835688449705
10274,Baseline,3.606769004,3.927421888554458
10275,Baseline,3.954872125,4.049326383749405
10276,Baseline,3.90229782,4.009616454497864
10277,Baseline,3.689689728,4.0283196684978995
10279,Baseline,3.57581727,3.4544114015800282
10280,Baseline,3.535718287,3.6436319810687365
10284,Baseline,3.317471345,3.4683572650554875
10291,Baseline,3.65650014,3.6237763913392134
10293,Baseline,3.626832904,3.5479862669915416
10323,Baseline,4.631081222,3.99456149177681
10372,Baseline,3.089708909,3.5297196718553776
10383,Baseline,2.902919878,3.573619093522483
10384,Baseline,3.266334938,3.592561626798345
10394,Baseline,3.752315757,4.164409916575546
10395,Baseline,3.565512444,4.162992820787444
10396,Baseline,5.030090511,3.9381392161688074
10397,Baseline,4.223175015,3.9672384446603126
10398,Baseline,4.886092094,4.107089005779897
10400,Baseline,4.400438228,3.986399263819902
10408,Baseline,3.886385805,3.9821513880104034
10417,Baseline,4.13624586,4.103491373649002
10419,Baseline,3.420511884,3.775170619147879
10420,Baseline,3.594794927,3.612790938875228
10429,Baseline,3.107214431,3.670243405130254
10440,Baseline,5.678434291,3.995778654456287
10441,Baseline,3.823624088,3.9299066173097725
10442,Baseline,3.447726895,3.913431599055465
10452,Baseline,4.003478997,3.473694570509649
10471,Baseline,3.695194825,3.5429062001736327
10493,Baseline,3.822890256,3.533860478815872
10514,Baseline,3.638959123,3.17393176967046
10515,Baseline,3.044598551,2.7808143913148173
10517,Baseline,3.33542794,3.896463967844483
10518,Baseline,3.606145188,3.4483930940969896
10519,Baseline,3.505410477,3.5684407833695726
10520,Baseline,1.939118925,2.290994898292552
10523,Baseline,3.901761809,3.5013429747216973
10526,Baseline,4.556536777,4.060486412070517
10532,Baseline,3.600646236,3.198570002448194
10541,Baseline,2.980890582,3.630099064545275
10560,Baseline,3.576824499,3.4157855641080572
10566,Baseline,3.820640038,3.941828303926674
10569,Baseline,4.022706264,3.305094270192467
10605,Baseline,3.306302288,3.841841786204407
10608,Baseline,3.118841344,3.2909578037083147
10609,Baseline,5.997987076,4.157900473140281
10616,Baseline,3.04082477,3.7843329112567154
10618,Baseline,3.330470142,3.5864416495830422
10619,Baseline,3.064056068,3.329840492493437
10620,Baseline,3.636548788,3.657898026616308
10631,Baseline,3.82465106,3.9855271130437027
10633,Baseline,3.612176252,3.787896876934065
10634,Baseline,4.087722278,3.318850432323082
10635,Baseline,3.283834721,2.909875586709644
10645,Baseline,3.802439232,4.341136976186732
10650,Baseline,4.048454752,3.9953591916758033
10655,Baseline,3.604596296,4.003876204411653
10661,Baseline,3.103223895,3.5239325227918723
10662,Baseline,2.989907066,3.7071755783833584
10664,Baseline,2.962832332,3.643786002419201
10665,Baseline,4.298095128,2.9030963674536996
10671,Baseline,3.71436569,3.22065486446572
10672,Baseline,3.619637349,3.422821147055329
10690,Baseline,3.52816696,3.5539751884602677
10706,Baseline,3.549209144,4.825214051238978
10709,Baseline,4.235228152,4.2939552484553625
10710,Baseline,4.215077704,3.9386669214268832
10711,Baseline,3.905151089,3.8998713824850864
10723,Baseline,3.414896319,3.751973841753926
10724,Baseline,3.776291181,3.702488860607691
10727,Baseline,2.988348348,3.465823643869196
10729,Baseline,3.028677419,3.4684877226789097
10742,Baseline,2.499078337,2.497895191957898
10745,Baseline,3.543342877,3.701965614644741
10748,Baseline,3.781336004,4.007026728362893
10749,Baseline,3.702622837,3.627740716898238
10750,Baseline,3.72367845,3.8716398832401593
10752,Baseline,3.594771268,3.279248549353972
10754,Baseline,2.811300553,2.9762438943885687
10760,Baseline,3.65375084,3.6451183357802113
10764,Baseline,2.740794302,3.5804835427577015
10770,Baseline,4.28530471,3.192451818235375
10773,Baseline,3.694846407,3.822465529864937
10774,Baseline,3.464358375,3.8728812075331516
10786,Baseline,4.212990276,3.0182172262106737
10788,Baseline,3.96094365,3.8571101894929662
10790,Baseline,3.585473138,3.7147217332032896
10793,Baseline,3.53121881,3.8700342396656437
10794,Baseline,2.783208813,3.7688729113835246
10795,Baseline,3.670625165,3.6229234505302967
10799,Baseline,3.878929115,3.395602369920902
10810,Baseline,2.794457063,3.283176651131531
10823,Baseline,3.209222736,3.4189838640437253
10828,Baseline,3.560058285,3.2705618236148117
10833,Baseline,3.737863962,3.8694854287928124
10834,Baseline,3.058298662,3.568078316583
10838,Baseline,2.829780029,2.956251558255008
10854,Baseline,4.574522547,3.8466525182311813
10859,Baseline,3.631563343,3.5593062837552676
10868,Baseline,3.582858462,3.6397369633944607
10870,Baseline,2.965473475,3.2264998567118006
10873,Baseline,3.872994489,3.8551611808743416
10891,Baseline,3.520310567,3.7022969781576163
10897,Baseline,3.685120163,3.6443134269230764
10900,Baseline,3.14619492,3.5407553170600634
10907,Baseline,6.083230205,3.7011694803023683
10911,Baseline,4.309777982,3.6504575101209085
10917,Baseline,6.333005702,3.957456060015345
10931,Baseline,3.336847166,3.2449091021646224
10937,Baseline,3.032019077,3.62986923979397
10938,Baseline,3.016548925,2.9931911248753225
10948,Baseline,3.458183595,3.533831679003093
10956,Baseline,2.762648091,3.232975951506067
10978,Baseline,3.762486835,3.2397820385137592
10981,Baseline,2.900186135,3.101959481415492
10984,Baseline,3.709266932,3.703740709618768
10985,Baseline,3.425371166,3.6002922432839233
10989,Baseline,4.07977055,3.7957232244544827
11001,Baseline,3.019416337,3.6702965126141534
11011,Baseline,3.028422125,3.720030351156492
11021,Baseline,3.888378898,3.6656444568840856
11024,Baseline,3.848771745,3.602736275888409
11030,Baseline,3.443655631,3.581342406954897
11039,Baseline,3.026433384,3.1772732659156784
11042,Baseline,3.189321841,3.028194776061585
11045,Baseline,3.553453893,3.5901093252476044
11070,Baseline,3.68690108,3.1709006609588615
11088,Baseline,3.20920959,3.177655262689921
11100,Baseline,3.566305475,3.500587202984484
11115,Baseline,3.553367147,3.0091941952358248
11119,Baseline,2.875582104,3.5328927502012304
11120,Baseline,3.578626932,3.274204489932822
11121,Baseline,2.945667037,3.5245905835953444
11123,Baseline,3.524273226,3.335136640485552
11129,Baseline,3.826625424,3.127375409313397
11131,Baseline,3.219695925,3.567438771060017
11132,Baseline,3.458634635,3.6156159348316197
11133,Baseline,3.333837238,3.645231265781653
11135,Baseline,4.354312785,3.49578294832764
11145,Baseline,3.061793332,3.289227741112708
11146,Baseline,2.994302027,3.752060710325815
11148,Baseline,3.461959203,3.1931679669059783
11153,Baseline,3.258811487,3.587910167588275
11172,Baseline,4.259322659,3.9382866429255947
11210,Baseline,4.127311813,3.4805362531449013
11212,Baseline,4.590405861,3.705709713357708
11217,Baseline,3.8159215,3.8219751683546876
11218,Baseline,3.77350957,3.573091422600253
11221,Baseline,3.144443822,3.2161114421616057
11222,Baseline,4.142471948,4.07127694054012
11238,Baseline,3.555493909,3.3087800814020625
11240,Baseline,3.386271999,3.4137976087636432
11244,Baseline,3.265108829,3.243378657697522
11260,Baseline,3.239464933,3.6667286043310288
11263,Baseline,3.156195992,3.8959436062148542
11306,Baseline,3.628857221,3.7696209127180325
11309,Baseline,4.065432394,3.8051250396267724
11311,Baseline,3.059555004,3.1474940763013324
11313,Baseline,4.099294967,3.16963752969683
11315,Baseline,3.067436646,3.1663278753493778
11346,Baseline,2.94098315,4.646123442475717
11347,Baseline,3.168486025,3.5018979616578827
11354,Baseline,3.131742982,3.437377908420815
11365,Baseline,3.839962621,3.781861966923805
11367,Baseline,3.203233105,3.5881832714740263
11384,Baseline,4.355892976,3.9404553082426044
11396,Baseline,3.536694769,3.729042293331391
11399,Baseline,3.897397318,3.0494288072567244
11407,Baseline,3.320655089,4.319598693110771
11431,Baseline,3.343025449,3.9233289422784248
11436,Baseline,3.687493289,3.9490249452458124
11437,Baseline,3.871765732,3.879498733680572
11438,Baseline,3.841171694,3.7396124044051553
11457,Baseline,3.407921762,3.3807541023294285
11467,Baseline,3.161983233,3.9076177478551357
11469,Baseline,3.294289827,3.589685156383798
11477,Baseline,3.231926696,3.592770595460734
11485,Baseline,2.918487585,3.1856217487244867
11491,Baseline,3.520048365,3.583573316932107
11493,Baseline,2.834840334,3.0308395109631183
11499,Baseline,2.967310992,3.3895805868191986
11507,Baseline,4.116032537,3.8121404984087683
11525,Baseline,3.401831175,3.851081344787758
11553,Baseline,4.436437339,3.6475614271282315
11554,Baseline,4.282727284,3.831805070722458
11556,Baseline,4.200555403,3.5641163579604855
11557,Baseline,4.241677967,3.751589843550986
11603,Baseline,3.087607918,3.517133688447545
11608,Baseline,3.693255726,3.7885173065302618
11609,Baseline,3.447705208,3.4520897457162882
11626,Baseline,3.235743016,3.496925836047468
11669,Baseline,4.062729472,4.003460819952379
11671,Baseline,4.299192748,4.092944577236976
11680,Baseline,4.218768994,4.05129078513582
11681,Baseline,4.631549032,4.187408122153029
11682,Baseline,4.321431335,4.073052719198055
11683,Baseline,4.212419724,4.272242823545798
11697,Baseline,5.073726495,3.6974081334596938
11700,Baseline,3.540181943,3.3171316407867484
11708,Baseline,2.713440824,3.3115292004246144
11711,Baseline,3.845678779,3.472922063565064
11721,Baseline,3.46500627,3.355595494066656
11722,Baseline,3.524204936,3.417711716818088
11723,Baseline,3.552036692,3.445573722330048
11725,Baseline,3.375634007,3.3432209300176425
11773,Baseline,3.447728444,3.8040857482012895
11778,Baseline,4.571661869,4.48772417151603
11807,Baseline,3.536287018,3.944818084665559
11814,Baseline,2.549419718,2.470073729995393
11815,Baseline,2.320661316,2.3593969080764476
11816,Baseline,2.346242117,2.246536670961586
11819,Baseline,3.582357823,3.7404457489618843
11820,Baseline,4.515012922,3.9156955492197167
11830,Baseline,3.506750184,3.800486844287598
11878,Baseline,4.156163422,4.0786639876159185
11903,Baseline,3.8084502,3.7707738023887654
11913,Baseline,4.011872858,4.130442125441216
11938,Baseline,4.279010814,4.573415562706732
11947,Baseline,3.882841036,3.8279067288206963
11949,Baseline,3.557715534,3.8414180932194313
11950,Baseline,3.335024393,3.789891465386498
11955,Baseline,3.627511757,3.7550531497067916
11966,Baseline,5.674122784,5.193536186514543
11987,Baseline,3.261826194,3.637764196505472
11990,Baseline,3.022128315,3.907174533236195
11994,Baseline,2.493860192,3.185678094620513
11995,Baseline,3.798189524,3.7587737140978192
12002,Baseline,4.451617596,3.0472832359051245
12014,Baseline,3.765242671,3.3413674573195045
12023,Baseline,3.552957452,3.9422212629948117
12024,Baseline,4.259782364,4.582893393931967
12062,Baseline,3.410267409,3.603598878424342
12084,Baseline,3.13681113,3.3043211091700937
12085,Baseline,3.21368374,3.4568030395781104
12086,Baseline,3.322843403,3.522056986748967
12089,Baseline,3.25777646,3.2975662485392876
12090,Baseline,3.279404555,3.4472069300432033
12091,Baseline,3.442469018,3.4757108654337587
12093,Baseline,3.295292583,3.4732974161366315
12094,Baseline,3.141315365,3.592910290541459
12098,Baseline,3.470447244,3.6996662438460413
12103,Baseline,3.321324969,3.5352864381067293
12107,Baseline,3.329033611,3.5460149962374716
12113,Baseline,2.662356396,3.277500164783204
12116,Baseline,3.920931124,3.631081915268475
12130,Baseline,4.089481203,3.388360360547018
12152,Baseline,3.02078215,3.662538800894966
12177,Baseline,3.187878725,3.223622201476396
12190,Baseline,3.064817257,3.030782430438949
12214,Baseline,4.933450349,4.096865662979155
12215,Baseline,3.971713721,3.82323218232899
12218,Baseline,2.951464031,3.244983103718787
12222,Baseline,2.365406859,3.430305563750232
12231,Baseline,2.902710037,3.6015677218739546
12264,Baseline,2.568651924,3.0259605731600363
12281,Baseline,4.301548668,4.218844657845867
12290,Baseline,3.670698008,3.6716392906331468
12297,Baseline,4.567951708,4.285871045628801
12300,Baseline,1.898139879,2.691441757522678
12340,Baseline,3.657359807,3.613893108404025
12370,Baseline,3.976812918,3.6693218469611146
12371,Baseline,3.930774435,3.7237875518826087
12376,Baseline,4.017669004,3.8814428220388715
12379,Baseline,3.570584633,3.852415734678294
12384,Baseline,3.642586383,3.9299722313412975
12387,Baseline,3.930774435,3.797214904856226
12395,Baseline,3.410959346,3.7180242548766835
12421,Baseline,2.785716493,2.582798675327668
12422,Baseline,3.915183529,4.05618483341588
12423,Baseline,3.564355467,4.3041576111089075
12430,Baseline,3.677962029,3.6016013928017796
12451,Baseline,3.89436474,3.895489427697293
12457,Baseline,4.378402444,4.182078350393601
12479,Baseline,4.665140611,4.2409088955310725
12482,Baseline,3.759134163,3.8731098748058765
12496,Baseline,3.862636296,3.553805819879055
12497,Baseline,4.752361291,3.767969417642667
12507,Baseline,3.097329965,3.469147924953259
12509,Baseline,3.2955671,3.939343107043202
12511,Baseline,4.457168584,4.016517922754519
12514,Baseline,3.058861619,3.2260257066780262
12532,Baseline,4.156553694,4.154636436125466
12544,Baseline,3.4338543,4.233501315619929
12547,Baseline,3.694067482,3.2068662145293763
12557,Baseline,5.971651256,5.251386727412898
12560,Baseline,4.228636436,3.9876333645071256
12561,Baseline,3.686961677,3.2165845028035247
12567,Baseline,3.594771268,3.3206382610575322
12568,Baseline,3.593842981,3.8003572895615076
12572,Baseline,4.069637269,3.5255805485487706
12573,Baseline,3.263046353,3.41447501216334
12576,Baseline,3.328854417,3.299815706567179
12579,Baseline,3.592818918,3.113291423324134
12582,Baseline,3.193817247,3.4310282706912405
12588,Baseline,4.733210644,3.7662834612507283
12591,Baseline,3.33842816,3.504318715274299
12592,Baseline,3.238676434,3.458179408406375
12593,Baseline,3.255703406,3.349524150524121
12596,Baseline,4.19238496,4.5008599867592185
12607,Baseline,3.690520941,3.569408682771853
12610,Baseline,3.6186097,3.9183302322840916
12611,Baseline,5.126264927,3.866417584067426
12614,Baseline,4.019857428,4.034383065835328
12629,Baseline,4.960345924,3.932347821888991
12633,Baseline,4.939535517,4.309461867373247
12635,Baseline,4.290026406,3.92383897741166
12636,Baseline,4.530998817,4.398310206621259
12637,Baseline,4.807430095,4.259712399982614
12641,Baseline,3.874776905,3.8719022644939187
12651,Baseline,4.967714325,4.197221707323595
12653,Baseline,5.399358662,4.033745567419851
12659,Baseline,4.420282349,4.26137323703537
12664,Baseline,3.447645822,3.4673213537879497
12667,Baseline,4.697260402,4.914302530295445
12673,Baseline,4.275687024,3.734185750104442
12674,Baseline,3.923504506,3.7635434776261536
12675,Baseline,4.022471199,3.880545610215648
12676,Baseline,4.084764708,3.8386039740053444
12686,Baseline,4.107042176,3.859590461504191
12694,Baseline,4.122187198,3.653694710943067
12699,Baseline,3.691112154,3.700156761290397
12705,Baseline,3.661053189,3.757401658067951
12709,Baseline,4.016293574,3.8236171988334204
12711,Baseline,4.513007951,3.803054480281367
12723,Baseline,3.546571579,3.3289744128952066
12735,Baseline,3.296550989,2.9677145649450103
12738,Baseline,4.143660034,4.036605394312816
12741,Baseline,3.650800804,3.929598709403607
12743,Baseline,3.713585456,4.480870742602256
12749,Baseline,3.847757688,3.7603107199062396
12750,Baseline,2.116718406,2.57534853038078
12755,Baseline,4.997488198,4.470239459678253
12760,Baseline,4.34016923,4.122357210943846
12762,Baseline,5.404596576,4.38678045120717
12783,Baseline,3.487253418,3.4671667030027242
12804,Baseline,3.815945197,3.7735055613750306
12808,Baseline,3.438373028,3.69192934111075
12813,Baseline,4.711863445,3.746065811881949
12828,Baseline,3.749217148,3.130638274081506
12830,Baseline,3.307213937,3.5294899411835905
12836,Baseline,3.320837697,3.718586779993271
12837,Baseline,4.247420846,3.9016848612517387
12841,Baseline,2.810106447,3.5290040976848966
12844,Baseline,2.813409171,3.009760689781814
12853,Baseline,3.621094541,3.9383586069223036
12855,Baseline,4.382719275,4.055716779976289
12858,Baseline,4.114496606,4.437514609063131
12860,Baseline,3.754621977,4.199252427103234
12861,Baseline,4.223562276,3.947469602422451
12870,Baseline,3.995305611,4.002821091992375
12875,Baseline,3.919069953,4.071042425694786
12886,Baseline,3.566288044,3.46871968610363
12888,Baseline,3.574785458,3.6713432521890086
12895,Baseline,3.590915442,3.4649290813408142
12896,Baseline,3.6026548,3.6520079842511493
12922,Baseline,3.682191831,3.6926245200978896
12926,Baseline,3.754872319,4.087492914240392
12927,Baseline,3.879321717,3.812765141172983
12928,Baseline,3.672323857,3.360360468087627
12931,Baseline,3.648551672,3.2160969304878444
12932,Baseline,4.238019604,3.2783751146192777
12933,Baseline,3.623402522,3.8481861940251303
12934,Baseline,3.70289533,3.722432674903639
12939,Baseline,3.753979896,4.044668710778894
12970,Baseline,3.986767537,3.9272119712755926
12977,Baseline,4.046289176,3.767407102822826
12978,Baseline,4.502718296,3.713249719297433
12979,Baseline,4.643378643,3.856784402873738
12982,Baseline,3.560058285,3.292953404879437
12985,Baseline,3.51385963,3.398396070231807
12998,Baseline,3.704167376,3.8164758692603207
12999,Baseline,3.719217311,3.655930469159939
13019,Baseline,4.449009139,3.480997288538497
13039,Baseline,4.061284685,3.8413864671303246
13040,Baseline,4.074831395,4.077817825907688
13057,Baseline,3.240350807,3.826084470612739
13058,Baseline,3.750630974,3.717638144602883
13060,Baseline,3.634351296,3.433420285803277
13070,Baseline,3.512663266,3.8321199249634583
13090,Baseline,3.660946598,3.77025415575277
13091,Baseline,3.725094521,3.624123117408977
13092,Baseline,3.457484646,3.8391868989873603
13093,Baseline,3.933830926,3.7277270403588454
13097,Baseline,3.92569232,3.4842738858936837
13108,Baseline,3.985892805,3.7780630850107437
13135,Baseline,4.26515338,4.082534822505437
13143,Baseline,4.275484116,4.139649710994111
13144,Baseline,4.36630019,3.933945079284499
13147,Baseline,3.785140362,3.9535593764232217
13161,Baseline,4.141101222,3.687643087489005
13198,Baseline,3.585280206,3.7738564980336426
13200,Baseline,3.413958252,3.638626185913073
13201,Baseline,3.389814383,3.6062831054945153
13220,Baseline,3.574942101,3.614079067069886
13225,Baseline,3.617911657,3.5494280223290358
13231,Baseline,4.092771668,3.9658522244509267
13241,Baseline,3.511944916,3.5758654211914656
13252,Baseline,3.584930631,3.435344732478764
13253,Baseline,3.612337227,3.2883454730865305
13254,Baseline,3.923654107,3.394265651825624
13284,Baseline,3.356259818,4.074644543255658
13287,Baseline,3.868346824,3.770135819886045
13289,Baseline,3.854470878,3.6787537185701393
13293,Baseline,3.590865709,3.530870580617876
13299,Baseline,4.228224929,3.847564225532728
13301,Baseline,3.740967179,3.7061611045289324
13306,Baseline,3.831626045,3.5169140554919065
13311,Baseline,3.805800123,3.489829594695037
13323,Baseline,3.874334073,3.8297847373651863
13327,Baseline,3.524310331,3.3782658633959155
13328,Baseline,4.222557519,3.8095575539213695
13329,Baseline,3.808192061,3.7338515484677806
13334,Baseline,3.619185955,3.735325525338886
13335,Baseline,3.704230208,3.7115796404265793
13338,Baseline,4.055070257,3.16128968490155
13340,Baseline,4.910719668,3.956696177961027
13344,Baseline,4.87818314,4.053378656841142
13350,Baseline,3.933278442,3.763088652799311
13354,Baseline,4.940987593,3.5665736400427255
13355,Baseline,4.169402548,4.0024972998464365
13357,Baseline,3.551690828,3.6932376449005706
13362,Baseline,3.835603366,4.141446587232389
13364,Baseline,3.319610368,3.8500394301016647
13371,Baseline,4.248371329,3.978449755876507
13372,Baseline,3.643216429,3.6152614323508008
13406,Baseline,4.477931182,3.8101646627179737
13407,Baseline,3.472505702,3.332608898828795
13409,Baseline,3.912695783,3.801751901145973
13438,Baseline,3.653904765,3.9301569501522096
13444,Baseline,3.73139496,3.7250749754364025
13451,Baseline,3.887453525,3.9372293998854544
13457,Baseline,2.981075278,3.2171409580556913
13463,Baseline,2.950894254,2.9823165540597674
13464,Baseline,2.621685085,2.632081865579294
13465,Baseline,4.178955376,2.421205297178772
13467,Baseline,2.897096818,3.065853697371341
13468,Baseline,2.798431026,3.4477907161216375
13471,Baseline,2.954846241,3.1095138268671936
13474,Baseline,2.778605574,3.293226966292608
13475,Baseline,4.024239306,3.6051798651882203
13476,Baseline,4.000560746,3.4839725805535338
13480,Baseline,3.516360828,3.539847024694675
13493,Baseline,4.142751376,3.8895541625483845
13502,Baseline,3.839849378,3.596805275655507
13512,Baseline,3.437245177,3.393321317327854
13513,Baseline,3.564118413,3.2229213974289355
13536,Baseline,3.391404456,3.4238427038489627
13546,Baseline,3.13112251,3.354770034799248
13551,Baseline,3.495422912,4.099741547799181
13567,Baseline,3.688572358,3.357914914551168
13597,Baseline,3.818083258,3.9021270623979256
13600,Baseline,3.684149395,3.4821045289609676
13601,Baseline,4.590865709,3.6644084869575275
13603,Baseline,3.820643554,4.173713422071427
13611,Baseline,3.937900114,4.218980698345707
13614,Baseline,3.311342707,3.623989125444288
13617,Baseline,3.954475966,3.9750020433946913
13624,Baseline,4.024530819,3.867626660580057
13676,Baseline,3.645032577,3.975224031737328
13684,Baseline,3.908123914,3.684075778015797
13687,Baseline,3.949061966,3.545984859663605
13691,Baseline,3.288423624,3.603405651026592
13697,Baseline,3.902131932,3.700978969930872
13702,Baseline,4.040275004,3.871430494565575
13709,Baseline,4.411649864,3.8748705433774826
13712,Baseline,4.69180114,3.889560836126427
13716,Baseline,3.505193941,3.567631514741383
13720,Baseline,4.006098626,3.8104498610956443
13732,Baseline,3.333086388,3.3150362919833594
13744,Baseline,4.16361353,3.8133858345007634
13747,Baseline,3.928558609,4.002733802298622
13750,Baseline,3.758886221,3.1624557580648904
13752,Baseline,3.79236,3.57373059673754
13756,Baseline,2.132402989,2.8393689686323462
13757,Baseline,2.132402989,2.3721854528187984
13760,Baseline,3.798697495,3.9605738857848936
13764,Baseline,3.604478701,3.4721157669691953
13770,Baseline,3.982103439,3.672433818811922
13772,Baseline,3.639802988,4.002873583463889
13775,Baseline,3.614126654,3.8504063634462233
13804,Baseline,4.064383104,3.895585647233575
13807,Baseline,3.887906519,4.3263156041126685
13821,Baseline,3.68426352,3.5650195336650254
13835,Baseline,3.431028263,3.1696863764955676
13837,Baseline,3.995279229,4.121753303986612
13859,Baseline,4.311142594,3.921857636566015
13882,Baseline,3.461461008,3.6574965736155103
13886,Baseline,3.742344915,3.8948769199180866
13888,Baseline,4.291762778,4.264850757463435
13892,Baseline,3.601258005,3.687186883706368
13893,Baseline,3.494627606,3.627855183129955
13894,Baseline,3.818967784,3.9014061367764654
13898,Baseline,3.471078748,3.88546201136809
13899,Baseline,4.170122975,3.9251475147181165
13901,Baseline,3.377488383,3.6674119489156234
13904,Baseline,3.801100721,3.0403269814358564
13905,Baseline,3.59273969,3.2378795243964746
13908,Baseline,4.099371746,3.780806852738345
13916,Baseline,3.698348977,3.8018656512064215
13917,Baseline,3.902352788,3.5523146009848716
13919,Baseline,3.323890064,3.5518219385650482
13923,Baseline,3.467089899,3.853456578042132
13930,Baseline,4.032593581,3.658264369527603
13932,Baseline,4.381537432,4.253848501316839
13936,Baseline,4.825146266,4.080519017442194
13951,Baseline,4.186841801,4.2623762552671165
13952,Baseline,3.823549912,3.83592114734654
13954,Baseline,4.26759408,3.9196570321198587
13957,Baseline,4.28873922,4.066631767448489
13958,Baseline,3.920990266,4.462021483510081
13964,Baseline,4.920990266,4.128264011413664
13975,Baseline,3.690751255,3.7151207301576634
13999,Baseline,3.720383779,3.807999633390207
14003,Baseline,3.744883658,4.127560363901865
14038,Baseline,4.029689643,3.4675375116398617
14041,Baseline,4.304055872,4.315784896353433
14042,Baseline,4.037040342,4.26209268886914
14063,Baseline,4.543969045,3.6658508518359882
14067,Baseline,4.553537704,4.110444747837954
14069,Baseline,3.610142533,3.938421268230494
14070,Baseline,4.507009018,3.9639823438588517
14071,Baseline,4.04620102,4.030390744376448
14072,Baseline,4.095419043,4.079609743455817
14073,Baseline,4.174350597,4.170050518798739
14074,Baseline,3.935089453,4.008440480146594
14075,Baseline,4.819074293,4.025861846766091
14077,Baseline,4.130921204,3.5848840827933524
14081,Baseline,4.502577322,3.8441966674643315
14084,Baseline,3.806229653,3.5018183270780994
14086,Baseline,3.539615494,3.8476390175011157
14095,Baseline,3.822252164,3.7784454177461213
14099,Baseline,4.309976566,3.8578568450004185
14100,Baseline,3.780043284,3.8233571081245774
14102,Baseline,3.762818556,3.999147379638245
14110,Baseline,3.904644554,3.796922157494169
14113,Baseline,4.094349471,3.7600735810122488
14120,Baseline,3.815554921,3.9254767229247816
14124,Baseline,3.493660085,3.595906392414758
14129,Baseline,3.63363628,4.3663021243901206
14130,Baseline,3.415258111,4.328109766562404
14134,Baseline,4.540930578,4.756632009093926
14136,Baseline,5.169476047,4.9309687060871354
14143,Baseline,3.443598816,3.553522668587346
14147,Baseline,3.570328158,2.9966395140684696
14154,Baseline,3.399676158,3.223237833373169
14158,Baseline,3.841262612,3.825581627065726
14166,Baseline,3.819374133,3.949413660564793
14183,Baseline,3.384392845,4.007096529252812
14187,Baseline,3.494408786,3.932886843118199
14190,Baseline,3.283427879,3.07893123627972
14195,Baseline,3.782568594,3.8798177854561837
14203,Baseline,4.756388405,4.209870096399163
14216,Baseline,4.115697267,4.189275259657203
14220,Baseline,3.792600531,3.6043643342162293
14221,Baseline,3.313059722,3.4678916002559697
14241,Baseline,4.065041648,3.697847838503825
14245,Baseline,3.667524662,3.233869363096037
14247,Baseline,3.732186904,3.9822858110073147
14249,Baseline,3.733441848,3.5474506833721455
14250,Baseline,3.645364622,3.9432794053258617
14255,Baseline,3.563335505,3.5910420347596492
14256,Baseline,3.563335505,3.749601204395877
14258,Baseline,4.908937971,3.751909109631272
14259,Baseline,4.183666777,4.4120668992463985
14268,Baseline,3.586748006,3.804948095623542
14273,Baseline,4.605483182,4.3326537900083135
14277,Baseline,3.545390763,3.489045063982773
14288,Baseline,3.662734441,3.614569890709763
14291,Baseline,3.566644485,3.68361732488721
14292,Baseline,3.409396871,3.470930213425132
14298,Baseline,2.406502689,2.4660803188359135
14301,Baseline,3.750316834,3.795018997890423
14313,Baseline,2.848269612,3.1749313410252418
14314,Baseline,3.650420482,3.8899656504644136
14319,Baseline,2.850673061,3.200110764111067
14323,Baseline,2.559048291,3.3169781499677238
14324,Baseline,2.318244253,2.862576060877693
14331,Baseline,2.933797207,3.4103454042009735
14332,Baseline,3.760823612,3.8430205519589555
14351,Baseline,3.885158854,3.8144780915401197
14363,Baseline,3.068209989,3.1876438933808178
14376,Baseline,6.017742664,5.648141133838344
14379,Baseline,2.986261235,3.4914800316807852
14385,Baseline,3.266456445,3.3881616641729972
14402,Baseline,3.560329345,4.0426503547071855
14407,Baseline,3.111659205,3.7052762700571837
14409,Baseline,3.576149963,3.8150713021168197
14410,Baseline,3.014563515,3.6271998945966804
14417,Baseline,2.131614655,2.961657233629527
14425,Baseline,3.885727219,3.8138875822690097
14426,Baseline,3.547497341,3.7685498668029562
14427,Baseline,3.588242309,3.85790393196355
14464,Baseline,3.491075806,3.5884186358371917
14563,Baseline,3.577674359,3.9559092689077593
14564,Baseline,3.577674359,3.7358841446528674
14566,Baseline,4.288135158,3.7466382813468777
14576,Baseline,4.078123912,3.9884799421675203
14579,Baseline,4.278263519,4.015188754002441
14588,Baseline,4.345905809,3.5270090729003254
14593,Baseline,3.9995043,3.1775928503564264
14601,Baseline,6.553130852,4.954294689026405
14609,Baseline,3.708096219,3.8893319684718204
14611,Baseline,4.582215704,4.747823838743162
14612,Baseline,5.83983617,4.043921962621017
14613,Baseline,4.39105467,4.070193211419956
14624,Baseline,3.519026894,3.4729112811757106
14634,Baseline,1.79023413,2.5695160937352064
14635,Baseline,4.095815793,4.019611645234961
14645,Baseline,4.551020778,4.897994177420942
14647,Baseline,3.701944694,3.6150735364822175
14652,Baseline,3.763868739,3.6186072487862804
14653,Baseline,3.910280403,3.7691028431277043
14654,Baseline,3.664026667,3.46428151495619
14655,Baseline,3.760641327,3.73258195682059
14656,Baseline,3.723729243,3.716803530691916
14657,Baseline,3.635679596,3.8928114146214274
14658,Baseline,3.674184646,4.079339017082489
14660,Baseline,3.695562893,3.6344000678900636
14661,Baseline,3.674008856,3.614795963488693
14663,Baseline,3.75336854,3.3584203343248866
14680,Baseline,3.146725773,3.1622208368228355
14681,Baseline,3.630935428,3.5793200951787583
14683,Baseline,3.481708171,3.6252913474388655
14684,Baseline,3.524350741,3.455797225369917
14685,Baseline,3.122199676,3.4095804423717664
14686,Baseline,6.621367412,5.185762548444835
14692,Baseline,3.997117161,4.020741573201081
14698,Baseline,2.008411762,2.0967813109466373
14724,Baseline,6.183561878,4.655010470399217
14775,Baseline,4.017582124,3.4479373918713137
14785,Baseline,3.902270627,3.9085090423465427
14799,Baseline,3.641017762,3.502986044476542
14812,Baseline,3.430262504,3.515079096860379
14819,Baseline,3.750921121,3.874286663141564
14841,Baseline,3.012355926,2.370686943489247
14842,Baseline,3.491895283,3.6978990744220472
14873,Baseline,3.367202306,3.0034451374552136
14874,Baseline,3.436040455,2.387055294472326
14875,Baseline,5.452422525,3.3897635288857146
14876,Baseline,5.50976741,3.7984365680358203
14877,Baseline,3.268135507,3.9852778076337607
14892,Baseline,3.129860564,3.431454932797975
14904,Baseline,3.791342212,2.886525814405687
14906,Baseline,3.697286439,3.55626186772956
14907,Baseline,3.66275984,3.4359624149797923
14908,Baseline,3.629349945,3.4417096127697056
14919,Baseline,3.418090851,3.5470241001844256
14921,Baseline,6.291812687,3.863443987914519
14922,Baseline,4.115716499,3.4426213389580735
14942,Baseline,3.727437144,3.526695206158703
14948,Baseline,3.266562283,3.4745039035460663
14964,Baseline,3.99415818,3.508455731502597
14987,Baseline,3.634790827,3.513264242305205
14989,Baseline,3.347276592,3.4873055884110165
14996,Baseline,4.029905429,3.4854484286201286
14997,Baseline,3.939057757,3.2133829382856263
15005,Baseline,3.586141146,3.756933910614859
15007,Baseline,3.564790694,3.4010700327548022
15008,Baseline,3.717902482,3.5967982991506315
15023,Baseline,3.203777786,3.9820180677476347
15024,Baseline,3.52956967,4.328756883906661
15029,Baseline,2.914841911,2.5668097782014856
15034,Baseline,3.720833856,3.3397779278844
15045,Baseline,4.608965526,3.45772423588741
15071,Baseline,3.590403028,3.4872694555276667
15097,Baseline,3.788426202,4.043977072111779
15113,Baseline,4.310177658,3.75306075779237
15116,Baseline,3.566194644,2.916094258771475
15125,Baseline,3.759454799,3.497799619870731
15134,Baseline,4.169343739,3.9190906777111936
15152,Baseline,4.021787037,3.822767292221995
15163,Baseline,3.030368054,3.367646310116916
15165,Baseline,2.990780227,3.0814394066968034
15167,Baseline,3.411927866,3.9514588499963157
15168,Baseline,3.599142476,2.7851501478283085
15176,Baseline,2.963714062,3.802680998905676
15180,Baseline,3.236045253,3.4917223816770333
15188,Baseline,3.456279252,2.796064211539366
15191,Baseline,2.949965431,3.117187606399089
15193,Baseline,3.810809625,3.7349632240495536
15201,Baseline,2.779147777,3.6913552448393006
15205,Baseline,3.136287113,3.4634158850749013
15210,Baseline,3.158337076,3.5584963073040914
15214,Baseline,4.338614416,3.9697838178114275
15237,Baseline,2.970158752,2.8672628718590785
15239,Baseline,3.06347527,3.5384835245572215
15242,Baseline,2.990780227,3.368123962693117
15248,Baseline,3.878898225,3.5801053213593717
15249,Baseline,4.020135186,3.95389968895708
15267,Baseline,3.028521549,3.221381632295555
15273,Baseline,3.855218359,2.847008907294183
15279,Baseline,2.751435585,3.1252562190131883
15280,Baseline,3.769476234,3.2486806242170903
15281,Baseline,3.558782486,4.094925867207287
15282,Baseline,3.717814293,3.723941171859498
15287,Baseline,3.540153218,3.536730649415903
15291,Baseline,4.527817846,4.0668087394092245
15293,Baseline,3.515833647,3.4323139625453583
15308,Baseline,2.140903248,3.150264181104557
15309,Baseline,2.82659512,2.757801117965053
15317,Baseline,3.305252391,3.3194352012663155
15319,Baseline,2.75097487,2.6911514425571386
15324,Baseline,3.144818008,3.4840266553700743
15336,Baseline,3.303743844,4.092121364631006
15339,Baseline,4.257273151,3.928882787827039
15355,Baseline,1.868819577,2.8823037838078753
15357,Baseline,3.847262558,3.909280612157498
15361,Baseline,3.580393466,3.6801859170927282
15365,Baseline,3.765648601,3.964750001389724
15366,Baseline,3.783918885,3.9974987894500336
15370,Baseline,4.956880461,3.9947858327042947
15375,Baseline,3.564048962,3.8262789052289525
15381,Baseline,3.929937326,4.02554254701107
15382,Baseline,4.147767943,4.088426322830646
15388,Baseline,5.617480527,3.762020984601144
15389,Baseline,4.771707477,5.076119271500623
15412,Baseline,3.968063921,3.117850421806262
15418,Baseline,2.952229911,3.5280556236638825
15425,Baseline,2.647755726,3.500225993601691
15427,Baseline,2.915484845,2.9794068573923465
15450,Baseline,3.326121848,3.800611607886639
15460,Baseline,3.725058007,3.709155310902956
15462,Baseline,3.152458435,3.303208514161018
15477,Baseline,2.977275365,3.385344436849742
15478,Baseline,3.291314079,3.574501682366792
15480,Baseline,4.397752739,3.7754372524355837
15521,Baseline,2.082421123,2.1616794207874763
15522,Baseline,2.14177169,2.0003562795263643
15523,Baseline,2.009232297,2.0507735913243477
15538,Baseline,3.442829595,3.954106631951812
15546,Baseline,3.848476498,3.6479161611464086
15588,Baseline,3.404690984,3.4953868592086654
15604,Baseline,3.523533416,3.5861496026744786
15606,Baseline,3.860005228,3.6500944583949066
15607,Baseline,3.422826667,3.4024254145514794
15616,Baseline,3.56202294,3.3003761532978513
15620,Baseline,2.858851,3.5109805517176347
15624,Baseline,3.673840117,3.457678549705533
15628,Baseline,3.274596542,3.0348448301271964
15639,Baseline,3.675095211,3.598104130384371
15642,Baseline,3.638201629,3.886971749745684
15643,Baseline,3.762271456,3.854793971753461
15655,Baseline,3.508505671,3.2016953286729812
15667,Baseline,3.123180586,3.6439487039824843
15668,Baseline,3.591619185,3.4679297140790664
15676,Baseline,3.339264565,3.6762749523601617
15686,Baseline,3.058860102,4.191489658227013
15687,Baseline,3.719248398,4.094222173529265
15692,Baseline,3.21550009,3.607179209053524
15694,Baseline,3.869649334,3.7824511685548634
15709,Baseline,3.6926693,3.64898183164623
15711,Baseline,3.646545854,3.855739730546661
15737,Baseline,6.311204113,4.894369750913061
15750,Baseline,3.900252736,3.186375289071052
15755,Baseline,3.356917072,3.3476012514139506
15757,Baseline,5.716188714,4.971390614959053
15766,Baseline,3.429980041,3.1039582460217727
15773,Baseline,3.966185998,3.378557829603813
15774,Baseline,3.635192779,3.593485865691371
15775,Baseline,3.568151621,3.7025125178706766
15776,Baseline,3.558315488,3.590966359955449
15795,Baseline,3.792664289,4.033049995853523
15820,Baseline,4.101566997,3.74146791406125
15821,Baseline,4.041255795,4.038609750207881
15847,Baseline,3.48355933,3.4793895248144016
15860,Baseline,3.282622113,3.0756934650101746
15862,Baseline,4.11454921,4.4388106480472675
15868,Baseline,5.264218099,5.176913462162029
15872,Baseline,3.908173633,3.9360752332813544
15890,Baseline,3.510497388,3.61157039336095
15891,Baseline,3.589704353,3.771449894664562
15897,Baseline,4.042011311,4.061344424994238
15905,Baseline,4.481157464,4.321908680427666
15906,Baseline,4.212128984,4.214688135811312
15909,Baseline,5.041261061,5.483972802541287
15910,Baseline,4.315540454,4.124714405983741
15921,Baseline,3.782228551,3.99019231693064
15923,Baseline,3.466040735,3.4562171099057726
15932,Baseline,2.844438515,2.936188330657999
15936,Baseline,3.125654732,3.155368174683725
15947,Baseline,3.176663737,3.0214373787526485
15951,Baseline,3.172350715,3.456931112473873
15952,Baseline,3.138375301,3.4929622531859104
15968,Baseline,3.117094709,3.503244098088704
15982,Baseline,2.742739293,3.9089052555997084
16003,Baseline,3.284733966,3.7591179627736744
16033,Baseline,4.306669042,3.7228740774553235
16034,Baseline,3.253954058,3.294372438687737
16035,Baseline,3.199784098,3.2718870883356495
16036,Baseline,2.821175664,3.180480300688601
16037,Baseline,3.225556898,3.2148304444326
16039,Baseline,2.892251617,3.034411113704656
16040,Baseline,3.191982844,3.5870406759733933
16041,Baseline,3.212753706,3.31451590472893
16042,Baseline,3.239066983,3.425316208192576
16048,Baseline,4.37267671,4.17782935711154
16050,Baseline,4.01479626,3.8123534209242473
16073,Baseline,3.662455946,3.780438494571878
16084,Baseline,4.051454989,4.182681867672085
16090,Baseline,3.535339338,3.572398514104461
16093,Baseline,3.331618679,3.240381050799835
16095,Baseline,2.915221561,3.1108574041609334
16100,Baseline,3.262828062,3.263362763586549
16128,Baseline,5.228205381,5.173108746530828
16148,Baseline,3.086383173,3.082372750038626
16155,Baseline,4.111888281,3.9345095605501323
16157,Baseline,2.840818456,3.3811336975136537
16158,Baseline,3.38782746,3.080089598522803
16163,Baseline,3.408642406,3.4863232287090455
16171,Baseline,3.460607214,3.4670247895760182
16172,Baseline,3.494333057,3.739962196115558
16174,Baseline,3.758866493,3.0600949420867956
16178,Baseline,4.002712722,3.5697462740339847
16198,Baseline,4.346692745,4.112883560488612
16215,Baseline,3.896819598,4.091523724956576
16216,Baseline,3.802676597,3.8749417283601155
16230,Baseline,2.768435334,3.618040610873803
16234,Baseline,3.219484839,3.6232511107792758
16245,Baseline,3.002941274,3.3379919664895463
16246,Baseline,2.95002193,3.820540790273901
16256,Baseline,3.725007531,4.119733687084773
16258,Baseline,4.657043098,3.8898451591656173
16261,Baseline,3.504585201,3.7066139456466476
16290,Baseline,4.410142158,3.6544096963408568
16292,Baseline,3.828025147,3.686315550593637
16296,Baseline,3.912390149,3.8406447426267567
16298,Baseline,2.230985072,3.5680977828667775
16301,Baseline,4.226357326,4.064462292401831
16305,Baseline,3.938593453,3.9003447363684556
16310,Baseline,2.741584102,2.413006586089672
16313,Baseline,2.647788709,2.155754920746518
16325,Baseline,3.890950768,4.002796468154792
16328,Baseline,4.191674532,3.2968863466121974
16339,Baseline,3.459954596,3.2011396214455576
16340,Baseline,3.480581787,3.178444751830945
16348,Baseline,3.482027028,3.580257588247554
16362,Baseline,3.072479058,3.4480090860059085
16373,Baseline,3.688818336,4.447240742124184
16375,Baseline,3.724673108,4.718342712302398
16380,Baseline,3.009732595,3.4963517439569
16381,Baseline,2.515264204,3.2064347049805173
16382,Baseline,2.915119743,3.718628486691251
16400,Baseline,4.072508706,3.8951651136967405
16409,Baseline,3.767343205,3.985552155054985
16414,Baseline,4.509793728,4.25084296763767
16425,Baseline,5.515582067,4.266973249853246
16440,Baseline,3.942734224,4.005312683621418
16441,Baseline,3.723525372,3.8833943705822374
16444,Baseline,4.372251471,3.9479333329820703
16447,Baseline,3.924368319,3.9580762650553534
16452,Baseline,3.546890629,3.4732056127852675
16456,Baseline,3.257482286,3.57683883100963
16462,Baseline,3.562014436,3.3912246072475734
16471,Baseline,3.622803442,3.4142463564286887
16473,Baseline,3.206810761,3.654131750845322
16480,Baseline,3.41385276,3.2302169602218176
16488,Baseline,3.439414807,3.234004085971337
16492,Baseline,2.624558393,2.8887313292396786
16493,Baseline,3.723947976,3.8265735309338718
