input_order,ligand_id,Canonical SMILES,Butina_clusters,cluster_size,cluster_center_ligand_id
0,1,S=P(N1CC1)(N1CC1)N1CC1,1905,2,1
1,2,CN(C)C(=N)N=C(N)N,8195,1,2
2,3,O=C(O)C=Cc1ccccc1,2055,2,3
3,4,Cc1ccc(C(C)C)cc1O,1094,3,4
4,5,C=CCSS(=O)CC=C,8194,1,5
5,6,COc1ccc(C(C)=O)c(O)c1,8193,1,6
6,8,COc1cc2ccc(=O)oc2cc1O,8192,1,8
7,9,COc1cc(C=CC(=O)O)ccc1O,8191,1,9
8,10,C=CC1(C)CCC(C(=C)C)CC1C(=C)C,8190,1,10
9,11,COc1cc2ccc(=O)oc2c(OC)c1O,8189,1,11
10,12,COc1ccc2[nH]cc(CCNC(C)=O)c2c1,2085,1,12
11,13,CCCCCC(O)CC(=O)CCc1ccc(O)c(OC)c1,8188,1,13
12,14,CC(C=CC1=C(C)CCCC1(C)C)=CC=CC(C)=CC(=O)O,2073,2,14
13,15,CN1C2CC(OC(=O)C(CO)c3ccccc3)CC1C(O)C2,2078,2,15
14,16,COc1cc(CNC(=O)CCCCC=CC(C)C)ccc1O,237,6,16
15,18,COc1cc2c(cc1OC)C13CCN4CC5=CCOC6CC(=O)N2C1C6C5CC43,2063,2,18
16,19,Nc1nc(=O)c2nc(CNc3ccc(C(=O)NC(CCC(=O)O)C(=O)O)cc3)cnc2[nH]1,8187,1,19
17,20,CC(=O)OC1C(c2ccc(=O)oc2)C2(C)CCC3C(CCC4(O)CC(O)CCC34C)C23OC13,444,5,20
18,21,CC12CC3(O)OC(O1)C1(COC(=O)c4ccccc4)C3CC21OC1OC(CO)C(O)C(O)C1O,8186,1,21
19,22,CCN1CC2(COC)C(O)CC(OC)C34C5CC6(O)C(O)C5C(O)(C(O)C6OC)C(C(OC)C23)C14,2084,1,22
20,23,COc1ccc2cc1Oc1ccc(cc1)CC1c3c(cc4c(c3Oc3cc5c(cc3OC)CCN(C)C5C2)OCO4)CCN1C,686,4,23
21,24,CCN1CC2(COC)C(O)CC(OC)C34C5CC6(O)C(OC)C(O)C(OC(C)=O)(C5C6OC(=O)c5ccccc5)C(C(OC)C23)C14,119,9,24
22,25,CC=C(C)C(=O)OC1CCN2CC=C(COC(=O)C(O)(C(C)OC)C(C)(C)O)C12,8185,1,25
23,26,CNC(C)C1C(O)CC2(C)C3CCC4C(C)(C)C(NC)CCC45CC35CCC12C,8184,1,26
24,27,CC1C(C)C(O)(CO)C(=O)OC2CCN3CC=C(COC(=O)C1(C)O)C23,8183,1,27
25,28,COc1cc2c(cc1OC)C1Cc3ccc(OC)c(OC)c3CN1CC2,699,4,28
26,29,CN1Cc2c(ccc3c2OCO3)C2C(O)Cc3cc4c(cc3C21)OCO4,8182,1,29
27,30,C=C1CC(=CC)C(=O)OC2CCN3CC=C(COC(=O)C1(O)CO)C23,951,3,30
28,31,COc1ccc2c(c[n+](C)c3c4cc5c(cc4ccc23)OCO5)c1OC,8181,1,31
29,32,CCC1(O)C(=O)OCc2c1cc1n(c2=O)Cc2cc3ccccc3nc2-1,8180,1,32
30,33,COc1ccc(Cc2nccc3cc(OC)c(OC)cc23)cc1OC,2009,2,33
31,34,CC=C1CC(C)C(C)(O)C(=O)OCC2CCN3CCC(OC1=O)C23,8179,1,34
32,35,COc1ccc2cc3[n+](cc2c1OC)CCc1cc2c(cc1-3)OCO2,8178,1,35
33,36,C=C1CC(=CC)C(=O)OC2CCN3CC=C(COC(=O)C1(C)O)C23,1142,1,36
34,37,C[n+]1cc2c3c(ccc2c2ccc4cc5c(cc4c21)OCO5)OCO3,8177,1,37
35,39,CC1C(=O)OC2CCN3CC=C(COC(=O)C(C)(O)C1(C)O)C23,8176,1,39
36,40,C=CC12CN(C)C3C4COC(CC41)C1(C(=O)Nc4ccccc41)C32,8175,1,40
37,41,O=C(CC1NCCCC1O)Cn1cnc2ccccc2c1=O,8174,1,41
38,42,OC1C=C2CCN3Cc4cc5c(cc4C(C1O)C23)OCO5,8173,1,42
39,43,O=C(O)c1cc(O)c2c(c1)C(=O)c1cccc(O)c1C2=O,8172,1,43
40,44,CC(C)C(O)(C(=O)OCC1=CCN2CCCC12)C(C)O,8171,1,44
41,45,COC1=CC(=O)OC(C=Cc2ccc3c(c2)OCO3)C1,8170,1,45
42,46,C=C1C(=O)OC2CC(C)C3C=CC(=O)C3(C)C(O)C12,8169,1,46
43,47,CCCCCCCCCCCCCCCC(=O)O,31,16,47
44,48,C=CC(C)(C=Cc1ccc(O)cc1)CCC=C(C)C,8168,1,48
45,49,CC1=C2C3OC(=O)C(C)C3CCC2(C)C=CC1=O,8167,1,49
46,50,O=C1c2cccc(O)c2C(=O)c2c(O)cccc21,1993,2,50
47,51,COC(=O)C1=CCCN(C)C1,600,4,51
48,52,COC1=CC(=O)OC(CCc2ccccc2)C1,8166,1,52
49,53,COC1=CC(=O)OC(C=Cc2ccccc2)C1,8165,1,53
50,54,CCCCCCCCCCCCCC(=O)O,31,16,47
51,55,O=C1C=C2C=CC3CC2(O1)C1CCCCN31,8164,1,55
52,56,CCC1C(=O)OCC1Cc1cncn1C,8163,1,56
53,57,CC1=CC(=O)c2c(O)cccc2C1=O,8162,1,57
54,58,CC1OC(C[N+](C)(C)C)CC1O,8161,1,58
55,59,O=C(O)c1cc(O)c(O)c(O)c1,1593,2,59
56,60,O=C1OC(=O)C2C3CCC(O3)C12,8160,1,60
57,62,C=CCc1ccc(O)c(OC)c1,2059,2,62
58,63,CC(=O)NC(CS)C(=O)O,1141,3,63
59,64,O=c1ccc2ccc(O)cc2o1,8159,1,64
60,65,OCC1=CCN2CCC(O)C12,8158,1,65
61,66,CC12CCC(CC1=O)C2(C)C,8157,1,66
62,67,O=C(O)c1ccccc1O,8156,1,67
63,68,c1ccc2ccccc2c1,8155,1,68
64,69,CCCCC(=O)O,31,16,47
65,70,O=[N+]([O-])c1ccc(O)c([N+](=O)[O-])c1,8154,1,70
66,71,CCOCCO,8153,1,71
67,72,COc1ccc2c(c1)c(CC(=O)OCC(=O)O)c(C)n2C(=O)c1ccc(Cl)cc1,2072,2,72
68,73,CC(=O)SCC(C)C(=O)N1CCCC1C(=O)NC(Cc1ccccc1)C(=O)O,1453,2,73
69,74,ClC1=C(Cl)C2(Cl)C3C4C=CC(C4)C3C1(Cl)C2(Cl)Cl,8152,1,74
70,75,NC12CC3CC(CC(C3)C1)C2,8151,1,75
71,76,CC1(C)SC2C(N=CN3CCCCCC3)C(=O)N2C1C(=O)O,8150,1,76
72,77,NCCCNCCSP(=O)(O)O,8149,1,77
73,78,NCCCCCC(=O)O,2083,2,78
74,79,CN(C)CCC=C1c2ccccc2CCc2ccccc21,25,15,79
75,80,CN(C)CCN1C(=O)c2cccc3cc(N)cc(c23)C1=O,8148,1,80
76,81,COc1cc(NS(C)(=O)=O)ccc1Nc1c2ccccc2nc2ccccc12,8147,1,81
77,82,CCOC(=O)C1(c2ccccc2)CCN(CCc2ccc(N)cc2)CC1,451,1,82
78,83,COc1ccc(C(=O)N2CCCC2=O)cc1,8146,1,83
79,84,CCCC(CCC)C(=O)OC1CC2CCC(C1)[N+]2(C)C,8145,1,84
80,85,CN1CCc2cccc3c2C1Cc1ccc(O)c(O)c1-3,8144,1,85
81,86,CCN(CC)CCCN(c1ccccc1)C1Cc2ccccc2C1,8143,1,86
82,88,COc1ccc(CCN2CCC(Nc3nc4ccccc4n3Cc3ccc(F)cc3)CC2)cc1,8142,1,88
83,90,Nc1ncn(C2OC(CO)C(O)C2O)c(=O)n1,8141,1,90
84,91,CN1CCCC(n2nc(Cc3ccc(Cl)cc3)c3ccccc3c2=O)CC1,8140,1,91
85,92,O=NN(CCCl)C(=O)NCCCl,1561,2,92
86,93,O=C(O)COc1nn(Cc2ccccc2)c2ccccc12,8139,1,93
87,94,CCCCOc1cc(C(=O)OCCN(CC)CC)ccc1N,7,23,94
88,95,O=C(O)c1ccc(NC(=O)C(Cc2ccc(O)cc2)NC(=O)c2ccccc2)cc1,8138,1,95
89,96,CN(C)CCCOc1nn(Cc2ccccc2)c2ccccc12,8137,1,96
90,97,Oc1c(Cl)cc(Cl)cc1Sc1cc(Cl)cc(Cl)c1O,8136,1,97
91,98,O=c1[nH]c(=O)n(C2CC(O)C(CO)O2)cc1Br,2065,2,98
92,100,CCCCNc1cc(C(=O)O)cc(S(N)(=O)=O)c1Oc1ccccc1,1665,2,100
93,101,COC12CCC3(CC1C(C)(O)C(C)(C)C)C1Cc4ccc(O)c5c4C3(CCN1CC1CC1)C2O5,8135,1,101
94,103,CN(Cc1ccc(C(C)(C)C)cc1)Cc1cccc2ccccc12,8134,1,103
95,104,Cc1cc(C(C)(C)C)c(O)c(C(C)(C)C)c1,8133,1,104
96,105,O=C1CCCCCN1,1109,3,105
97,106,CC1(C)SC2C(NC(=O)C(C(=O)Oc3ccc4c(c3)CCC4)c3ccccc3)C(=O)N2C1C(=O)O,8132,1,106
98,108,CCN(CC)CCOCCOC(=O)C1(c2ccccc2)CCCC1,70,11,108
99,109,CCCCNC(=O)NS(=O)(=O)c1ccc(N)cc1,2077,2,109
100,111,C=CC1=C(C(=O)O)N2C(=O)C(NC(=O)C(=NO)c3csc(N)n3)C2SC1,1137,2,111
101,112,CON=C(C(=O)NC1C(=O)N2C(C(=O)O)=C(C=Cc3scnc3C)CSC12)c1csc(N)n1,8131,1,112
102,113,CON=C(C(=O)NC1C(=O)N2C(C(=O)O)=C(CSc3nc(C)c(CC(=O)O)s3)CSC12)c1csc(N)n1,101,9,113
103,114,CON=C(C(=O)NC1C(=O)N2C(C(=O)O)=C(C[n+]3cccc4c3CCC4)CSC12)c1csc(N)n1,235,5,114
104,115,NC(=O)c1cc[n+](CC2=C(C(=O)O)N3C(=O)C(NC(=O)C(c4ccccc4)S(=O)(=O)O)C3SC2)cc1,8130,1,115
105,116,CC1OC2(CS1)CN1CCC2CC1,8129,1,116
106,118,CC(=O)OC1(C(C)=O)CCC2C3C=C(Cl)C4=CC(=O)CCC4(C)C3CCC21C,2074,2,118
107,119,Cc1ncsc1CCCl,8128,1,119
108,121,CCCNC(=O)NS(=O)(=O)c1ccc(Cl)cc1,8127,1,121
109,122,CN(C)CCC=C1c2ccccc2Sc2ccc(Cl)cc21,16,19,122
110,123,C[N+](C)(C)CCO,8126,1,123
111,124,CCOC(=O)C(CCc1ccccc1)NC1CCCN2CCCC(C(=O)O)N2C1=O,8125,1,124
112,125,CN(C)CCC(O)(c1ccccc1)c1ccccc1Cl,457,4,125
113,126,Cc1onc(-c2ccccc2Cl)c1C(=O)NC1C(=O)N2C1SC(C)(C)C2C(=O)O,697,4,126
114,127,COC(=O)C1C(OC(=O)c2ccccc2)CC2CCC1N2C,383,5,127
115,128,CN(C)CCC=C1c2ccccc2C=Cc2ccccc21,1928,2,128
116,129,CN(C)CCOC(=O)C(c1ccccc1)C1(O)CCCC1,1432,2,129
117,130,CN1CCC(=C2c3ccccc3C=Cc3ccccc32)CC1,8124,1,130
118,131,Nc1ncn(C2CC(O)C(CO)O2)c(=O)n1,8123,1,131
119,134,COc1ccc2c(c1)C13CCCCC1C(C2)N(C)CC3,35,6,134
120,135,CCOC(=O)NC1=C(N2CC2)C(=O)C(NC(=O)OCC)=C(N2CC2)C1=O,8122,1,135
121,136,Cc1onc(-c2c(Cl)cccc2Cl)c1C(=O)NC1C(=O)N2C1SC(C)(C)C2C(=O)O,697,4,126
122,138,CCC(=C(CC)c1ccc(O)cc1)c1ccc(O)cc1,8121,1,138
123,139,CC1OC(OC2C(O)CC(OC3C(O)CC(OC4CCC5(C)C(CCC6C5CCC5(C)C(C7=CC(=O)OC7)CCC65O)C4)OC3C)OC2C)CC(O)C1O,199,7,139
124,140,NNc1nnc(NN)c2ccccc12,8120,1,140
125,141,CCCCCC(O)C=CC1C(O)CC(O)C1CC=CCCCC(=O)O,698,4,141
126,142,OC(CCCN1CCCCC1)(c1ccccc1)c1ccccc1,222,6,142
127,144,c1cc[n+]2c(c1)-c1cccc[n+]1CC2,8119,1,144
128,145,CC(C)NCCC(C(N)=O)(c1ccccc1)c1ccccn1,8118,1,145
129,148,O=c1[nH]c2ccccc2n1CCCN1CCC(n2c(=O)[nH]c3cc(Cl)ccc32)CC1,470,4,148
130,149,CN(C)CCC=C1c2ccccc2COc2ccccc21,1140,2,149
131,150,CCCCCc1cc(O)c2c(c1)OC(C)(C)C1CCC(C)=CC21,1763,2,150
132,151,O=C(CCCN1CC=C(n2c(=O)[nH]c3ccccc32)CC1)c1ccc(F)cc1,8117,1,151
133,152,CCCCOc1ccc(C(=O)CCN2CCCCC2)cc1,40,14,152
134,153,CC(=Cc1ccccc1)C=C1SC(=S)N(CC(=O)O)C1=O,8116,1,153
135,155,O=C(Cn1ccnc1[N+](=O)[O-])NCCO,8115,1,155
136,157,COc1cc(C2c3cc4c(cc3C(OC3OC5COC(C)OC5C(O)C3O)C3COC(=O)C23)OCO4)cc(OC)c1O,8114,1,157
137,158,CCC(=O)N(c1ccccc1)C1CCN(CCc2ccccc2)CC1,1139,2,158
138,159,O=C(O)Cc1sc(-c2ccccc2)nc1-c1ccc(Cl)cc1,1025,3,159
139,160,CN1CCN(c2c(F)cc3c(=O)c(C(=O)O)cn(CCF)c3c2F)CC1,245,6,160
140,161,COC1(NC(=O)CSC(F)F)C(=O)N2C(C(=O)O)=C(CSc3nnnn3CCO)COC21,8113,1,161
141,162,Cc1onc(-c2c(F)cccc2Cl)c1C(=O)NC1C(=O)N2C1SC(C)(C)C2C(=O)O,697,4,126
142,163,Fc1ccc(C(c2ccc(F)cc2)N2CCN(CC=Cc3ccccc3)CC2)cc1,2075,2,163
143,164,CC1(C)OC2CC3C4CC(F)C5=CC(=O)C=CC5(C)C4C(O)CC3(C)C2(C(=O)CO)O1,8112,1,164
144,165,NCCCC(=O)O,2083,2,78
145,166,CNC(C)C1CCC(N)C(OC2C(N)CC(N)C(OC3OCC(C)(O)C(NC)C3O)C2O)O1,220,7,166
146,170,CCOC(=O)C(CCc1ccccc1)NC(C)C(=O)N1C(=O)N(C)CC1C(=O)O,8111,1,170
147,171,CN(CC(O)CO)C(=O)c1c(I)c(NC(=O)C(CO)CO)c(I)c(C(=O)N(C)CC(O)CO)c1I,1697,2,171
148,173,CC(=O)NCc1c(I)c(NC(C)=O)c(I)c(C(=O)O)c1I,27,5,173
149,175,CN(C)C=Nc1c(I)cc(I)c(CCC(=O)O)c1I,8110,1,175
150,178,O=C(O)c1ccncc1,8109,1,178
151,179,O=[N+]([O-])OC1COC2C(O)COC12,311,6,179
152,180,CC(COc1ccccc1)NC(C)C(O)c1ccc(O)cc1,8108,1,180
153,182,NCC1OC(OC2C(N)CC(N)C(OC3OC(CO)C(O)C(N)C3O)C2O)C(O)C(O)C1O,19,18,182
154,184,OCC1OC(OC2C(CO)OC(O)C(O)C2O)C(O)C(O)C1O,8107,1,184
155,189,CN1CCN(C2=Nc3ccccc3Oc3ccc(Cl)cc32)CC1,8106,1,189
156,190,Cc1ncc(COP(=O)(O)O)c(CN(CCN(CC(=O)O)Cc2c(COP(=O)(O)O)cnc(C)c2O)CC(=O)O)c1O,8105,1,190
157,194,CC(O)C1C(=O)N2C(C(=O)O)=C(SC3CNC(C(=O)N(C)C)C3)C(C)C12,8104,1,194
158,195,CN1CC(CNC(=O)OCc2ccccc2)CC2c3cccc4c3c(cn4C)CC21,8103,1,195
159,196,CN(C)CCN(Cc1cccs1)c1ccccn1,8102,1,196
160,197,COc1ccc2c(c1)N(CC(C)CN(C)C)c1ccccc1S2,8101,1,197
161,200,CCC(CO)NC(=O)C1C=C2c3cccc4c3c(cn4C)CC2N(C)C1,2082,1,200
162,201,COc1ccc2cc1Oc1cc3c(cc1OC)CC[N+](C)(C)C3Cc1ccc(cc1)Oc1c(OC)c(OC)cc3c1C(C2)[N+](C)(C)CC3,1772,2,201
163,202,CC(=O)Nc1c(I)c(C(=O)O)c(I)c(N(C)C(C)=O)c1I,53,9,202
164,203,COCC(=O)OC1(CCN(C)CCCc2nc3ccccc3[nH]2)CCc2cc(F)ccc2C1C(C)C,8100,1,203
165,204,Cc1ncc2n1-c1ccc(Cl)cc1C(c1ccccc1F)=NC2,8099,1,204
166,206,CC(=O)Oc1cc(C(C)C)c(OCCN(C)C)cc1C,959,3,206
167,207,CC(=CC(=O)OCCCCCCCCC(=O)O)CC1OCC(CC2OC2C(C)C(C)O)C(O)C1O,1641,2,207
168,208,CC(=O)N(C)C,8098,1,208
169,210,OCc1cccnc1,8097,1,210
170,211,O=C(O)c1cccnc1Nc1cccc(C(F)(F)F)c1,8096,1,211
171,213,O=C1CN=C(c2ccccc2)c2cc([N+](=O)[O-])ccc2N1,8095,1,213
172,215,CN(CCCl)CCCl,1201,2,215
173,216,CCN(CC)N=O,8094,1,216
174,217,CCn1cc(C(=O)O)c(=O)c2cc(F)c(N3CCNCC3)cc21,245,6,160
175,218,O=C(O)c1ccccc1Nc1ccccc1,68,12,218
176,219,OCCN1CCN(CCCN2c3ccccc3C=Cc3ccccc32)CC1,1239,2,219
177,221,Cc1onc(-c2ccccc2)c1C(=O)NC1C(=O)N2C1SC(C)(C)C2C(=O)O,697,4,126
178,222,O=c1[nH]c2ccccc2n1CCCN1CCN(C(c2ccccc2)c2ccccc2)CC1,8093,1,222
179,225,C[n+]1ccc(-c2cc[n+](C)cc2)cc1,8092,1,225
180,226,NCC1OC(OC2C(CO)OC(OC3C(O)C(N)CC(N)C3OC3OC(CO)C(O)C(O)C3N)C2O)C(N)C(O)C1O,19,18,182
181,227,CCn1cc(C(=O)O)c(=O)c2cc(F)c(N3CCN(C)CC3)cc21,450,3,227
182,228,CC(C)(C)NCC(O)COc1ccccc1C1CCCC1,1723,2,228
183,229,CC(C)=CCN1CCC2(C)c3cc(O)ccc3CC1C2C,435,5,229
184,230,CN1CCN(CCCN2c3ccccc3Sc3ccccc32)CC1,39,15,230
185,231,N#Cc1ccc2c(c1)N(CCCN1CCC(O)CC1)c1ccccc1S2,2081,1,231
186,233,Oc1ccccc1,8091,1,233
187,234,c1ccc2c(c1)Nc1ccccc1S2,2060,2,234
188,236,O=[N+]([O-])c1cc([N+](=O)[O-])c(O)c([N+](=O)[O-])c1,8090,1,236
189,237,O=c1[nH]c2ccccc2n1C1CCN(CCCC(c2ccc(F)cc2)c2ccc(F)cc2)CC1,2080,1,237
190,240,CC(=O)OC1CC2CCC3C(CCC4(C)C3CC(N3CC[N+](C)(C)CC3)C4OC(C)=O)C2(C)CC1N1CC[N+](C)(C)CC1,2079,1,240
191,241,COc1cccc2c1C(=O)c1c(O)c3c(c(O)c1C2=O)CC(O)(C(=O)CO)CC3OC1CC(N)C(OC2CCCCO2)C(C)O1,864,2,241
192,243,NS(=O)(=O)c1cc(C(=O)O)cc(N2CCCC2)c1Oc1ccccc1,8089,1,243
193,244,c1cnc(N2CCN(Cc3ccc4c(c3)OCO4)CC2)nc1,8088,1,244
194,245,CC(C)(C)C(=O)OCOC(=O)C1N2C(=O)C(N=CN3CCCCCC3)C2SC1(C)C,8087,1,245
195,246,CCC(C)C(=O)OC1CC(O)C=C2C=CC(C)C(CCC(O)CC(O)CC(=O)O)C21,8086,1,246
196,248,CCN(CC)CCOC(=O)c1ccc(N)cc1,186,6,248
197,249,CN1CCN(CCCN2c3ccccc3Sc3ccc(Cl)cc32)CC1,39,15,230
198,250,CCCOc1ccc(C(=O)OCCN(CC)CC)cc1N,349,3,250
199,251,c1ccncc1,8085,1,251
200,253,COC(=O)C1C2CC3c4[nH]c5cc(OC)ccc5c4CCN3CC2CC(OC(=O)C=Cc2cc(OC)c(OC)c(OC)c2)C1OC,158,8,253
201,254,COC(=O)C1C2CC3c4[nH]c5cc(OC)ccc5c4CCN3CC2CC(OC(=O)c2cc(OC)c(OC)c(OC)c2)C1OC,158,8,253
202,256,CC(NCCc1ccc(O)cc1)C(O)c1ccc(O)cc1,8084,1,256
203,257,CC(=O)OCC(=O)NCCCOc1cccc(CN2CCCCC2)c1,8083,1,257
204,258,CN1C2CC(OC(=O)C(CO)c3ccccc3)CC1C1OC12,2078,2,15
205,259,O=C(O)c1ccccc1,8082,1,259
206,260,C=Cc1ccccc1,8081,1,260
207,261,Cc1nnc(NS(=O)(=O)c2ccc(N)cc2)s1,8080,1,261
208,262,Cc1cc(NS(=O)(=O)c2ccc(N)cc2)no1,8079,1,262
209,263,Nc1ccc(S(=O)(=O)Nc2ccccn2)cc1,1126,3,263
210,264,Cc1noc(NS(=O)(=O)c2ccc(N)cc2)c1C,8078,1,264
211,265,CC(C)(C)NCC(O)COc1cccc2c1SCCC2,8077,1,265
212,266,COc1cc2c(cc1OC)C1CC(=O)C(CC(C)C)CN1CC2,8076,1,266
213,268,CCSc1ccc2c(c1)N(CCCN1CCN(C)CC1)c1ccccc1S2,39,15,230
214,269,Cc1cccc(C)c1NC(=O)C(C)N,8075,1,269
215,270,CCCCNC(=O)NS(=O)(=O)c1ccc(C)cc1,2077,2,109
216,271,Cc1ccc(C(=O)c2ccc(CC(=O)O)n2C)cc1,8074,1,271
217,272,CN(C)CCCN1c2ccccc2Sc2ccc(C(F)(F)F)cc21,26,17,272
218,273,OC(CCN1CCCCC1)(c1ccccc1)C1CCCCC1,8073,1,273
219,274,COc1cc(C(=O)NCc2ccc(OCCN(C)C)cc2)cc(OC)c1OC,83,10,274
220,275,Cc1ccc(C(=CCN2CCCC2)c2ccccn2)cc1,8072,1,275
221,276,COC1CC(OC2C(C)C(=O)OC(C)C(C)C(OC(C)=O)C(C)C(=O)C3(CO3)CC(C)C(OC3OC(C)CC(N(C)C)C3OC(C)=O)C2C)OC(C)C1OC(C)=O,8071,1,276
222,279,CCCC(=O)Nc1c(I)cc(I)c(CC(CC)C(=O)O)c1I,98,9,279
223,280,CC(=O)OC1CC2CCC3C(CCC4(C)C3CC([N+]3(C)CCCCC3)C4OC(C)=O)C2(C)CC1N1CCCCC1,59,12,280
224,281,COc1ccc(C(=O)N2CCN(c3ccc4c(c3)CCC(=O)N4)CC2)cc1OC,8070,1,281
225,283,NCCc1ccc(O)c(O)c1,8069,1,283
226,284,Nc1ccc(C(=O)NCC(=O)O)cc1,2029,2,284
227,287,Cc1cccc(Nc2ccccc2C(=O)O)c1C,1035,2,287
228,288,Clc1ccc2nsnc2c1NC1=NCCN1,8068,1,288
229,289,Cc1c(C)c2c(c(C)c1O)CCC(C)(COc1ccc(CC3SC(=O)NC3=O)cc1)O2,8067,1,289
230,292,CN(C)CCCN1c2ccccc2CCc2ccc(Cl)cc21,688,4,292
231,293,CCC1OC(=O)C(C)C(OC2CC(C)(OC)C(O)C(C)O2)C(C)C(OC2OC(C)CC(N(C)C)C2O)C(C)(OC)CC(C)C(=O)C(C)C(O)C1(C)O,45,14,293
232,294,CC1OC(OC2C(O)CC(OC3C(O)CC(OC4CCC5(C)C(CCC6C5CC(O)C5(C)C(C7=CC(=O)OC7)CCC65O)C4)OC3C)OC2C)CC(O)C1O,199,7,139
233,295,O=C(O)CCCO,665,3,295
234,298,CCOC(=O)C1(c2ccccc2)CCN(C)CC1,11,21,298
235,299,CN(C)CCOC(C)(c1ccccc1)c1ccccn1,2076,1,299
236,300,CC(=O)Nc1c(I)c(NC(C)=O)c(I)c(C(=O)O)c1I,53,9,202
237,301,CN(C)CCCN1c2ccccc2Sc2ccc(Cl)cc21,26,17,272
238,302,COc1cc(N)c(Cl)cc1C(=O)NC1CCN(CCCOc2ccc(F)cc2)CC1OC,8066,1,302
239,303,CC(=O)N(O)CCCCCNC(=O)CCC(=O)N(O)CCCCCNC(=O)CCC(=O)N(O)CCCCCN,8065,1,303
240,306,CCN(CC)CCNc1ccc(CO)c2sc3ccccc3c(=O)c12,856,3,306
241,307,CN(C)CCCN1c2ccccc2CCc2ccccc21,688,4,292
242,310,CNCCC=C1c2ccccc2CCc2ccccc21,1138,1,310
243,312,CN1CCN(CCCN2c3ccccc3Sc3ccc(C(F)(F)F)cc32)CC1,39,15,230
244,313,Cc1ccc(N(CC2=NCCN2)c2cccc(O)c2)cc1,8064,1,313
245,317,Nc1nc(F)nc2c1ncn2C1OC(COP(=O)(O)O)C(O)C1O,8063,1,317
246,318,CC(CS)C(=O)N1CCCC1C(=O)O,8062,1,318
247,320,COCc1c(C(C)C)nc(C(C)C)c(C=CC(O)CC(O)CC(=O)O)c1-c1ccc(F)cc1,8061,1,320
248,321,CC1C(NC(=O)C(=NOC(C)(C)C(=O)O)c2csc(N)n2)C(=O)N1S(=O)(=O)O,8060,1,321
249,322,CC(CCC(=O)NCCS(=O)(=O)O)C1CCC2C3C(O)CC4CC(O)CCC4(C)C3CCC12C,1129,3,322
250,323,CN(C)CCC(c1ccccc1)c1ccccn1,8059,1,323
251,324,CN(C)N,8058,1,324
252,325,CCCCCCCC(=O)O,31,16,47
253,326,CC(=O)c1ccc2c(c1)N(CCCN(C)C)c1ccccc1S2,26,17,272
254,327,CC(=O)O,8057,1,327
255,328,CC(=O)Nc1c(I)cc(I)c(C(=O)O)c1I,8056,1,328
256,332,C=CCC1(CC=C)C(=O)NC(=O)NC1=O,8055,1,332
257,333,C=CCO,8054,1,333
258,334,C=CCc1ccccc1OCC(O)CNC(C)C,651,4,334
259,335,Nc1c(Br)cc(Br)cc1CNC1CCC(O)CC1,8053,1,335
260,336,Nc1ccncc1N,8052,1,336
261,337,Cc1c(N(C)C)c(=O)n(-c2ccccc2)n1C,8051,1,337
262,338,c1ccc(CN(CC2=NCCN2)c2ccccc2)cc1,8050,1,338
263,339,Cc1cc(=O)n(-c2ccccc2)n1C,8049,1,339
264,340,NCCC(O)C(=O)NC1CC(N)C(OC2OC(CN)CCC2N)C(O)C1OC1OC(CO)C(O)C(N)C1O,135,6,340
265,343,CCC1(CC)C(=O)NC(=O)NC1=O,8048,1,343
266,344,COC(=O)C1=C(C)NC(C)=C(C(=O)OC2CCN(Cc3ccccc3)C2)C1c1cccc([N+](=O)[O-])c1,1180,2,344
267,345,CC(c1ccccc1)C1Nc2cc(Cl)c(S(N)(=O)=O)cc2S(=O)(=O)N1,8047,1,345
268,346,CCc1oc2ccccc2c1C(=O)c1cc(Br)c(O)c(Br)c1,8046,1,346
269,348,NCCc1ccn[nH]1,8045,1,348
270,350,CN(Cc1cc(Br)cc(Br)c1N)C1CCCCC1,8044,1,350
271,352,Cc1nnc2n1-c1sc(Br)cc1C(c1ccccc1Cl)=NC2,335,2,352
272,353,CC(C)(S)C(=O)NC(CS)C(=O)O,8043,1,353
273,356,CN(C)CCOC(c1ccc(Cl)cc1)c1ccccn1,8042,1,356
274,357,CC(=O)OCC1=C(C(=O)O)N2C(=O)C(NC(=O)CC#N)C2SC1,449,5,357
275,358,CC1=C(C(=O)O)N2C(=O)C(NC(=O)C(N)c3ccc(O)cc3)C2SC1,1692,2,358
276,359,C=CC1=C(C(=O)O)N2C(=O)C(NC(=O)C(=NOCC(=O)O)c3csc(N)n3)C2SC1,1137,2,111
277,360,CC=CCC=CCCC(=O)C1OC1C(N)=O,8041,1,360
278,361,CN(C)CCN(Cc1ccc(Cl)cc1)c1ccccn1,446,4,361
279,362,CN(C)CCOC(C)(c1ccccc1)c1ccc(Cl)cc1,696,4,362
280,363,CC(CCC(=O)O)C1CCC2C3C(O)CC4CC(O)CCC4(C)C3CC(O)C12C,1129,3,322
281,364,CC1(C)CC1C(=O)NC(=CCCCCSCC(N)C(=O)O)C(=O)O,8040,1,364
282,365,C(=Cc1ccccc1)CN1CCN(C(c2ccccc2)c2ccccc2)CC1,2075,2,163
283,366,CCn1nc(C(=O)O)c(=O)c2cc3c(cc21)OCO3,8039,1,366
284,368,CCC(C)(Oc1ccc(C2(c3ccc(OC(C)(CC)C(=O)O)cc3)CCCCC2)cc1)C(=O)O,8038,1,368
285,370,CN1CCN(C2=Nc3cc(Cl)ccc3Nc3ccccc32)CC1,8037,1,370
286,372,NC1CONC1=O,8036,1,372
287,374,Nc1ccncc1,8035,1,374
288,375,N=C(N)N1CCc2ccccc2C1,8034,1,375
289,376,CC(CCC(=O)O)C1CCC2C3CCC4CC(O)CCC4(C)C3CC(O)C12C,1136,2,376
290,377,CN(C)CCN1C(=O)c2ccccc2N(C)c2ccccc21,1768,2,377
291,378,CCCCOc1cc(C(=O)NCCN(CC)CC)c2ccccc2n1,8033,1,378
292,379,CCN(CC)CCOC(=O)C1(C2CCCCC2)CCCCC1,2052,2,379
293,380,COc1ccc2c3c1OC1C(O)CCC4C(C2)N(C)CCC341,448,5,380
294,381,CN(C)CCCN1c2ccccc2C(C)(C)c2ccccc21,8032,1,381
295,382,CCCCCC(O)C=CC1C(O)CC(=O)C1CC=CCCCC(=O)O,698,4,141
296,383,c1ccc(-c2ccccc2)cc1,2047,2,383
297,386,CCn1cc(C(=O)O)c(=O)c2cc(F)c(N3CCNCC3)nc21,1278,2,386
298,388,C=C(CC)C(=O)c1ccc(OCC(=O)O)c(Cl)c1Cl,8031,1,388
299,389,O=C(OCCOCCO)c1ccccc1Nc1cccc(C(F)(F)F)c1,1190,2,389
300,391,O=C(O)Cc1csc(-c2ccc(Cl)cc2)n1,8030,1,391
301,392,CC(C)=CCC1C(=O)N(c2ccccc2)N(c2ccccc2)C1=O,8029,1,392
302,393,O=C(OCC(O)CO)c1ccccc1Nc1ccnc2c(C(F)(F)F)cccc12,8028,1,393
303,394,O=C(O)c1ccccc1Nc1cccc(C(F)(F)F)c1,1807,2,394
304,395,OCCN1CCN(CCC=C2c3ccccc3Sc3ccc(C(F)(F)F)cc32)CC1,52,13,395
305,396,CCCCCCC(=O)OCCN1CCN(CCCN2c3ccccc3Sc3ccc(C(F)(F)F)cc32)CC1,218,4,396
306,397,NS(=O)(=O)c1cc(C(=O)O)c(NCc2ccco2)cc1Cl,8027,1,397
307,398,CC(=O)OC1CC2(C)C(CC(O)C3C4(C)CCC(O)C(C)C4CCC32C)C1=C(CCC=C(C)C)C(=O)O,8026,1,398
308,399,Cc1ccc(S(=O)(=O)NC(=O)NN2CC3CCCC3C2)cc1,8025,1,399
309,400,COc1ccc2c(c1)C(=O)N(CCc1ccc(S(=O)(=O)NC(=O)NC3CCCCC3)cc1)C(=O)C2(C)C,8024,1,400
310,401,Cc1cc(C(=O)NCCc2ccc(S(=O)(=O)NC(=O)NN3CCCCCC3)cc2)no1,8023,1,401
311,402,NC(CCC(=O)NC(CS)C(=O)NCC(=O)O)C(=O)O,2066,2,402
312,403,NCC(=O)O,8022,1,403
313,404,COCCOc1cnc(NS(=O)(=O)c2ccccc2)nc1,8021,1,404
314,405,COC1=CC(=O)CC(C)C12Oc1c(Cl)c(OC)cc(OC)c1C2=O,8020,1,405
315,406,O=C(CCCN1CCC(O)(c2ccc(Cl)cc2)CC1)c1ccc(F)cc1,221,7,406
316,407,CCC1(C2=CCCCCC2)C(=O)NC(=O)NC1=O,8019,1,407
317,408,CC1(C)SC2C(N3C(=O)C(c4ccccc4)NC3(C)C)C(=O)N2C1C(=O)O,8018,1,408
318,410,CC(CNC1CCCCC1)OC(=O)c1ccccc1,8017,1,410
319,411,NS(=O)(=O)c1cc2c(cc1C(F)(F)F)NCNS2(=O)=O,8016,1,411
320,412,CC(C)C(=O)c1c(C(C)C)nn2ccccc12,8015,1,412
321,414,CN(C)CCCn1c2c(c3ccccc31)CCCCCC2,1494,2,414
322,415,CC(C)NNC(=O)c1ccncc1,8014,1,415
323,416,CNC1C(O)C(OC2C(NC(=O)C(O)CN)CC(N)C(OC3OC(CN)C(O)C(O)C3O)C2O)OCC1(C)O,1135,1,416
324,417,CNC(C)CCC=C(C)C,8013,1,417
325,418,O=[N+]([O-])OC1COC2C(O[N+](=O)[O-])COC12,311,6,179
326,420,CC(=O)CCC1C(=O)N(c2ccccc2)N(c2ccccc2)C1=O,8012,1,420
327,421,CC(=O)N1CCN(c2ccc(OCC3COC(Cn4ccnc4)(c4ccc(Cl)cc4Cl)O3)cc2)CC1,8011,1,421
328,422,CC(C)OC(=O)CCCC=CCC1C(O)CC(O)C1CCC(O)CCc1ccccc1,8010,1,422
329,423,NC(CS)C(=O)O,8009,1,423
330,424,C=CCN1CCC23CCCCC2C1Cc1ccc(O)cc13,2,42,424
331,425,CN1CCC23CCCCC2C1Cc1ccc(O)cc13,2,42,424
332,426,NC(Cc1cnc[nH]1)C(=O)O,8008,1,426
333,427,Cc1cccc(C)c1NC(=O)CN1CCN(CCCC(c2ccc(F)cc2)c2ccc(F)cc2)CC1,8007,1,427
334,428,NCCCCC(NC(CCc1ccccc1)C(=O)O)C(=O)N1CCCC1C(=O)O,8006,1,428
335,429,O=C(O)Cc1cn(-c2ccccc2)nc1-c1ccc(Cl)cc1,8005,1,429
336,431,CCN(CC)CCNc1ccc(C)c2sc3ccccc3c(=O)c12,856,3,306
337,432,NCc1ccc(S(N)(=O)=O)cc1,8004,1,432
338,433,CC(=O)OC1(C(C)=O)CCC2C3C=C(C)C4=CC(=O)CCC4(C)C3CCC21C,2074,2,118
339,434,CN(C)CCC=C1c2ccccc2C(C)(C)c2ccccc21,1874,2,434
340,436,CNC(C)(C)Cc1ccccc1,8003,1,436
341,437,COc1ccc(CN(CCN(C)C)c2ccccn2)cc1,412,5,437
342,438,COc1cc(CCN)cc(OC)c1OC,8002,1,438
343,440,CN(Cc1cnc2nc(N)nc(N)c2n1)c1ccc(C(=O)NC(CCC(=O)O)C(=O)O)cc1,2030,2,440
344,442,Cc1cc2c(cc1S(N)(=O)=O)S(=O)(=O)CCC2,8001,1,442
345,446,CCn1cc(C(=O)O)c(=O)c2ccc(C)nc21,8000,1,446
346,447,C=CCN1CCC23c4c5ccc(O)c4OC2C(O)C=CC3C1C5,1014,2,447
347,448,CC1CC=CC=CC=CC=CC(OC2OC(C)C(O)C(N)C2O)CC2OC(O)(CC(O)CC3OC3C=CC(=O)O1)CC(O)C2C(=O)O,7999,1,448
348,449,CN(C)C(=O)Oc1cccc([N+](C)(C)C)c1,695,3,449
349,450,O=C(CCNNC(=O)c1ccncc1)NCc1ccccc1,7998,1,450
350,451,COC12CC(COC(=O)c3cncc(Br)c3)CN(C)C1Cc1cn(C)c3cccc2c13,7997,1,451
351,452,O=[N+]([O-])c1ccc(O)c2ncccc12,7996,1,452
352,454,CN(C)CCON=C1c2ccccc2CCc2ccccc21,7995,1,454
353,456,CC1OC(OC2CC(O)C3(CO)C4C(O)CC5(C)C(C6=CC(=O)OC6)CCC5(O)C4CCC3(O)C2)C(O)C(O)C1O,1134,2,456
354,457,CN(C(=O)CN(CCO)CC(=O)N(C)C(C)(C)Cc1ccccc1)C(C)(C)Cc1ccccc1,7994,1,457
355,459,C#CCN(C)Cc1ccccc1,7993,1,459
356,461,CSCCC(NC(=O)C(Cc1c[nH]c2ccccc12)NC(=O)CCNC(=O)OC(C)(C)C)C(=O)NC(CC(=O)O)C(=O)NC(Cc1ccccc1)C(N)=O,1838,2,461
357,462,C1CCc2nnnn2CC1,1895,2,462
358,463,OCCN1CCN(CCCN2c3ccccc3Sc3ccc(Cl)cc32)CC1,97,9,463
359,466,CCC1(c2ccccc2)C(=O)NC(=O)NC1=O,7992,1,466
360,467,CCC(c1ccccc1)c1c(O)c2ccccc2oc1=O,7991,1,467
361,468,O=C(OCCOCCN1CCCCC1)N1c2ccccc2Sc2cccnc21,7990,1,468
362,469,C1CNCCN1,2046,2,469
363,470,Cc1ccc(=O)n(-c2ccccc2)c1,7989,1,470
364,471,CC(C)(C)C(=O)OCOC(=O)C1N2C(=O)C(NC(=O)C(N)c3ccccc3)C2SC1(C)C,1133,2,471
365,472,CN1CCC(=C2c3ccccc3CCc3sccc32)CC1,7988,1,472
366,473,COc1cc(C2c3cc4c(cc3C(O)C3COC(=O)C23)OCO4)cc(OC)c1OC,7987,1,473
367,474,CC(=O)Nc1ccc(OCC(O)CNC(C)C)cc1,589,4,474
368,475,CC12C=CC(=O)C=C1CCC1C2C(O)CC2(C)C1CCC2(O)C(=O)CO,1098,3,475
369,476,CC(Cc1ccccc1)NCCC(c1ccccc1)c1ccccc1,7986,1,476
370,477,CCCN(CCC)S(=O)(=O)c1ccc(C(=O)O)cc1,7985,1,477
371,478,CCC(=O)O,7984,1,478
372,479,CNC(C)CC1CCCCC1,7983,1,479
373,480,Cc1ncc(CO)c(C=O)c1O,7982,1,480
374,481,Cc1ncc(COP(=O)(O)O)c(C=O)c1O,7981,1,481
375,482,Cc1ncc(CSSCc2cnc(C)c(O)c2CO)c(CO)c1O,96,10,482
376,483,CCOC(=O)C(CCc1ccccc1)NC(C)C(=O)N1C(C(=O)O)CC2CCCC21,1127,3,483
377,486,NCCCNCCCCNCCCN,2042,2,486
378,487,CC(=O)SC1CC2=CC(=O)CCC2(C)C2CCC3(C)C(CCC34CCC(=O)O4)C12,7980,1,487
379,488,CC(SC(=O)c1cccs1)C(=O)NCC(=O)O,7979,1,488
380,489,CC(C)(C)C(O)C=Cc1ccc2c(c1)OCO2,7978,1,489
381,490,O=C(O)CCC(=O)O,665,3,295
382,491,CC1(C)C(C(=O)O)N2C(=O)CC2S1(=O)=O,7977,1,491
383,492,Nc1ccc(S(=O)(=O)NC(=O)c2ccccc2)cc1,7976,1,492
384,493,COc1cc(NS(=O)(=O)c2ccc(N)cc2)nc(OC)n1,1654,2,493
385,494,Cc1ccnc(NS(=O)(=O)c2ccc(N)cc2)n1,1126,3,263
386,495,COc1cnc(NS(=O)(=O)c2ccc(N)cc2)nc1,7975,1,495
387,496,Cc1cc(C)nc(NS(=O)(=O)c2ccc(N)cc2)n1,1132,2,496
388,497,COc1ccc(NS(=O)(=O)c2ccc(N)cc2)nn1,7974,1,497
389,498,COc1nccnc1NS(=O)(=O)c1ccc(N)cc1,7973,1,498
390,499,Cc1nc(NS(=O)(=O)c2ccc(N)cc2)oc1C,7972,1,499
391,500,Nc1ccc(S(=O)(=O)Nc2ccnn2-c2ccccc2)cc1,7971,1,500
392,501,O=C(O)c1cc(N=Nc2ccc(S(=O)(=O)Nc3ccccn3)cc2)ccc1O,7970,1,501
393,502,Nc1ccc(S(=O)(=O)Nc2nccs2)cc1,7969,1,502
394,503,Cc1cc(NS(=O)(=O)c2ccc(N)cc2)nc(C)n1,1132,2,496
395,506,CCCCC1(COC(=O)CCC(=O)O)C(=O)N(c2ccccc2)N(c2ccccc2)C1=O,7968,1,506
396,507,CC1(Cn2ccnn2)C(C(=O)O)N2C(=O)CC2S1(=O)=O,7967,1,507
397,508,c1ccc2[nH]c(-c3cscn3)nc2c1,7966,1,508
398,509,CS(=O)(=O)c1ccc(C(O)C(CO)NC(=O)C(Cl)Cl)cc1,1527,2,509
399,510,C=CCC1(C(C)CCC)C(=O)NC(=S)NC1=O,1988,2,510
400,511,CN1CCN(CCCN2c3ccccc3Sc3ccc(S(=O)(=O)N(C)C)cc32)CC1,39,15,230
401,512,CN1CCN(CCC=C2c3ccccc3Sc3ccc(S(=O)(=O)N(C)C)cc32)CC1,897,3,512
402,513,O=C(O)COc1ccc(C(=O)c2cccs2)c(Cl)c1Cl,7965,1,513
403,514,CC(S)C(=O)NCC(=O)O,7964,1,514
404,515,NCC1OC(OC2C(N)CC(N)C(OC3OC(CO)C(O)C(N)C3O)C2O)C(N)CC1O,19,18,182
405,516,Cc1cccc(N(C)C(=S)Oc2ccc3ccccc3c2)c1,7963,1,516
406,519,Cc1ccc(C(C)C)c(OCC2=NCCN2)c1,820,3,519
407,520,CCOC(N)=O,7962,1,520
408,521,CCOc1ccccc1OCC1CNCCO1,7961,1,521
409,523,OCC(CO)NC1CC(O)(CO)C(O)C(O)C1O,7960,1,523
410,524,Cc1cc(C(C)(C)C)cc(C)c1CC1=NCCN1,7959,1,524
411,525,COC(=O)C1C(O)CCC2CN3CCc4c([nH]c5ccccc45)C3CC21,7958,1,525
412,526,CN(C)CC=C(c1ccc(Br)cc1)c1cccnc1,7957,1,526
413,527,OCCN1CCN(CCC=C2c3ccccc3Sc3ccc(Cl)cc32)CC1,52,13,395
414,528,CNC=O,7956,1,528
415,529,CN(C)CCO,7955,1,529
416,530,O=CCCCC=O,7954,1,530
417,531,COc1ccccc1O,7953,1,531
418,532,CC(=O)OCC=C(C)C=CC=C(C)C=CC1=C(C)CCCC1(C)C,2073,2,14
419,533,CCCC(CCC)C(=O)O,748,3,533
420,534,O=C(O)c1cc(=O)c2c(OCC(O)COc3cccc4oc(C(=O)O)cc(=O)c34)cccc2o1,7952,1,534
421,535,O=C(O)Cc1ccccc1Nc1c(Cl)cccc1Cl,7951,1,535
422,537,O=C(O)c1cccnc1,7950,1,537
423,540,CCCCC1C(=O)N(c2ccccc2)N(c2ccccc2)C1=O,1917,2,540
424,541,CCCCc1oc2ccccc2c1C(=O)c1cc(I)c(OCCN(CC)CC)c(I)c1,7949,1,541
425,542,COc1ccc2c(c1)c(CC(=O)O)c(C)n2C(=O)c1ccc(Cl)cc1,2072,2,72
426,544,Clc1ccccc1CN1CCc2sccc2C1,7948,1,544
427,546,O=C(O)CCc1nc(-c2ccccc2)c(-c2ccccc2)o1,719,3,546
428,547,Nc1ccc(C(=O)O)c(O)c1,7947,1,547
429,548,O=C(O)P(=O)(O)O,7946,1,548
430,551,Fc1ccc(C2CCNCC2COc2ccc3c(c2)OCO3)cc1,7945,1,551
431,553,CCC1OC(=O)C(C)C(OC2CC(C)(OC)C(O)C(C)O2)C(C)C(OC2OC(C)CC(N(C)C)C2O)C(C)(O)CC(C)C(=O)C(C)C(O)C1(C)O,45,14,293
432,554,COc1ccc2cc(C(C)C(=O)O)ccc2c1,7944,1,554
433,556,Cc1cn(C2C=CC(CO)O2)c(=O)[nH]c1=O,7943,1,556
434,559,Cc1c(-c2ccccc2)oc2c(C(=O)OCCN3CCCCC3)cccc2c1=O,1413,2,559
435,562,CN(C)CCOC(c1ccccc1)c1ccccc1,1131,3,562
436,564,CC(C)(N)Cc1ccccc1,7942,1,564
437,565,CCOc1ccccc1OCCNC(C)Cc1ccc(OC)c(S(N)(=O)=O)c1,7941,1,565
438,566,CN1C2CCC1CC(OC(c1ccccc1)c1ccccc1)C2,1130,3,566
439,567,CN(CC=CC#CC(C)(C)C)Cc1cccc2ccccc12,7940,1,567
440,568,Nc1ccn(C2OC(CO)C(O)C2O)c(=O)n1,7939,1,568
441,569,CCC(CO)NCCNC(CC)CO,7938,1,569
442,573,O=C(O)c1cn(C2CC2)c2cc(N3CCNCC3)c(F)cc2c1=O,694,2,573
443,574,CN1CC(C(=O)NC2(C)OC3(O)C4CCCN4C(=O)C(Cc4ccccc4)N3C2=O)CC2c3cccc4[nH]cc(c34)CC21,7937,1,574
444,579,CC(=O)OC12COC1CC(O)C1(C)C(=O)C(O)C3=C(C)C(OC(=O)C(O)C(NC(=O)OC(C)(C)C)c4ccccc4)CC(O)(C(OC(=O)c4ccccc4)C21)C3(C)C,2071,2,579
445,580,O=c1n(CCCN2CCN(c3cccc(Cl)c3)CC2)nc2ccccn12,7936,1,580
446,583,CCn1cc(C(=O)O)c(=O)c2cc(F)c(N3CCNC(C)C3)c(F)c21,245,6,160
447,584,CC1(C)SC2C(NC(=O)C(NC(=O)N3CCN(S(C)(=O)=O)C3=O)c3ccccc3)C(=O)N2C1C(=O)O,1124,3,584
448,585,CC(=O)OC1C(=O)C2(C)C(O)CC3OCC3(OC(C)=O)C2C(OC(=O)c2ccccc2)C2(O)CC(OC(=O)C(O)C(NC(=O)c3ccccc3)c3ccccc3)C(C)=C1C2(C)C,2071,2,579
449,586,NC1CC1c1ccccc1,7935,1,586
450,587,Nc1ccc(C(=O)O)cc1,7934,1,587
451,589,CN(C)C(=O)C(CCN1CCC(O)(c2ccc(Cl)cc2)CC1)(c1ccccc1)c1ccccc1,7933,1,589
452,591,Cc1ccccc1C(OCCN(C)C)c1ccccc1,1131,3,562
453,592,CCCNCC(O)COc1ccccc1C(=O)CCc1ccccc1,7932,1,592
454,593,CNCCCC1c2ccccc2C=Cc2ccccc21,7931,1,593
455,594,NC(=O)c1ccccc1O,7930,1,594
456,595,CNC(=O)Oc1ccc2c(c1)C1(C)CCN(C)C1N2C,7929,1,595
457,596,CC(=O)OCC1=C(C(=O)O)N2C(=O)C(NC(=O)Cc3cccs3)C2SC1,449,5,357
458,597,CCC(CO)NC(=O)C1C=C2c3cccc4[nH]cc(c34)CC2N(C)C1,269,6,597
459,598,CC(CCC(=O)O)C1CCC2C3C(O)CC4CC(O)CCC4(C)C3CCC12C,1129,3,322
460,599,CCOC(=O)Nc1ccc2c(c1)N(C(=O)CCN1CCOCC1)c1ccccc1S2,7928,1,599
461,600,NCCC(O)C(=O)NC1CC(N)C(OC2OC(CN)C(O)C(O)C2O)C(O)C1OC1OC(CO)C(O)C(N)C1O,135,6,340
462,601,COc1ccc(C2Sc3ccccc3N(CCN(C)C)C(=O)C2OC(C)=O)cc1,1643,2,601
463,602,CCOC(=O)C(CCc1ccccc1)NC(C)C(=O)N1Cc2ccccc2CC1C(=O)O,842,3,602
464,603,CCC(C)C1NC(=O)C(Cc2ccc(O)cc2)NC(=O)C(N)CSSCC(C(=O)N2CCCC2C(=O)NC(CC(C)C)C(=O)NCC(N)=O)NC(=O)C(CC(N)=O)NC(=O)C(CCC(N)=O)NC1=O,1948,2,603
465,604,CC(CO)NC(=O)C1C=C2c3cccc4[nH]cc(c34)CC2N(C)C1,269,6,597
466,605,Cn1nnnc1SCC1=C(C(=O)O)N2C(=O)C(NC(=O)C(O)c3ccccc3)C2SC1,2068,2,605
467,607,CN1CCC23c4c5ccc(O)c4OC2C(=O)CCC3C1C5,2070,1,607
468,608,CN1CCC23c4c5ccc(O)c4OC2C(=O)CCC3(O)C1C5,122,8,608
469,609,CN1CCC23c4c5ccc(O)c4OC2C(O)C=CC3C1C5,448,5,380
470,611,COC1(NC(=O)Cc2cccs2)C(=O)N2C(C(=O)O)=C(COC(N)=O)CSC21,7927,1,611
471,612,COc1ccc2c3c1OC1C(O)C=CC4C(C2)N(C)CCC341,448,5,380
472,613,OCC1OC(n2cnc3c2NC=NCC3O)CC1O,1878,2,613
473,614,O=Cc1ccc(O)c(O)c1,7926,1,614
474,615,OC1CCN2Cc3ccccc3N=C12,7925,1,615
475,616,O=C(O)CCCCC1CCSS1,1606,2,616
476,617,C1CCN2CC3CC(CN4CCCCC34)C2C1,7924,1,617
477,618,O=C1C=CCC2C3CCCN4CCCC(CN12)C34,7923,1,618
478,619,Oc1cc(O)c2c(c1)OC(c1ccc(O)c(O)c1)C(O)C2,7922,1,619
479,620,O=c1c(O)c(-c2ccc(O)c(O)c2)oc2cc(O)cc(O)c12,2031,2,620
480,621,CC(C)C1=CC2=CCC3C(C)(C(=O)O)CCCC3(C)C2CC1,7921,1,621
481,622,C=C(C)C1CCC(C)=CC1c1c(O)cc(CCCCC)cc1O,1765,2,622
482,623,COc1cc2c(cc1O)CC1c3c(cc(O)c(OC)c3-2)CCN1C,443,5,623
483,624,CC1C2CCC3C4CC=C5CC(N(C)C)CCC5(C)C4CCC32CN1C,7920,1,624
484,625,O=C(C=Cc1ccc(O)c(O)c1)OC(Cc1ccc(O)c(O)c1)C(=O)O,7919,1,625
485,626,C=CC1C(OC2OC(CO)C(O)C(O)C2O)OC=C2C(=O)OCCC21O,7918,1,626
486,627,CC12CCC(O)CC1CCC1C2CCC2(C)C(c3ccc(=O)oc3)CCC12O,447,3,627
487,629,COC(=O)CC(O)(CCCC(C)(C)O)C(=O)OC1C(OC)=CC23CCCN2CCc2cc4c(cc2C13)OCO4,985,3,629
488,630,CC1OC(OCC2OC(Oc3c(-c4ccc(O)c(O)c4)oc4cc(O)cc(O)c4c3=O)C(O)C(O)C2O)C(O)C(O)C1O,7917,1,630
489,631,COc1ccc(CC2c3cc(Oc4cc(CC5c6cc(OC)c(OC)cc6CCN5C)ccc4O)c(OC)cc3CCN2C)cc1,1533,2,631
490,633,CC1(C)SC2C(NC(=O)C(NC(=O)N3CCNC3=O)c3ccccc3)C(=O)N2C1C(=O)O,1124,3,584
491,634,Cn1c(CCCC(=O)O)nc2cc(N(CCCl)CCCl)ccc21,7916,1,634
492,637,O=C1OC(c2ccc(O)c(S(=O)(=O)O)c2)(c2ccc(O)c(S(=O)(=O)O)c2)c2c(Br)c(Br)c(Br)c(Br)c21,7915,1,637
493,638,CC1(C)SC2C(NC(=O)C(C(=O)O)c3ccccc3)C(=O)N2C1C(=O)O,112,9,638
494,640,Cc1nnc(SCC2=C(C(=O)O)N3C(=O)C(NC(=O)Cn4cnnn4)C3SC2)s1,1128,3,640
495,641,CON=C(C(=O)NC1C(=O)N2C(C(=O)O)=C(COC(C)=O)CSC12)c1csc(N)n1,101,9,113
496,642,OC(O)C(Cl)(Cl)Cl,7914,1,642
497,643,CCN(CC)C(=O)N1CCN(C)CC1,7913,1,643
498,645,OCCN(CCO)c1nc(N2CCCCC2)c2nc(N(CCO)CCO)nc(N3CCCCC3)c2n1,1870,2,645
499,646,Cc1c(N(C)CS(=O)(=O)O)c(=O)n(-c2ccccc2)n1C,7912,1,646
500,647,CC1(C(=O)O)CCC2(C)CCC3(C)C(=CC(=O)C4C5(C)CCC(O)C(C)(C)C5CCC43C)C2C1,7911,1,647
501,648,OCCO,7910,1,648
502,649,O=S(=O)(c1cccc2cnccc12)N1CCCNCC1,7909,1,649
503,650,CC(O)C(=O)Nc1c(I)c(C(=O)NC(CO)CO)c(I)c(C(=O)NC(CO)CO)c1I,7908,1,650
504,651,CCc1c2c(nc3ccc(OC(=O)N4CCC(N5CCCCC5)CC4)cc13)-c1cc3c(c(=O)n1C2)COC(=O)C3(O)CC,7907,1,651
505,653,OCC1OC(OC2C(CO)OC(O)(CO)C2O)C(O)C(O)C1O,7906,1,653
506,655,CC(C)OC(=O)C(C(=O)OC(C)C)=C1SC=CS1,7905,1,655
507,658,CCN(CC)CCNC(=O)c1cc(Cl)c(N)cc1OC,995,3,658
508,659,COC12C(COC(N)=O)C3=C(C(=O)C(C)=C(N)C3=O)N1CC1NC12,9,22,659
509,660,CCOC(=O)Nc1c[n+](N2CCOCC2)no1,7904,1,660
510,664,CCCC(NC(C)C(=O)N1C(C(=O)O)CC2CCCCC21)C(=O)OCC,1127,3,483
511,666,O=S(=O)(O)Oc1ccc(C(c2ccc(OS(=O)(=O)O)cc2)c2ccccn2)cc1,7903,1,666
512,667,CCn1cc(C(=O)O)c(=O)c2cnc(N3CCNCC3)nc21,1804,2,667
513,668,COc1cc2nc(N3CCN(C(=O)c4ccco4)CC3)nc(N)c2cc1OC,7902,1,668
514,669,CCN(CC)CCNC(=O)c1ccc(N)cc1,1986,2,669
515,670,CCC(=O)OC(Cc1ccccc1)(c1ccccc1)C(C)CN(C)C,7901,1,670
516,671,COc1cc(C2Oc3cc(C4Oc5cc(O)cc(O)c5C(=O)C4O)ccc3OC2CO)ccc1O,7900,1,671
517,672,Nc1ccc(S(=O)(=O)Nc2ncccn2)cc1,1126,3,263
518,674,Nc1c2c(nc3ccccc13)CCCC2,1934,2,674
519,676,COc1ccc2cc1Oc1ccc(cc1)CC1c3cc(c(OC)cc3CCN1C)Oc1c(OC)c(OC)cc3c1C(C2)N(C)CC3,686,4,23
520,677,COc1cccc(C2(O)CCCCC2CN(C)C)c1,2069,1,677
521,678,ClC=C(Cl)Cl,7899,1,678
522,679,CN(C)CCN(Cc1ccccc1)c1ccccn1,446,4,361
523,680,CC(N)=O,7898,1,680
524,681,CC(=O)OC(CC(=O)O)C[N+](C)(C)C,7897,1,681
525,682,N=C(N)SCCN,1125,3,682
526,683,NC(CN(O)N=O)C(=O)O,7896,1,683
527,684,C[N+](C)(C)CC(=O)O,7895,1,684
528,686,Cn1nnnc1SCC1=C(C(=O)O)N2C(=O)C(NC(=O)C(OC=O)c3ccccc3)C2SC1,2068,2,605
529,687,CC(=O)OCC1=C(C(=O)O)N2C(=O)C(NC(=O)CSc3ccncc3)C2SC1,449,5,357
530,688,COC1(NC(=O)CSCC#N)C(=O)N2C(C(=O)O)=C(CSc3nnnn3C)CSC21,1448,2,688
531,689,CON=C(C(=O)NC1C(=O)N2C(C(=O)O)=C(COC(N)=O)CSC12)c1ccco1,7894,1,689
532,690,CC(=O)NC1C(O)OC(OS(=O)(=O)O)C(O)C1OC1OC(C(=O)O)C(O)C(O)C1O,7893,1,690
533,691,O=C(O)CC(O)(CC(=O)O)C(=O)O,7892,1,691
534,694,CNCCCN1c2ccccc2CCc2ccccc21,2067,1,694
535,695,CCN(CC)C(=S)S,7891,1,695
536,696,Nc1ccn(C2OC(CO)C(O)C2(F)F)c(=O)n1,7890,1,696
537,697,CNC1C(O)C(OC2C(N)CC(N)C(OC3OC(CN)CCC3N)C2O)OCC1(C)O,220,7,166
538,698,NC(CCC(=O)NC(CSSCC(NC(=O)CCC(N)C(=O)O)C(=O)NCC(=O)O)C(=O)NCC(=O)O)C(=O)O,2066,2,402
539,699,N=C(N)NC(=O)Cc1c(Cl)cccc1Cl,7889,1,699
540,700,O=c1nc[nH]c2c1ncn2C1OC(CO)C(O)C1O,693,4,700
541,701,COc1c2occc2c(OC)c2c(=O)cc(C)oc12,7888,1,701
542,702,CNCCCC12CCC(c3ccccc31)c1ccccc12,1833,2,702
543,703,O=S(=O)(O)CCS,7887,1,703
544,704,Cc1ccccc1-n1c(C)nc2ccccc2c1=O,1897,2,704
545,705,CCOC(=O)C(CCc1ccccc1)NC(C)C(=O)N1Cc2cc(OC)c(OC)cc2CC1C(=O)O,842,3,602
546,706,C=CCN1CCC23c4c5ccc(O)c4OC2C(=O)CCC3(O)C1C5,122,8,608
547,707,O=C(NCCO[N+](=O)[O-])c1cccnc1,7886,1,707
548,708,O=C(O)C=Cc1ccc(Cn2ccnc2)cc1,7885,1,708
549,709,N=C(N)c1ccc(OCCCCCOc2ccc(C(=N)N)cc2)cc1,1913,2,709
550,710,O=C(O)Cc1ccccc1,1801,2,710
551,711,CCN1CCN(C(=O)NC(C(=O)NC2C(=O)N3C2SC(C)(C)C3C(=O)O)c2ccccc2)C(=O)C1=O,1124,3,584
552,712,CN(C)CCCN1c2ccccc2Sc2ccccc21,26,17,272
553,714,O=C(O)O,7884,1,714
554,716,OCC1OC(OC2(CO)OC(CO)C(O)C2O)C(O)C(O)C1O,7883,1,716
555,718,NC(=O)c1csc(C2OC(CO)C(O)C2O)n1,7882,1,718
556,719,Nc1n[n+](O)c2ccccc2[n+]1O,7881,1,719
557,721,O=c1[nH]c(=O)n(C2CC(O)C(CO)O2)cc1C(F)(F)F,2065,2,98
558,722,NC(CO)(CO)CO,7880,1,722
559,724,CCN1CCN(C(=O)NC(C(=O)NC2C(=O)N3C(C(=O)O)=C(CSc4nnnn4C)CSC23)c2ccc(O)cc2)C(=O)C1=O,1451,2,724
560,725,CC(=O)OCC1=C(C(=O)O)N2C(=O)C(NC(=O)CCCC(N)C(=O)O)C2SC1,1123,2,725
561,726,COc1cc2c(c(OC)c1OC)-c1ccc(OC)c(=O)cc1C(NC(C)=O)CC2,155,8,726
562,727,CCC(=C(CC)c1ccc(OP(=O)(O)O)cc1)c1ccc(OP(=O)(O)O)cc1,7879,1,727
563,728,CN(C)CCC=C1c2ccccc2CSc2ccccc21,25,15,79
564,729,CC1OC1P(=O)(O)O,7878,1,729
565,730,CC(C(=O)O)c1cccc(C(=O)c2ccccc2)c1,7877,1,730
566,731,Cc1ccc(C(C)C)c(O)c1,7876,1,731
567,734,NCC1CCC(C(=O)O)CC1,7875,1,734
568,735,COc1ccc(CN2CCNCC2)c(OC)c1OC,7874,1,735
569,738,CCCCCCCCCCCCCCCC[N+](C)(C)C,17,18,738
570,740,CCNC1CC(C)S(=O)(=O)c2sc(S(N)(=O)=O)cc21,1255,2,740
571,743,NCCc1cnc[nH]1,7873,1,743
572,744,NCC1OC(OC2C(N)CC(N)C(OC3OC(CO)C(O)C(N)C3O)C2O)C(N)C(O)C1O,19,18,182
573,745,C[N+](C)(C)CC(O)CC(=O)O,7872,1,745
574,746,CN(C)CCOC(=O)COc1ccc(Cl)cc1,310,6,746
575,747,CC(=O)Oc1c(C)cc(OCC(O)CNC(C)C)c(C)c1C,7871,1,747
576,748,O=C(O)c1cc(=O)[nH]c(=O)[nH]1,7870,1,748
577,751,COC1C(O)C(CO)OC(OC2C(O)C(CO)OC(OC3C(C)OC(OC4C(OC5CCC6(C)C7=CC(O)C89C(=O)OC(C)(C%10CCC(C)(C)O%10)C8(O)CCC9(C)C7CCC6C5(C)C)OCC(OS(=O)(=O)O)C4O)C(O)C3O)C2O)C1O,7869,1,751
578,752,CCC(O)(COC(N)=O)c1ccccc1,7868,1,752
579,753,CCN(CC)C(=O)C1C=C2c3cccc4[nH]cc(c34)CC2N(C)C1,269,6,597
580,754,CCN(CC)CCOC(=O)C(c1ccccc1)c1ccccc1,1116,3,754
581,755,O=C(Cc1cccs1)NC1C(=O)N2C(C(=O)O)=C(C[n+]3ccccc3)CSC12,449,5,357
582,756,NCCc1c[nH]c2ccc(O)cc12,2064,1,756
583,757,OC(c1ccccc1)c1nc2ccccc2[nH]1,1939,2,757
584,759,c1ccc2[nH]cnc2c1,7867,1,759
585,761,C(#CCN1CCCC1)CN1CCCC1,1894,2,761
586,762,CC(C)=CCCC(C)=CCCC(C)=CCCC(=O)OCC=C(C)CCC=C(C)C,7866,1,762
587,763,CCCCCCCCCCCC(=O)OC12C=CC(=O)C3Oc4c(OC)ccc5c4C31CCN(C)C2C5,47,13,763
588,764,O=[N+]([O-])C(Br)(CO)CO,7865,1,764
589,766,CC12CCC3C(CCC4CC(O)C(N5CCOCC5)CC43C)C1CCC2=O,692,4,766
590,767,CC(=O)C1C(C)CC2C3CCC4CC(O)C(N5CCOCC5)CC4(C)C3C(=O)CC21C,1122,1,767
591,768,CC(=O)C1CCC2C3CCC4CC(O)C(N5CCOCC5)CC4(C)C3C(=O)CC12C,692,4,766
592,769,CC(=O)C1C(C)CC2C3CCC4CC(O)C(N5CCOCC5)CC4(C)C3CCC21C,692,4,766
593,770,CC12CCC(=O)CC1CCC1C2CCC2(C)C(C(=O)COC(=O)CCC(=O)O)CCC12,7864,1,770
594,771,c1ccc(C(c2ccccc2)N2CCN(Cc3ccc4c(c3)OCO4)CC2)cc1,7863,1,771
595,772,CC(=O)C1CCC2C3CCC4CC(O)C(N5CCOCC5)CC4(C)C3CCC12C,692,4,766
596,773,CN1CCC(n2[nH]c(-c3ccccc3)c(Cc3ccccc3)c2=O)CC1,7862,1,773
597,774,COc1cc(C(=O)OCCCN(C)CCN(C)CCCOC(=O)c2cc(OC)c(OC)c(OC)c2)cc(OC)c1OC,380,5,774
598,776,CCN(CC)CCNC(C(=O)OCCC(C)C)c1ccccc1,7861,1,776
599,778,C[N+]1(C)CCN(c2ccccc2)CC1,1277,2,778
600,780,CN(C)CCCSc1ccccc1NC(=O)C=Cc1ccccc1,7860,1,780
601,781,COP(=S)(OC)Oc1ccc(SC)c(C)c1,7859,1,781
602,782,ClCCN(Cc1ccccc1)Cc1ccccc1,1902,2,782
603,783,C[N+](C)(C)CC#CCOC(=O)Nc1cccc(Cl)c1,7858,1,783
604,786,CC[N+](CC)(CC)Cc1ccccc1,7857,1,786
605,787,CCOP(=S)(OCC)Oc1ccc([N+](=O)[O-])cc1,307,6,787
606,789,ON=Cc1cc[n+](CCC[n+]2ccc(C=NO)cc2)cc1,95,10,789
607,790,CCN(CC)CCOC(=O)C(O)(c1ccccc1)c1ccccc1,18,18,790
608,791,CC(O)CO,7856,1,791
609,792,Cc1c2ccccc2c(C)c2c1ccc1ccccc12,1872,2,792
610,793,CCN(CC)CCSC(=O)N(c1ccccc1)c1ccccc1,1994,2,793
611,795,NS(=O)(=O)c1cc2c(cc1Cl)N=CNS2(=O)=O,7855,1,795
612,796,CCN(CC)C(=O)c1cccnc1,7854,1,796
613,797,Cc1ccccc1OCC(O)CO,7853,1,797
614,798,Cc1cc(O)ccc1Cl,7852,1,798
615,799,CCCSSC(CCO)=C(C)N(C=O)Cc1cnc(C)nc1N,207,7,799
616,800,c1ccc(CC2=NCCN2)cc1,1090,3,800
617,801,CCCC(=O)OCC(COC(=O)CCC)OC(=O)CCC,209,7,801
618,802,S=C(N=Nc1ccccc1)NNc1ccccc1,7851,1,802
619,803,NCCc1ccc(O)cc1,7850,1,803
620,804,NCCS,7849,1,804
621,805,C[N+](C)(C)CCCCCC[N+](C)(C)C,17,18,738
622,806,CCOCC,7848,1,806
623,807,CNN,7847,1,807
624,809,CN(C)C1C(=O)C(C(N)=O)C(=O)C2(O)C(O)=C3C(=O)c4c(O)cccc4C(C)(O)C3CC12,7846,1,809
625,810,Cc1c(C(C)C2NCC(C)CC2O)ccc2c1CC1C2CC=C2CC(O)CCC21C,334,5,810
626,811,CN(C)CCc1c[nH]c2ccccc12,159,8,811
627,812,Nc1nc2nc(-c3ccccc3)nc(N)c2nc1C(=O)NCCN1CCOCC1,7845,1,812
628,813,Nc1nc2cc(Cl)ccc2o1,7844,1,813
629,814,Nc1nnc[nH]1,7843,1,814
630,815,CNCC(=O)c1ccc(O)c(O)c1,1837,2,815
631,816,O=C(O)c1ccc([N+](=O)[O-])cc1,7842,1,816
632,818,CCCCCCC(=O)OC12C=CC(=O)C3Oc4c(OC)ccc5c4C31CCN(C)C2C5,47,13,763
633,819,CC=C(C)C(=O)OC1CCC2(C)C3CCC4C5(O)CC(O)C6(O)C(CN7CC(C)CCC7C6(C)O)C5(O)CC42OC13O,275,6,819
634,820,CCCC(C(=O)OCCN(CC)CC)(c1ccccc1)c1ccccc1,18,18,790
635,821,COP(=O)(OC)OC=C(Cl)Cl,7841,1,821
636,822,O=C(O)CF,7840,1,822
637,823,CNC(=O)Oc1cccc(C(C)C)c1,7839,1,823
638,825,CCC1(C)CC(=O)NC(=O)C1,7838,1,825
639,827,CC(CNN)c1ccccc1,7837,1,827
640,828,CC12CCC3C(CCC4(O)CC(O)CCC34C=O)C1(O)CCC2C1=CC(=O)OC1,441,5,828
641,829,O=C1CC2OCC=C3CN4CCC56c7ccccc7N1C5C2C3CC46,2063,2,18
642,830,CC[N+](CC)(CC)CC,7836,1,830
643,831,c1cnc2c(c1)ccc1cccnc12,7835,1,831
644,832,CC1CC(C)C(=O)C(C(O)CC2CC(=O)NC(=O)C2)C1,7834,1,832
645,833,COc1ccc2[nH]cc(CCN)c2c1,309,6,833
646,834,Cc1ccccc1OCC[N+](C)(C)C,7833,1,834
647,835,CO,7832,1,835
648,836,CN1C(=O)C23CC4=CC=CC(O)C4N2C(=O)C1(CO)SS3,7831,1,836
649,837,CN(C)C=O,7830,1,837
650,838,Cc1ccc(S(=O)(=O)Nc2ccccc2)cc1,7829,1,838
651,840,OCCN1CCN(CCCN2c3ccccc3Sc3ccc(C(F)(F)F)cc32)CC1,97,9,463
652,841,C[N+](C)(C)CC[N+]1(C)Cc2c(Cl)c(Cl)c(Cl)c(Cl)c2C1,7828,1,841
653,842,Nc1ncnc2c1ccn2C1OC(CO)C(O)C1O,7827,1,842
654,843,Oc1cccc2nc3c(O)cccc3nc12,1167,2,843
655,844,CC1(C)SC2C(NC(=O)C(N)c3ccccc3)C(=O)N2C1C(=O)O,112,9,638
656,845,O=C1CCCN1CC#CCN1CCCC1,1865,2,845
657,846,CN(N=O)C(N)=N[N+](=O)[O-],7826,1,846
658,847,CCS(=O)CC,7825,1,847
659,848,CCC(=O)c1ccc(N)cc1,7824,1,848
660,849,CCCO,7823,1,849
661,850,CCCCO,691,4,850
662,851,CCCCCO,691,4,850
663,852,COc1ccc(C(=O)OC2CCC3(C)C4CCC5C6(O)CC(O)C7(O)C(CN8CC(C)CCC8C7(C)O)C6(O)CC53OC24O)cc1OC,275,6,819
664,854,CN(C)CCOC(=O)C(O)(c1ccccc1)c1ccccc1,34,10,854
665,855,CC(C)COP(=O)(OC=C(Cl)Cl)OCC(C)C,7822,1,855
666,856,CCc1ccc(C(c2ccc(CC)cc2)C(Cl)Cl)cc1,7821,1,856
667,858,CC#N,7820,1,858
668,859,C1CO1,1828,2,859
669,860,CN(C)C,7819,1,860
670,861,CC(C)(C)O,7818,1,861
671,862,CS(=O)(=O)O,7817,1,862
672,863,CCC(C)(C)O,7816,1,863
673,864,OCC(F)(F)F,7815,1,864
674,865,FC(F)(Cl)C(F)(Cl)Cl,7814,1,865
675,867,CCC1CN2CCC3(C(=O)Nc4ccccc43)C2CC1C(=COC)C(=O)OC,7813,1,867
676,868,ClC(c1ccccc1)(c1ccccc1)c1ccccc1,7812,1,868
677,871,CCC1CC2CN3CCc4c([nH]c5cc(OC)c(OC)cc45)C(C(=O)OC)(C2)C13,7811,1,871
678,872,NC(=O)C(CCN1CCCCC1)(c1ccccc1)c1ccccc1,876,3,872
679,873,CCOC(=O)C1(c2ccccc2)CCCN(C)CC1,11,21,298
680,874,CC(CC(C#N)(c1ccccc1)C(C)C)N(C)C,7810,1,874
681,875,C=CS(=O)(=O)C=C,7809,1,875
682,877,CCOP(=O)(C#N)N(C)C,7808,1,877
683,879,C=CC1OCC2(CO1)COC(C=C)OC2,7807,1,879
684,880,CCCCOP(=O)(CCCC)OCCCC,270,6,880
685,881,CCCCOCCOP(=O)(OCCOCCCC)OCCOCCCC,7806,1,881
686,882,OC1(C#CC2(O)CCCCC2)CCCCC1,1923,2,882
687,883,C=CC(C)(O)CCC=C(C)C,7805,1,883
688,884,CC(C)CO,7804,1,884
689,886,C=C(O)C=O,7803,1,886
690,887,O=C(Cl)CCl,7802,1,887
691,888,NC(=O)CCl,7801,1,888
692,889,CNC(C)=O,7800,1,889
693,890,NNC(N)=S,7799,1,890
694,891,CC(=O)OO,7798,1,891
695,892,NC(=S)C(N)=S,7797,1,892
696,893,O=C(C(F)(F)Cl)C(F)(Cl)Cl,2051,2,893
697,895,CC(C)(O)C(C)(O)c1ccc(Cl)cc1,7796,1,895
698,896,Cc1cc(C(C)(C)c2ccc(O)c(C)c2)ccc1O,2062,1,896
699,897,CCc1ccc2c(c1)C(C)(C)CCC2(C)C,7795,1,897
700,898,CC(O)C1CCC2C3CCC4CC(O)CCC4(C)C3CCC12C,7794,1,898
701,899,Cc1cccc(C)c1[N+](=O)[O-],7793,1,899
702,901,Cc1ccc2c(c1-c1c(C)ccc3c1C(=O)c1ccccc1C3=O)C(=O)c1ccccc1C2=O,7792,1,901
703,902,O=C1c2c(O)ccc([N+](=O)[O-])c2C(=O)c2c([N+](=O)[O-])ccc(O)c21,7791,1,902
704,903,O=C1c2ccccc2C(=O)c2c(O)ccc(O)c21,1117,3,903
705,904,Nc1ccc2nc3ccc(N)cc3[n+](-c3ccccc3)c2c1,7790,1,904
706,905,Nc1ccc(N)c2c1C(=O)c1cccc([N+](=O)[O-])c1C2=O,7789,1,905
707,906,O=C1c2ccccc2C(=O)c2c(Cl)cccc21,7788,1,906
708,907,O=[N+]([O-])c1c(O)c(Cl)cc(Cl)c1Cl,7787,1,907
709,908,Cc1ncc(CO)c(C(=O)O)c1O,7786,1,908
710,910,CCCC(C)C1C(=O)NC(=O)NC1=O,7785,1,910
711,911,Cc1c(Cl)cccc1[N+](=O)[O-],7784,1,911
712,912,Oc1c(I)cc(I)c2cccnc12,7783,1,912
713,915,N#CC1=C(C#N)C(=O)C(Cl)=C(Cl)C1=O,7782,1,915
714,916,O=C1c2ccc(O)cc2C(=O)c2ccc(O)cc21,7781,1,916
715,917,CCCCOC(=O)c1ccccc1C(=O)OCCCC,1851,2,917
716,918,Cn1ncnc2c(=O)n(C)c(=O)nc1-2,7780,1,918
717,920,c1ccc2c(c1)ccc1ccccc12,7779,1,920
718,921,Cn1c(=O)c2[nH]c(Cl)nc2n(C)c1=O,7778,1,921
719,922,O=C(O)c1ccccc1C(=O)c1ccc(O)cc1,7777,1,922
720,923,CNc1ccccc1C(=O)OC,7776,1,923
721,924,CN1CCC(N(Cc2cccs2)c2ccccc2)CC1,1251,2,924
722,925,CCN(CC)C(C)C=C(c1cccs1)c1cccs1,7775,1,925
723,926,N#CC(c1ccccc1)c1ccccc1,7774,1,926
724,927,C[n+]1c2cc(N)ccc2cc2ccc(N)cc21,7773,1,927
725,928,CCCCc1cc2ccccc2c(OCCN(C)C)n1,7772,1,928
726,929,Nc1cccc2cc(O)ccc12,2056,2,929
727,930,O=C1NC(=O)C(=NO)C(=O)N1,7771,1,930
728,931,CN(C)Cc1c[nH]c2ccccc12,159,8,811
729,932,O=C(O)C(O)C(O)C(=O)O,7770,1,932
730,934,O=C(O)c1ccsc1,7769,1,934
731,936,CC(=O)Nc1ccc(S(=O)(=O)O)c(N)c1,7768,1,936
732,937,CC(C)c1ccccc1O,1987,2,937
733,938,O=[N+]([O-])c1ccc(S(=O)(=O)O)c([N+](=O)[O-])c1,7767,1,938
734,939,Cc1cc(=O)n(-c2ccccc2)[nH]1,7766,1,939
735,940,O=C(O)c1cc(Br)ccc1O,7765,1,940
736,941,Nc1ccc(Cl)cc1[N+](=O)[O-],7764,1,941
737,944,CCC(C(N)=O)c1ccccc1,2061,2,944
738,945,CCC(C(=O)O)c1ccccc1,2061,2,944
739,946,O=c1c2ccccc2oc2ccccc12,7763,1,946
740,947,CN1C(CC(=O)c2ccccc2)CCCC1CC(O)c1ccccc1,1114,3,947
741,948,O=C(c1ccccc1)c1ccc(Br)cc1,7762,1,948
742,949,OC(c1ccccc1)C1CCCCC1,7761,1,949
743,950,NS(=O)(=O)c1cc2c(cc1Cl)NC(=CSCc1ccccc1)NS2(=O)=O,7760,1,950
744,951,CCN(CC)c1ccc2c(C)cc(=O)oc2c1,7759,1,951
745,952,CCOc1ccc2c(c1)C(C)=CC(C)(C)N2,7758,1,952
746,954,COc1cc(-c2ccc(N=C=O)c(OC)c2)ccc1N=C=O,7757,1,954
747,955,Cc1cc(-c2ccc(N=C=O)c(C)c2)ccc1N=C=O,7756,1,955
748,956,CN(C)CCOc1ccccc1Cc1ccccc1,1600,2,956
749,957,Cc1cc2nc3ccc(O)cc3nc2cc1N,7755,1,957
750,958,FC(F)(F)c1ccc2c(c1)Nc1ccccc1S2,7754,1,958
751,959,Cc1cc2nc3ccc(=[N+](C)C)cc-3sc2cc1N,685,4,959
752,960,Clc1ccc2c(c1)Nc1ccccc1S2,2060,2,234
753,961,Oc1cc2ccccc2cc1O,7753,1,961
754,962,c1ccc2nc3ccccc3nc2c1,7752,1,962
755,964,C=CCc1ccc(OC)c(OC)c1,2059,2,62
756,965,CC=Cc1ccc(OC)c(OC)c1,7751,1,965
757,966,COc1ccc(CC#N)cc1OC,7750,1,966
758,967,CCOc1ccc2ccccc2c1,7749,1,967
759,968,COc1ccc(CC(=O)O)cc1OC,7748,1,968
760,969,COc1cc(C)ccc1O,7747,1,969
761,970,CNCC(O)C1CCC(O)CC1,1121,3,970
762,971,CCOc1ccc(N=Nc2ccc(N)cc2N)cc1,7746,1,971
763,972,O=C(C=Cc1ccccc1)c1ccccc1,7745,1,972
764,973,O=C(OCc1ccccc1)c1cccnc1,1120,2,973
765,974,C[n+]1ccccc1C=NO,7744,1,974
766,975,CC=C(CC)C(=O)NC(N)=O,7743,1,975
767,977,c1ccc2n[nH]nc2c1,7742,1,977
768,978,c1ccc2scnc2c1,7741,1,978
769,979,Nc1nc2ccc(Cl)cc2s1,655,4,979
770,980,CC(C)(C)NSc1nc2ccccc2s1,7740,1,980
771,981,c1ccc2sc(SNC3CCCCC3)nc2c1,7739,1,981
772,982,CCCCCCCCC=CCCCCCCCC1=NCCN1CCO,7738,1,982
773,983,CCCCCCC1=CCCC1=O,7737,1,983
774,984,Nc1ccccc1O,7736,1,984
775,985,Nc1cc(Cl)ccc1Cl,7735,1,985
776,986,Cc1cc(C)c(C)cc1C,7734,1,986
777,987,Oc1cc(Cl)c(Cl)cc1Cl,1968,2,987
778,988,CCC(N)CO,7733,1,988
779,989,CCC(=O)CC,7732,1,989
780,990,CC(OP(C)(=O)F)C(C)(C)C,7731,1,990
781,991,CC(C)(C)c1ccc(O)c(C(C)(C)C)c1,1119,3,991
782,993,Cc1cc(Cc2cc(C)c(N)cc2N)c(N)cc1N,7730,1,993
783,994,Cc1cc(N=C2C=CC(=[N+](C)C)C=C2)c(N)cc1N,7729,1,994
784,997,CC(CCN(C)C)N(C)C,7728,1,997
785,998,O=Cc1ccco1,7727,1,998
786,999,C[N+](C)(C)c1ccccc1,1068,3,999
787,1001,Cc1cc(C(C)(C)C)ccc1O,1119,3,991
788,1002,CC(C)(C)c1ccc(O)c(O)c1,1119,3,991
789,1005,O=C(O)c1ccccn1,7726,1,1005
790,1006,Nc1cccc(C(=O)O)c1,1976,2,1006
791,1007,O=C(O)c1cc(O)cc(O)c1,7725,1,1007
792,1008,COC(=O)c1cc(O)c(O)c(O)c1,7724,1,1008
793,1009,O=[N+]([O-])c1cc(Br)c(O)c(Br)c1,7723,1,1009
794,1010,Nc1c(Cl)cc([N+](=O)[O-])cc1Cl,7722,1,1010
795,1011,O=[N+]([O-])c1cc([N+](=O)[O-])cc([N+](=O)[O-])c1,7721,1,1011
796,1012,O=Cc1cccc([N+](=O)[O-])c1,7720,1,1012
797,1013,CCC(C)c1ccc(O)cc1,7719,1,1013
798,1014,O=C(CBr)c1ccc(Br)cc1,7718,1,1014
799,1015,COC(=O)c1ccc(O)cc1,7717,1,1015
800,1016,CC(C)c1ccc(O)cc1,7716,1,1016
801,1017,O=C(O)c1ccc(O)cc1,7715,1,1017
802,1019,O=[N+]([O-])c1ccc(CBr)cc1,7714,1,1019
803,1020,CCN(CC)CCO,2058,1,1020
804,1021,NCC1CCCCC1,7713,1,1021
805,1023,NNc1ccccc1,1589,2,1023
806,1024,CSc1ccccc1,7712,1,1024
807,1025,CCN1CCOCC1,7711,1,1025
808,1026,c1ccc(N=C(Nc2ccccc2)Nc2ccccc2)cc1,7710,1,1026
809,1027,FC(F)(F)c1cccc(Nc2ccccc2)c1,7709,1,1027
810,1028,O=NN1CN2CN(C1)CN(N=O)C2,7708,1,1028
811,1029,C=CCOc1nc(OCC=C)nc(OCC=C)n1,7707,1,1029
812,1030,O=C1C(Cl)=CC(=NCl)C=C1Cl,7706,1,1030
813,1031,Nc1ccc(Sc2ccc([N+](=O)[O-])cc2)cc1,7705,1,1031
814,1032,c1ccc(N=Nc2ccc(Nc3ccccc3)cc2)cc1,7704,1,1032
815,1033,CC(=O)NC(=O)Nc1ccccc1,7703,1,1033
816,1034,CC(=O)Nc1cccc(N)c1,7702,1,1034
817,1035,CC(=O)OCC(COC(C)=O)OC(C)=O,1220,2,1035
818,1036,CCCCN(CCO)CCCC,437,5,1036
819,1037,c1ccc(CCc2ccccc2)cc1,7701,1,1037
820,1038,C1CN(SSN2CCOCC2)CCO1,7700,1,1038
821,1039,O=C=NC1CCCCC1,7699,1,1039
822,1040,O=C(O)CC1CCCCC1,7698,1,1040
823,1041,NCC(O)c1ccc(O)cc1,7697,1,1041
824,1042,CN1CCN(CCCCl)CC1,7696,1,1042
825,1043,COc1ccc(CC#N)cc1,7695,1,1043
826,1044,O=CCCc1ccccc1,7694,1,1044
827,1045,O=CC=Cc1ccccc1,7693,1,1045
828,1046,OCCCN1CCCCC1,382,5,1046
829,1048,CCN(CC)CCCC(C)=O,1579,2,1048
830,1049,CCN(CC)CC#CCN(CC)CC,7692,1,1049
831,1050,C#CC(O)CCC,7691,1,1050
832,1051,Cc1ccc(O)c(C)c1,7690,1,1051
833,1052,CCCI,7689,1,1052
834,1053,NCCS(=O)(=O)O,7688,1,1053
835,1056,CCOP(=O)(OCC)OP(=O)(OCC)OCC,7687,1,1056
836,1057,CCCC(=O)O,7686,1,1057
837,1058,COCC(C)O,7685,1,1058
838,1059,CC(C)CC(C)N,7684,1,1059
839,1060,CC(C)NC(C)C,7683,1,1060
840,1061,CN1CN(C)CN(C)C1,7682,1,1061
841,1062,Clc1nc(Cl)nc(Cl)n1,7681,1,1062
842,1063,NC1CCCCC1,7680,1,1063
843,1064,OC1CCCCC1,7679,1,1064
844,1065,Cc1cccnc1,7678,1,1065
845,1066,CCCCC,219,7,1066
846,1067,CCCCN,811,3,1067
847,1068,N#CCC#N,7677,1,1068
848,1069,CCN=C=O,7676,1,1069
849,1070,CC(C)=NNC(N)=O,7675,1,1070
850,1071,CC(C)CCON=O,7674,1,1071
851,1072,OCC=CCO,7673,1,1072
852,1073,CCCCNC,7672,1,1073
853,1074,CCCN=C=O,2057,1,1074
854,1075,C1CCNCC1,2054,2,1075
855,1076,C1COCCN1,7671,1,1076
856,1077,CC(C)=CCCC(C)=CCCC(C)=CCCC=C(C)CCC=C(C)CCC=C(C)C,1440,2,1077
857,1078,CCCCCCC(=O)O,31,16,47
858,1079,O=C(O)CCSCCC(=O)O,7670,1,1079
859,1080,CN(C)CCCCCCN(C)C,7669,1,1080
860,1081,CCCCCCO,691,4,850
861,1082,CCCCN=C=O,1118,3,1082
862,1083,CCCOCCC,7668,1,1083
863,1084,CCCCOCCO,308,6,1084
864,1085,CCCCCCCCC,219,7,1066
865,1086,CCCCCCCCN,811,3,1067
866,1087,CCCCCCCCO,691,4,850
867,1088,CCCCNCCCC,855,3,1088
868,1089,CCCCCCCCC(=O)O,31,16,47
869,1090,OCCOCCOCCO,7667,1,1090
870,1091,CCCCCCCCCCC(=O)O,31,16,47
871,1092,CCCCOCCOCCSC#N,7666,1,1092
872,1093,CCCCCCCCC=CCCCCCCCC(=O)O,31,16,47
873,1094,CCCCCCCCCCCCCCCCCCN=C=O,1118,3,1082
874,1095,CCCCOCCOCCOCCOCCOCCCC,308,6,1084
875,1097,CC(C)CC1NC(=O)C(CCCN)NC(=O)C(C(C)C)NC(=O)C2CCCN2C(=O)C(Cc2ccccc2)NC(=O)C(CC(C)C)NC(=O)C(CCCN)NC(=O)C(C(C)C)NC(=O)C2CCCN2C(=O)C(Cc2ccccc2)NC1=O,1099,3,1097
876,1098,ON=Cc1cc[n+](COC[n+]2ccc(C=NO)cc2)cc1,95,10,789
877,1099,OC(c1ccccc1)(c1ccccc1)C1CCNCC1,1922,2,1099
878,1100,CC[N+](C)(C)CCC(C(N)=O)(c1ccccc1)c1ccccc1,776,3,1100
879,1101,CCCCSCC1(CC)C(=O)NC(=S)NC1=O,1555,2,1101
880,1102,CCC(CC)(CO)CO,7665,1,1102
881,1103,O=C(O)CCC(=O)Nc1ccc(S(=O)(=O)Nc2nccs2)cc1,7664,1,1103
882,1104,Nc1ccc(O)c2c1C(=O)c1ccccc1C2=O,1117,3,903
883,1106,Nc1nc(=O)c2ncn(C3OC(CO)C(O)C3O)c2[nH]1,693,4,700
884,1107,C=C1N(C)c2ccccc2C1(C)C,7663,1,1107
885,1108,Nc1cccc2ccc(O)cc12,2056,2,929
886,1109,CCC=CCC(=O)NC1C(=O)N2C1SC(C)(C)C2C(=O)O,657,4,1109
887,1110,Nc1ccccc1C(=O)O,7662,1,1110
888,1111,Cc1ccc(N)cc1[N+](=O)[O-],7661,1,1111
889,1112,O=c1[nH]ncc2ccccc12,7660,1,1112
890,1113,CCCCN(CCN(CCCC)C(=O)N1CCOCC1)C(=O)N1CCOCC1,1899,2,1113
891,1114,COc1ccc(NC(C)=O)c([N+](=O)[O-])c1,7659,1,1114
892,1116,COc1ccc(C(=O)Nc2ccccc2)cc1N,7658,1,1116
893,1117,CNC(=O)Oc1ccc2c(c1)OCO2,7657,1,1117
894,1118,Cc1nc2ccccc2s1,7656,1,1118
895,1119,c1ccc2sc(SSc3nc4ccccc4s3)nc2c1,7655,1,1119
896,1120,CN1CCCC1,7654,1,1120
897,1121,O=[N+]([O-])c1cc(C(F)(F)F)ccc1Cl,7653,1,1121
898,1122,C1=CC2C=CC1C2,7652,1,1122
899,1123,CC(C)(C)CC(C)(C)c1ccc(OCCOCC[N+](C)(C)Cc2ccccc2)cc1,7651,1,1123
900,1124,O=[N+]([O-])N1CN([N+](=O)[O-])CN([N+](=O)[O-])C1,7650,1,1124
901,1125,Nc1ccc([N+](=O)[O-])cc1Cl,1912,2,1125
902,1126,O=C(O)c1cccc([N+](=O)[O-])c1,1921,2,1126
903,1127,N=C(N)c1ccc(C=Cc2ccc(C(=N)N)cc2)cc1,7649,1,1127
904,1128,CCNc1nc(Cl)nc(NCC)n1,7648,1,1128
905,1129,Oc1ccc(Nc2ccccc2)cc1,7647,1,1129
906,1130,CC(=O)C=Cc1ccccc1,2055,2,3
907,1131,O=C(O)COc1ccccc1,7646,1,1131
908,1132,OCCNc1ccccc1,7645,1,1132
909,1133,CCCCCCCCCCCCCCCC[n+]1ccccc1,264,6,1133
910,1134,CC(C)CCO,7644,1,1134
911,1135,O=C1CCC(=O)N1,7643,1,1135
912,1136,O=C=Nc1cccc(N=C=O)c1,7642,1,1136
913,1137,C1CCNC1,2054,2,1075
914,1139,NCCCCCCN,2043,2,1139
915,1141,CC1(C)C2CCC1(C)C(O)C2,7641,1,1141
916,1142,CCC(C)C(=O)OC1C(O)C2C(CN3CC(C)CCC3C2(C)O)C2CC34OC5(O)C(OC(=O)C(C)(O)C(C)O)CCC3(C)C5C(OC(C)=O)C(OC(C)=O)C4C21O,2050,2,1142
917,1143,C[N+]1(C)CCC23c4c5ccc(O)c4OC2C(O)C=CC3C1C5,2053,2,1143
918,1144,COc1ccc2c3c1OC1C(O)C=CC4C(C2)[N+](C)(C)CCC341,2053,2,1143
919,1147,C[N+]1(CCC(C(N)=O)(c2ccccc2)c2ccccc2)CCCCC1,500,4,1147
920,1148,C=CC1(C)CC(OC(=O)CO)C2(C)C(C)CCC3(CCC(=O)C32)C(C)C1O,7640,1,1148
921,1149,CCN(CC)CCOC(=O)C1(C2CCCCC2)CCCC1,2052,2,379
922,1150,O=S(=O)(O)CI,7639,1,1150
923,1151,O=S1(=O)CCCC1,7638,1,1151
924,1152,CCCCCCCCC(=O)OCC(COC(=O)CCCCCCCC)OC(=O)CCCCCCCC,209,7,801
925,1153,O=C(C(F)(F)Cl)C(F)(F)Cl,2051,2,893
926,1154,CCN1CC2(COC)C(O)CC(OC)C34C5CC6(O)C(OC)CC(OC(C)=O)(C5C6OC(=O)c5ccc(OC)c(OC)c5)C(C(OC)C23)C14,119,9,24
927,1155,CN(C)C1C(=O)C(C(N)=O)C(=O)C2(O)C(O)=C3C(=O)c4c(O)ccc(Cl)c4C(O)C3CC12,7637,1,1155
928,1157,O=S(=O)(c1ccccc1)c1ccccc1,996,3,1157
929,1159,CC(=O)C1CCC2C3CCC4CC(O)CCC4(C)C3CCC12C,993,3,1159
930,1160,CC(C)(C)c1cccc(C(C)(C)C)c1O,1984,2,1160
931,1161,CNC1C(OC2C(OC3C(O)C(O)C(NC(=N)N)C(O)C3NC(=N)N)OC(C)C2(O)CO)OC(CO)C(O)C1O,690,4,1161
932,1162,COc1cc2c(cc1O)CC1NCCc3cc(OC)c(OC)c-2c31,1002,3,1162
933,1164,CCN(CC)c1ccc([C+](c2ccc(N(CC)CC)cc2)c2ccc(S(=O)(=O)O)cc2S(=O)(=O)O)cc1,7636,1,1164
934,1165,Cc1ccc(C(=O)Nc2ccc(S(=O)(=O)O)c3cc(S(=O)(=O)O)cc(S(=O)(=O)O)c23)cc1NC(=O)c1cccc(NC(=O)Nc2cccc(C(=O)Nc3cc(C(=O)Nc4ccc(S(=O)(=O)O)c5cc(S(=O)(=O)O)cc(S(=O)(=O)O)c45)ccc3C)c2)c1,7635,1,1165
935,1166,CCC(=O)Nc1c(I)c(NC(=O)CC)c(I)c(C(=O)O)c1I,43,12,1166
936,1167,Cc1ccc2nc(-c3ccc(N)cc3)sc2c1S(=O)(=O)O,7634,1,1167
937,1168,O=C1c2ccccc2C(=O)c2c1cc(S(=O)(=O)O)c(O)c2O,7633,1,1168
938,1169,C=CCN1Cc2ccccc2-c2ccccc2C1,7632,1,1169
939,1170,CN1CCc2cc3c(cc2C(=O)Cc2ccc4c(c2C1)OCO4)OCO3,1064,3,1170
940,1171,COc1ccc(C(=O)Cc2c(CCN(C)C)cc3c(c2OC)OCO3)c(C(=O)O)c1OC,7631,1,1171
941,1172,O=C(c1ccccc1)c1ccc(O)cc1O,7630,1,1172
942,1173,O=c1nc[nH]c2c1ncn2C1OC(COP(=O)(O)O)C(O)C1O,693,4,700
943,1174,CN1CCC(OC(c2ccccc2)c2ccccc2)CC1,300,4,1174
944,1175,CCCC(C(=O)OCCN(CC)CC)c1ccccc1,1116,3,754
945,1176,N#CCc1cccc2ccccc12,7629,1,1176
946,1177,COc1cccc(OC)c1C(=O)NC1C(=O)N2C1SC(C)(C)C2C(=O)O,112,9,638
947,1178,O=C(O)CNC(=O)c1ccccc1I,7628,1,1178
948,1180,Nc1cccc(-n2ccccc2=O)c1,7627,1,1180
949,1181,CCN(CC)CC(C)(C)COC(=O)C(CO)c1ccccc1,7626,1,1181
950,1182,Nc1nc2nn[nH]c2c(=O)[nH]1,7625,1,1182
951,1183,O=C(O)CSc1ccccc1C(=O)O,7624,1,1183
952,1184,O=NN(O)c1ccccc1,7623,1,1184
953,1185,Clc1ccc(CC(=CCN2CCCC2)c2ccccc2)cc1,7622,1,1185
954,1186,COc1ccc(CNN)cc1OC,7621,1,1186
955,1187,c1ccc2c(c1)OCC(CN1CCCCC1)O2,1688,2,1187
956,1188,Nc1ccc(Nc2ccccc2)c(N)c1,7620,1,1188
957,1189,Cc1ccccc1CC(=O)OC1CC2CCC(C1)N2C,67,12,1189
958,1190,CN1C2CCC1CC(OC(=O)Cc1ccc([N+](=O)[O-])cc1)C2,67,12,1189
959,1192,Nc1nc2ccccc2s1,7619,1,1192
960,1193,CCN(CC)CCOc1ccc2nc(N(C)C)sc2c1,7618,1,1193
961,1194,Nc1ccccc1S,7617,1,1194
962,1195,CCCCCCCCC=CCCCCCCCC(=O)N(C)CCS(=O)(=O)O,7616,1,1195
963,1198,Cc1cc(Cc2ccc(N=C=O)c(C)c2)ccc1N=C=O,7615,1,1198
964,1199,CCC(=O)OCC(COC(=O)CC)OC(=O)CC,7614,1,1199
965,1200,Nc1ccc(Sc2ccc(N)cc2)cc1,7613,1,1200
966,1203,N#CCc1ccc(Cl)cc1,7612,1,1203
967,1204,CN(C)c1ccc(N=NS(=O)(=O)O)cc1,7611,1,1204
968,1205,CCN(CC)CCCC(C)N,7610,1,1205
969,1206,CCOC(=S)S,7609,1,1206
970,1207,CC(C)OC(=S)S,7608,1,1207
971,1208,O=CO,7607,1,1208
972,1209,COP(=O)(OC)OC(C)=CC(=O)N(C)C,7606,1,1209
973,1210,O=C1CSC(=S)N1,7605,1,1210
974,1211,Nc1cccc(N)n1,7604,1,1211
975,1212,O=C(O)CC(=O)O,7603,1,1212
976,1213,CCC(C)OC(=S)S,7602,1,1213
977,1214,O=c1cccc[nH]1,7601,1,1214
978,1215,CCCCCC(=O)O,31,16,47
979,1216,CCCCCCC,219,7,1066
980,1217,CCCCCCCCCCOS(=O)(=O)O,489,4,1217
981,1218,CCCCCCCCCCCC(=O)O,31,16,47
982,1219,CCCCCCNCCCCCC,855,3,1088
983,1220,CCC(C)C(=O)OC1C(O)C2C(CN3CC(C)CCC3C2(C)O)C2CC34OC5(O)C(OC(=O)C(C)(O)CC)CCC3(C)C5C(OC(C)=O)C(OC(C)=O)C4C21O,2050,2,1142
984,1221,CC12CCC(O)CC1CCC1C2CCC2(C)C(C3=CC(=O)OC3)CCC12O,2049,1,1221
985,1222,O=S1(=O)OC(c2ccc(O)cc2)(c2ccc(O)cc2)c2ccccc21,7600,1,1222
986,1224,CC(C)C(O)C(C)(C)CO,7599,1,1224
987,1225,NC(=O)CI,7598,1,1225
988,1226,O=C(O)C(=O)O,7597,1,1226
989,1227,CC(CCC(=O)O)C1CCC2C3C(=O)CC4CC(=O)CCC4(C)C3CC(=O)C12C,7596,1,1227
990,1228,Nc1ccc(O)c2c1C(=O)c1c(O)ccc(N)c1C2=O,1117,3,903
991,1229,Oc1ccc(Cl)c2c1CCC2,7595,1,1229
992,1232,NS(=O)(=O)c1cc2c(cc1C(F)(F)F)NC=NS2(=O)=O,7594,1,1232
993,1233,CN1C2CCC1CC(OC(=O)Cc1cccc(Br)c1)C2,67,12,1189
994,1234,O=C1C=C2C(=CCOC2O)O1,7593,1,1234
995,1235,CC(C)(N)Cc1ccc(Cl)cc1,7592,1,1235
996,1236,CCCCCCCCCCCCOS(=O)(=O)O,489,4,1217
997,1238,CC1CC2C3CCC4=CC(=O)C=CC4(C)C3(F)C(O)CC2(C)C1(O)C(=O)COP(=O)(O)O,1852,2,1238
998,1239,CN(C)P(=O)(OP(=O)(N(C)C)N(C)C)N(C)C,7591,1,1239
999,1240,COP(=O)(OC)SC,7590,1,1240
1000,1241,CC[N+](CC)(CCNC(=O)C(=O)NCC[N+](CC)(CC)Cc1ccccc1OC)Cc1ccccc1OC,7589,1,1241
1001,1242,CC[N+](CC)(CCNC(=O)C(=O)NCC[N+](CC)(CC)Cc1ccccc1)Cc1ccccc1,7588,1,1242
1002,1243,CC12CCC(=O)C=C1CCC1C2CCC2(C)C1CCC2(O)C(=O)CO,7587,1,1243
1003,1244,C[N+](C)(C)CCC[N+]1(C)CC2C3c4ccccc4C(c4ccccc43)C2C1,7586,1,1244
1004,1245,O=C(O)c1cc(Cl)c2c(c1O)CCC2,7585,1,1245
1005,1246,COc1cc2[nH]c(C)c(CCN3CCN(c4ccccc4)CC3)c2cc1OC,7584,1,1246
1006,1247,O=Nc1ccc(Nc2ccccc2)cc1,7583,1,1247
1007,1248,N#[N+][CH-]C(=O)CCC(N)C(=O)O,7582,1,1248
1008,1249,C1CCC2(C1)OCCS2,7581,1,1249
1009,1250,C1CCC2(CC1)CCCN2,7580,1,1250
1010,1251,C1CCC2(CC1)SCCS2,7579,1,1251
1011,1252,c1ccc2c(c1)-c1cccc3cccc-2c13,7578,1,1252
1012,1253,C1=CC2C3CCC(C3)C2C1,7577,1,1253
1013,1254,c1ccc2c(c1)nc1n2Cc2nc3ccccc3n2C1,7576,1,1254
1014,1255,c1ccc2c(c1)[nH]c1cnccc12,7575,1,1255
1015,1256,C1=Nc2ccccc2Oc2ccccc21,7574,1,1256
1016,1257,C1=CC2=CC3OCOC3=CC2=N1,7573,1,1257
1017,1258,c1cc2ccsc2cn1,2048,2,1258
1018,1259,c1cc2sccc2cn1,2048,2,1258
1019,1260,c1ccc2ocnc2c1,7572,1,1260
1020,1261,c1ccc2cccc-2cc1,2047,2,383
1021,1262,C1CC2CCC1C2,7571,1,1262
1022,1263,C1CC2CCC1CN2,7570,1,1263
1023,1264,C1CC2CCC1CNC2,7569,1,1264
1024,1266,c1cn[nH]c1,7568,1,1266
1025,1267,c1c[nH]cn1,7567,1,1267
1026,1268,C1CNCCNCCNCCNCCN1,2046,2,469
1027,1270,COP(=S)(OC)Oc1ccc([N+](=O)[O-])cc1,1115,1,1270
1028,1271,CCN(CC)CCOC(=O)N1c2ccccc2Sc2ccccc21,689,3,1271
1029,1272,c1ccc(-c2nn(-c3ccccc3)[n+](-c3ccccc3)n2)cc1,7566,1,1272
1030,1273,CC(C)CC1NC(=O)C(NC(=O)c2ncccc2O)C(C)OC(=O)C(c2ccccc2)N(C)C(=O)C(C)NC(=O)C(C(C)C(C)C)N(C)C(=O)CN(C)C(=O)C2CC(O)CN2C1=O,7565,1,1273
1031,1274,C[N+](C)(C)CCCCCCC[N+](C)(C)C,17,18,738
1032,1275,N#CC(CCN1CCC(C(N)=O)(N2CCCCC2)CC1)(c1ccccc1)c1ccccc1,7564,1,1275
1033,1276,C[N+]([O-])(CCCl)CCCl,7563,1,1276
1034,1277,O=C(O)c1c(O)cccc1O,7562,1,1277
1035,1279,CC1Cc2c(Cl)cc(C(=O)NC(Cc3ccccc3)C(=O)O)c(O)c2C(=O)O1,7561,1,1279
1036,1280,CN(C)CCCN1c2ccccc2CCc2cc(O)ccc21,688,4,292
1037,1281,COC1=C(OC)C(=O)C(CC=C(C)CCC=C(C)CCC=C(C)CCC=C(C)CCC=C(C)CCC=C(C)CCC=C(C)CCC=C(C)CCC=C(C)C)=C(C)C1=O,7560,1,1281
1038,1282,CNc1nncc2ccccc12,7559,1,1282
1039,1283,CCN(CC)CCCNc1cc(OC)cc2cccnc12,7558,1,1283
1040,1284,CC(C)(N)Cc1c[nH]c2ccccc12,7557,1,1284
1041,1285,CCN(CC)C(=O)c1ccc(O)c(OC)c1,1868,2,1285
1042,1286,C=CCc1ccc(OCC(=O)N(CC)CC)c(OC)c1,433,5,1286
1043,1287,O=[N+]([O-])c1cc(I)c(O)c(I)c1,7556,1,1287
1044,1289,ClCCN(Cc1ccco1)Cc1ccco1,7555,1,1289
1045,1290,Cc1cccc(OCC(O)CNC(C)C)c1,2045,1,1290
1046,1292,CC(C)(C)C(=O)NNCc1ccccc1,7554,1,1292
1047,1293,O=C(CCCl)NCCc1ccccc1,7553,1,1293
1048,1295,CC[N+](C)(C)CCN(C)CC[N+](C)(C)CC,7552,1,1295
1049,1296,FC1(F)C(F)(F)C(F)(F)C2(F)C(F)(F)C(F)(F)C(F)(F)C(F)(F)C2(F)C1(F)F,7551,1,1296
1050,1297,FC(F)(F)C(F)(F)C(F)(F)C(F)(F)C(F)(F)C(F)(F)C(F)(F)C(F)(F)F,7550,1,1297
1051,1299,CC[N+](CC)(CCCNC1=CC(=O)C(NCCC[N+](CC)(CC)Cc2ccccc2)=CC1=O)Cc1ccccc1,362,5,1299
1052,1300,CCOP(=O)(OCC)Oc1ccc([N+](=O)[O-])cc1,307,6,787
1053,1301,FC(F)(F)C(F)(F)C(F)(F)C(F)(F)N(C(F)(F)C(F)(F)C(F)(F)C(F)(F)F)C(F)(F)C(F)(F)C(F)(F)C(F)(F)F,7549,1,1301
1054,1302,O=[N+]([O-])c1cc(S(=O)(=O)c2ccc(F)c([N+](=O)[O-])c2)ccc1F,7548,1,1302
1055,1303,FC(F)(F)c1nc2ccccc2[nH]1,988,3,1303
1056,1304,CC(C)N(C(=N)N)C(C)C,7547,1,1304
1057,1305,COc1cccc2c1cc([N+](=O)[O-])c1c(C(=O)O)cc3c(c12)OCO3,7546,1,1305
1058,1306,CN1CCC(=C2c3ccccc3Sc3ccccc32)CC1,1100,3,1306
1059,1307,CCC1CN2CCc3cc(OC)c(OC)cc3C2CC1CC1NCCc2cc(OC)c(OC)cc21,7545,1,1307
1060,1308,O=c1[nH]c(=O)n(C2OC(CO)C(O)C2O)cc1F,1089,3,1308
1061,1309,CCN(C(=N)N)c1ccccc1,7544,1,1309
1062,1310,CN(C(=N)N)c1ccccc1,7543,1,1310
1063,1311,c1cnc2nccnc2c1,7542,1,1311
1064,1312,N=C(N)N(Cc1ccccc1)c1ccccc1,7541,1,1312
1065,1313,Nc1cc(C(F)(F)F)cc(C(F)(F)F)c1,7540,1,1313
1066,1314,CC(C)CN(CC(C)C)C(=N)N,7539,1,1314
1067,1315,N=C(N)N(Cc1ccccc1)Cc1ccccc1,7538,1,1315
1068,1316,CCCN(CCC)C(=N)N,2044,2,1316
1069,1317,CCCCN(CCCC)C(=N)N,2044,2,1316
1070,1318,CN(Cc1ccccc1)C(=N)N,7537,1,1318
1071,1319,FC(F)(F)COCC(F)(F)F,7536,1,1319
1072,1320,CCOP(=S)(OCC)Oc1cc(C)nc(C(C)C)n1,7535,1,1320
1073,1321,NCCCCN,2043,2,1139
1074,1322,CCCCCCCCCC(=O)O,31,16,47
1075,1323,NCCCCNCCCN,2042,2,486
1076,1324,FC(F)(F)C(F)(F)C1(F)C(F)(F)C(F)(F)C(F)(F)C(F)(F)C1(F)F,7534,1,1324
1077,1326,CN(C)CCOP(=O)(OCCN(C)C)c1ccc(F)cc1,723,3,1326
1078,1327,CSc1ncnc2c1ncn2C1OC(CO)C(O)C1O,1927,2,1327
1079,1328,FC(F)(F)c1cccc2c1Sc1ccccc1N2,7533,1,1328
1080,1329,O=C(Nc1cccc2ccccc12)OCCF,1741,2,1329
1081,1330,NCCc1c[nH]c2ccccc12,445,5,1330
1082,1331,O=C(c1ccc(F)cc1)c1ccc(F)cc1,7532,1,1331
1083,1332,O=[N+]([O-])c1cc(S(=O)(=O)F)ccc1Cl,7531,1,1332
1084,1333,CCNCC(O)c1cccc(F)c1,2025,2,1333
1085,1334,O=S(=O)(F)c1ccc(Cl)cc1,7530,1,1334
1086,1335,O=C(O)C(F)=Cc1ccccc1,1393,2,1335
1087,1336,FC(F)(F)CNc1ccccc1,7529,1,1336
1088,1337,CC(=CCCN1CCC2(CC1)C(=O)NCN2c1ccccc1)c1ccc(F)cc1,2041,1,1337
1089,1338,CN(C)CC(O)(c1ccccc1)c1ccc(Cl)cc1,7528,1,1338
1090,1339,C[N+](C)(C)CCC(O)(c1ccccc1)c1cccs1,7527,1,1339
1091,1340,C[N+](C)(C)CC1CCCCC1(O)c1ccc(Cl)cc1,1981,2,1340
1092,1341,CC=CC(O)(CC[N+](C)(C)C)c1ccc(OC)cc1,7526,1,1341
1093,1342,FC(F)(F)C(F)(F)OC(F)(F)C(F)(F)F,7525,1,1342
1094,1343,CCCCOC(F)(F)C(F)F,7524,1,1343
1095,1344,CCOP(=O)(O)F,7523,1,1344
1096,1345,C=CCC(O)(CC[N+](C)(C)C)c1ccc(F)cc1,1983,2,1345
1097,1346,COC(F)=C(C(F)(F)F)C(F)(F)F,7522,1,1346
1098,1347,COC(=O)C(C(F)(F)F)C(F)(F)F,7521,1,1347
1099,1348,CC(CCC(=O)NCC(=O)O)C1CCC2C3CCC4CC(O)CCC4(C)C3CC(O)C12C,1136,2,376
1100,1349,O=c1nc2cccccc-2n1Cc1ccccc1,7520,1,1349
1101,1351,Nc1c(F)cc(F)cc1[N+](=O)[O-],7519,1,1351
1102,1352,Nc1cccc(S(=O)(=O)F)c1,2022,2,1352
1103,1353,CNCCC1CCC(O)CC1,7518,1,1353
1104,1354,NCC(F)(F)C(F)(F)C(F)(F)F,7517,1,1354
1105,1355,FC(F)C(F)(F)C(F)(F)C(F)(F)C(F)(F)C(F)(F)C(F)(F)C(F)(F)C(F)(F)C(F)(F)F,7516,1,1355
1106,1358,O=C(O)C(F)F,7515,1,1358
1107,1359,C=C(C#N)C(F)(F)F,7514,1,1359
1108,1360,CC[N+](C)(CC)CCOC(=O)C1CCCC(C)[N+]1(C)C,1085,3,1360
1109,1361,O=C(Cl)c1ccccc1F,7513,1,1361
1110,1362,O=C1OC(c2ccccc2)=NC1=Cc1cccc(F)c1,2040,2,1362
1111,1363,CC(=O)Nc1cc(Cl)ccc1F,7512,1,1363
1112,1364,NC(=O)NN=C(C(F)(F)F)C(F)(F)F,7511,1,1364
1113,1365,O=C=Nc1cccc(S(=O)(=O)F)c1,7510,1,1365
1114,1366,O=C1NC(=S)SC1=Cc1ccc(F)cc1,1071,3,1366
1115,1367,Fc1cccc(N=C=S)c1,666,4,1367
1116,1368,C[N+](C)(C)CCCC(=O)O,7509,1,1368
1117,1369,N#CN,7508,1,1369
1118,1370,OC(O)C(F)(F)F,7507,1,1370
1119,1371,FC(F)(F)C(F)(F)C(F)(F)C(F)(F)C(F)(F)C(F)(F)C(F)(F)C(F)(F)C(F)(F)C(F)(F)I,2034,2,1371
1120,1372,CN1CCC23c4c5ccc(O)c4OC2CCCC3C1C5,395,5,1372
1121,1373,CC=C1CN2CCc3c([nH]c4ccccc34)C2CC1C(C(=O)OC)C1OCC2C3CC4N(CCC45c4ccccc4N1C25)CC3CC,7506,1,1373
1122,1375,COC(=O)C(F)(F)[N+](=O)[O-],7505,1,1375
1123,1377,OC(C(F)(F)Cl)C(F)(F)Cl,7504,1,1377
1124,1378,CCC(F)C(=O)O,7503,1,1378
1125,1379,CNCCC=C1c2ccccc2C=Cc2ccccc21,7502,1,1379
1126,1380,C=Cc1cncc2c1CCOC2=O,7501,1,1380
1127,1381,O=C(c1ccc([N+](=O)[O-])cc1)N(CCN1CCOCC1)c1ccccc1,687,4,1381
1128,1382,COc1ccc2c(c1)[nH]c1c(C)nccc12,7500,1,1382
1129,1383,Cc1cccc(F)c1C,7499,1,1383
1130,1385,O=C(O)c1ccccc1F,7498,1,1385
1131,1386,O=Cc1ccccc1F,7497,1,1386
1132,1387,O=C(c1ccc([N+](=O)[O-])cc1)N(CCN1CCOCC1)Cc1ccccc1,687,4,1381
1133,1388,CCC(=O)N1C2CCC1CN(CC=Cc1ccccc1)C2,7496,1,1388
1134,1389,O=C1OC(c2ccccc2)=NC1=Cc1ccc(F)cc1,2040,2,1362
1135,1390,O=C(Cc1ccccc1)c1ccccc1,7495,1,1390
1136,1391,OC(CF)CCl,7494,1,1391
1137,1392,OC(CF)CF,7493,1,1392
1138,1393,COC(=O)CF,7492,1,1393
1139,1394,OC1CCOC1,7491,1,1394
1140,1395,NC(CCS)C(=O)O,7490,1,1395
1141,1396,Nc1ccc(C(=O)O)cc1F,7489,1,1396
1142,1397,O=C(CCl)c1ccc(F)cc1,7488,1,1397
1143,1398,NNC(=O)c1ccc(F)cc1,7487,1,1398
1144,1399,O=C(O)C(F)Cc1ccccc1,7486,1,1399
1145,1401,N#CCc1ccc(F)cc1,7485,1,1401
1146,1402,Nc1cccnc1,7484,1,1402
1147,1403,N#CC#CC#CC=CC(=O)O,7483,1,1403
1148,1404,S=C(Cl)Cl,7482,1,1404
1149,1405,CC12CCC(O)CC1CCC1C2CCC2(C)C(c3ccc(=O)oc3)C(O)CC12O,447,3,627
1150,1406,CC12CCC(O)CC1CCC1C2CCC2(C)C(c3ccc(=O)oc3)CC3OC312,444,5,20
1151,1407,CC1OC(OC2C=C3CCC4C(CCC5(C)C(c6ccc(=O)oc6)CCC45O)C3(C)CC2)C(O)C(O)C1O,1690,2,1407
1152,1408,CCN1CC2(COC)C(O)CC(OC)C34C5CC6(O)C(OC)C(O)C(O)(C5C6OC(=O)c5ccccc5)C(C(OC)C23)C14,119,9,24
1153,1410,CC1CC2CC(=O)C3CCCN4CCCC2C34C1,7481,1,1410
1154,1411,COc1ccc2c3c1OC1C(=O)C=CC4C(C2)N(C)CCC314,448,5,380
1155,1412,CCOC(C(=O)N(C)CCN(C)CCc1ccccc1)(c1ccccc1)c1ccccc1,7480,1,1412
1156,1413,C=CCC1(C2C=CCCC2)C(=O)NC(=S)NC1=O,7479,1,1413
1157,1415,Oc1ccc2c(c1)C13CCCCC1C(C2)N(CCc1ccccc1)CC3,2,42,424
1158,1416,CCOC(=O)C1(c2cccc(O)c2)CCN(C)CC1,11,21,298
1159,1417,CCN(CC)CCOCCOC(=O)C(CC)(CC)c1ccccc1,2039,1,1417
1160,1418,CCC(=O)C1(c2cccc(O)c2)CCN(C)CC1,888,2,1418
1161,1419,CC(=O)OC1C(c2ccoc(=O)c2)C2(C)CCC3C(CCC4CC(O)CCC43C)C23OC13,7478,1,1419
1162,1420,CC12CCC(O)CC1(O)CCC1C2CCC2(C)C(c3ccc(=O)oc3)CC3OC312,444,5,20
1163,1422,CCOP(=O)(OCC)OC(=CCl)c1ccc(Cl)cc1Cl,7477,1,1422
1164,1423,O=S(=O)(CCCl)CCCl,7476,1,1423
1165,1424,CC(=O)OC1CC2(O)C3CCC4CC(O)CCC4(C)C3CCC2(C)C1c1ccc(=O)oc1,447,3,627
1166,1425,CC12CCC(O)CC1(O)CCC1C2CCC2(C)C(c3ccc(=O)oc3)CCC12O,444,5,20
1167,1426,O=P1(O)c2ccccc2Nc2ccccc21,7475,1,1426
1168,1427,CC(=O)C1CCC2C3CCC4CC(N)CCC4(C)C3CCC12C,2038,1,1427
1169,1428,Cc1c(C(C)C2NCC(C)CC2O)ccc2c1CC1C2CC=C2CC(OC3OC(CO)C(O)C(O)C3O)CCC21C,2037,1,1428
1170,1429,COc1ccc2c(c1O)-c1c(OC)c(OC)cc3c1C(C2)N(C)CC3,443,5,623
1171,1430,O=C1c2ccccc2-c2c3c(cc4ccnc1c24)OCO3,7474,1,1430
1172,1431,COc1cc2c(cc1OC)-c1c(OC)c(OC)cc3c1C(C2)N(C)CC3,443,5,623
1173,1432,COc1cc2c(c(OC)c1OC)-c1ccc(O)c(=O)cc1C(NC(C)=O)CC2,667,3,1432
1174,1433,COc1c(OC2OC(CO)C(O)C(O)C2O)cc2c(c1OC)-c1ccc(OC)c(=O)cc1C(NC(C)=O)CC2,2036,1,1433
1175,1434,CNC1CCc2cc(OC)c(OC)c(OC)c2-c2ccc(OC)c(=O)cc21,155,8,726
1176,1435,Cc1cc2nc3cc(C)c(N)cc3[n+](-c3ccccc3)c2cc1N,7473,1,1435
1177,1436,COc1ccc2c(c1OC)CN1CCc3cc4c(cc3C1C2O)OCO4,7472,1,1436
1178,1437,COc1cc2c(c(O)c1OC)C1Cc3ccc(OC)c(OC)c3CN1CC2,699,4,28
1179,1438,Cc1cc(=O)c2c(o1)-c1c(cc(O)c(O)c1C(=O)O)OC2,7471,1,1438
1180,1439,COc1cc2c3cc1Oc1c(OC)c(OC)cc4c1C(Cc1ccc(O)c(c1)Oc1ccc(cc1)CC3N(C)CC2)N(C)CC4,686,4,23
1181,1440,CCNC(=O)C1C=C2c3cccc4[nH]cc(c34)CC2N(C)C1,269,6,597
1182,1441,COc1ccc(-c2cc(=O)c3c(O)cc(O)cc3o2)cc1,7470,1,1441
1183,1442,Cc1cc(O)c(C(=O)O)c(O)c1,7469,1,1442
1184,1443,O=c1[nH]c(O)c([N+](=O)[O-])c(=O)[nH]1,7468,1,1443
1185,1444,c1cc2c3c(c1)CCN3CCC2,7467,1,1444
1186,1445,CC=C1CC(C)C(C)(O)C(=O)OCC2=CCN3CCC(OC1=O)C23,951,3,30
1187,1446,COC(=O)C(=C1OC(=O)C(c2ccc(OC)cc2)=C1O)c1ccccc1,2033,2,1446
1188,1447,COc1cc2c(cc1OC)C(=O)Cc1ccc3c(c1CN(C)CC2)OCO3,1064,3,1170
1189,1448,COc1cc2c(cc1O)C1Cc3ccc(OC)c(OC)c3CN1CC2,699,4,28
1190,1449,Cn1c(=O)c2ncnnc2n(C)c1=O,7466,1,1449
1191,1450,c1ccc(-c2nc(-c3ccccc3)c(-c3ccccc3)[nH]2)cc1,7465,1,1450
1192,1451,O=c1cccc2n1CC1CNCC2C1,7464,1,1451
1193,1452,CN1CCc2cc3c(cc2C1C1OC(=O)c2c1ccc1c2OCO1)OCO3,7463,1,1452
1194,1453,O=C(O)c1c(O)c(-c2ccccc2)nc2ccccc12,7462,1,1453
1195,1454,CCCCSc1ccc(C(SCCN(C)C)c2ccccc2)cc1,1891,2,1454
1196,1455,O=c1ccc2ccc(O)c(O)c2o1,7461,1,1455
1197,1456,OCC1CCCN2CCCCC12,7460,1,1456
1198,1457,CN1CC2CC(C1)c1cccc(=O)n1C2,7459,1,1457
1199,1458,Nc1ccc(C=C2C=Cc3ccccc32)cc1,7458,1,1458
1200,1459,CN(C)CCc1c[nH]c2ccc(O)cc12,205,7,1459
1201,1460,Cc1cccc(O)c1O,2026,2,1460
1202,1461,Oc1c(O)c(Br)c(Br)c(Br)c1Br,7457,1,1461
1203,1462,Cc1ccc(C(C)C)c(O)c1O,442,5,1462
1204,1463,CCCCNc1ccc(C(=O)OCCN(C)C)c(O)c1,248,4,1463
1205,1464,C[N+]1([O-])CCCC1c1cccnc1,7456,1,1464
1206,1466,O=C(C(=O)c1ccco1)c1ccco1,1075,3,1466
1207,1467,COc1cc2c(cc1OC)C(C)NCC2,7455,1,1467
1208,1468,CC(=O)N1C=C(C2CCCCN2)CCC1,7454,1,1468
1209,1469,c1ccc2c(c1)CCc1ccccc1N2,7453,1,1469
1210,1470,c1cncc(C2CCCCN2)c1,2035,2,1470
1211,1471,c1cncc(C2CCCN2)c1,2035,2,1470
1212,1472,CC#CC#CC(=O)c1ccccc1,7452,1,1472
1213,1474,CC(=O)CCC(=O)c1ccoc1,7451,1,1474
1214,1475,O=C(O)c1cc2ccccc2o1,1212,2,1475
1215,1476,NNC(=O)NN,7450,1,1476
1216,1478,O=C(O)C=C(CC(=O)O)C(=O)O,7449,1,1478
1217,1479,CC(C)c1cccc(=O)c(O)c1,7448,1,1479
1218,1480,NCC(=O)c1ccc(O)c(O)c1,7447,1,1480
1219,1481,COc1ccc(C=Cc2cc(OC)cc(=O)o2)cc1,1846,2,1481
1220,1482,O=C(O)CCc1ccc(O)cc1,7446,1,1482
1221,1483,C#CC#CC=C=CC1CCC(=O)O1,7445,1,1483
1222,1484,CCCCC(=O)CCCC,678,2,1484
1223,1485,CC(C)CCCC(C)NCCC(C)C,7444,1,1485
1224,1486,FCC1CO1,7443,1,1486
1225,1487,CC(C)CC(=O)O,7442,1,1487
1226,1488,Cc1cc(O)cc(O)c1,7441,1,1488
1227,1489,Nc1ccccn1,7440,1,1489
1228,1490,O=C(O)CC[N+](=O)[O-],7439,1,1490
1229,1491,CS(=O)(=O)CCCN=C=S,7438,1,1491
1230,1492,ClCCSCCCl,2015,2,1492
1231,1493,CCCCCCCCCCCCCCCCC(=O)O,31,16,47
1232,1494,IC(I)(I)I,7437,1,1494
1233,1496,FC(F)(F)C(F)(F)C(F)(F)C(F)(F)C(F)(F)C(F)(F)C(F)(F)C(F)(F)I,2034,2,1371
1234,1497,CC12CC(O)C3C(CCC4(O)CC(O)CC(O)C34CO)C1(O)CCC2C1=CC(=O)OC1,1134,2,456
1235,1498,COc1ccc2c3c1OC1C(=O)C=CC4(O)C(C2)N(C)CCC314,47,13,763
1236,1499,CC1CCC2N(C1)CC1C(C(O)C(O)C3(O)C1CC14OC5(O)C(O)CCC1(C)C5CC(O)C34)C2(C)O,7436,1,1499
1237,1500,CC1OC(OC2CCC3(C=O)C4CCC5(C)C(C6=CC(=O)OC6)CCC5(O)C4CCC3(O)C2)C(O)C(O)C1O,441,5,828
1238,1501,COC1CC(OC2CCC3(C=O)C4CCC5(C)C(C6=CC(=O)OC6)CCC5(O)C4CCC3(O)C2)OC(C)C1O,441,5,828
1239,1502,O=[N+]([O-])C([N+](=O)[O-])([N+](=O)[O-])[N+](=O)[O-],7435,1,1502
1240,1504,C=C1C2CC3(C1O)C1CC4C5(C)CCC(O)C4(C1N(CC)C5)C3CC2=O,1940,2,1504
1241,1505,CN1CCC23c4c5ccc(OCCN6CCOCC6)c4OC2C(O)C=CC3C1C5,448,5,380
1242,1506,CCC(CN(C)C)(C(=O)OCc1ccccc1)c1ccccc1,7434,1,1506
1243,1508,CCN(CC)CCOC(C)(c1ccccc1)c1ccc(Cl)cc1,696,4,362
1244,1511,C=C(Br)CBr,7433,1,1511
1245,1512,IC(I)=C(I)I,7432,1,1512
1246,1513,CC(C(=O)O)C(=O)O,7431,1,1513
1247,1514,O=C1CCC(=O)N1I,7430,1,1514
1248,1516,O=C(O)c1ccccc1-c1c2ccc(=O)cc-2oc2cc(O)ccc12,7429,1,1516
1249,1517,C[n+]1c(-c2ccccc2)c2cc(N)ccc2c2ccc(N)cc21,440,5,1517
1250,1518,COc1cc2c(cc1OC)C1C(C)c3ccc(OC)c(OC)c3CN1CC2,699,4,28
1251,1519,O=C1CCCC2C3CCCN4CCCC(CN12)C34,7428,1,1519
1252,1520,Cc1c2ccncc2c(C)c2c1[nH]c1ccccc12,1632,2,1520
1253,1521,Cn1c(C(=O)O)c(I)c(=O)c(I)c1C(=O)O,7427,1,1521
1254,1522,Cn1c(=O)c2c(ncn2CCO)n(C)c1=O,628,3,1522
1255,1523,CC(=O)N(C)N(C(=O)C(=O)N(C)C)c1ccccc1,7426,1,1523
1256,1526,CN(C)CCc1c[nH]c2cccc(OP(=O)(O)O)c12,7425,1,1526
1257,1527,CN(C)CCc1c[nH]c2cccc(O)c12,7424,1,1527
1258,1528,Oc1csc2ccccc12,7423,1,1528
1259,1529,COC(=O)C(=C1OC(=O)C(c2ccccc2)=C1O)c1ccccc1,2033,2,1446
1260,1530,CN(C)CCCC1c2ccccc2C=Cc2ccccc21,7422,1,1530
1261,1531,c1ccc2c(c1)Sc1ccccc1N2CCN1CCCC1,337,2,1531
1262,1532,ON=C(C(=NO)c1ccco1)c1ccco1,1075,3,1466
1263,1533,CCCCCC(=O)Cc1cc(OC)cc2c1C(=O)Oc1cc(O)c(C(=O)O)c(CC(=O)CCCCC)c1O2,7421,1,1533
1264,1534,CCCCC1C(=O)OC(C)C(NC(=O)c2cccc(NC=O)c2O)C(=O)OC(C)C1OC(=O)CC(C)C,756,3,1534
1265,1536,CC1CC(C)(O)CC(C(O)CC2CC(=O)NC(=O)C2)C1=O,7420,1,1536
1266,1537,Cc1ncc(CO)c(CN)c1O,2032,1,1537
1267,1538,O=C1c2ccccc2C(=O)N1O,7419,1,1538
1268,1539,CCN1C2CCC1CC(OC(c1ccccc1)c1ccccc1)C2,1130,3,566
1269,1541,O=Nc1c(O)c(S(=O)(=O)O)cc2cc(S(=O)(=O)O)ccc12,7418,1,1541
1270,1542,CC1(C)SC2C(NC(=O)Cc3ccc(O)cc3)C(=O)N2C1C(=O)O,7417,1,1542
1271,1543,CC1(C)SC2C(NC(=O)CCCC(N)C(=O)O)C(=O)N2C1C(=O)O,657,4,1109
1272,1544,CCCCCCCC(=O)NC1C(=O)N2C1SC(C)(C)C2C(=O)O,657,4,1109
1273,1545,O=C(Nc1ccc(O)cc1)c1ccccc1O,7416,1,1545
1274,1546,OCCc1c[nH]c2ccccc12,445,5,1330
1275,1547,Cc1cccc(O)c1C,7415,1,1547
1276,1548,O=C(O)c1cccs1,7414,1,1548
1277,1549,O=[N+]([O-])c1ncc[nH]1,7413,1,1549
1278,1550,CCC1OC(=O)C(C)C(OC2CC(C)(OC)C(O)C(C)O2)C(C)C(OC2OC(C)CC(N(C)C)C2O)C(C)(O)CC(C)C(=O)C(C)C(O)C1C,45,14,293
1279,1551,O=c1c(O)c(-c2ccc(O)c(O)c2)oc2cc(O)ccc12,2031,2,620
1280,1552,CN(Cc1cnc2nc(N)nc(N)c2n1)c1c(Cl)cc(C(=O)NC(CCC(=O)O)C(=O)O)cc1Cl,2030,2,440
1281,1553,CCCCNc1ccc(O)c(C(=O)OCCN(CC)CC)c1,306,2,1553
1282,1554,Cc1ccc2c(c1)CN1CN2Cc2cc(C)ccc21,7412,1,1554
1283,1555,Cc1ncc(COP(=O)(O)O)c(CN)c1O,7411,1,1555
1284,1557,CCN(CC)C(=O)c1ccncc1,7410,1,1557
1285,1558,CN(C)CCN(Cc1ccc(Br)cc1)c1ccccn1,446,4,361
1286,1559,OCN(CO)c1nc(N(CO)CO)nc(N(CO)CO)n1,7409,1,1559
1287,1560,C[N+](C)=c1ccc2nc3ccc(N)cc3sc-2c1,685,4,959
1288,1561,CNc1ccc2nc3ccc(=[N+](C)C)cc-3sc2c1,685,4,959
1289,1562,O=C(O)c1cc2ccccc2oc1=O,1998,2,1562
1290,1563,O=C(CCl)c1ccccc1,7408,1,1563
1291,1565,O=C(O)CNC(=O)c1ccccc1,2029,2,284
1292,1567,O=c1cccccc1O,1680,2,1567
1293,1568,O=C(O)CCCCCCCC(O)C(O)CCCCCCO,7407,1,1568
1294,1570,C=C(C)C(=O)Oc1cc(N=Nc2ccccc2)cccc1=O,7406,1,1570
1295,1571,CCCCc1ccc(C(=O)O)nc1,7405,1,1571
1296,1572,C#Cc1ccccc1,7404,1,1572
1297,1573,COc1cc(C)c(C(=O)Oc2cc(C)c(C(=O)O)c(O)c2)c(O)c1,7403,1,1573
1298,1574,CN1C2CCC1CC(OC(=O)c1ccccc1)C2,458,4,1574
1299,1577,OC1CC2CCC(C1)N2,7402,1,1577
1300,1578,CCCCCCCC(=O)OCC(COC(=O)CCCCCCC)OC(=O)CCCCCCC,209,7,801
1301,1579,N=C(N)SCc1ccccc1,7401,1,1579
1302,1580,Nc1ccc(N=Nc2ccc(N)cc2)cc1,7400,1,1580
1303,1581,CCN(CC)CCCOC(=O)C=Cc1ccccc1,7399,1,1581
1304,1582,CCCCCCCCCCCC[N+](C)(C)CCOc1ccccc1,7398,1,1582
1305,1583,CCCCc1cccnc1,1975,2,1583
1306,1584,O=C(O)CCCCCC1NC(=O)CS1,1908,2,1584
1307,1586,CCCCCCCCCCCC(=O)CCCCCCCCCCC,31,16,47
1308,1587,SCCS,7397,1,1587
1309,1588,N#CS,7396,1,1588
1310,1589,CNNC,7395,1,1589
1311,1590,C[N+](C)(C)CCCCC[N+](C)(C)C,17,18,738
1312,1591,O=C1C=CC(=O)N1,7394,1,1591
1313,1592,C[N+](C)(C)CC1CCCO1,7393,1,1592
1314,1593,CC1CCCCCCCCCCCCC(=O)C1,7392,1,1593
1315,1594,N#CCCCl,7391,1,1594
1316,1595,CCSC#N,7390,1,1595
1317,1596,NC(=O)C#CC(N)=O,7389,1,1596
1318,1597,NC(=O)C#CC#CC=CC(=O)O,7388,1,1597
1319,1598,NC(=O)C#CC#CC#CCO,7387,1,1598
1320,1599,C#CC#CC=C=CC=CC=CCC(=O)O,7386,1,1599
1321,1600,CCCCCCCCCCCCCCCCCCCCCCCCCCCCCCCC,219,7,1066
1322,1601,N#CC(Cl)(Cl)Cl,7385,1,1601
1323,1602,O=P(N1CC1)(N1CC1)N1CC1,1024,3,1602
1324,1604,CCC(=O)C(CC(C)N1CCOCC1)(c1ccccc1)c1ccccc1,7384,1,1604
1325,1606,O=C(O)c1ccccc1-c1c2cc(Br)c(=O)c(Br)c-2oc2c(Br)c(O)c(Br)cc12,7383,1,1606
1326,1607,CC1=CC2c3cccc4[nH]cc(c34)CC2N(C)C1,2028,2,1607
1327,1608,CN1CC(CO)=CC2c3cccc4[nH]cc(c34)CC21,2028,2,1607
1328,1610,CCN(CC)CCOC(=O)C1c2ccccc2-c2ccccc21,7382,1,1610
1329,1611,CCN(CC)CCSC(=O)C(c1ccccc1)c1ccccc1,7381,1,1611
1330,1612,OCC1OC(n2cnc3cncnc32)C(O)C1O,7380,1,1612
1331,1613,CCCOc1cc(N)ccc1C(=O)OCCN(CC)CC,7,23,94
1332,1614,CC1(C)SC2C(N)C(=O)N2C1C(=O)O,7379,1,1614
1333,1615,CCN(CC)CCOC(=O)c1ccc(N)cc1O,7,23,94
1334,1616,CN1C(CC(O)c2ccccc2)CCCC1CC(O)c1ccccc1,1114,3,947
1335,1617,Cc1cc2nc3ccc(N(C)C)cc3nc2cc1N,7378,1,1617
1336,1618,NNC(=O)c1cccnc1,1965,2,1618
1337,1619,CC(C)CNCCOC(=O)c1ccc(N)cc1,7377,1,1619
1338,1620,OC(CNc1ccccn1)C1CCCCC1,7376,1,1620
1339,1626,O=[N+]([O-])c1ccc(/C=N/O)o1,1072,3,1626
1340,1627,N#CCc1ccc([N+](=O)[O-])cc1,7375,1,1627
1341,1628,CCCCN(C)C(=O)Nc1ccc(Cl)c(Cl)c1,7374,1,1628
1342,1629,CCCCC/C=C/C(=O)CCc1ccc(O)c(OC)c1,7373,1,1629
1343,1630,ClCCN(CCCl)CCCl,1575,2,1630
1344,1631,CSC#N,7372,1,1631
1345,1632,N=C1NC(=O)CS1,7371,1,1632
1346,1633,BrC(Br)(Br)Br,7370,1,1633
1347,1634,CS(=O)(=O)F,7369,1,1634
1348,1636,CC1CCC2N(C1)CC1C3(O)CC4(O)C(CCC5C(=O)C(O)CCC54C)C3(O)CC(O)C1(O)C2(C)O,7368,1,1636
1349,1638,O=C(OCCN1CCCCC1)C1(C2CCCCC2)CCCCC1,7367,1,1638
1350,1639,CCN(CC)CCOC(=O)C1(c2ccc(C)c(C)c2)CCCC1,70,11,108
1351,1641,NNC(N)=O,7366,1,1641
1352,1642,CC1(C)C2CC=C(C=O)C1C2,7365,1,1642
1353,1643,CCOP(OCC)OP(=O)(OC)N1CCCCC1,2027,2,1643
1354,1644,CCOP(OCC)OP(=O)(OC)N1CCOCC1,2027,2,1643
1355,1645,CCC(O)C(C)C,7364,1,1645
1356,1646,COc1ccc(C(CN(C)C)=C(c2ccc(OC)cc2)c2ccc(OC)cc2)cc1,7363,1,1646
1357,1648,CC1CCC2C(C)C(=O)OCC12,7362,1,1648
1358,1649,OCC1OC(n2cnc3c(=S)nc[nH]c32)C(O)C1O,693,4,700
1359,1650,Cc1cccc(C)c1Br,7361,1,1650
1360,1651,Cc1cccc(C)c1O,2026,2,1460
1361,1653,CCOc1nc2c(c(=O)n(C)c(=O)n2C)n1C,1933,2,1653
1362,1654,O=c1c(O)c(-c2ccccc2)oc2ccccc12,7360,1,1654
1363,1655,O=C(O)C(Cc1cc(I)c(O)c(I)c1)c1ccccc1,7359,1,1655
1364,1656,CC(C)(C)c1ccc(O)c(-c2ccccc2)c1,7358,1,1656
1365,1658,COc1cc(C=C2CCCC(=Cc3ccc(O)c(OC)c3)C2=O)ccc1O,7357,1,1658
1366,1659,O=C(O)c1ccccc1Nc1ccccc1C(=O)O,68,12,218
1367,1660,Nc1cnc2ccccc2c1,7356,1,1660
1368,1661,[C-]#[N+]C(=Cc1ccc(O)cc1)C(=Cc1ccc(O)cc1)[N+]#[C-],947,3,1661
1369,1662,N=c1ccc2nc3ccc(N)cc3sc-2c1,685,4,959
1370,1663,CC(C)(C)NCC(O)c1cccc(F)c1,7355,1,1663
1371,1664,CCCCNCC(O)c1cccc(F)c1,2025,2,1333
1372,1665,S=c1[nH]c2ccccc2[nH]1,7354,1,1665
1373,1666,Cc1cccc(=O)c(O)c1,7353,1,1666
1374,1667,CC(=O)N1CC(=O)NC1=S,7352,1,1667
1375,1668,Cc1ccc(N=C=O)cc1N=C=O,7351,1,1668
1376,1669,OCc1ccncc1,7350,1,1669
1377,1670,OCc1ccccn1,7349,1,1670
1378,1671,CN(C)C(=O)Oc1ccc[n+](Cc2ccccc2)c1,105,9,1671
1379,1672,O=C(CCl)Nc1ccccc1,217,7,1672
1380,1673,O=S(=O)(O)c1cccc(N=Nc2ccc(Nc3ccccc3)cc2)c1,7348,1,1673
1381,1674,O=[N+]([O-])OCCN(CCO[N+](=O)[O-])CCO[N+](=O)[O-],7347,1,1674
1382,1675,C(=Cc1ccccc1)c1ccccc1,7346,1,1675
1383,1676,CCc1ccc(N)cc1,7345,1,1676
1384,1677,CCOP(OCC)OP(=O)(OC)N(C)C,7344,1,1677
1385,1678,CC(=O)OCN=[N+](C)O,7343,1,1678
1386,1680,ClSC(Cl)(Cl)Cl,7342,1,1680
1387,1681,NC(=O)C(Cl)(Cl)Cl,7341,1,1681
1388,1682,CC(C)S(=O)(=O)C(C)C,7340,1,1682
1389,1683,Cc1cc(C2(c3ccc(O)c(C)c3)OC(=O)c3ccccc32)ccc1O,7339,1,1683
1390,1684,BrC(c1ccccc1)(c1ccccc1)c1ccccc1,7338,1,1684
1391,1685,COP(=O)(OC)N(C)C,2024,1,1685
1392,1686,COP(=O)(OC)OP(=O)(OC)N1CCOCC1,2023,2,1686
1393,1687,CCN(CC)P(=O)(OC)OP(=O)(OC)OC,1113,2,1687
1394,1688,COP(=O)(OC)N1CCCCC1,7337,1,1688
1395,1689,COP(=O)(OC)N1CCOCC1,2023,2,1686
1396,1690,COP(=O)(OC)OP(=O)(OC)N(C)C,1112,3,1690
1397,1691,CCCC(C)(O)CC,7336,1,1691
1398,1692,C=C(Cl)C(=O)O,7335,1,1692
1399,1693,Nc1cccc(S(=O)(=O)c2cccc(N)c2)c1,2022,2,1352
1400,1694,O=C(O)C(O)=C(Br)Br,7334,1,1694
1401,1695,CC[n+]1c(-c2ccccc2)c2cc(N)ccc2c2ccc(N)cc21,440,5,1517
1402,1698,Cc1cn(C2OC(CO)C(O)C2O)c(=O)[nH]c1=O,2021,1,1698
1403,1699,CN(C)c1cccc2c(S(=O)(=O)Cl)cccc12,7333,1,1699
1404,1700,O=[N+]([O-])c1cc([N+](=O)[O-])c2ccccc2c1O,7332,1,1700
1405,1702,O=C(CCCCC(=O)Nc1c(I)cc(I)c(C(=O)O)c1I)Nc1c(I)cc(I)c(C(=O)O)c1I,267,6,1702
1406,1703,Nc1c([N+](=O)[O-])cccc1[N+](=O)[O-],7331,1,1703
1407,1704,CCOc1ccc2c(c1)c(C)cc(C)[n+]2CC,7330,1,1704
1408,1705,CC[n+]1c(C)ccc2ccccc21,7329,1,1705
1409,1706,N#Cc1cn(C2OC(CO)C(O)C2O)c2ncnc(N)c12,1812,2,1706
1410,1707,O=C(O)C=C(c1ccccc1)c1ccccc1,7328,1,1707
1411,1708,CC[n+]1c(C)ccc2cc(C)ccc21,7327,1,1708
1412,1709,CN(C)CCCNC(=O)COc1ccc2c(=O)cc(-c3ccccc3)oc2c1,2020,2,1709
1413,1710,Oc1c(I)cc(I)cc1I,7326,1,1710
1414,1711,CCC(CC)C(C)O,7325,1,1711
1415,1713,O=C(COc1ccc2c(=O)cc(-c3ccccc3)oc2c1)NCCCNC1CCCCC1,2020,2,1709
1416,1714,COC1=CC(=O)C=C(C)C1=O,7324,1,1714
1417,1715,O=C(O)C(=O)c1ccccc1,7323,1,1715
1418,1716,ClCc1ccccc1CCl,7322,1,1716
1419,1717,N#Cc1ccccc1CCl,7321,1,1717
1420,1718,COC1=CC(=O)C(C)=CC1=O,7320,1,1718
1421,1719,NC(=S)NC(=O)c1ccccc1,7319,1,1719
1422,1720,O=C(O)C=Cc1ccccc1O,7318,1,1720
1423,1721,CCOC(=O)c1ccco1,7317,1,1721
1424,1722,O=C1Cc2ccccc2C1,7316,1,1722
1425,1723,Cc1nc2ccccc2[nH]1,7315,1,1723
1426,1724,Nc1cc(Cl)ccc1S,7314,1,1724
1427,1725,O=C1CCCN1,1109,3,105
1428,1726,CCN(CC)CC(=O)Nc1c(C)cc(C)cc1C,920,3,1726
1429,1727,CCOC(=O)OCCC(SC(=O)OCC)=C(C)N(C=O)Cc1cnc(C)nc1N,569,2,1727
1430,1728,CCOC(=O)SC(CCO)=C(C)N(C=O)Cc1cnc(C)nc1N,207,7,799
1431,1729,CCOC(=O)c1ccc(O)c(OC)c1,1953,2,1729
1432,1730,O=C(O)c1cc(I)c(O)c(I)c1,754,3,1730
1433,1731,CN(C)c1ccc(C(=O)O)cc1,7313,1,1731
1434,1732,O=C1C(Cl)=CC(=Nc2ccc(O)cc2)C=C1Cl,7312,1,1732
1435,1733,CC(C)CC(=O)OCC(COC(=O)CC(C)C)OC(=O)CC(C)C,7311,1,1733
1436,1734,CCCCCCC(=O)OCC(COC(=O)CCCCCC)OC(=O)CCCCCC,209,7,801
1437,1736,N#CCc1cccc([N+](=O)[O-])c1,7310,1,1736
1438,1737,CCCCCC(=O)OCC(COC(=O)CCCCC)OC(=O)CCCCC,209,7,801
1439,1738,CCCCCCCCCC(=O)OCC(COC(=O)CCCCCCCCC)OC(=O)CCCCCCCCC,209,7,801
1440,1739,c1ccc(Cc2nc3ccccc3[nH]2)cc1,7309,1,1739
1441,1740,OC(COc1ccccc1)COc1ccccc1,1672,2,1740
1442,1741,OCCN1CCOCC1,1943,2,1741
1443,1742,CC(=O)Nc1ccc(I)cc1,7308,1,1742
1444,1743,CCN(CC)CCCO,437,5,1036
1445,1744,C=Cc1ccc(C)cc1,7307,1,1744
1446,1746,CCOP(=O)(OCC)OP(=O)(OC)N(CC)CC,1112,3,1690
1447,1747,CCOP(=O)(OCC)OP(=O)(OC)N(C)C,1112,3,1690
1448,1748,Nc1cccc(I)c1,7306,1,1748
1449,1749,ClCc1cccc(CCl)c1,7305,1,1749
1450,1750,O=Cc1cccc(C=O)c1,7304,1,1750
1451,1751,N#CCc1cccc(CC#N)c1,2003,2,1751
1452,1752,Nc1nc(=S)cc(S)[nH]1,7303,1,1752
1453,1753,CC(C)CCCO,7302,1,1753
1454,1754,CC(=O)OCOC(C)=O,7301,1,1754
1455,1755,N#CCCCCCCC#N,7300,1,1755
1456,1756,CCCCCCCCCCCCC,219,7,1066
1457,1757,CCCCCCCCCCCCCCC,219,7,1066
1458,1758,CCCCCCCOCCCCCCC,308,6,1084
1459,1759,CCCCCCCCOCCCCCCCC,308,6,1084
1460,1761,OC(c1ccc(Cl)cc1)(c1ccc(Cl)cc1)C(F)(F)F,7299,1,1761
1461,1762,C=CCP(=O)(OC=C(Cl)Cl)OCCC,2019,2,1762
1462,1763,C=CCP(=O)(OC=C(Cl)Cl)OCCCCCC,2019,2,1762
1463,1764,CN(C)C(=O)N(C)C,7298,1,1764
1464,1766,CC[n+]1cccc2ccccc21,7297,1,1766
1465,1767,COc1cc(C(=O)N2CCOCC2)cc(OC)c1OC,2018,1,1767
1466,1768,COc1ccc(CCN)cc1OC,1111,3,1768
1467,1769,O=Cc1cc(Cl)ccc1O,7296,1,1769
1468,1770,Cn1cc(NC(=O)c2cc(NC(=O)c3cc(NC=O)cn3C)cn2C)cc1C(=O)NCCC(=N)N,755,3,1770
1469,1771,NNC(=O)c1ccc([N+](=O)[O-])cc1,7295,1,1771
1470,1772,CCCC1CCCCN1,7294,1,1772
1471,1773,S=CNc1ccccc1,7293,1,1773
1472,1774,CCCCOc1ccc(OCCCN2CCOCC2)cc1,2017,1,1774
1473,1775,S=c1[nH]c(=S)[nH]c(=S)[nH]1,7292,1,1775
1474,1776,CCCCCCCCCCCCC(=O)O,31,16,47
1475,1778,CC12CCC3C(CC=C4CC(OS(=O)(=O)O)CCC43C)C1CCC2=O,7291,1,1778
1476,1779,Cn1c(=O)c2c(ncn2CC(=O)O)n(C)c1=O,2016,1,1779
1477,1780,OC1COC2C(O)COC12,7290,1,1780
1478,1781,CCCC(=O)c1ccc2c(c1)N(CCCN1CCN(C)CC1)c1ccccc1S2,39,15,230
1479,1782,O=CNc1cccc(C(F)(F)F)c1,7289,1,1782
1480,1783,Cc1ccc(S(=O)(=O)O)cc1,7288,1,1783
1481,1784,CCNCC,7287,1,1784
1482,1785,C=CCP(=O)(CC=C)OC(C)C,1914,2,1785
1483,1786,C=CCP(=O)(CC=C)OCCC,1110,3,1786
1484,1787,C=CCP(=O)(CC=C)OCCCCC,1110,3,1786
1485,1788,CCN(CC)CCOC(=O)N(C1CCCCC1)C1CCCCC1,7286,1,1788
1486,1789,Cc1cccc(C)c1OCC[N+](C)(C)C,1830,2,1789
1487,1790,N#CC(C#N)=C(C#N)C#N,7285,1,1790
1488,1791,CCc1ccc(OC)c(NC(=O)CC(C)N2CCOCC2)c1,682,2,1791
1489,1792,CCc1ccc(C)c(NC(=O)CN2CCOCC2)c1,303,4,1792
1490,1793,O=c1nc[nH]cc1F,7284,1,1793
1491,1794,CCOC(=O)N1CC1,684,3,1794
1492,1795,NS(=O)(=O)c1ccc(Cl)c(S(N)(=O)=O)c1,7283,1,1795
1493,1796,CCc1ccc(C)c(NC(=O)CN(CC)CC)c1,156,8,1796
1494,1797,CCc1ccc(C)c(NC(=O)CCCN(CC)CC)c1,163,5,1797
1495,1798,COc1cc(C)oc(=O)c1,7282,1,1798
1496,1799,CCNc1nc(NCC)nc(OC)n1,7281,1,1799
1497,1800,NC(=O)OCCCc1ccccc1,7280,1,1800
1498,1801,O=C1CCCCN1,1109,3,105
1499,1802,CP(=O)(F)F,7279,1,1802
1500,1803,CN(C)P(=O)(N(C)C)N(C)C,7278,1,1803
1501,1805,CCOP(OCC)OP(=O)(OCC)OCC,683,4,1805
1502,1807,COC(=O)C(=C(F)F)C(F)(F)F,7277,1,1807
1503,1808,C=C(Cl)C(=O)OCC,7276,1,1808
1504,1809,CC(=O)NNC(=O)CS,7275,1,1809
1505,1810,CC(C)N=C=NC(C)C,7274,1,1810
1506,1811,CCCCCCC(C)N,7273,1,1811
1507,1812,OCCSCCCl,2015,2,1492
1508,1813,CCCCCOCCCCC,308,6,1084
1509,1814,O[n+]1ccccc1,7272,1,1814
1510,1815,CCOP1OCCO1,7271,1,1815
1511,1816,Cc1ccnc(N)c1,7270,1,1816
1512,1817,CC1(C)OC(=O)NC1=O,7269,1,1817
1513,1819,COc1ccc(S)cc1,7268,1,1819
1514,1820,Nc1c(Cl)cc(I)cc1Cl,7267,1,1820
1515,1821,Clc1ccc2n[nH]cc2c1,7266,1,1821
1516,1822,Nc1cccc(=O)c(O)c1,7265,1,1822
1517,1823,CSC(=S)Nc1ccccc1,7264,1,1823
1518,1824,CCC1(CC)COC(=O)NC1=O,7263,1,1824
1519,1825,CN(C)c1ccccc1N(C)C,7262,1,1825
1520,1826,N=C(N)NCc1ccccc1F,7261,1,1826
1521,1827,CC(=O)CC(=O)Nc1nccs1,1978,2,1827
1522,1828,O=[N+]([O-])C=Cc1ccc(F)cc1,7260,1,1828
1523,1829,CCCCCCC1CCC(=O)O1,7259,1,1829
1524,1832,CC(N)Cc1c[nH]c2ccc(F)cc12,431,5,1832
1525,1833,Nc1nc(=O)c2nc(CO)cnc2[nH]1,7258,1,1833
1526,1834,O=Cc1cc2c(cc1[N+](=O)[O-])OCO2,7257,1,1834
1527,1835,Cn1c(=O)c2c(n(C)c1=O)=NC(C)(C)N=2,7256,1,1835
1528,1836,Nc1ncnc2c1ncn2C1CCCC1,7255,1,1836
1529,1837,c1ccc(-c2nc3ccccc3s2)nc1,7254,1,1837
1530,1838,O=C(C=Cc1ccco1)c1ccccc1,7253,1,1838
1531,1839,COCc1c(C#N)c(Cl)nc(C)c1[N+](=O)[O-],7252,1,1839
1532,1840,CC1=NS(=O)(=O)c2ccc(C(F)(F)F)cc2N1,7251,1,1840
1533,1841,c1ccc(-c2nnc(-c3ccccc3)o2)cc1,7250,1,1841
1534,1842,CCN(CC)CCCNC(=S)Nc1ccccc1,679,4,1842
1535,1844,O=C(NNC(=O)c1ccc(F)cc1)c1ccccc1,1108,3,1844
1536,1845,CCc1ccc(F)c(NC(=O)CCCN(CC)CC)c1,163,5,1797
1537,1846,CCc1ccc(Cl)c(NC(=O)CC(C)N(CC)CC)c1,2010,2,1846
1538,1847,COc1ccc(C(C#N)=C2C=CC(=NO)C(C)=C2Cl)cc1,7249,1,1847
1539,1848,CCc1ccc(Cl)c(NC(=O)CC(C)N2CCOCC2)c1,682,2,1791
1540,1849,CCc1ccc(F)c(NC(=O)CC(C)N2CCOCC2)c1,303,4,1792
1541,1850,CCc1ccc(Cl)c(NC(=O)CCCN2CCOCC2)c1,681,2,1850
1542,1851,CCc1ccc(F)c(NC(=O)CCCN2CCOCC2)c1,303,4,1792
1543,1852,C=CC(C)=CC(C)C(=O)CC(O)CC1CC(=O)NC(=O)C1,1629,2,1852
1544,1853,COc1cc(C(=O)Nc2ccccc2C)cc(OC)c1OC,1954,2,1853
1545,1854,O=C(CCN1CC1)NCCCCCCNC(=O)CCN1CC1,7248,1,1854
1546,1855,CCCCCC(O)C=CC1C(O)CC(=O)C1CCCCCCC(=O)O,2014,1,1855
1547,1857,CC=CC(=O)OC12C=CC(=O)C3Oc4c(OC)ccc5c4C31CCN(C)C2C5,47,13,763
1548,1858,CC(=O)NCC1(c2ccccc2)CCN(CC2COc3ccccc3O2)CC1,7247,1,1858
1549,1859,O=C(CCCN1CCC2(CC1)C(=O)NCN2c1ccccc1)c1ccc(F)cc1,41,14,1859
1550,1860,COc1ccc2c3c1OC1C(=O)C=CC4(OC(=O)Cc5ccccc5)C(C2)N(C)CCC314,47,13,763
1551,1861,COc1ccc2c3c1OC1C(=O)C=CC4(OC(=O)C=Cc5ccccc5)C(C2)N(C)CCC314,47,13,763
1552,1864,COP(C)(=O)OC,7246,1,1864
1553,1865,C=CCP(=O)(CC=C)OCC,1110,3,1786
1554,1866,CCC(=O)N(C)C,7245,1,1866
1555,1867,CCCN(CCC)C(=O)SCC,7244,1,1867
1556,1868,CCCC(=O)N(C)C,118,9,1868
1557,1869,C=CCC(=C)C,7243,1,1869
1558,1870,ClCC=CCCl,7242,1,1870
1559,1871,N#CC=CC#N,7241,1,1871
1560,1872,CCCCCCCCCCCCCBr,7240,1,1872
1561,1873,CCN1CCCCC1,7239,1,1873
1562,1874,O=c1cccccc1Cl,7238,1,1874
1563,1875,O=CNC1CCCCC1,7237,1,1875
1564,1876,C#Cc1ccc(C)cc1,7236,1,1876
1565,1877,Nc1cccc2nsnc12,7235,1,1877
1566,1878,CC1(C)CCCC(C)(C)N1,1235,2,1878
1567,1879,Fc1c(F)c(F)c(S)c(F)c1F,7234,1,1879
1568,1880,OC(N1CC1)(C(F)(F)F)C(F)(F)F,7233,1,1880
1569,1881,Cc1cc(C)c(S(=O)(=O)Cl)c(C)c1,7232,1,1881
1570,1882,CCOC(=O)c1c[nH]c(=S)nc1N,7231,1,1882
1571,1884,CC(=Cc1ccc(F)cc1)[N+](=O)[O-],7230,1,1884
1572,1886,CCCCOS(=O)(=O)c1ccc(C)cc1,7229,1,1886
1573,1887,CCOC(=O)Cc1c[nH]c2ccccc12,1199,2,1887
1574,1889,Clc1ccc(C(Cl)c2ccc(Cl)cc2)cc1,7228,1,1889
1575,1890,O=C(NNC(=O)c1ccccc1)c1ccccc1,1108,3,1844
1576,1891,CCc1ccc(F)c(NC(=O)CN(CC)CC)c1,156,8,1796
1577,1892,Oc1ccc(C2(c3ccc(O)cc3)CCCC2)cc1,7227,1,1892
1578,1894,CC(=O)c1ccc(CCc2ccc(C(C)=O)cc2)cc1,7226,1,1894
1579,1895,COc1ccc(C(=O)OC(=O)c2ccc(OC)cc2)cc1,7225,1,1895
1580,1896,CCc1ccc(C)c(NC(=O)CCCN2CCOCC2)c1,681,2,1850
1581,1897,Cc1ccc(P(=O)(c2ccc(C)cc2)c2ccc(C)cc2)cc1,7224,1,1897
1582,1899,CCOC(=O)COc1ccc2c(C)c(CCN(CC)CC)c(=O)oc2c1,7223,1,1899
1583,1900,CC(=C(CCO)SSCC1CCCO1)N(C=O)Cc1cnc(C)nc1N,207,7,799
1584,1901,CC(=O)NCC1(c2ccccc2)CCN(CCCC(=O)c2ccc(F)cc2)CC1,2013,1,1901
1585,1903,CCCCP(=O)(CCCC)CCCC,90,10,1903
1586,1904,C=CC(=O)Cl,7222,1,1904
1587,1905,CC(N)C(O)C(Cl)(Cl)Cl,7221,1,1905
1588,1906,C=CCNC(=S)OCC,7220,1,1906
1589,1907,CCCCCCCC(=O)CCCCCCC,31,16,47
1590,1908,O=S(=O)(O)CS(=O)(=O)O,7219,1,1908
1591,1909,ClCC#CCCl,7218,1,1909
1592,1910,O=C=NCCCCCCN=C=O,1118,3,1082
1593,1911,Cc1ncoc1CCCl,979,3,1911
1594,1912,Nc1nc(N)nc(F)n1,7217,1,1912
1595,1913,c1ccc(C2CCCCC2)cc1,7216,1,1913
1596,1914,NNc1c(F)c(F)c(F)c(F)c1F,7215,1,1914
1597,1915,CC(=O)Oc1ccc([N+](=O)[O-])cc1,7214,1,1915
1598,1916,CN(C)Cc1c[nH]c2ccc(Br)cc12,213,5,1916
1599,1917,Cc1nc2c(c(=O)n(C)c(=O)n2C)n1C,7213,1,1917
1600,1918,CC(C)(N)Cc1c[nH]c2ccc(Br)cc12,2012,2,1918
1601,1919,CC(C)(N)Cc1c[nH]c2ccc(Cl)cc12,2012,2,1918
1602,1920,CCc1ccc(F)c(NC(=O)CCN(CC)CC)c1,439,1,1920
1603,1921,CC(=O)N(c1ccccc1)c1cccc(C(F)(F)F)c1,7212,1,1921
1604,1922,CNCCC=C1c2ccccc2CSc2ccccc21,25,15,79
1605,1923,O=S(c1cc(Cl)cc(Cl)c1O)c1cc(Cl)cc(Cl)c1O,7211,1,1923
1606,1924,CCC(=O)C(CCN(C)C)(c1ccccc1)c1ccccc1,317,5,1924
1607,1925,COc1ccc2c(c1O)C13CCN(C)C(C2)C1CCC(=O)C3,680,4,1925
1608,1926,CN1CCCN(C(c2ccccc2)c2ccc(Cl)cc2)CC1,7210,1,1926
1609,1929,N#CC(=C1C=CC(=NO)c2ccccc21)c1ccc(Cl)cc1,7209,1,1929
1610,1931,NC(CC(O)(c1ccccc1)c1ccccc1)c1ccccc1,1856,2,1931
1611,1932,N=C(Nc1ccccc1)SCCCSC(=N)Nc1ccccc1,413,5,1932
1612,1933,N=C(Nc1cccc(Cl)c1)SCCSC(=N)Nc1cccc(Cl)c1,2011,2,1933
1613,1934,N=C(Nc1ccccc1)SCCCCCSC(=N)Nc1ccccc1,413,5,1932
1614,1936,COc1ccc(OC)c(C(O)(CC(C)N2CCCCC2)c2ccccc2)c1,7208,1,1936
1615,1937,CCCC1CC(C(=O)NC(C(C)O)C2OC(SC)C(O)C(O)C2O)N(C)C1,7207,1,1937
1616,1938,O=C(C=P(c1ccccc1)(c1ccccc1)c1ccccc1)c1ccccc1,7206,1,1938
1617,1939,CC(=O)C1(O)C(N2CCOCC2)CC2C3CCC4CC(O)CCC4(C)C3C(=O)CC21C,7205,1,1939
1618,1940,COC(=O)C1C2CC3c4[nH]c5ccc(OC)cc5c4CCN3CC2CC(OC(=O)c2cc(OC)c(OC)c(OC)c2)C1OC,158,8,253
1619,1941,CC(C)CC1NC(=O)C(CCCN)NC(=O)C(C(C)C)NC(=O)C(Cc2ccc(O)cc2)NC(=O)C(CCC(N)=O)NC(=O)C(CC(N)=O)NC(=O)C(Cc2ccccc2)NC(=O)C(Cc2c[nH]c3ccccc23)NC(=O)C2CCCN2C(=O)C(Cc2ccccc2)NC1=O,1099,3,1097
1620,1942,CCOP(=O)(OCC)C(Cl)(Cl)Cl,7204,1,1942
1621,1943,CCCCP(=O)(O)CCCC,1107,1,1943
1622,1944,N#CCC(=N)C(C#N)C#N,7203,1,1944
1623,1946,CCN(CC)CCCl,7202,1,1946
1624,1947,O=C(CCCCSCCBr)NCCNC(=O)CCCCSCCBr,7201,1,1947
1625,1948,O=C(CSCCCl)NCCNC(=O)CSCCCl,7200,1,1948
1626,1949,CCCCOP(N)(=O)OCCCC,7199,1,1949
1627,1950,C=C(Br)CNCC,7198,1,1950
1628,1951,CCCCOC(=S)S,296,6,1951
1629,1952,C=C1CN1CC,7197,1,1952
1630,1953,CN1CCCC1=O,7196,1,1953
1631,1954,CC=Cc1ccccc1,7195,1,1954
1632,1955,Cc1ccc(C(=O)Cl)cc1,7194,1,1955
1633,1956,Cc1ncc(CS)c(CO)c1O,96,10,482
1634,1957,C[N+](C)(C)CC1(CO)COCOC1,7193,1,1957
1635,1958,C=CCNC(=S)Nc1ccccn1,7192,1,1958
1636,1959,CC1(C)CCSC(c2ccccc2)=N1,7191,1,1959
1637,1960,c1cc[n+](CC[n+]2ccccc2)cc1,264,6,1133
1638,1961,OCC(CO)(CO)COc1ccccc1Cl,7190,1,1961
1639,1962,CN(C)C(C#N)c1cccc2ccccc12,7189,1,1962
1640,1963,O=C(CCN1CCCCC1)c1ccccc1,1103,2,1963
1641,1964,Oc1ccccc1C=Nc1ccc(Br)cc1,7188,1,1964
1642,1965,S=C(Nc1ccccc1)Nc1ccccn1,323,5,1965
1643,1966,C[N+](C)(C)c1ccc([N+]#N)cc1,7187,1,1966
1644,1967,CCN(CC)CCNC(=S)Nc1ccccc1,679,4,1842
1645,1968,CN(C)CCCC(c1ccccc1)c1ccccc1,1087,3,1968
1646,1970,COc1ccc(C=CC(=O)CCN2CCCCC2)cc1,7186,1,1970
1647,1971,O=C1NCCc2c1[nH]c1ccc(SCc3ccccc3)cc21,7185,1,1971
1648,1972,NC(=S)Nc1ccccc1CCC1(NC(N)=S)C=CC=CC1,7184,1,1972
1649,1974,N=C(Nc1cccc(Cl)c1)SCCCCSC(=N)Nc1cccc(Cl)c1,2011,2,1933
1650,1975,COC(=O)C1=C(C(=O)OC)C(C(=O)OC)N2C=C(C)C=CC2=C1C(=O)OC,7183,1,1975
1651,1976,CCCC(=O)OC12C=CC(=O)C3Oc4c(OC)ccc5c4C31CCN(C)C2C5,47,13,763
1652,1978,CCCCCCCCCC(=O)OC12C=CC(=O)C3Oc4c(OC)ccc5c4C31CCN(C)C2C5,47,13,763
1653,1979,OC(C(F)(F)F)(C(F)(F)F)C(O)(C(F)(F)F)C(F)(F)F,7182,1,1979
1654,1980,C=C(Cl)C#N,7181,1,1980
1655,1981,OC(C(F)(F)F)C(F)(F)F,7180,1,1981
1656,1982,C#CC(=O)OC,7179,1,1982
1657,1983,NNC(=O)CCCCCCCCC(=O)NN,1949,2,1983
1658,1985,CCCCCC(=O)CCCCC,678,2,1484
1659,1986,C#CCCO,7178,1,1986
1660,1987,O=C(O)C#CC(=O)O,7177,1,1987
1661,1988,N#CC1(O)CCCCC1,1937,2,1988
1662,1989,CC(=O)N1CCCC1=O,7176,1,1989
1663,1990,IC#Cc1ccccc1,7175,1,1990
1664,1991,Nc1nc(Cl)nc(Cl)n1,7174,1,1991
1665,1993,Nc1nc2ccccc2[nH]1,7173,1,1993
1666,1994,C1=C(N2CCOCC2)CCC1,7172,1,1994
1667,1995,N#CCCN1CCCCCC1,139,8,1995
1668,1996,CC(O)CSc1ccccc1,7171,1,1996
1669,1997,C[n+]1cccc2cccc(O)c21,7170,1,1997
1670,1998,CCC(=O)c1cc(O)ccc1O,7169,1,1998
1671,1999,c1ccc(-c2ccncc2)cc1,7168,1,1999
1672,2000,O=C(Cl)C1CC1c1ccccc1,7167,1,2000
1673,2001,CNCCc1c[nH]c2ccccc12,185,7,2001
1674,2002,Nc1ncc(-c2ccccc2)nn1,7166,1,2002
1675,2006,O=CC(c1ccccc1)c1ccccc1,7165,1,2006
1676,2007,COc1ccc(C(=N)NOC(C)=O)cc1,7164,1,2007
1677,2008,NC(Cc1ccc([N+](=O)[O-])cc1)C(=O)O,7163,1,2008
1678,2009,COP(=O)(OC)Oc1ccc([N+](=O)[O-])cc1,307,6,787
1679,2010,CC1(C)CCCC(C)(C)N1Cc1ccccc1,7162,1,2010
1680,2011,CCCNC(C)(C)COC(=O)c1ccccc1,804,3,2011
1681,2012,CN(CSc1ccc(Cl)cc1)c1ccccc1,7161,1,2012
1682,2013,CN(C)c1ccc(CSc2ccccc2)cc1,1518,2,2013
1683,2014,c1ccc(C2(N3CCCCC3)CCCCC2)cc1,340,5,2014
1684,2015,CN(C)CCN(Cc1ccsc1)c1ccccn1,446,4,361
1685,2016,Cc1c(Cl)cccc1N=C=Nc1cccc(Cl)c1C,7160,1,2016
1686,2017,O=[N+]([O-])c1ccc(Nc2ccccc2)c([N+](=O)[O-])c1,869,3,2017
1687,2018,CN1CCC(c2nc3c([nH]2)c(=O)n(C)c(=O)n3C)CC1,459,4,2018
1688,2019,c1ccc2sc(CCc3nc4ccccc4s3)nc2c1,7159,1,2019
1689,2020,CCc1ccc(F)c(NC(=O)CC(C)N(CC)CC)c1,2010,2,1846
1690,2021,CCN(CC)CC#CC(O)(c1ccccc1)c1ccco1,1106,3,2021
1691,2022,CCN(CC)CC#CC(O)(c1ccccc1)c1cccs1,1106,3,2021
1692,2023,CN(C)CCCN1Cc2ccccc2Cc2ccccc21,7158,1,2023
1693,2024,CCN(CC)CC#CC(O)(c1ccccc1)c1ccccc1,1106,3,2021
1694,2025,OC(C#CCN1CCCC1)(c1ccccc1)c1ccccc1,1151,2,2025
1695,2027,OC(CC(c1ccccc1)c1ccccc1)CN1CCCC1,676,4,2027
1696,2028,O=C(CC(c1ccccc1)c1ccccc1)CN1CCCC1,1105,3,2028
1697,2029,OC(C=C(c1ccccc1)c1ccccc1)CN1CCCC1,1104,3,2029
1698,2031,OC(CCCN1CCOCC1)(c1ccccc1)c1ccccc1,677,1,2031
1699,2032,COc1cc2c(c(OC)c1OC)C(CCC(=O)O)C(=O)CCC2,1206,2,2032
1700,2033,OC(CC(c1ccccc1)c1ccccc1)CN1CCCCC1,676,4,2027
1701,2034,O=C(CC(c1ccccc1)c1ccccc1)CN1CCCCC1,1105,3,2028
1702,2035,OC(C=C(c1ccccc1)c1ccccc1)CN1CCCCC1,1104,3,2029
1703,2036,OC(CC(c1ccccc1)c1ccccc1)CN1CCOCC1,676,4,2027
1704,2037,O=C(CC(c1ccccc1)c1ccccc1)CN1CCOCC1,1105,3,2028
1705,2038,OC(C=C(c1ccccc1)c1ccccc1)CN1CCOCC1,1104,3,2029
1706,2040,CN(C)P1(N(C)C)=NP(N(C)C)(N(C)C)=NP(N(C)C)(N(C)C)=N1,1999,2,2040
1707,2042,COc1ccc2c3c1OC1C(=O)C=CC4(OC(C)=O)C(C2)N(C)CCC314,47,13,763
1708,2043,CCC(=O)OC12C=CC(=O)C3Oc4c(OC)ccc5c4C31CCN(C)C2C5,47,13,763
1709,2045,COC(=O)C1=C(C(=O)OC)C2C(C)=CC=CN2C(C(=O)OC)=C1C(=O)OC,7157,1,2045
1710,2046,c1ccc(C(Cc2noc(CCN3CCCCC3)n2)c2ccccc2)cc1,7156,1,2046
1711,2047,COC(=O)C1=C(C(=O)OC)C2C(C)=CC(C)=CN2C(C(=O)OC)=C1C(=O)OC,7155,1,2047
1712,2048,CCOc1ccc(CC2=NCCc3cc(OCC)c(OCC)cc32)cc1OCC,305,6,2048
1713,2049,CCOc1ccc(Cc2nccc3cc(OCC)c(OCC)cc23)cc1OCC,2009,2,33
1714,2050,CCOc1ccc2ccccc2c1C(=O)NC1C(=O)N2C1SC(C)(C)C2C(=O)O,7154,1,2050
1715,2051,CC1(C)SC2C(NC(=O)c3nc4ccccc4nc3C(=O)O)C(=O)N2C1C(=O)O,112,9,638
1716,2054,CC(=C(CCOP(=O)(O)O)SSC(CCOP(=O)(O)O)=C(C)N(C=O)Cc1cnc(C)nc1N)N(C=O)Cc1cnc(C)nc1N,207,7,799
1717,2056,C[N+](C)(C)CCCl,7153,1,2056
1718,2059,CCCCCCCCCCCCCCC(=O)O,31,16,47
1719,2060,CC1CC(C)S(=O)(=O)C1,7152,1,2060
1720,2061,CC1(C)CCOS(=O)O1,7151,1,2061
1721,2062,Cc1cc(=S)cc(C)o1,7150,1,2062
1722,2063,NC1=NC(=S)NC(=O)C1,7149,1,2063
1723,2064,Nc1nc(N)c(N)c(N)n1,7148,1,2064
1724,2065,O=C(O)c1ccc(I)cc1,7147,1,2065
1725,2066,CC1(C)C=CCC(C)(C)N1,7146,1,2066
1726,2067,CCc1cccc(CC)c1O,475,4,2067
1727,2068,CN(C)c1nc(=[N+](C)C)ss1,7145,1,2068
1728,2069,CC(=O)OCc1ccccn1,1455,2,2069
1729,2070,Nc1c[n+](-c2ccccc2)no1,7144,1,2070
1730,2071,O=C1C=C(Cl)C(=O)c2ccccc21,7143,1,2071
1731,2073,O=S(c1ccccc1)c1ccc(Cl)cc1,1971,2,2073
1732,2075,C[N+](C)(C)CCOC(=O)C1CCC[N+]1(C)C,1085,3,1360
1733,2076,NCCC(c1ccccc1)c1ccccc1,7142,1,2076
1734,2077,ClCC[N+]12CC[N+](CCCl)(CC1)C2,7141,1,2077
1735,2078,CCOP(=O)(OC)Oc1ccc([N+](=O)[O-])cc1,307,6,787
1736,2079,ON=c1c2ccccc2ccc2ccccc12,7140,1,2079
1737,2080,O=C(CCN1CCCCC1)c1ccc(Br)cc1,1103,2,1963
1738,2081,CN1CN(c2ccccc2)C2(CCNCC2)C1=O,7139,1,2081
1739,2082,CC(C)CCn1c(=O)c2c(ncn2C)n(C)c1=O,120,8,2082
1740,2083,COc1ccc(C(=O)CCN2CCCCC2)cc1,40,14,152
1741,2084,C[N+](C)(C)CC1(CO)COC(c2ccccc2)OC1,7138,1,2084
1742,2085,Cn1c(=O)c2[nH]c(-c3cccnc3)nc2n(C)c1=O,2008,2,2085
1743,2086,CC1(c2ccccc2)OCC(CO)(C[N+](C)(C)C)CO1,7137,1,2086
1744,2087,CCOC(=O)C1CN(CCc2ccccc2)CCC1=O,7136,1,2087
1745,2088,Cc1ccc(P(c2ccc(C)cc2)c2ccc(C)cc2)cc1,7135,1,2088
1746,2089,CCCCC(Oc1c(I)cc(I)c(NC(C)=O)c1I)C(=O)O,989,2,2089
1747,2090,N=C(Nc1ccccc1)SCCCCSC(=N)Nc1ccccc1,413,5,1932
1748,2092,O=C(CCCN1CCC2(CC1)C(=O)NCN2c1ccccc1)c1cccs1,511,2,2092
1749,2093,CC(=O)c1ccc2c(c1)N(CCCN1CCN(C)CC1)c1ccccc1S2,39,15,230
1750,2094,O=C(CCCN1CCC2(CC1)C(=O)NCN2c1ccccc1)c1ccccc1,212,6,2094
1751,2095,CC(=O)N1CN(c2ccccc2)C2(CCN(CCCC(=O)c3ccc(F)cc3)CC2)C1=O,41,14,1859
1752,2096,N#CC(CCN1CCC2(CC1)C(=O)NCN2c1ccccc1)(c1ccccc1)c1ccccc1,7134,1,2096
1753,2099,CCP(=O)(Cl)Cl,7133,1,2099
1754,2102,CC[N+](CC)(CC)CCCC[N+](CC)(CC)CC,54,12,2102
1755,2103,CCOP(=O)(OCC)OP(OC)OC,683,4,1805
1756,2104,CCOP(OCC)OP(=O)(OC)OCC,683,4,1805
1757,2105,COP(OC)OP(=O)(OC)OC,7132,1,2105
1758,2106,CCOP(OCC)OP(=O)(OC)OC,683,4,1805
1759,2107,CSC(=N)N,7131,1,2107
1760,2108,NCCOP(=O)(O)O,7130,1,2108
1761,2109,CCCCCCCCCOS(=O)(=O)O,489,4,1217
1762,2110,OCCN1CC1,382,5,1046
1763,2111,CC(C)N1C(=O)C=CC1=O,7129,1,2111
1764,2113,O=C(S)c1ccc(C(=O)S)cc1,7128,1,2113
1765,2114,Oc1ccc(O)c(-c2ccccc2)c1,7127,1,2114
1766,2115,CCOP(=O)(Cc1ccccc1)OCC,1102,2,2115
1767,2116,CC(=NNC(=O)c1ccncc1)C(=O)O,7126,1,2116
1768,2117,Cc1ncc(CSS(=O)(=O)O)c(CO)c1O,96,10,482
1769,2118,O=[N+]([O-])c1ccc(Cc2ccncc2)cc1,7125,1,2118
1770,2121,CCC(=O)c1ccc(OCC(O)CO)c(OC)c1,7124,1,2121
1771,2122,Cn1c(=O)c2[nH]c(-c3ccncc3)nc2n(C)c1=O,2008,2,2085
1772,2125,CC1=C(N)C(=O)c2c(COC(N)=O)c3n(c2C1=O)CC(N)C3O,2007,2,2125
1773,2126,CN(CC[n+]1ccc(C=NO)cc1)CC[n+]1ccc(C=NO)cc1,7123,1,2126
1774,2127,ON=Cc1cc[n+](COCCOC[n+]2ccc(C=NO)cc2)cc1,95,10,789
1775,2128,CC(=O)NC1Cn2c3c(c(COC(N)=O)c2C1O)C(=O)C(N)=C(C)C3=O,2007,2,2125
1776,2129,ON=Cc1cc[n+](CCOCCOCC[n+]2ccc(C=NO)cc2)cc1,95,10,789
1777,2130,COC12C(COC(N)=O)C3=C(C(=O)C(C)=C(N)C3=O)N1CC1C2N1C(C)=O,9,22,659
1778,2132,ON=Cc1cc[n+](Cc2ccc(C[n+]3ccc(C=NO)cc3)s2)cc1,7122,1,2132
1779,2134,CCCCCCCC(=O)OC12C=CC(=O)C3Oc4c(OC)ccc5c4C31CCN(C)C2C5,47,13,763
1780,2135,CC(=O)NC1Cn2c3c(c(COC(N)=O)c2C1OC(C)=O)C(=O)C(OC(C)=O)=C(C)C3=O,7121,1,2135
1781,2136,NC(=O)O,7120,1,2136
1782,2137,CSCCC(NC(C)=O)C(=O)O,1447,2,2137
1783,2138,C[S+](C)CCC(N)C(=O)O,7119,1,2138
1784,2139,COC(=O)C=CCBr,7118,1,2139
1785,2140,CCCCCCCC(=O)N(C)C,118,9,1868
1786,2141,N#CCC=CCC#N,7117,1,2141
1787,2142,CCCCCCCCCCCC[N+](C)(C)C,17,18,738
1788,2143,CCCCCCCCCCCCCC[N+](C)(C)C,17,18,738
1789,2144,CCCCCCCCCCCCNCCCS(=O)(=O)O,7116,1,2144
1790,2145,CCCCCCCCCCC,219,7,1066
1791,2146,On1ccccc1=S,7115,1,2146
1792,2147,CN(C)c1ccncc1,7114,1,2147
1793,2148,CC1(C(=O)O)CCCCC1,7113,1,2148
1794,2149,C=CCC1(O)CCCCC1,7112,1,2149
1795,2150,CN1C(=O)C(Cl)=C(Cl)C1=O,7111,1,2150
1796,2152,Cc1nc(C)c(C)nc1C,7110,1,2152
1797,2153,CC(C)C1(C)CC(=O)NC(=O)C1,7109,1,2153
1798,2154,N=C(N)NCc1ccccc1Cl,7108,1,2154
1799,2155,ON=Cc1ccc2ccccc2n1,7107,1,2155
1800,2156,O=C(CCl)N1CC2CCC(CC2)C1,7106,1,2156
1801,2157,CCC1(c2ccccc2)OCC(CO)O1,1101,3,2157
1802,2158,Cc1onc(-c2ccccc2)c1C(=O)O,7105,1,2158
1803,2159,Nc1ccccc1SSc1ccccc1N,7104,1,2159
1804,2160,CCCCn1c(=O)c2c(ncn2C)n(C)c1=O,120,8,2082
1805,2161,CN(C)CCNC(=O)COc1ccc(Cl)cc1,100,9,2161
1806,2162,CCC(CN)=C(c1ccccc1)c1ccccc1,7103,1,2162
1807,2163,CCCC(C(=O)c1ccc(C)cc1)N1CCCC1,7102,1,2163
1808,2164,CCN(CC)Cc1c[nH]c2ccc([N+](=O)[O-])cc12,436,5,2164
1809,2165,CN(C)CCCNC(=O)COc1ccc(Cl)cc1,100,9,2161
1810,2166,CC1=C2C(=CC(C)(CO)C2O)C(=O)C(C)(O)C12CC2,7101,1,2166
1811,2167,Cc1nc(NC(=N)N)nc2ccc3ccccc3c12,7100,1,2167
1812,2168,O=C(C=Cc1ccccc1)N1CC2CCC(CC2)C1,7099,1,2168
1813,2169,CN(C)CCC=C1c2ccccc2CSc2sccc21,25,15,79
1814,2170,COc1ccc(CN(CCN(C)C)c2nccs2)cc1,7098,1,2170
1815,2171,CCCOc1ccc(C(=O)CCN2CCCCC2)cc1,40,14,152
1816,2172,CCc1ccc(OC)c(NC(=O)CCCN(CC)CC)c1,163,5,1797
1817,2173,OC(CCCN1CCCC1)(c1ccccc1)c1ccccc1,222,6,142
1818,2174,CN(C)CCCC1(O)c2ccccc2CCc2ccccc21,7097,1,2174
1819,2175,CN(C)CCC=C1c2ccccc2SCc2cccc(Cl)c21,25,15,79
1820,2178,Clc1ccc(Cn2c(CN3CCCC3)nc3ccccc32)cc1,7096,1,2178
1821,2180,CCN(CC)CCNC(=O)C(O)(c1ccccc1)c1ccccc1,2006,1,2180
1822,2181,CCOC(=O)C1=C(C)NC(C)=C(C(=O)OCC)C1c1ccccc1,590,4,2181
1823,2182,CCC(=O)N(c1ccccc1)C1CCN(CCc2cccs2)CC1,1139,2,158
1824,2183,COc1ccc2c(=O)c(C)c(-c3ccccc3)oc2c1CN(C)C,7095,1,2183
1825,2185,CCN(CC)CCN(C)C(=O)C(O)(c1ccccc1)c1ccccc1,578,4,2185
1826,2186,CN(C)CCC=C1c2ccccc2CSc2c1ccc1ccccc21,2005,1,2186
1827,2187,Clc1ccc2c(c1)C(=CCCCN1CCNCC1)c1ccccc1S2,52,13,395
1828,2188,O=C1CCCCC1(CCN1CCCCCC1)C(=O)OCc1ccccc1,7094,1,2188
1829,2189,O=C(O)C(NCCNC(C(=O)O)c1ccccc1O)c1ccccc1O,7093,1,2189
1830,2190,CCN(CC)CCN(CCN(CC)CC)C(=O)COc1ccc(Cl)cc1,1161,2,2190
1831,2192,COC(=O)C1C2CC3c4[nH]c5cc(OC)ccc5c4CCN3CC2CC(OC)C1OC,158,8,253
1832,2193,CN1CCC(=C2c3ccccc3CSc3ccccc32)CC1,1100,3,1306
1833,2195,CN(C)c1ccc(P(=S)(c2ccc(N(C)C)cc2)c2ccc(N(C)C)cc2)cc1,7092,1,2195
1834,2196,CC12COP(OC1)OC2,7091,1,2196
1835,2197,Nc1ccccc1-c1ccccc1N,7090,1,2197
1836,2198,NC(=O)Cc1c(I)cc(I)c(CCC(=O)O)c1I,7089,1,2198
1837,2199,COc1c(Cl)cc2c(c1OC)N(C)C1N3C(=O)C4(C)SSC3(C(=O)N4C)C(O)C21O,7088,1,2199
1838,2200,ClCCCN1CCCCC1,986,3,2200
1839,2201,O=C(O)C(O)(c1ccccc1)C1CC1,7087,1,2201
1840,2204,C=CCN=C=O,7086,1,2204
1841,2205,Nc1nc(N)c2nc(-c3ccc(OS(=O)(=O)O)cc3)c(N)nc2n1,7085,1,2205
1842,2206,Cc1cccc2sc(N)nc12,7084,1,2206
1843,2207,C=CCN1CCc2cccc3c2C1Cc1ccc(O)c(O)c1-3,7083,1,2207
1844,2208,COc1ccccc1N1CCN(CCCC(=O)c2ccc(F)cc2)CC1,2004,1,2208
1845,2209,CC(C)CC1NC(=O)C(CCCN)NC(=O)C(C(C)C)NC(=O)C(Cc2ccc(O)cc2)NC(=O)C(CCC(N)=O)NC(=O)C(CC(N)=O)NC(=O)C(Cc2ccccc2)NC(=O)C(Cc2ccccc2)NC(=O)C2CCCN2C(=O)C(Cc2ccccc2)NC1=O,1099,3,1097
1846,2210,N#CNC(=N)Nc1ccc(Cl)cc1,7082,1,2210
1847,2211,O=[N+]([O-])C=Cc1ccc2c(c1)OCO2,7081,1,2211
1848,2212,CCOP(=O)(OCC)C(=O)C1CC1,7080,1,2212
1849,2213,CC(C)(C)c1nnc(NS(=O)(=O)c2ccccc2)s1,7079,1,2213
1850,2214,O=P(Cl)(Cl)N1CCCCC1,7078,1,2214
1851,2215,CN1c2ccccc2C(C)(C)C12C=Cc1cc([N+](=O)[O-])ccc1O2,7077,1,2215
1852,2216,CC(=O)Oc1ccc2c3c1OC1C(OC(C)=O)C=CC4C(C2)N(C)CCC341,1093,2,2216
1853,2217,CCC(=O)OC1(c2ccccc2)CCN(CCCCCCCF)CC1,559,4,2217
1854,2219,CN(C)CCN1c2ccccc2C(=O)NC1c1ccccn1,7076,1,2219
1855,2220,OC(CCN1CCCC1)(c1ccccc1)c1ccccc1,222,6,142
1856,2221,CCCC(=O)c1c(O)cc(OC)c(Cc2c(O)c(C(=O)CCC)c(O)c(C)c2OC)c1O,1097,3,2221
1857,2222,O=C1c2ccccc2-c2c(F)cccc21,7075,1,2222
1858,2223,N#CC(C#N)=c1ccc(=C(C#N)C#N)cc1,7074,1,2223
1859,2224,c1ccc([P+](Cc2ccc(C[P+](c3ccccc3)(c3ccccc3)c3ccccc3)cc2)(c2ccccc2)c2ccccc2)cc1,757,3,2224
1860,2226,CN(C)C1=CC(=O)C(N(C)C)=CC1=O,7073,1,2226
1861,2227,ICC(CI)(CI)CI,7072,1,2227
1862,2229,CN(C)CCOC1Cc2ccccc2Sc2ccccc21,7071,1,2229
1863,2231,N#CCc1cccc(Cl)c1,2003,2,1751
1864,2232,Cc1ccccc1C[P+](c1ccccc1)(c1ccccc1)c1ccccc1,7070,1,2232
1865,2233,CCOC(=O)C[P+](c1ccccc1)(c1ccccc1)c1ccccc1,7069,1,2233
1866,2234,CCOC(=O)C1=C(C)NC(C)=C(C(=O)OCC)C1Cc1ccccc1,7068,1,2234
1867,2235,Fc1ccc(N=C=S)cc1,7067,1,2235
1868,2236,C=CC[P+](c1ccccc1)(c1ccccc1)c1ccccc1,7066,1,2236
1869,2237,CC1=CCN(CCNC(=N)N)CC1,7065,1,2237
1870,2238,CCN(CC)c1ccc(N=Nc2cc(S(=O)(=O)O)ccc2O)c(O)c1,7064,1,2238
1871,2239,CNC(=O)Oc1cccc2c1OC(C)(C)C2,482,4,2239
1872,2240,COP(=O)(OC)OCc1ccc([N+](=O)[O-])cc1,7063,1,2240
1873,2241,CC1(C)COC(Cc2ccccc2)=N1,7062,1,2241
1874,2242,CCOC(=O)c1ccncc1,7061,1,2242
1875,2243,Cc1cc(Cl)ccc1O,7060,1,2243
1876,2244,CCC(=O)COC(C)=O,7059,1,2244
1877,2245,O=C(Cl)CCCCCl,7058,1,2245
1878,2246,C=CCC(CCC)C(=O)O,7057,1,2246
1879,2247,CCCC(F)C(=O)O,7056,1,2247
1880,2248,CC(C)C(F)C(=O)O,7055,1,2248
1881,2249,O=C(O)CCC(F)C(=O)O,7054,1,2249
1882,2250,CN(C)C(=O)C1(c2ccc(Cl)cc2)CCN(CCCC(=O)c2ccc(F)cc2)CC1,221,7,406
1883,2251,CC(c1ccc(F)cc1)N(CCN(C)C)c1ccccn1,712,3,2251
1884,2252,CCN(CC)c1nc(F)nc(N(CC)CC)n1,7053,1,2252
1885,2253,CCN=C(NCC)SCCN,7052,1,2253
1886,2254,CCN=C(NCC)SCCN(C)C,1816,2,2254
1887,2255,C[N+]1(CCCNC(=O)c2ccc([N+](=O)[O-])cc2)CCOCC1,2002,2,2255
1888,2256,C[N+]1(CCNC(=O)c2ccc([N+](=O)[O-])cc2)CCOCC1,2002,2,2255
1889,2257,C[N+]1(CCCN(Cc2ccccc2)C(=O)c2ccccc2)CCOCC1,675,4,2257
1890,2258,C[N+]1(CCN(Cc2ccccc2)C(=O)c2ccccc2)CCOCC1,675,4,2257
1891,2259,O=C(c1ccccc1)N(CCCN1CCOCC1)Cc1ccccc1,687,4,1381
1892,2260,O=C(NCCN1CCOCC1)c1ccc([N+](=O)[O-])cc1,2001,2,2260
1893,2261,O=C(NCCCN1CCOCC1)c1ccc([N+](=O)[O-])cc1,2001,2,2260
1894,2262,Cc1cccnc1N,7051,1,2262
1895,2263,CCCC1=NCCCC1,7050,1,2263
1896,2264,CCCC1(O)CCCC1,7049,1,2264
1897,2265,COc1ccc2c(c1Oc1ccccc1)C13CCCCC1(O)C(C2)N(C)CC3,298,3,2265
1898,2266,CC[N+](C)(CC)CC1(COc2ccccc2)COC1,485,4,2266
1899,2267,CCC12CCCN3CCc4c(n(c5ccccc45)C(O)(C(=O)OC)C1)C32,7048,1,2267
1900,2268,C[N+](C)(C)c1cccc(O)c1,7047,1,2268
1901,2269,CC1CCN(CCCC(=O)c2ccc(F)cc2)CC1,42,14,2269
1902,2270,C=CCOP(=O)(OCC=C)OCC=C,7046,1,2270
1903,2271,C=CC(=O)CC,7045,1,2271
1904,2272,CN1CCCCC1CC(O)c1ccccc1,1114,3,947
1905,2273,CN(C)C1CSSC1,7044,1,2273
1906,2275,CCN(C(=O)CCC(=O)O)c1c(I)cc(I)c(N)c1I,7043,1,2275
1907,2276,CN1CCCCC1COC(=O)C(O)(c1ccccc1)c1ccccc1,507,4,2276
1908,2277,C[N+]1(CCN(Cc2ccccc2)C(=O)c2ccc([N+](=O)[O-])cc2)CCOCC1,675,4,2257
1909,2278,O=C1N(CCN2CCCCC2)C(=O)C(c2ccccc2)(N2CCCCC2)C(=O)N1CCN1CCCCC1,7042,1,2278
1910,2279,O=C(CCCN1CCN(c2ccccn2)CC1)c1ccc(F)cc1,2000,1,2279
1911,2280,CN(C)Cc1c[nH]c2c([N+](=O)[O-])cccc12,7041,1,2280
1912,2281,c1cncc(CNCc2cccnc2)c1,1911,2,2281
1913,2282,CCOP(=O)(CP(=O)(OCC)OCC)OCC,7040,1,2282
1914,2283,Cc1c2c(c(O)c3c(O)cccc13)C(=O)C1(O)C(=O)C(C(N)=O)C(=O)C(N(C)C)C1C2,7039,1,2283
1915,2285,CCCCCCCCCCCCNC(=N)N=C(N)N,1252,2,2285
1916,2287,COc1ccc(CCNCCCc2ccc(Cl)cc2)cc1OC,7038,1,2287
1917,2288,Cn1c(=O)cc(O)c2ccccc21,7037,1,2288
1918,2289,CC(=NNc1ccc([N+](=O)[O-])cc1[N+](=O)[O-])c1ccccc1,7036,1,2289
1919,2290,CN(C)P1(N(C)C)=NP(N(C)C)(N(C)C)=NP(N(C)C)(N(C)C)=NP(N(C)C)(N(C)C)=N1,1999,2,2040
1920,2292,OC1(c2cccc(C(F)(F)F)c2)CCNCC1,7035,1,2292
1921,2293,Cc1cc(C)c2c(c1)CCC2,7034,1,2293
1922,2294,N#Cc1cc(I)c(O)c(I)c1,7033,1,2294
1923,2295,N#Cc1cc(Br)c(O)c(Br)c1,7032,1,2295
1924,2296,O=CCC(O)(C(F)(F)Cl)C(F)(F)Cl,7031,1,2296
1925,2297,Cc1ncc2cscc2c1O,7030,1,2297
1926,2298,O=c1c2ccccc2nc2ccc(Cl)nn12,7029,1,2298
1927,2299,CN(C)c1ccc(Cn2cnc3c2c(=O)n(C)c(=O)n3C)cc1,7028,1,2299
1928,2301,O=P(Oc1ccccc1)(c1ccccc1)c1ccccc1,7027,1,2301
1929,2302,CC(=O)Nc1c(I)c(N)c(I)c(C(=O)O)c1I,53,9,202
1930,2303,CN(C)c1ccc(C(=NO)c2ccc(N(C)C)cc2)cc1,7026,1,2303
1931,2304,CC12C=CC(=O)C=C1CCC1C2C(O)CC2(C)C1CCC2(O)C(=O)COC(=O)CCC(=O)O,1098,3,475
1932,2305,CC(C(=O)N1CCN(C(=O)C(C)[N+]2(C)CCCCC2)CC1)[N+]1(C)CCCCC1,1946,2,2305
1933,2306,C[N+]1(CCC(=O)N2CCN(C(=O)CC[N+]3(C)CCCCC3)CC2)CCCCC1,671,4,2306
1934,2307,COC1=C(O)C(=O)C2(C)OC2C1=O,7025,1,2307
1935,2308,O=C1CC(C(F)(F)F)(C(F)(F)F)O1,7024,1,2308
1936,2309,CCN(CC)CCOc1ccccc1-c1ccccc1,7023,1,2309
1937,2310,C=CCOc1ccccc1,7022,1,2310
1938,2311,Ic1nc(I)c(I)[nH]1,7021,1,2311
1939,2312,COc1ccc2nc(N)sc2c1,1620,2,2312
1940,2313,CNCCCC1c2ccccc2CCc2ccccc21,7020,1,2313
1941,2314,CC1(C)COC(C=Cc2ccc(Cl)cc2)=N1,905,3,2314
1942,2315,CC/C(C)=N/NC(N)=S,7019,1,2315
1943,2316,COc1cc(C(=O)NCCNC(=O)c2cc(OC)c(OC)c(OC)c2)cc(OC)c1OC,1726,2,2316
1944,2317,Nc1ccc2c(c1N)C(=O)c1ccccc1C2=O,7018,1,2317
1945,2318,O=C(O)C1CC1,7017,1,2318
1946,2320,CCCC(=O)c1c(O)cc(OC)c(Cc2c(O)c(C)c(O)c(C(=O)CCC)c2O)c1O,1097,3,2221
1947,2321,O=C(O)C=C(C(F)(F)F)C(F)(F)F,7016,1,2321
1948,2322,CN(C)CCCC1(C#N)c2ccccc2CCc2ccccc21,1598,2,2322
1949,2324,Cc1ccc(S(=O)c2ccc(C)cc2)cc1,7015,1,2324
1950,2325,O=S(c1ccc(Br)cc1)c1ccc(Br)cc1,1743,2,2325
1951,2326,C[S+](C)(C)=O,7014,1,2326
1952,2327,O=C(CCl)Oc1ccccc1Cl,7013,1,2327
1953,2328,CCCC[P+](c1ccccc1)(c1ccccc1)c1ccccc1,1501,2,2328
1954,2329,Clc1nc(Cl)c(Cl)c(Cl)n1,7012,1,2329
1955,2330,CN(C)C=Nc1ccccc1,7011,1,2330
1956,2331,Nc1ccc(S(=O)(=O)NCCN2CCOCC2)cc1,7010,1,2331
1957,2332,Cn1c(=O)c2[nH]c(CCc3nc4c([nH]3)c(=O)n(C)c(=S)n4C)nc2n(C)c1=S,157,8,2332
1958,2333,Cn1c(=O)c2[nH]c(CCc3nc4c([nH]3)c(=O)n(C)c(=O)n4C)nc2n(C)c1=O,157,8,2332
1959,2334,Cn1c(=O)c2[nH]c(=S)[nH]c2n(C)c1=S,1096,3,2334
1960,2335,CSc1nc2c([nH]1)c(=O)n(C)c(=S)n2C,674,1,2335
1961,2336,O=c1n(-c2ccccc2)c(=O)n(-c2ccccc2)c(=O)n1-c1ccccc1,7009,1,2336
1962,2337,CC(=O)Nc1ccc(Cl)c2c1-c1ccc(Cl)cc1C2=O,7008,1,2337
1963,2338,Nc1cc(Br)cc2c1-c1ccc(Br)cc1C2,7007,1,2338
1964,2339,CC(=O)Nc1ccc(Br)c2c1-c1ccc(Br)cc1C2=O,7006,1,2339
1965,2340,ON=C1c2ccccc2CCc2ccccc21,7005,1,2340
1966,2341,COc1cccc(CC(=O)O)c1,7004,1,2341
1967,2343,O=C(NCc1ccccc1)C(F)(F)C(F)(F)F,7003,1,2343
1968,2344,Cc1cc2nc(C(F)(F)F)[nH]c2cc1C,7002,1,2344
1969,2345,Oc1ccccc1-c1ccccc1O,7001,1,2345
1970,2346,O=C(c1ccccc1)N(CCN1CCOCC1)Cc1ccccc1,687,4,1381
1971,2347,O=C1NCN(c2ccccc2)C12CCN(CCCCc1ccc(F)cc1)CC2,212,6,2094
1972,2348,O=C(CCCN1CCC(n2c(=O)n(CO)c3ccccc32)CC1)c1ccc(F)cc1,438,5,2348
1973,2349,CC(=O)C#Cc1ccccc1,7000,1,2349
1974,2350,Cc1ccc2[nH]cc(CCN)c2c1,205,7,1459
1975,2351,CC(CN(C)C)N(C)C,6999,1,2351
1976,2353,Cc1cccc(N)n1,6998,1,2353
1977,2354,OCCOCCN1CCN(CCCN2c3ccccc3Sc3ccc(C(F)(F)F)cc32)CC1,218,4,396
1978,2355,CCCCCCP(C)(=O)CCCCCC,90,10,1903
1979,2357,COc1cc(C(C)=O)ccc1OCc1ccccc1,6997,1,2357
1980,2358,O=C(c1ccccc1)c1cc2ccccc2oc1=O,1998,2,1562
1981,2359,CCOC(=O)c1cc2ccccc2oc1=O,6996,1,2359
1982,2360,O=C1Nc2ccccc2C1(O)c1ccccc1,6995,1,2360
1983,2361,CCc1nc2ccccc2[nH]1,428,5,2361
1984,2362,CCC(C)c1ccc(O)c(C(C)CC)c1,6994,1,2362
1985,2364,COc1cc(C=C[N+](=O)[O-])ccc1OCc1ccccc1,6993,1,2364
1986,2365,COc1cc(CCN)ccc1OCc1ccccc1,1111,3,1768
1987,2366,COC(=O)c1c(Cl)c(Cl)c(C(=O)OC)c(Cl)c1Cl,6992,1,2366
1988,2367,O=C(C=C(c1ccccc1)c1ccccc1)CN1CCCCC1,673,4,2367
1989,2368,O=C(C=C(c1ccccc1)c1cccs1)CN1CCCCC1,673,4,2367
1990,2369,CC(=O)SCC[N+](C)(C)C,6991,1,2369
1991,2370,Cc1nc(NCc2ccccc2)c2cc[nH]c2n1,6990,1,2370
1992,2371,CCN(CC)CC(=O)C=C(c1ccccc1)c1ccccc1,6989,1,2371
1993,2372,O=C(C=C(c1ccccc1)c1cccs1)CN1CCOCC1,673,4,2367
1994,2373,CC(C)(C)NCCCCN,6988,1,2373
1995,2374,CCCC(=O)c1c(O)c(C)c(O)c(Cc2c(O)c(C(=O)CCC)c(O)c(C)c2OC)c1O,1097,3,2221
1996,2377,Cc1cccc(C)c1OC(=O)C(C)N1CCN(C)CC1,1013,3,2377
1997,2379,CCc1cccc(CC)c1OC(=O)C(CC)N1CCN(C)CC1,1013,3,2377
1998,2380,CC(C)c1cccc(C(C)C)c1OC(=O)C(C)N1CCN(C)CC1,1997,1,2380
1999,2381,CCC(=O)C1(N2CCOCC2)CCN(CCCC(=O)c2ccc(F)cc2)CC1,1996,1,2381
2000,2382,Cc1ccc(C(C(=O)O)c2ccccc2)cc1,1786,2,2382
2001,2383,N#Cc1ccccc1N,6987,1,2383
2002,2386,NC(=O)C1(N2CCCCC2)CCN(CCCC(=O)c2ccc(F)cc2)CC1,42,14,2269
2003,2387,O=[N+]([O-])c1cc([N+](=O)[O-])c(NN(c2ccccc2)c2ccccc2)c([N+](=O)[O-])c1,6986,1,2387
2004,2388,C#CCOS(=O)OCC#C,6985,1,2388
2005,2390,CCN(CC)CCNS(=O)(=O)c1ccc(NC(C)=O)cc1,153,8,2390
2006,2392,CC[N+](C)(CC)CCNC(=O)c1ccccc1N,6984,1,2392
2007,2393,CCN(CC)CCn1c(=O)[nH]c2ccccc2c1=O,6983,1,2393
2008,2394,O=c1[nH]c2ccccc2c(=O)n1CCN1CCOCC1,1992,2,2394
2009,2395,CCN(CC)CCNC(=O)c1ccccc1[N+](=O)[O-],6982,1,2395
2010,2396,CCN(CC)CCNC(=O)c1ccccc1NC(=O)OC(C)C,1991,2,2396
2011,2397,CCN(CC)CCNC(=O)c1ccccc1N,1990,2,2397
2012,2399,O=C1NCN(C2CCCCC2)CN1,6981,1,2399
2013,2401,Cc1c2cc(I)ccc2c[n+]2ccccc12,6980,1,2401
2014,2402,CCOC(=O)Nc1c(Cl)c(Cl)c2c(c1Cl)Cc1cc(Cl)ccc1-2,6979,1,2402
2015,2403,Cn1c(=O)c2[nH]c(Cc3nc4c([nH]3)c(=O)n(C)c(=S)n4C)nc2n(C)c1=S,426,4,2403
2016,2404,COC(=O)c1cc(OC)c(OC)c(OC)c1,6978,1,2404
2017,2405,CCCCCCCCNCCSS(=O)(=O)O,6977,1,2405
2018,2407,CCCC(=O)Nc1c(I)cc(I)c(C=C(CC)C(=O)O)c1I,6976,1,2407
2019,2408,CC(=CC(=O)Cl)C(=O)Cl,6975,1,2408
2020,2409,CN(C)CCSC(=O)N1c2ccccc2Oc2ccccc21,1995,1,2409
2021,2410,CCN(CC)CCSC(=O)N1c2ccccc2Sc2ccccc21,672,4,2410
2022,2412,BrC1c2ccccc2-c2ccccc21,6974,1,2412
2023,2413,CCCC[N+](CCCC)(CCCC)CCCC,1962,2,2413
2024,2414,CNC(=O)Oc1ccccc1,6973,1,2414
2025,2415,CCN(CC)CCSC(=S)N(c1ccccc1)c1ccccc1,1994,2,793
2026,2416,CCN(CC)CCSC(=O)N1c2ccccc2Oc2ccccc21,672,4,2410
2027,2417,Oc1ccc2[nH]ccc2c1,6972,1,2417
2028,2418,O=C(C=C(c1ccccc1)c1ccccc1)CN1CCCC1,673,4,2367
2029,2419,CN1CCN(C2=Nc3ccccc3Cc3ccccc32)CC1,6971,1,2419
2030,2420,CNCCCN1c2ccccc2CCc2cc(O)ccc21,688,4,292
2031,2421,CCCS(C)(=O)=O,6970,1,2421
2032,2422,Fc1ccc(C2=CCNCC2)cc1,6969,1,2422
2033,2424,CCN(CC)CCOC(=O)C(OC)(c1ccccc1)c1ccccc1,18,18,790
2034,2425,CCCN(CCC)c1nc(N)nc(N)n1,6968,1,2425
2035,2426,O=C1c2ccccc2-c2c(O)cccc21,1993,2,50
2036,2427,ClCCN1CC2CCC(CC2)C1,6967,1,2427
2037,2428,CCC(=O)n1c(=O)n(C2CCN(CCCC(=O)c3ccc(F)cc3)CC2)c2ccccc21,438,5,2348
2038,2429,CC(=O)n1c(=O)n(C2CCN(CCCC(=O)c3ccc(F)cc3)CC2)c2ccccc21,438,5,2348
2039,2430,C[N+]1(CCC(=O)N2CCN(C(=O)CC[N+]3(C)CCOCC3)CC2)CCOCC1,671,4,2306
2040,2431,C[N+](C)(C)CCOC(=O)NCCCCCCNC(=O)OCC[N+](C)(C)C,6966,1,2431
2041,2432,C[N+]1(CC(=O)N2CCN(C(=O)C[N+]3(C)CCOCC3)CC2)CCOCC1,671,4,2306
2042,2433,CC[N+](CC)(CC)CCOC(=O)C(C1CCCC1)C1CCCC1,1835,2,2433
2043,2434,O=c1[nH]c2ccccc2c(=O)n1CCN1CCCCC1,1992,2,2394
2044,2435,CC[N+](C)(CC)CCNC(=O)c1ccccc1[N+](=O)[O-],6965,1,2435
2045,2436,CCCCCCCCOC(=O)Nc1ccccc1C(=O)NCCN(CC)CC,1991,2,2396
2046,2437,CCN(CC)CCNS(=O)(=O)c1ccc(N)cc1,153,8,2390
2047,2439,CN(C)CCCNC(=O)c1ccccc1N,1990,2,2397
2048,2440,O=C1N(CCCl)CCN1c1ccccc1,6964,1,2440
2049,2441,ClCCN1CCOC1=Nc1ccccc1,6963,1,2441
2050,2442,C=CC=CC,6962,1,2442
2051,2443,O=c1oc2ccccc2c2ccccc12,6961,1,2443
2052,2444,Cn1c(=S)c2[nH]c(=S)[nH]c2n(C)c1=O,1096,3,2334
2053,2445,Cn1c(=S)c2[nH]c(=S)[nH]c2n(C)c1=S,1096,3,2334
2054,2446,ClCCN1CCCCC1,986,3,2200
2055,2447,CNCCc1c[nH]c2ccc(OC)cc12,309,6,833
2056,2448,CCN(CC)CC(=O)Oc1c(C)cccc1C,6960,1,2448
2057,2449,Cc1cccc(C)c1OC(=O)CN1CCCCC1,1985,2,2449
2058,2450,CC(=O)Nc1ccc(S(=O)(=O)NCCOC(=O)CI)cc1,6959,1,2450
2059,2451,CCCCCCCC[N+](C)(C)CCOC(=O)C(O)(c1ccccc1)c1ccccc1,6958,1,2451
2060,2452,CCCCN(CCCC)C(=O)OCCN(CC)CC,6957,1,2452
2061,2453,CC(=O)OCCN1CCN(CCCN2c3ccccc3Sc3ccc(C(F)(F)F)cc32)CC1,218,4,396
2062,2454,O=C1CCC(c2ccccc2)(C2CCN(Cc3ccc(F)cc3)CC2)C(=O)N1,1924,2,2454
2063,2455,Cn1c(=O)n(C2CCN(CCC(=O)c3ccc(F)cc3)CC2)c2ccccc21,438,5,2348
2064,2456,Cc1cc(N(CCCl)CCCl)ccc1C=Nc1ccc(F)cc1C,6956,1,2456
2065,2457,CCOP(=O)(OCC)OC(=C(F)Cl)C(F)(Cl)Cl,6955,1,2457
2066,2458,CC1(C)OC(=O)CC(=O)O1,6954,1,2458
2067,2459,Oc1ccc2ccccc2c1I,6953,1,2459
2068,2460,C#CC(C)(O)C(O)c1ccccc1,6952,1,2460
2069,2461,Brc1nc(Br)c(Br)[nH]1,6951,1,2461
2070,2462,NCCCc1ccccc1,1153,2,2462
2071,2463,c1ccc(-c2nnc(-c3ccccc3)[nH]2)cc1,6950,1,2463
2072,2464,CN1CCCCC1=S,6949,1,2464
2073,2465,Nc1ncnc(N2CCOCC2)n1,6948,1,2465
2074,2466,CN(C)CCN(Cc1ccccc1)c1ccccc1,6947,1,2466
2075,2467,CN(C)CCC=C1c2ccccc2CCc2ccc(Cl)cc21,1095,1,2467
2076,2468,CCOC(=O)C1(c2ccccc2)CCN(N)CC1,11,21,298
2077,2469,O=S(=O)(c1ccc(Br)cc1)c1ccc(Br)cc1,996,3,1157
2078,2470,CCCCN(CCCC)CCCO,437,5,1036
2079,2471,COc1ccc(C=CC(=O)C=Cc2ccc(OC)cc2)cc1,6946,1,2471
2080,2472,C[N+]1([O-])CCCC1c1ccc[n+]([O-])c1,6945,1,2472
2081,2473,CS(=O)(=O)CCCO,6944,1,2473
2082,2474,CN1CCN(C2=Nc3ccccc3Sc3ccc(Cl)cc32)CC1,6943,1,2474
2083,2475,O=C(CCCN1CCC(O)(c2cccc(C(F)(F)F)c2)CC1)c1ccc(F)cc1,670,2,2475
2084,2476,O=C(CCCN1CCC(n2c(=O)[nH]c3ccccc32)CC1)c1ccc(F)cc1,438,5,2348
2085,2477,CN(C)CCC=C1c2ccccc2Sc2cccc(C(F)(F)F)c21,1989,1,2477
2086,2480,O=c1[nH]c2cccnc2[nH]c1=O,6942,1,2480
2087,2482,COc1ccc(COC(O)CO)c2nc3cccc(C(=O)O)c3nc12,6941,1,2482
2088,2483,CCOC(C(=O)OCCN(CC)CC)(c1ccccc1)c1ccccc1,18,18,790
2089,2484,CN(CCC(N)CC(=O)NC1C=CC(n2ccc(N)nc2=O)OC1C(=O)O)C(=N)N,6940,1,2484
2090,2485,OC1(c2ccccc2)CCCCCC1,6939,1,2485
2091,2486,CCCCCCCCCC[N+](C)(C)C,17,18,738
2092,2487,C=C(C)C(O)CC,6938,1,2487
2093,2488,CC(C)(c1ccccc1)c1cc(CN2CCCCC2)c(O)c(CN2CCCCC2)c1,6937,1,2488
2094,2489,C=CCC1(C(C)CC)C(=O)NC(=S)NC1=O,1988,2,510
2095,2490,CN(C)CCCN1c2ccc(O)cc2Sc2ccc(Cl)cc21,26,17,272
2096,2491,CCN(CC)CCN1c2ccccc2CCc2ccccc21,6936,1,2491
2097,2492,NCCCN1c2ccccc2CCc2ccccc21,6935,1,2492
2098,2493,CNCC(=O)NC(CO)C(=O)NC1C(C(N)=O)OC(n2ccc(N)nc2=O)C(O)C1O,6934,1,2493
2099,2494,CN(C)C=Nc1ccc(Cl)cc1,573,4,2494
2100,2495,NC(=S)N/N=C/c1cccnc1,6933,1,2495
2101,2496,Cc1cc(=O)oc2c(O)c(O)ccc12,6932,1,2496
2102,2497,CC(=O)C1=C(O)CNC1=O,6931,1,2497
2103,2498,CC(Br)C(=O)c1ccccc1,6930,1,2498
2104,2499,C1CCC(CC2CCNCC2)CC1,6929,1,2499
2105,2500,Nc1c(I)cc(C(=O)O)cc1I,754,3,1730
2106,2501,Nc1ccc(C(=O)O)cc1I,1671,2,2501
2107,2502,O=S1(=O)CS(=O)(=O)CS(=O)(=O)C1,6928,1,2502
2108,2503,COc1ccc(C(=O)C(Br)=CC(=O)O)cc1,6927,1,2503
2109,2504,NS(=O)(=O)c1cc2c(cc1Cl)CN(C1CCCCC1)C2=O,6926,1,2504
2110,2505,S=C=Nc1cccc(Br)c1,666,4,1367
2111,2506,Oc1ccc(Cl)cc1O,6925,1,2506
2112,2507,CC(C)c1ccc(O)c(O)c1,1094,3,4
2113,2508,CC(C)c1cccc(O)c1O,1987,2,937
2114,2509,COc1ccc2c(c1O)-c1c(O)c(OC)cc3c1C(C2)[N+](C)(C)CC3,6924,1,2509
2115,2510,C[N+](C)(C)C=Nc1ccccc1,6923,1,2510
2116,2511,CCOc1ccc(NC(=O)CCl)cc1,217,7,1672
2117,2515,COc1cccccc1=O,6922,1,2515
2118,2516,CCc1cccc(CC)c1N(C#N)c1c(CC)cccc1CC,6921,1,2516
2119,2518,OCC1COc2cc(Cl)c(Cl)cc2O1,924,2,2518
2120,2519,Oc1cccnc1CN1CCCCC1,6920,1,2519
2121,2520,CCN(CC)CCNC(=O)c1ccc([N+](=O)[O-])cc1,1986,2,669
2122,2521,COc1cc2c(cc1O)CC1c3c(cc(OC)c(OC)c3-2)CCN1C,443,5,623
2123,2522,Cc1cccc(C)c1OC(=O)CN1CCN(C)CC1,1985,2,2449
2124,2524,CC12CCC(=O)C=C1C=CC1C2CCC2(C)C1CCC2(O)CCC(=O)O,6919,1,2524
2125,2525,C[S+](C)C,6918,1,2525
2126,2526,CN1CCC23c4c5ccc(O)c4OC2C(O)CCC3(O)C1C5,571,4,2526
2127,2527,CCN(CC)CCOc1ccccc1C(=O)CCc1ccccc1,282,6,2527
2128,2528,CCN(CC)c1ccc(N)cc1,6917,1,2528
2129,2529,O=P12OCC(C3CCCCC3)(CO1)CO2,552,4,2529
2130,2531,CCCC(=N)OCC,6916,1,2531
2131,2532,N=C(N)NCc1ccccc1,6915,1,2532
2132,2533,CC(C)S(=O)C(C)C,6914,1,2533
2133,2534,CC1(C)CC2C=C(C=O)C34CC3(C(=O)OC4O)C2C1,6913,1,2534
2134,2535,Clc1nc2ccccc2nc1Cl,6912,1,2535
2135,2536,O=[N+]([O-])c1ccccc1Oc1ccccc1,6911,1,2536
2136,2537,O=C1C(I)=CC(=C(c2cc(I)c(O)c(I)c2)c2ccccc2C(=O)O)C=C1I,6910,1,2537
2137,2538,Cc1cccc(C(C)(C)C)c1O,1984,2,1160
2138,2539,O=c1c2ccccc2ccc2ccccc12,6909,1,2539
2139,2540,CCCCOP(=O)(OCCCC)C(=O)Nc1cccc2c(NC(=O)P(=O)(OCCCC)OCCCC)cccc12,6908,1,2540
2140,2541,CC1(C)C(=O)N(I)C(=O)N1I,6907,1,2541
2141,2543,OC1=Cc2cccc3cccc1c23,6906,1,2543
2142,2544,C(OCC1CO1)C1CO1,6905,1,2544
2143,2545,CC=CC(O)(CC[N+](C)(C)C)c1cccs1,6904,1,2545
2144,2546,C=CCC(O)(CC[N+](C)(C)C)c1ccc(Cl)cc1,1983,2,1345
2145,2548,C=CCC(O)(CCN1CCOCC1)c1ccc(Cl)cc1,1982,2,2548
2146,2549,C=CCC(O)(CCN1CCOCC1)c1ccc(C)cc1,1982,2,2548
2147,2550,C=CCC(O)(CCN1CCOCC1)c1cccs1,6903,1,2550
2148,2552,CC(C)OC(=O)Nc1ccc(Cl)cc1,6902,1,2552
2149,2553,C[n+]1c(C=Cc2ccc(O)c3ncccc23)ccc2ccccc21,6901,1,2553
2150,2555,COc1cc2c(c(O)c1OC)CNCC2,6900,1,2555
2151,2556,Cc1ccc(CC(=O)OC2CC3CCC(C2)N3C)cc1,67,12,1189
2152,2557,CN1C2CCC1CC(OC(=O)Cc1ccccc1Cl)C2,67,12,1189
2153,2558,CN(C)CCOC(=O)COc1ccc(F)cc1,310,6,746
2154,2559,CCCCCCCCCCC[n+]1cccc(C(N)=O)c1,62,12,2559
2155,2560,CCCCCCCCC[n+]1cccc(C(N)=O)c1,62,12,2559
2156,2561,CCCCCCC[n+]1cccc(C(N)=O)c1,62,12,2559
2157,2562,CCCCCC[n+]1cccc(C(N)=O)c1,62,12,2559
2158,2563,S=C=NCCc1ccccc1,6899,1,2563
2159,2564,CC[N+](C)(CC)CCCNC1=CC(=O)C(NCCC[N+](C)(CC)CC)=CC1=O,362,5,1299
2160,2565,CCOC(=O)C1(c2ccccc2)CCN(CCCC2CCCO2)CC1,663,4,2565
2161,2566,CCOC(=O)C1(c2ccccc2)CCN(CCCCC2CCCO2)CC1,663,4,2565
2162,2567,O=C1NCN(c2ccccc2)C12CCN(CCCSc1ccc(F)cc1)CC2,301,3,2567
2163,2569,Cc1cccc(C2(C(=O)N3CCCC3)CCN(CCCC(=O)c3ccc(F)cc3)CC2)c1,1973,2,2569
2164,2570,CC(=O)OCC12CCC(C)=CC1OC1C(O)C(OC(C)=O)C2(C)C12CO2,6898,1,2570
2165,2573,CCN(CC)CCOC(=O)N1c2ccccc2Oc2ccccc21,689,3,1271
2166,2574,CCN(CC)CCOC(=S)N1c2ccccc2Sc2ccccc21,689,3,1271
2167,2576,NC1CC(N)C(OC2OC(CO)C(O)C(N)C2O)C(O)C1OC1OC(CO)C(O)C(O)C1N,19,18,182
2168,2577,Oc1ccc(Cc2ccccc2)c(O)c1,6897,1,2577
2169,2578,CCOC(=O)C(C#N)=Cc1ccc2c(c1)OCO2,6896,1,2578
2170,2579,CC1(C)SC2C(NC(=O)c3ccccc3-c3ccccc3)C(=O)N2C1C(=O)O,112,9,638
2171,2581,CNc1ccc(NC)c2c1C(=O)c1ccccc1C2=O,6895,1,2581
2172,2583,O=S(=O)(F)c1cccc(S(=O)(=O)Cl)c1,6894,1,2583
2173,2585,Clc1ccc(C[P+](c2ccccc2)(c2ccccc2)c2ccccc2)c(Cl)c1,545,4,2585
2174,2586,CCC(=O)OCC[N+](C)(C)C,304,6,2586
2175,2587,CCCC(=O)OCC[N+](C)(C)C,304,6,2586
2176,2588,O=C(O)c1cc([N+](=O)[O-])cc([N+](=O)[O-])c1Cl,6893,1,2588
2177,2589,N=C(N)c1ccc(N)cc1,6892,1,2589
2178,2590,CN(C)CCC(O)(Cc1ccccc1Cl)c1cccs1,6891,1,2590
2179,2591,OC(CCN1CCOCC1)(Cc1ccccc1Cl)c1ccc(Cl)cc1,1979,2,2591
2180,2592,CN(C)CC1CCCCC1(O)c1ccc(Cl)cc1,1981,2,1340
2181,2593,OC1(c2ccccc2)CCCCC1CN1CCOCC1,1980,2,2593
2182,2594,OC1(c2ccc(Cl)cc2)CCCCC1CN1CCOCC1,1980,2,2593
2183,2595,CCOc1ccc(Cc2nc3cc(Cl)c(Cl)cc3n2CCN(C)C)cc1,6890,1,2595
2184,2596,Cc1cc(=O)n2ncnc2[nH]1,6889,1,2596
2185,2597,CN(C)c1ccc2c(CCC(=O)O)c3ccc(N(C)C)cc3[o+]c2c1,6888,1,2597
2186,2598,N#CC(C#N)=C1Cc2ccccc2C1,6887,1,2598
2187,2600,CN1C2CCC1CC(OC(=O)C(CO)(CO)c1ccccc1)C2,1855,2,2600
2188,2601,CCCCCCCCCC[n+]1cccc(C(N)=O)c1,62,12,2559
2189,2602,CCCCCCCC[n+]1cccc(C(N)=O)c1,62,12,2559
2190,2603,Cc1cccc(C)[n+]1C,6886,1,2603
2191,2604,O=C(c1ccccc1)C(F)(F)C(F)(F)C(F)(F)C(=O)c1ccccc1,6885,1,2604
2192,2605,CCCCCCCCCCCC[N+]1([O-])CCOCC1,6884,1,2605
2193,2607,C=CCn1c(=O)c2c(ncn2C)n(C)c1=O,120,8,2082
2194,2608,O=C(O)c1ccccc1I,6883,1,2608
2195,2609,ClC(Cl)(Cl)SSSC(Cl)(Cl)Cl,6882,1,2609
2196,2611,CCCCCCCCCCCc1nc(N)nc(N)n1,6881,1,2611
2197,2612,O=C1N([N+](=O)[O-])CCN1[N+](=O)[O-],6880,1,2612
2198,2613,Cc1ccc2nc(N)sc2c1,655,4,979
2199,2614,O=C(O)c1cccc2nc3ccccc3nc12,6879,1,2614
2200,2615,c1ccc(C(N2CCCCC2)N2CCCCC2)cc1,6878,1,2615
2201,2616,O=C1C=Cc2ccccc2C1=NNc1c(O)cc(S(=O)(=O)O)c2ccccc12,6877,1,2616
2202,2617,CN(C)CCC(O)(c1ccccc1)c1ccc(F)cc1,457,4,125
2203,2618,N=C(N)SCC=Cc1ccccc1,6876,1,2618
2204,2620,CCC1C2CC3C4N(C)c5ccccc5C45CC(C2C5OC(=O)CCl)N3C1OC(=O)CCl,6875,1,2620
2205,2621,O=C(CCl)Nc1ccc(Br)cc1,217,7,1672
2206,2622,C(#Cc1ccccc1)CN1CCCCC1,6874,1,2622
2207,2623,N=C(N)Nc1nc2ccccc2s1,6873,1,2623
2208,2624,CC1(C)NC(=S)C(C)(C)N1,6872,1,2624
2209,2628,CCCCCCCCNP(=O)(N1CC1)N1CC1,6871,1,2628
2210,2629,N=C(NO)c1c(Cl)cccc1Cl,6870,1,2629
2211,2630,CCN(CC)CCOc1ccc(-c2nc3cc(Cl)ccc3s2)cc1,6869,1,2630
2212,2631,COc1cc(-c2ccc(NN=C3C=Cc4c(S(=O)(=O)O)cc(S(=O)(=O)O)c(N)c4C3=O)c(OC)c2)ccc1NN=C1C=Cc2c(S(=O)(=O)O)cc(S(=O)(=O)O)c(N)c2C1=O,6868,1,2631
2213,2632,N#CCCN(CCC#N)S(=O)(=O)c1ccccc1,6867,1,2632
2214,2633,CCOC(=O)Nc1cc(Cl)ccc1Cl,1523,2,2633
2215,2634,CCOC(=O)Nc1ccc(Cl)cc1,1003,3,2634
2216,2635,O=c1[nH]c(=O)[nH]c(=O)[nH]1,6866,1,2635
2217,2637,S=c1cccc[nH]1,6865,1,2637
2218,2638,CCCCCN(CCCCC)CC(=O)OCC,6864,1,2638
2219,2639,Nc1cccc(C(F)(F)F)c1,6863,1,2639
2220,2640,O=C(c1ccccc1)C(Cl)Cl,6862,1,2640
2221,2641,O=C(CCl)Nc1ccc(NC(=O)CCl)cc1,217,7,1672
2222,2642,OC(CCN1CCOCC1)(Cc1ccccc1Cl)c1cccs1,1979,2,2591
2223,2643,COC(=S)S,6861,1,2643
2224,2644,CC(=C(CCOC(=O)c1ccccc1)SSC(CCOC(=O)c1ccccc1)=C(C)N(C=O)Cc1cnc(C)nc1N)N(C=O)Cc1cnc(C)nc1N,207,7,799
2225,2646,Nc1ccccc1Oc1ccccc1,6860,1,2646
2226,2647,CCN(CC)CCOC(=O)C(c1ccccc1)N1CCCCC1,1246,2,2647
2227,2648,N#CC(C#N)=Cc1ccccc1Cl,6859,1,2648
2228,2649,N#CC(C#N)=Cc1ccccc1Br,6858,1,2649
2229,2650,N#CC(C#N)=Cc1ccccc1F,6857,1,2650
2230,2651,CC(=O)Nc1nccs1,1978,2,1827
2231,2652,N#Cc1ccc(N=C=S)cc1,6856,1,2652
2232,2653,CCCOC(=S)S,296,6,1951
2233,2654,CCCCCOC(=S)S,296,6,1951
2234,2655,CCCCCCOC(=S)S,296,6,1951
2235,2656,S=C(S)OC1CCCCC1,6855,1,2656
2236,2657,S=C(S)OCc1ccccc1,6854,1,2657
2237,2658,CCCCCCCCOC(=S)S,296,6,1951
2238,2659,CN(C)CCN1C(=O)c2ccccc2Nc2cc(Cl)ccc21,6853,1,2659
2239,2660,COc1cc2c(c(OC)c1OC)-c1ccc(SC)c(=O)cc1C(N)CC2,155,8,726
2240,2661,COc1ccc2c(CCN)c[nH]c2c1,309,6,833
2241,2662,O=Cc1c(Br)cc(Br)c(O)c1Br,6852,1,2662
2242,2663,CCN(CC)CCCOC(=O)C(OC)(c1ccccc1)c1ccccc1,18,18,790
2243,2664,CCOC(C(=O)OCCCN(CC)CC)(c1ccccc1)c1ccccc1,18,18,790
2244,2665,CCNC(=S)Nc1ccccn1,323,5,1965
2245,2666,CC[N+](CC)(CC)CCCNC1=CC(=O)C(NCCC[N+](CC)(CC)CC)=CC1=O,362,5,1299
2246,2667,COc1ccc2c(c1)N(CCCN(C)C)c1cc(Cl)ccc1S2,26,17,272
2247,2668,COCC12CN(C)C3C4C(OC)C1C3(C(OC)CC2O)C1CC2(O)C(OC)C(O)C4(OC(C)=O)C1C2OC(=O)c1ccccc1,119,9,24
2248,2669,NCc1cc(=O)[nH]o1,6851,1,2669
2249,2670,CCOC(=O)CN(CCC(C)C)CCC(C)C,6850,1,2670
2250,2671,C#CCOC(C(=O)OCCN(C)C)(c1ccccc1)c1ccccc1,34,10,854
2251,2674,O=[N+]([O-])c1ccc(C[P+](c2ccccc2)(c2ccccc2)c2ccccc2)cc1,6849,1,2674
2252,2675,O=CNc1ccccc1Oc1ccccc1,6848,1,2675
2253,2676,C#CCCCCCCCCC(=O)O,6847,1,2676
2254,2679,CC(=O)OC1C=CC2C3Cc4ccc(O)c5c4C2(CCN3C)C1O5,1093,2,2216
2255,2680,CN1C2CCC(OC(=O)Cc3ccc([N+](=O)[O-])cc3)C1CC2,1977,1,2680
2256,2682,NC1=C(Cl)C(=O)c2ccccc2C1=O,6846,1,2682
2257,2683,CCCCSP(SCCCC)c1ccccc1,1636,2,2683
2258,2684,O=C(CCCCCCCCC(=O)N1CC1)N1CC1,828,3,2684
2259,2685,NC(CSC(c1ccccc1)(c1ccccc1)c1ccccc1)C(=O)O,6845,1,2685
2260,2687,CN1C(=O)CC2(CCN(CCCC(=O)c3ccc(F)cc3)CC2)C1=O,239,5,2687
2261,2689,CN1CCCC1c1ccc[n+]([O-])c1,6844,1,2689
2262,2690,COc1oc(C2CCC(=CC(C)=Cc3ccc([N+](=O)[O-])cc3)O2)c(C)c(=O)c1C,6843,1,2690
2263,2691,N#CC(C#N)=Cc1ccccc1[N+](=O)[O-],1092,3,2691
2264,2692,N#CC(C#N)=Cc1cccc([N+](=O)[O-])c1,6842,1,2692
2265,2693,Cc1cccc(C)c1C(OCCOCCN(C)C)c1c(C)cccc1C,1811,2,2693
2266,2694,Nc1nc(N)nc(N2CCOCC2)n1,430,5,2694
2267,2695,CNc1nc(NC)nc(NC)n1,1974,2,2695
2268,2696,COc1ccc(C=NNc2ccc(Cl)cc2)cc1,984,3,2696
2269,2697,CC(CCc1ccccc1)N1CCOCC1,1802,2,2697
2270,2698,COc1ccccc1C=C(C#N)C#N,950,3,2698
2271,2699,Nc1cccc(C(=O)c2ccccc2)c1,1976,2,1006
2272,2700,Cc1ccc(NC(=O)C(Cl)Cl)cc1,1854,2,2700
2273,2702,CC(=O)OCCCC[N+](C)(C)C,6841,1,2702
2274,2703,Cc1ccc(S(=O)(=O)NC(C)(C)C)cc1,6840,1,2703
2275,2705,CN(C)c1nc2ccccc2[nH]1,6839,1,2705
2276,2706,CON(C)c1nc(Cl)nc(Cl)n1,6838,1,2706
2277,2707,Cc1nccnc1N1CCCCC1,6837,1,2707
2278,2709,OCCCc1cccnc1,1975,2,1583
2279,2710,COC1CC2C3CCC(C(C)CCCC(C)C)C3(C)CCC2C2(C)CCC3CC312,6836,1,2710
2280,2711,CC1=Nc2ccccc2Oc2ccccc21,6835,1,2711
2281,2713,CC(C)CC1NC(=O)C2CCCN2C1=O,6834,1,2713
2282,2714,COc1cc(OC)c(OC)cc1C=Cc1ccnc2ccccc12,6833,1,2714
2283,2715,Cn1c(=O)c2[nH]c(CC3CCCCC3)nc2n(C)c1=O,1091,1,2715
2284,2716,O=C(Oc1c(Cl)c(Cl)c(Cl)c(Cl)c1Cl)C(Cl)(Cl)Cl,6832,1,2716
2285,2717,CC[N+]1(CC)CCOC(=O)C1,6831,1,2717
2286,2719,C=CCC(O)CC=C,6830,1,2719
2287,2720,COC(C(=O)OCC1CCN(C)CC1)(c1ccccc1)c1ccccc1,669,2,2720
2288,2721,NC(=O)C1(c2ccccc2)CCCCC1,1936,2,2721
2289,2722,CCOC(C(=O)OCC1CCN(CC)CC1)(c1ccccc1)c1ccccc1,668,4,2722
2290,2725,O=C1CN=C(c2ccccc2Cl)c2cc(Cl)ccc2N1,6829,1,2725
2291,2726,O=C(CCCN1CCCC1)c1ccc(Cl)cc1,42,14,2269
2292,2727,CN1CCN=C(c2ccccc2)c2cc(Cl)ccc21,6828,1,2727
2293,2728,CCN1CCC(COC(=O)C(OC)(c2ccccc2)c2ccccc2)CC1,668,4,2722
2294,2729,CCOC(C(=O)OCC1CCN(C)CC1)(c1ccccc1)c1ccccc1,668,4,2722
2295,2730,CCCCC(Cc1ccccc1)(C(=O)OCC)c1ccc(Cl)cc1,6827,1,2730
2296,2731,COC(=O)C1C2CC3c4[nH]c5cc(OC)ccc5c4CCN3CC2CC(O)C1OC,158,8,253
2297,2732,O=C(Cl)C(Cl)(c1ccccc1)c1ccccc1,6826,1,2732
2298,2735,COC(C(=O)OC1CCN(C)CC1)(c1ccccc1)c1ccccc1,669,2,2720
2299,2736,CCOC(C(=O)OC1CCN(CC)CC1)(c1ccccc1)c1ccccc1,668,4,2722
2300,2740,CCCCN(CCCC)CCOC(=O)C(OC)(c1ccccc1)c1ccccc1,18,18,790
2301,2741,CCN(C)CCCOC(=O)C(OC)(c1ccccc1)c1ccccc1,18,18,790
2302,2742,CNc1nc(Cl)nc(NC)n1,1974,2,2695
2303,2743,CCCCN(C)CCOC(=O)C(OCC)(c1ccccc1)c1ccccc1,34,10,854
2304,2744,CCCN(CC)CCOC(=O)C(OCC)(c1ccccc1)c1ccccc1,18,18,790
2305,2745,CCN(CCOC(=O)C(OC)(c1ccccc1)c1ccccc1)C(C)C,18,18,790
2306,2746,CCOC(C(=O)OCCN(CC)C(C)C)(c1ccccc1)c1ccccc1,34,10,854
2307,2747,CCCCN(CC)CCOC(=O)C(OC)(c1ccccc1)c1ccccc1,18,18,790
2308,2748,CCN(CCOC(=O)C(OC)(c1ccccc1)c1ccccc1)CC(C)C,18,18,790
2309,2751,CCCCCN(CC)CCOC(=O)C(OC)(c1ccccc1)c1ccccc1,18,18,790
2310,2752,CCCCCN(CC)CCOC(=O)C(OCC)(c1ccccc1)c1ccccc1,34,10,854
2311,2753,CCCCCCC(=O)OCC[N+](C)(C)C,304,6,2586
2312,2754,O=C(O)C(F)(F)F,6825,1,2754
2313,2755,O=Cc1ccc(F)cc1[N+](=O)[O-],6824,1,2755
2314,2756,O=C(CCCN1CCC(C(=O)N2CCCC2)(c2cccc(Cl)c2)CC1)c1ccc(F)cc1,1973,2,2569
2315,2757,CCS(=O)(=O)c1ccc(F)cc1,6823,1,2757
2316,2758,Nc1nc2c(s1)CCCC2,6822,1,2758
2317,2759,Nc1nc2c(o1)CCCC2,6821,1,2759
2318,2760,CC(C)c1ccc(O)c(C(C)C)c1,1094,3,4
2319,2761,Cc1ccc(C(C)N2CCC3(CC2)C(=O)NCN3c2ccccc2)cc1,6820,1,2761
2320,2762,O=[N+]([O-])c1cccc2n[nH]cc12,6819,1,2762
2321,2764,O=C(Oc1c(Cl)c(Cl)c(Cl)c(Cl)c1Cl)c1ccc(Cl)cc1,6818,1,2764
2322,2766,Nc1ccc(Cl)cc1C(=O)c1ccccc1Cl,6817,1,2766
2323,2767,Clc1ccc2nc(Cl)c(Cl)nc2c1,6816,1,2767
2324,2768,O=C(Oc1c(I)ccccc1=O)c1ccc([N+](=O)[O-])cc1,6815,1,2768
2325,2769,Cc1ccccc1-c1nc2ccccc2[nH]1,6814,1,2769
2326,2770,CCCCC(=O)OCC[N+](C)(C)C,304,6,2586
2327,2771,CCCCOC(=O)Oc1ccc(=O)[nH]n1,6813,1,2771
2328,2772,CC(C)(CNNCc1ccccc1)C(=O)O,6812,1,2772
2329,2773,N#CC(C#N)=Cc1ccc(Cl)cc1Cl,1935,2,2773
2330,2774,COc1ccc(C=C(C#N)C#N)c(OC)c1,6811,1,2774
2331,2775,N#CC(C#N)=Cc1ccc2c(c1)OCO2,6810,1,2775
2332,2776,N#CC(C#N)=Cc1cccc2ccccc12,6809,1,2776
2333,2777,N#CC(C#N)=Cc1ccc2ccccc2c1,6808,1,2777
2334,2778,C=CCN1C(=O)C=CC1=O,6807,1,2778
2335,2779,CS(=O)(=O)c1cccc([N+](=O)[O-])c1,6806,1,2779
2336,2780,CCC(C)(C)NC,6805,1,2780
2337,2781,CN(C)CCC1(c2ccccc2)C=Cc2ccccc21,6804,1,2781
2338,2782,CCN(CCCl)C(C)COc1cc(C)c(Cl)cc1C(C)C,6803,1,2782
2339,2784,Cc1cccc(C)c1NC(N)=O,6802,1,2784
2340,2786,CCCC(NC)c1cccnc1,6801,1,2786
2341,2787,O=S1(=O)CC(Cl)C(Cl)C1,6800,1,2787
2342,2788,Cc1ccnc2ccccc12,6799,1,2788
2343,2789,CCCCCCCCCCCC(=O)N(C)C,118,9,1868
2344,2790,CC[N+](C)(CC)CC#N,6798,1,2790
2345,2791,N#CCN1CCCCC1,933,3,2791
2346,2792,CCCCCCCC[PH](=O)CCCCCCCC,1463,2,2792
2347,2793,CC[N+]1(CCOC(=O)c2cc(OC)c(OC)c(OC)c2)CCCCC1,1970,2,2793
2348,2794,CCCCCCCCCCCCCC(=O)N(C)C,118,9,1868
2349,2795,CCCCP(=O)(OCC)Oc1ccc([N+](=O)[O-])cc1,307,6,787
2350,2796,CCOP(=O)(CCCCCN)Oc1ccc([N+](=O)[O-])cc1,1972,1,2796
2351,2797,CCCC(=N)N,6797,1,2797
2352,2799,CC(=O)NCCCC(=O)O,6796,1,2799
2353,2800,OC(N1CC1)C(Cl)(Cl)Cl,6795,1,2800
2354,2801,CCN(CC)C(=O)C1CC2c3cccc4[nH]cc(c34)CC2N(C)C1,949,3,2801
2355,2803,NNc1ccccc1[N+](=O)[O-],6794,1,2803
2356,2804,FC(F)(F)c1ccccc1CC1=NCCN1,6793,1,2804
2357,2805,Cc1ccccc1CC1=NCCN1,6792,1,2805
2358,2806,FC(F)(F)c1ccc(CC2=NCCN2)cc1,6791,1,2806
2359,2807,Cc1ccc(CC2=NCCN2)cc1,1090,3,800
2360,2808,CC(C)NNC(=O)c1cccnc1,6790,1,2808
2361,2809,OCCN1CCCCC1,382,5,1046
2362,2822,CCOC(C(=O)OCCNC)(c1ccccc1)c1ccccc1,34,10,854
2363,2823,CCN(C)CCOC(=O)C(OC)(c1ccccc1)c1ccccc1,18,18,790
2364,2824,CCOC(C(=O)OCCN(C)CC)(c1ccccc1)c1ccccc1,34,10,854
2365,2825,COC(C(=O)OCCN(C)C(C)C)(c1ccccc1)c1ccccc1,18,18,790
2366,2826,CCOC(C(=O)OCCN(C)C(C)C)(c1ccccc1)c1ccccc1,34,10,854
2367,2827,ClCCOP1OCCO1,6789,1,2827
2368,2828,N#CCCOC1C(OCCC#N)C(OCCC#N)C(OCCC#N)C(OCCC#N)C1OCCC#N,6788,1,2828
2369,2829,CCC(CC)(C(=O)O)c1cccc2ccccc12,6787,1,2829
2370,2830,N=C(N)SCCCCCCCCCCC(=O)O,6786,1,2830
2371,2831,O=S(=O)(C(Cl)(Cl)Cl)C(Cl)(Cl)Cl,6785,1,2831
2372,2832,CCN1C(=CC(C)=Cc2sc3ccccc3[n+]2CC)Sc2ccccc21,1901,2,2832
2373,2833,CC1CCCC(C)(C)C1,6784,1,2833
2374,2834,CN1CCN(c2ccccc2)CC1,6783,1,2834
2375,2835,CCCCOC(=S)SCCSC(=S)OCCCC,6782,1,2835
2376,2836,ClC(Cl)(Cl)CC1CO1,6781,1,2836
2377,2837,CCCCCP(=O)(CCCCC)CCCCC,90,10,1903
2378,2838,CCCCCCP(=O)(CCCCCC)CCCCCC,90,10,1903
2379,2839,O=S(c1ccc(Cl)cc1)c1ccc(Cl)cc1,1971,2,2073
2380,2840,CN1C2CCC1CC(OC(=O)Cc1ccccc1)C2,67,12,1189
2381,2841,CC[N+]1(CCOC(=O)c2cc(OC)c(OC)c(OC)c2)CCCC1,1970,2,2793
2382,2842,N#CCCN1CCCCC1,139,8,1995
2383,2847,CC1OC(n2cc(F)c(=O)[nH]c2=O)C(O)C1O,1089,3,1308
2384,2848,ClCc1cccnc1,6780,1,2848
2385,2849,CCN(CC)CCOC(=O)c1cccnc1,14,19,2849
2386,2850,CCc1ccc(Cl)c(NC(=O)CCCN(CC)CC)c1,156,8,1796
2387,2851,OC1C(O)C2CC1C1C2C2(Cl)C(Cl)=C(Cl)C1(Cl)C2(Cl)Cl,6779,1,2851
2388,2852,CC(=O)OCC(I)CC(F)(F)C(F)(F)C(F)(F)F,6778,1,2852
2389,2853,O=C(CCCN1CCC(O)(c2ccccc2)CC1)c1ccc(F)cc1,221,7,406
2390,2854,CCOC(=S)Nc1ccccc1,6777,1,2854
2391,2855,O=S(=O)(Cc1ccccc1)c1ccccc1,6776,1,2855
2392,2857,Nc1c(I)cc(I)c(C(=O)N(CCC(=O)O)c2ccccc2)c1I,6775,1,2857
2393,2858,CCN(CC)CCNCC1CCCC(C)N1C,6774,1,2858
2394,2859,CCCCC(CCCC)C(=O)O,748,3,533
2395,2860,CCc1ccc(Cl)c(NC(=O)CN2CCOCC2)c1,82,10,2860
2396,2861,CCc1ccc(Cl)c(NC(=O)CN(CC)CC)c1,156,8,1796
2397,2862,CCc1ccc(OC)c(NC(=O)CN(CC)CC)c1,156,8,1796
2398,2863,O=C(NCCCNC1CCCCC1)C(O)c1ccccc1,6773,1,2863
2399,2864,CC(=O)Nc1c(I)cc(I)c(CC(=O)O)c1I,6772,1,2864
2400,2865,Nc1c(I)cc(I)c(CC(=O)O)c1I,6771,1,2865
2401,2866,Cn1c(=O)c2c(n(C)c1=O)=NC(C)(C)ON=2,6770,1,2866
2402,2868,COc1cc2c(c(OC)c1OC)-c1ccc(N)c(=O)cc1C(NC(C)=O)CC2,667,3,1432
2403,2869,CC(C)(C)COC(N)=O,6769,1,2869
2404,2870,S=C=Nc1cccc(N=C=S)c1,666,4,1367
2405,2871,COCc1c(CO)cnc(C)c1O,1969,1,2871
2406,2873,CNCCOC(=O)C(OC)(c1ccccc1)c1ccccc1,1088,1,2873
2407,2874,CC(=O)Nc1cccc(N=C=S)c1,6768,1,2874
2408,2877,BrCc1nc2ccccc2nc1CBr,6767,1,2877
2409,2878,CN(C)CCNc1ncnc2ccccc12,6766,1,2878
2410,2879,CN(C)CCC(c1ccccc1)c1ccccc1,1087,3,1968
2411,2880,c1ccc(C(CCN2CCOCC2)c2ccccc2)cc1,452,4,2880
2412,2881,CCN(CC)CCC(c1ccccc1)c1ccccc1,641,4,2881
2413,2882,BrCCCCCCCCCCCCBr,6765,1,2882
2414,2883,CC[N+](C)(CC)CCOCC(Cc1cccc2ccccc12)CC1CCCO1,749,3,2883
2415,2884,NC(=O)N1C(=O)C=CC1=O,6764,1,2884
2416,2887,CCCCCCCCCCCC(=O)N(CC)CC,6763,1,2887
2417,2888,Oc1c(Br)c(O)c(Br)c(O)c1Br,6762,1,2888
2418,2889,CSC1=NCCCCN1,1931,2,2889
2419,2890,O=S1(=O)CCN2OC2(c2ccccc2)c2cc(Cl)ccc21,6761,1,2890
2420,2891,CN1CCC23c4c5ccc(O)c4OC2C(O)C=CC3(O)C1C5,6760,1,2891
2421,2894,NCCc1c[nH]c2ccc(SCc3ccccc3)cc12,6759,1,2894
2422,2895,CN(C)c1ccc(C2NCCc3c2[nH]c2ccccc32)cc1,66,12,2895
2423,2896,Oc1ccccc1C1NCCc2c1[nH]c1ccccc21,66,12,2895
2424,2897,COc1ccc(C2NCCc3c2[nH]c2ccccc32)cc1OC,1086,2,2897
2425,2898,c1ccc2c3c([nH]c2c1)C(c1ccc2c(c1)OCO2)NCC3,6758,1,2898
2426,2899,COc1cc(C2NCCc3c2[nH]c2ccccc32)cc(OC)c1OC,1086,2,2897
2427,2900,O=[N+]([O-])c1cc(C2NCCc3c2[nH]c2ccccc32)ccc1Cl,6757,1,2900
2428,2901,Clc1ccccc1C1NCCc2c1[nH]c1ccccc21,66,12,2895
2429,2902,Clc1ccc(C2NCCc3c2[nH]c2ccccc32)cc1,66,12,2895
2430,2903,Fc1cccc(C2NCCc3c2[nH]c2ccccc32)c1,66,12,2895
2431,2904,Fc1ccc(C2NCCc3c2[nH]c2ccccc32)cc1,66,12,2895
2432,2905,Brc1ccc(C2NCCc3c2[nH]c2ccccc32)cc1,66,12,2895
2433,2906,COC(C=CCCc1ccc2c(c1)OCO2)=CC(=O)O,6756,1,2906
2434,2907,O=C(O)CCCCC(=O)O,665,3,295
2435,2908,C=CC(O)CCCCC,6755,1,2908
2436,2909,Brc1ccc(Sc2ccc(Br)cc2)cc1,6754,1,2909
2437,2910,CCC(=O)OC1(c2ccccc2)CCCN(CCc2ccccc2)CC1,559,4,2217
2438,2911,C=CC(=C)CC,6753,1,2911
2439,2912,C[N+]1(C)C2CCCC1CN(CCCCN1CC3CCCC(C1)[N+]3(C)C)C2,339,5,2912
2440,2913,CCCCCc1cc(OC)c(C=CC(C)=O)c(OC)c1,6752,1,2913
2441,2915,CCCN(CC)CCOC(=O)C(OC)(c1ccccc1)c1ccccc1,18,18,790
2442,2916,CN(C)Cc1c[nH]c2ccc([N+](=O)[O-])cc12,436,5,2164
2443,2917,CCCN(CCC)Cc1c[nH]c2ccc([N+](=O)[O-])cc12,436,5,2164
2444,2918,CCCCN(CCCC)Cc1c[nH]c2ccc([N+](=O)[O-])cc12,436,5,2164
2445,2919,O=[N+]([O-])c1ccc2[nH]cc(CN3CCCCC3)c2c1,102,9,2919
2446,2920,O=[N+]([O-])c1ccc2[nH]cc(CN3CCOCC3)c2c1,102,9,2919
2447,2921,CN1CCN(Cc2c[nH]c3ccc([N+](=O)[O-])cc23)CC1,102,9,2919
2448,2922,O=[N+]([O-])c1ccc2[nH]cc(CN3CCN(Cc4ccccc4)CC3)c2c1,102,9,2919
2449,2923,CCOC(=O)C1(c2ccccc2)CCN(Cc2c[nH]c3ccc([N+](=O)[O-])cc23)CC1,6751,1,2923
2450,2924,CN(C)Cc1c[nH]c2ccc(N)cc12,213,5,1916
2451,2925,Nc1ccc2[nH]cc(CN3CCCC3)c2c1,664,2,2925
2452,2926,Nc1ccc2[nH]cc(CN3CCCCC3)c2c1,128,8,2926
2453,2927,Nc1ccc2[nH]cc(CN3CCN(Cc4ccccc4)CC3)c2c1,664,2,2925
2454,2928,O=C(Nc1ccccc1)OC1CCCC1,1799,2,2928
2455,2929,CC1CCCC(C(=O)OCC[N+](C)(C)C)[N+]1(C)C,1085,3,1360
2456,2931,Cn1cc(CCc2cc[n+](CCC[N+](C)(C)C)cc2)c2ccccc21,1084,3,2931
2457,2932,ClP(Cl)Oc1ccccc1,6750,1,2932
2458,2933,Oc1cc(Cl)c(Cl)cc1O,1968,2,987
2459,2934,CN1C2CCCC1CNC2,6749,1,2934
2460,2935,CC1CC2CN(C)CC(C1)N2,6748,1,2935
2461,2936,c1ccc(-c2ccncn2)cc1,6747,1,2936
2462,2937,Nc1c[n+](Cc2ccccc2)no1,6746,1,2937
2463,2939,Cc1cc(O)cc(O)c1Br,6745,1,2939
2464,2940,Cc1cc(O)cc(O)c1Cl,6744,1,2940
2465,2941,CC(=O)C=Cc1ccc([N+](=O)[O-])o1,6743,1,2941
2466,2942,N#CCc1cc(F)ccc1[N+](=O)[O-],6742,1,2942
2467,2943,N=C(N)c1cccc(N)c1,6741,1,2943
2468,2944,Cc1cccc(N=CN(C)C)c1C,1083,3,2944
2469,2945,Cc1cc([N+](=O)[O-])c(C)cc1N,6740,1,2945
2470,2946,C=C1c2cc3[nH]ccc3cc2CN2CCC1C(=CC)C2,6739,1,2946
2471,2947,CN1CCC(C=C2c3ccccc3Sc3ccccc32)CC1,6738,1,2947
2472,2948,c1cncc(C2=NCCCC2)c1,6737,1,2948
2473,2949,CCc1ccc(F)c(NC(=O)CN2CCOCC2)c1,303,4,1792
2474,2950,COc1cc2c(c(OC)c1OC)-c1ccc(OC)c(=O)cc1C(N)CC2,155,8,726
2475,2951,COc1cc2c(c(OC)c1OC)-c1ccc(O)c(=O)cc1C(N)CC2,155,8,726
2476,2952,CCN(CC)CCNC(=O)COc1ccc([N+](=O)[O-])cc1,100,9,2161
2477,2953,CCCCOc1ccc(OCC(=O)NCCN(CC)CC)cc1,100,9,2161
2478,2954,NC(CNC(CNC(CC(=O)O)C(=O)O)C(=O)O)C(=O)O,6736,1,2954
2479,2955,c1ccc(CCNc2ncnc3ccccc23)cc1,6735,1,2955
2480,2956,COC(=O)C1=COC(C)C2CN3CCC4(C(=O)Nc5cc(OC)ccc54)C3CC12,6734,1,2956
2481,2957,Cc1cccc(C2NCCc3c2[nH]c2ccccc32)c1,66,12,2895
2482,2958,Oc1cccc(C2NCCc3c2[nH]c2ccccc32)c1,66,12,2895
2483,2959,COc1ccc(C2NCCc3c2[nH]c2ccccc32)cc1,66,12,2895
2484,2961,CCN(CC)CC#CCOC(=O)C(O)(c1ccccc1)c1cccs1,6733,1,2961
2485,2962,c1ccc2c(CC3CCNCC3)c[nH]c2c1,1082,3,2962
2486,2963,COc1ccc2[nH]cc(CC3CCNCC3)c2c1,1081,3,2963
2487,2964,c1ccc(CCN2CCC(Cc3c[nH]c4ccccc34)CC2)cc1,343,5,2964
2488,2965,OCCN1CCC(Cc2c[nH]c3ccccc23)CC1,343,5,2964
2489,2966,COc1ccc2[nH]cc(CC3CCN(CCc4ccccc4)CC3)c2c1,1080,1,2966
2490,2967,COc1ccc2[nH]cc(CC3CCN(Cc4ccccc4)CC3)c2c1,343,5,2964
2491,2968,Cn1cc(CC2CCN(CCc3ccccc3)CC2)c2ccccc21,6732,1,2968
2492,2969,Cc1cccc2c1OCC2NC(=N)N,6731,1,2969
2493,2970,O=[N+]([O-])c1cccc(N=C=S)c1,6730,1,2970
2494,2971,Cc1cccc2c1OCN(C)C2,6729,1,2971
2495,2973,NNC(=O)C=CC(=O)NN,6728,1,2973
2496,2975,CCOC(=O)C1(c2ccccc2)CCN(CCC2CCCO2)CC1,663,4,2565
2497,2976,CCOC(=O)C1(c2ccccc2)CCN(CCCCCC2CCCO2)CC1,663,4,2565
2498,2978,Cn1cc(CC2CCNCC2)c2ccccc21,1580,2,2978
2499,2979,CC(C)CNC(C)(C)COC(=O)c1ccccc1,804,3,2011
2500,2980,CCN(CC)CCOc1cc(C)ccc1C(C)C,1967,1,2980
2501,2981,CN(C)c1ccc(Nc2cc3nc4ccc(N(C)C)cc4nc3cc2N)cc1,6727,1,2981
2502,2983,CC[N+]1(C)CCN(CCCCCCCCCCN2CC[N+](C)(CC)CC2)CC1,783,3,2983
2503,2987,O=Nc1ccc(O)c2ncccc12,6726,1,2987
2504,2988,CC[N+](C)(CC)CCOC(=O)C1CC2CC[N+]1(C)CC2,662,4,2988
2505,2989,COc1ccc(C(=O)CCCN2CC=C(c3ccccc3)CC2)cc1,1966,1,2989
2506,2990,CCN1CCCC(OC(=O)C(O)(c2ccccc2)c2ccccc2)C1,321,5,2990
2507,2991,O=S(=O)(O)c1ccc(N=Nc2cc(S(=O)(=O)O)c3ccccc3c2O)c2ccccc12,6725,1,2991
2508,2992,CCC(=O)c1ccc2c(c1)N(CCCN(C)C)c1ccccc1S2,302,2,2992
2509,2993,C[S+](C)CCOC(=O)C(O)(c1ccccc1)C1CCCCC1,6724,1,2993
2510,2994,C[S+](C)CCOC(=O)C(c1ccccc1)C1CCCCC1,6723,1,2994
2511,2995,O=C(NCO)c1cccnc1,1965,2,1618
2512,2997,CCCCNCC1COc2cccc(OCC)c2O1,6722,1,2997
2513,2998,CS(=O)(=O)OCCCl,6721,1,2998
2514,3000,CC[N+](C)(CC)CCCOc1ccc(OCCC[N+](C)(CC)CC)nn1,778,3,3000
2515,3002,CN(C)CCOC(C)(c1ccccc1)c1ccccc1,696,4,362
2516,3003,CC1C2Cc3ccc(O)cc3C1(C)CCN2CC1CC1,435,5,229
2517,3004,c1ccc(C2NCCc3c2[nH]c2ccccc32)cc1,66,12,2895
2518,3005,CCCCCCCCC1CCC(C(=O)O)CC1,379,5,3005
2519,3006,ON=Cc1cc[n+](CSC[n+]2ccc(C=NO)cc2)cc1,1964,1,3006
2520,3007,CCN(CC)CCC(=O)N1c2ccccc2Sc2ccccc21,672,4,2410
2521,3008,OC1C2(c3ccccc3)CN3CN(C2)CC1(c1ccccc1)C3,6720,1,3008
2522,3009,COCCC=CCCl,6719,1,3009
2523,3010,CCC(CC)COC(C(=O)N(C)CCN(C)C)(c1ccccc1)c1ccccc1,1963,1,3010
2524,3012,ClC(Cl)(Cl)c1nc2ccccc2[nH]1,988,3,1303
2525,3013,CN(C)CCCN1c2cc(Cl)ccc2CCc2ccc(Cl)cc21,1079,2,3013
2526,3014,CN(C)CCCN1c2cc(Cl)ccc2C=Cc2ccc(Cl)cc21,1079,2,3013
2527,3015,CCCC[N+](CCC)(CCC)CCC,1962,2,2413
2528,3017,CC1(C)C(=CC=CC=CC=CC2=[N+](CCCCS(=O)(=O)O)c3ccc4ccccc4c3C2(C)C)N(CCCCS(=O)(=O)O)c2ccc3ccccc3c21,6718,1,3017
2529,3018,Oc1cccc2sccc12,6717,1,3018
2530,3019,O=C(OCCOC(=O)c1cccnc1)c1cccnc1,14,19,2849
2531,3020,O=C(OCCO)c1cccnc1,14,19,2849
2532,3021,Cc1ncc(CS)c(CS)c1O,1961,1,3021
2533,3022,CCOc1ccc(N(CC(=O)N(C)C)C(C)=O)cc1,6716,1,3022
2534,3023,O=C1C(CCSc2ccccc2)C(=O)N(c2ccccc2)N1c1ccccc1,6715,1,3023
2535,3025,CCN(CC)CCOC(=O)C(O)(c1cccs1)C1CCCC1,1845,2,3025
2536,3026,CC(=O)N(CC(=O)N(C)C)c1ccccc1,6714,1,3026
2537,3027,CCN(CC)CCOC(=O)Nc1ccccc1,434,4,3027
2538,3028,Nc1cc(F)c(N)c(F)c1,6713,1,3028
2539,3029,NC(Cc1ccc(O)c(C(=O)O)c1)C(=O)O,6712,1,3029
2540,3031,C=C(NC(C)=O)C(=O)CCC(N)=O,6711,1,3031
2541,3032,O=C(Cl)Oc1cccc2ccccc12,1244,2,3032
2542,3033,Cc1ccc(N=Nc2c(O)c(S(=O)(=O)O)cc3cc(S(=O)(=O)O)ccc23)c(C)c1,6710,1,3033
2543,3034,O=C1NC(=S)SC1=Cc1ccccn1,6709,1,3034
2544,3035,CCCCOP(=O)(Cc1ccccc1)OCCCC,854,3,3035
2545,3036,NCCCN1c2ccccc2Sc2ccc(Cl)cc21,26,17,272
2546,3037,C=CCNC(=S)NN,6708,1,3037
2547,3038,CCC(C)c1ccccc1OC(=O)NC,6707,1,3038
2548,3039,CC(O)CN1CCN(CCN(CC(C)O)CC(C)O)CC1,6706,1,3039
2549,3040,CCN(CCCN1c2ccccc2Sc2ccc(C(F)(F)F)cc21)N1CCOCC1,1960,1,3040
2550,3041,CN1CCC(CN2c3ccccc3Sc3ccccc32)CC1,518,4,3041
2551,3042,CN(C)S(=O)(=O)c1ccc2c(c1)N(CCCN1CCN(S(C)(=O)=O)CC1)c1ccccc1S2,1959,1,3042
2552,3043,O=C1NC(=O)C(=Cc2ccccc2)S1,1469,2,3043
2553,3044,NCCCC(N)CC(=O)NCCCC(N)CC(=O)NCCCC(N)CC(=O)NCCCC(N)CC(=O)NC1C(NC2=NC3C(O)CNC(=O)C3N2)OC(CO)C(OC(N)=O)C1O,1958,2,3044
2554,3045,NCCCC(N)CC(=O)NCCCC(N)CC(=O)NCCCC(N)CC(=O)NC1C(NC2=NC3C(O)CNC(=O)C3N2)OC(CO)C(OC(N)=O)C1O,1958,2,3044
2555,3046,OCCSCCc1ccccc1,6705,1,3046
2556,3047,N=C(N)SCc1ccccc1Cl,6704,1,3047
2557,3048,CC[n+]1ccccc1C=Cc1ccc(N(C)C)cc1,6703,1,3048
2558,3049,O=C(CBr)OCCOC(=O)CBr,6702,1,3049
2559,3050,O=C1NC(=S)SC1=Cc1cccnc1,1071,3,1366
2560,3052,O=C(CCCN1CCOCC1)c1ccc(F)cc1,42,14,2269
2561,3053,C[N+](C)(C)CC1(COc2ccccc2Cl)COC1,485,4,2266
2562,3054,CC[N+](C)(CC)CC1(COc2ccc(Cl)cc2)COC1,1078,1,3054
2563,3055,O=C1NC(=S)SC1=CC1CCCCC1,6701,1,3055
2564,3056,C[N+]1(CCCC[N+]2(C)CCCCC2)CCCCC1,71,11,3056
2565,3057,CC[N+](C)(CC)CCN(C)C(=O)C(O)(c1ccccc1)c1ccccc1,6700,1,3057
2566,3058,O[n+]1ccccc1S,6699,1,3058
2567,3059,CCCC(C)OS(=O)(=O)c1ccc(C)cc1,6698,1,3059
2568,3060,CC(O)CNC(=S)C(=S)NCC(C)O,6697,1,3060
2569,3061,CCCCOc1ccc(C(=O)OCCOCCN(CC)CC)cc1N,661,1,3061
2570,3062,CCCc1ccc(OCC(=O)N(CC)CC)c(OC)c1,433,5,1286
2571,3063,CCCCCCCCCCCC(=O)NS(=O)(=O)c1ccc(NC(C)=O)c2ccccc12,711,3,3063
2572,3064,CC(C(=O)OC1CN2CCC1CC2)(c1ccccc1)c1ccccc1,64,12,3064
2573,3065,O=C(O)CCC(=O)OCCCCCc1ccc(Cl)cc1,6696,1,3065
2574,3066,NC(=O)OCC(N)C(=O)O,6695,1,3066
2575,3067,O=C1NCN(c2ccccc2)C12CCN(CCCOc1ccc(F)cc1)CC2,301,3,2567
2576,3068,CCCCN(CCCC)CCCOC(=O)c1cc(F)ccc1OCC,1077,1,3068
2577,3069,CCCCN(CCCC)CCCOC(=O)c1ccc(OCC)c(F)c1,652,4,3069
2578,3070,CCOc1ccc(F)cc1C(=O)OCCN(CC)CC,652,4,3069
2579,3071,Cc1ccccc1Oc1ccccc1N,6694,1,3071
2580,3073,c1ccc(CC2NCCc3c2[nH]c2ccccc32)cc1,6693,1,3073
2581,3075,CC(C)(COC[n+]1ccc(C=NO)cc1)COC[n+]1ccc(C=NO)cc1,95,10,789
2582,3076,ON=Cc1cc[n+](COC2CCC(OC[n+]3ccc(C=NO)cc3)CC2)cc1,6692,1,3076
2583,3077,ON=Cc1cc[n+](CCOCC[n+]2ccc(C=NO)cc2)cc1,95,10,789
2584,3078,CC(=NO)c1cc[n+](COC[n+]2ccc(C(C)=NO)cc2)cc1,6691,1,3078
2585,3079,COC(=O)CCN(C)C,1775,2,3079
2586,3080,CN(C)CC#CCN1CCCC1=O,780,3,3080
2587,3081,O=C1CCC(=O)N1CC#CCN1CCCC1,6690,1,3081
2588,3082,C[N+](C)(C)CCC#CN1CCCC1=O,6689,1,3082
2589,3083,CC(=O)N(C)CC#CCN1CCCC1,6688,1,3083
2590,3084,CC(=O)N(C)CC#CC[N+](C)(C)C,1957,2,3084
2591,3085,CN(C)C(=O)N(C)CC#CC[N+](C)(C)C,1957,2,3084
2592,3086,CN(C)CC#CCOC(=O)N(C)C,1956,2,3086
2593,3087,CN(C)C(=O)OCC#CC[N+](C)(C)C,6687,1,3087
2594,3088,O=C1CCCC1CC#CCN1CCCC1,6686,1,3088
2595,3089,CN(C)CC#CCC1CCCC1=O,6685,1,3089
2596,3090,SC1(S)CCCCC1,6684,1,3090
2597,3091,O=S(=O)(O)c1cc(O)c2c(N=Nc3ccc(Nc4ccccc4)c4c(S(=O)(=O)O)cccc34)cc(S(=O)(=O)O)cc2c1,6683,1,3091
2598,3092,N#CC1(N2CCCCC2)CCCCC1,1766,2,3092
2599,3093,C[N+](C)(C)CCCCCCCC[N+](C)(C)C,17,18,738
2600,3094,Cc1ccc(C2(O)CCN(CCCC(=O)c3ccc(F)cc3)CC2)cc1,221,7,406
2601,3095,CC(C)(O)C=CC(=O)C(C)(O)C1C(O)CC2(C)C3CC=C4C(CC(O)C(=O)C4(C)C)C3(C)C(=O)CC12C,6682,1,3095
2602,3096,S=P(c1ccccc1)(c1ccccc1)c1ccccc1,6681,1,3096
2603,3097,CCCCCCCCCCCCNC(C)=O,318,5,3097
2604,3098,CCCCCCCCCCCCCCCCCC(=O)N(C)C,118,9,1868
2605,3099,CCCCCCCCCCCCCCCC(=O)N(C)C,118,9,1868
2606,3100,COc1ccc2c3c1OC1CC(O)C=CC31CC[N+](C)(C)C2,638,4,3100
2607,3101,C=CCC1(C2=CCCCC2)C(=O)NC(=S)NC1=O,6680,1,3101
2608,3102,NC1=C(Cl)C(=O)C(N)=C(Cl)C1=O,6679,1,3102
2609,3103,CNC(=N)NCc1ccccc1Cl,6678,1,3103
2610,3104,N=C(N)NCc1ccccc1Br,6677,1,3104
2611,3105,N=C(N)NCc1ccc(Cl)cc1Cl,6676,1,3105
2612,3106,C[N+](C)(C)CC#CCC1CCCC1=O,6675,1,3106
2613,3107,CC(=O)CCC#CC[N+](C)(C)C,6674,1,3107
2614,3108,CC(=O)OCC#CCN1CCCC1,432,5,3108
2615,3109,CC(=O)OCC#CCN(C)C,1956,2,3086
2616,3110,CC(=O)OCC#CC[N+](C)(C)C,6673,1,3110
2617,3111,O=C1c2ccccc2C(=O)N1CC#CCN1CCCC1,1864,2,3111
2618,3112,CCOCC#CCN1CCCC1,6672,1,3112
2619,3113,CCCN(CC#CCN1CCCC1=O)CCC,780,3,3080
2620,3114,O=C1CCCN1CC=CCN1CCCC1,6671,1,3114
2621,3115,O=C1CCCN1c1ccc(N2CCCC2)cc1,6670,1,3115
2622,3117,CN(C)CCCN1c2ccccc2Sc2ccc(O)cc21,26,17,272
2623,3118,CN(C)CCCN1c2cc(Cl)ccc2Sc2c(O)cccc21,26,17,272
2624,3119,CN(C)CCCN1c2ccccc2Sc2ccc(Cl)c(O)c21,1955,1,3119
2625,3120,CN(C)CCCN1c2cc(O)ccc2Sc2ccc(Cl)cc21,26,17,272
2626,3121,COC1=C(N)C(=O)c2nc(-c3nc(C(=O)O)c(C)c(-c4ccc(OC)c(OC)c4O)c3N)ccc2C1=O,6669,1,3121
2627,3122,CN(C)CCCN1c2ccccc2Sc2cc(O)c(Cl)cc21,26,17,272
2628,3123,COc1ccccc1NC(=O)c1cc(OC)c(OC)c(OC)c1,1954,2,1853
2629,3124,CN(C)C(=O)OCC#CCN1CCCC1,432,5,3108
2630,3125,COC(=O)c1ccc(O)c(OC)c1,1953,2,1729
2631,3126,NCC1OC(OC2C(N)CC(N)C(O)C2O)C(N)C(O)C1O,19,18,182
2632,3127,C[n+]1cccc2ccccc21,6668,1,3127
2633,3128,C[n+]1ccc2ccccc2c1,6667,1,3128
2634,3129,COc1ccc2[nH]cc(CCN3CCCC3)c2c1,813,2,3129
2635,3130,O=C(O)CN(CC(=O)O)Cc1cc2c(c(O)c1O)C(=O)c1ccccc1C2=O,6666,1,3130
2636,3131,CCCCSc1ccc(C(SCCN2CCCCC2)c2ccc(C)cc2)cc1,6665,1,3131
2637,3133,CN(C)C1=CC(=O)C=CC1=O,6664,1,3133
2638,3134,C=C1c2cccc(O)c2C(=O)C2=C(O)C3(O)C(=O)C(C(N)=O)C(=O)C(N(C)C)C3C(O)C12,1879,2,3134
2639,3135,O=C(C=Cc1ccccc1)NO,1919,2,3135
2640,3136,CN(C)c1cccc(Nc2ccccc2C(=O)O)c1,1952,1,3136
2641,3137,CNC(=O)Oc1cccc([N+](C)(C)C)c1,1951,1,3137
2642,3138,CCCCN(CCCC)S(C)(=O)=O,6663,1,3138
2643,3139,Cc1c(C(=O)O)[nH]c(=O)[nH]c1=O,6662,1,3139
2644,3140,c1ccc(C(CCN2CC3CCC(CC3)C2)c2ccccc2)cc1,6661,1,3140
2645,3141,Nc1nncs1,6660,1,3141
2646,3142,Cc1cc(C=NO)cc[n+]1COC[n+]1ccc(C=NO)cc1C,6659,1,3142
2647,3144,N=C(N=C(N)N)Nc1ccc(Cl)cc1,6658,1,3144
2648,3146,CC12CCC(O)CC1CCC1C2CCC2(C)C(c3ccc(=O)oc3)C(O)C3OC132,660,1,3146
2649,3149,CCCCCCCCCCCCCCCCCC[N+](CC)(CC)CC,54,12,2102
2650,3150,COc1c(O)ccc2c1C13CCN(C)C(C2)C1(O)CCC(=O)C3,154,8,3150
2651,3151,C[N+](C)(C)CC1(COc2ccc(Cl)cc2)COC1,1076,2,3151
2652,3152,C[N+](C)(C)CC1(COc2ccc(Cl)cc2Cl)COC1,1076,2,3151
2653,3153,C[N+]1(CC2(COc3ccc(Cl)cc3Cl)COC2)CCCCC1,6657,1,3153
2654,3154,CN(C)CCCN1c2cc(Cl)ccc2Sc2cccc(O)c21,26,17,272
2655,3156,CCCCCCC(=O)N1C2CN3C4=C(C(=O)C(N)=C(C)C4=O)C(COC(N)=O)C3(OC)C21,79,6,3156
2656,3157,COC12C(COC(N)=O)C3=C(C(=O)C(C)=C(N(C)C)C3=O)N1CC1NC12,9,22,659
2657,3158,CCOC(=O)N1C2CN3C4=C(C(=O)C(N)=C(C)C4=O)C(COC(N)=O)C3(OC)C21,9,22,659
2658,3160,CCC(=O)N1C2CN3C4=C(C(=O)C(N)=C(C)C4=O)C(COC(N)=O)C3(OC)C21,9,22,659
2659,3161,COC1=C(C)C(=O)C2=C(C1=O)C(COC(N)=O)C1(OC)C3NC3CN21,9,22,659
2660,3162,COC1=C(C)C(=O)C2=C(C1=O)C(COC(N)=O)C1(O)C3C(CN21)N3C,6656,1,3162
2661,3163,CCC(C)CCC=C(C)C,6655,1,3163
2662,3164,CN(C)c1nc2ccccc2s1,6654,1,3164
2663,3169,C[N+](C)(C)CCOCCN1CCCC1=O,425,5,3169
2664,3170,CCC#CC[N+](C)(C)C,6653,1,3170
2665,3171,C[N+](C)(C)CCOCN1CCCC1=O,1950,1,3171
2666,3172,CCOC(=O)CCN1CC1,99,9,3172
2667,3173,CCCCCCCCCCOC(=O)CCN1CC1,99,9,3172
2668,3174,NNC(=O)CCCCCCCCCCC(=O)NN,1949,2,1983
2669,3175,Oc1ccccc1CN=CCCCC/C=N/Cc1ccccc1O,6652,1,3175
2670,3176,CNCCc1ccc(OC)cc1,6651,1,3176
2671,3177,O=C(O)C=Cc1ccc(N(CCF)CCF)cc1,6650,1,3177
2672,3178,CC12CCC(O)CC1(O)CCC1C2CCC2(C)C(c3ccc(=O)oc3)C(O)C3OC132,444,5,20
2673,3179,CCc1cc([N+](=O)[O-])c(O)c([N+](=O)[O-])c1,6649,1,3179
2674,3180,NNC(=O)c1csnn1,6648,1,3180
2675,3181,CNCCC1CCCCC1,6647,1,3181
2676,3182,CCCCNC(=O)C(c1ccccc1)c1ccccc1,6646,1,3182
2677,3183,N#Cc1cc([N+](=O)[O-])cc([N+](=O)[O-])c1,6645,1,3183
2678,3184,CCOC(=O)NN,6644,1,3184
2679,3185,CCC(C)C1NC(=O)C(Cc2ccc(O)cc2)NC(=O)C(N)CSSCC(C(=O)N2CCCC2C(=O)NC(CC(C)C)C(=O)NCC(N)=O)NC(=O)C(CC(N)=O)NC(=O)C(CC(N)=O)NC1=O,1948,2,603
2680,3186,CCNC1=C(C)C(=O)C2=C(C1=O)C(COC(N)=O)C1(OC)C3NC3CN21,9,22,659
2681,3187,COC12C(COC(N)=O)C3=C(C(=O)C(C)=C(N4CC4)C3=O)N1CC1NC12,9,22,659
2682,3188,O=C(CCN1CC1)OCCOC(=O)CCN1CC1,99,9,3172
2683,3189,N#[N+][N-]P(=O)(c1ccccc1)c1ccccc1,6643,1,3189
2684,3191,CS(=O)(=O)OCCNCC(O)C(O)CNCCOS(C)(=O)=O,6642,1,3191
2685,3192,CCOC(CN(CC)CC)c1ccccc1,6641,1,3192
2686,3193,COC12C(COC(N)=O)C3=C(C(=O)C(C)=C(N4CCCCC4)C3=O)N1CC1NC12,9,22,659
2687,3194,Oc1ccc2c(c1)C13CCCCC1C(C2)N(CC1CC1)CC3,2,42,424
2688,3195,CC1(C)CC(=NO)CC(C)(C)N1,6640,1,3195
2689,3197,O=C1NC(=O)C(c2ccccc2)(c2ccccc2)O1,6639,1,3197
2690,3198,C=CC[N+](CC)(CC)CC,6638,1,3198
2691,3199,CC[N+]1(C)CCCCC1,6637,1,3199
2692,3200,CC1(C)Nc2cccc3c(N=Nc4ccc(N=Nc5ccccc5)c5ccccc45)ccc(c23)N1,6636,1,3200
2693,3201,OCCNCc1ccccc1O,6635,1,3201
2694,3202,C=CCCCCCCCCC(=O)N1CCOCC1,6634,1,3202
2695,3203,OCC1(c2ccccc2)CCNCC1,875,3,3203
2696,3204,CN1CCC(CO)(c2ccccc2)CC1,6633,1,3204
2697,3205,CC[N+]1(CCC(=O)N2CCN(C(=O)CC[N+]3(CC)CCCCC3)CC2)CCCCC1,6632,1,3205
2698,3206,CCc1nc2c(c(=O)n(C)c(=O)n2C)n1O,6631,1,3206
2699,3207,COCC[N+](C)(C)C,6630,1,3207
2700,3208,Cc1[nH]c(=O)c(C#N)cc1-c1ccccc1,6629,1,3208
2701,3209,CC(=O)Oc1ccc(CC(C(=O)OC2CC3CCC(C2)N3C)c2ccccc2)cc1,1947,1,3209
2702,3210,C[N+]1(CCCOC(=O)C2C(c3ccccc3)C(C(=O)OCCC[N+]3(C)CCCC3)C2c2ccccc2)CCCC1,152,8,3210
2703,3211,CC[N+]1(CCCOC(=O)C2C(c3ccccc3)C(C(=O)OCCC[N+]3(CC)CCCC3)C2c2ccccc2)CCCC1,152,8,3210
2704,3212,C[N+]1(CCCOC(=O)C2C(c3ccccc3)C(C(=O)OCCC[N+]3(C)CCCCC3)C2c2ccccc2)CCCCC1,152,8,3210
2705,3213,COC(=O)CCCc1ccc(NC(=O)OCc2ccccc2)cc1,6628,1,3213
2706,3214,O=C(O)C(O)=Cc1ccc(N(CCF)CCCl)cc1,6627,1,3214
2707,3215,COc1c(I)cc(C(=O)O)cc1I,6626,1,3215
2708,3216,C=CCC(N)Cc1ccccc1,6625,1,3216
2709,3217,O=C(Nc1ccccc1NC(=O)C(Cl)(Cl)Cl)C(Cl)(Cl)Cl,6624,1,3217
2710,3218,CCC(C)(SCC(=O)O)SCC(=O)O,6623,1,3218
2711,3222,CC(C)(C)SCCCl,6622,1,3222
2712,3224,CC[N+](C)(CC)CCCOC(=O)C1C(c2ccccc2)C(C(=O)OCCC[N+](C)(CC)CC)C1c1ccccc1,211,7,3224
2713,3225,O=C(O)C=CCl,6621,1,3225
2714,3226,O=[N+]([O-])c1c(Cl)ncnc1Cl,6620,1,3226
2715,3227,CCNCCC(O)(c1ccccc1)c1ccccc1,6619,1,3227
2716,3229,CC[N+](C)(C)CC,6618,1,3229
2717,3230,CN(C)CC(C)(C)CN1c2ccccc2Sc2ccccc21,6617,1,3230
2718,3231,CC(=O)C(=Cc1ccccc1)C(C)=O,6616,1,3231
2719,3232,N#CC[P+](c1ccccc1)(c1ccccc1)c1ccccc1,6615,1,3232
2720,3233,CN(C)CCCN1c2ccccc2S(=O)(=O)c2ccc(Cl)cc21,6614,1,3233
2721,3234,CCCCCCCCC(C)c1ccccc1O,1737,2,3234
2722,3235,O=C(C(=NO)c1ccco1)c1ccco1,1075,3,1466
2723,3236,CN(C)CCOC(=O)C1(c2ccccc2)CCCC1,70,11,108
2724,3237,CN(C)CCCOC(=O)C1(c2ccccc2)CCCC1,70,11,108
2725,3239,CC(C(=O)N1CCN(C(=O)C(C)[N+]2(C)CCOCC2)CC1)[N+]1(C)CCOCC1,1946,2,2305
2726,3240,COC12C(COC(N)=O)C3=C(C(=O)C(C)=C(N4CCCC4)C3=O)N1CC1NC12,9,22,659
2727,3241,C[N+](C)(C)CCC[n+]1ccc2ccccc2c1,659,4,3241
2728,3242,N#CC(C#N)=C1CCCCC1,1150,2,3242
2729,3243,NC1=NC(O)C2C3OC4(O)OC(C(O)C2(N1)C4O)C3(O)CO,6613,1,3243
2730,3244,CCN(CC)CCC(O)(c1ccccc1)c1ccccc1,457,4,125
2731,3245,CC1N(CC(=O)c2ccccc2)CCCC1(C)c1cccc(O)c1,6612,1,3245
2732,3246,C=C(CO)C(=O)O,6611,1,3246
2733,3247,COC(=O)C1=COC(C)C2CN3CCc4c([nH]c5ccccc45)C3CC12,658,4,3247
2734,3249,CN(C)CCSCC(=O)N1c2ccccc2Sc2ccc(Cl)cc21,1945,2,3249
2735,3250,CCN(CC)CCSCC(=O)N1c2ccccc2Sc2ccc(Cl)cc21,1945,2,3249
2736,3251,CCCC1(c2ccccc2)OCC(CO)O1,1101,3,2157
2737,3252,NNC(=O)NNC(N)=O,6610,1,3252
2738,3253,C#CCOC(=O)C#C,1245,2,3253
2739,3254,O=S(=O)(O)c1cc(Cl)cc(N=Nc2ccc(O)cc2O)c1O,6609,1,3254
2740,3255,CC1OCC(C[N+](C)(C)C)O1,6608,1,3255
2741,3257,Cc1c(O)ccc(O)c1O,6607,1,3257
2742,3258,O=c1c2ccccc2ncn1NS(=O)(=O)c1ccccc1,6606,1,3258
2743,3259,Cc1cccc(C)c1Nc1ncccc1C(=O)O,6605,1,3259
2744,3260,CSc1nc(Cl)nc(SC)n1,1074,3,3260
2745,3261,O=C(O)C(c1cccs1)c1cccs1,6604,1,3261
2746,3262,N#CCCN1c2ccccc2Sc2ccc(Cl)cc21,1944,1,3262
2747,3263,N#CCc1nc2ccccc2[nH]1,6603,1,3263
2748,3264,N#Cc1ccc2c(c1)OCO2,6602,1,3264
2749,3265,CC1CCOS(=O)O1,6601,1,3265
2750,3266,O=C(NN=C1CCCC1)c1ccncc1,292,6,3266
2751,3267,OCCSSSCCO,6600,1,3267
2752,3268,CCC12C=CCN3CCC4(C(=C(C(=O)OC)C1)Nc1ccccc14)C32,6599,1,3268
2753,3269,O=C(O)C1=CC(=C(c2ccc(O)c(C(=O)O)c2)c2ccc(O)c(C(=O)O)c2)C=CC1=O,6598,1,3269
2754,3271,OC(CN1CCOCC1)c1ccccc1,676,4,2027
2755,3272,COC1C(OC(=O)c2ccc(C)[nH]2)C(O)C(Oc2ccc3c(O)c(NC(=O)c4c[nH]c(C(=O)Nc5c(O)c6ccc(OC7OC(C)(C)C(OC)C(OC(=O)c8ccc(C)[nH]8)C7O)c(C)c6oc5=O)c4C)c(=O)oc3c2C)OC1(C)C,6597,1,3272
2756,3273,NC(CC(=O)CO)C(=O)O,6596,1,3273
2757,3274,O=C(c1ccccc1)C1OC1C(=O)c1ccccc1,6595,1,3274
2758,3275,O=P(N1CCCCC1)(N1CCCCC1)N1CCCCC1,1024,3,1602
2759,3276,OCCCN1CCOCC1,1943,2,1741
2760,3277,OC(CCN1CCOCC1)(c1ccccc1)c1ccccc1,222,6,142
2761,3279,COc1ccccc1N1CCN(CCc2c[nH]c3cc4c(cc23)OCO4)CC1,6594,1,3279
2762,3280,O=C(CCCCC(=O)Nc1ccccc1)Nc1ccccc1,6593,1,3280
2763,3281,CC(CCO)CCO,6592,1,3281
2764,3282,COc1cc(C(O)C(O)c2ccc(O)c(OC)c2)ccc1O,6591,1,3282
2765,3284,COc1ccccc1C(=O)NCC(=O)N(C)C,6590,1,3284
2766,3285,Cc1cc(C)nc(Cl)n1,6589,1,3285
2767,3288,CC(N=C=S)c1ccccc1,6588,1,3288
2768,3290,CCN1CC2(COC)C(O)CC(OC)C34C5CC6(O)C(OC)CC(OC(C)=O)(C5C6OC(=O)c5ccccc5)C(C(OC)C23)C14,119,9,24
2769,3294,CCCCCC(=O)NC1C(=O)N2C1SC(C)(C)C2C(=O)O,657,4,1109
2770,3295,O=c1nnc(-c2ccccc2)c(-c2ccccc2)[nH]1,6587,1,3295
2771,3297,C[N+](C)(C)Cc1ccccc1,6586,1,3297
2772,3298,CCCN(CCC)CCO,1073,1,3298
2773,3299,CCNCCCl,6585,1,3299
2774,3300,CNCCCl,6584,1,3300
2775,3301,O=P(Cc1ccccc1)(Cc1ccccc1)Cc1ccccc1,6583,1,3301
2776,3302,O=C(OCCN1CCCC1)C(O)(c1ccccc1)c1ccccc1,178,7,3302
2777,3303,O=C(OCCN1CCCCC1)C(O)(c1ccccc1)c1ccccc1,178,7,3302
2778,3304,ON1CCCCC1,6582,1,3304
2779,3305,O=c1n(-c2cccc3ccccc23)c(=O)n(-c2cccc3ccccc23)c(=O)n1-c1cccc2ccccc12,6581,1,3305
2780,3306,CN1C(=O)CSC1=S,6580,1,3306
2781,3307,CNC(C)Cc1c[nH]c2ccc(OC)cc12,814,3,3307
2782,3308,N#CCN(CC#N)C1CCCCC1,6579,1,3308
2783,3309,CC(Cc1ccccc1)N(C)CCC(O)(c1ccccc1)c1ccccc1,6578,1,3309
2784,3310,NN1CCc2ccccc2C1,6577,1,3310
2785,3311,COc1ccc(NC(=N)N=C(N)N)cc1,6576,1,3311
2786,3312,O=[N+]([O-])c1ccc2[nH]c(=S)sc2c1,6575,1,3312
2787,3314,CC(C)NC(=O)Oc1cccc(NC(=O)N(C)C)c1,216,7,3314
2788,3315,CC(C)CNC(=O)Oc1cccc(NC(=O)N(C)C)c1,216,7,3314
2789,3316,CN(C)C(=O)Nc1cccc(OC(=O)NC(C)(C)C)c1,63,12,3316
2790,3317,C=CCNC(=O)Oc1cccc(NC(=O)N(C)C)c1,216,7,3314
2791,3318,CNC(=O)Nc1cccc(OC(=O)NC(C)(C)C)c1,63,12,3316
2792,3319,Cc1cccc(C2CCCCC2)c1O,6574,1,3319
2793,3321,CC(C)NC(=O)OCc1ccncc1,6573,1,3321
2794,3322,Cc1ccc(NC(=O)OCc2ccncc2)cc1,656,4,3322
2795,3323,O=C(Nc1ccc(F)cc1)OCc1ccncc1,656,4,3322
2796,3324,COc1cc(COC(=O)Nc2ccncc2)cc(OC)c1OC,1942,1,3324
2797,3325,CCCCCSc1nc2c([nH]1)c(=O)n(C)c(=S)n2C,3,28,3325
2798,3326,CCCCCCSc1nc2c([nH]1)c(=O)n(C)c(=S)n2C,3,28,3325
2799,3327,O=C1c2ccccc2C(=O)N1Nc1ccccc1,6572,1,3327
2800,3328,CCC12CCCN3CCc4c(n(c5ccccc45)C(=O)C1)C32,6571,1,3328
2801,3329,O=P(Oc1ccccc1)(N1CCOCC1)N1CCOCC1,1713,2,3329
2802,3330,Cc1ccc(N=C=S)cc1N=C=S,6570,1,3330
2803,3331,OC(c1ccccc1)(c1ccccc1)C1CC1c1ccncc1,6569,1,3331
2804,3332,CN(C)CCC=C1c2ccccc2Sc2ccccc21,16,19,122
2805,3333,CCSNC(=O)CC(N)C(=O)O,6568,1,3333
2806,3334,CC(C)(C)c1cc(C#N)cc(Br)c1O,6567,1,3334
2807,3335,O=C(NC(=S)Nc1ccccc1)c1ccccc1,1941,2,3335
2808,3336,O=C(NC(=S)Nc1ccc(Cl)cc1)c1ccccc1,1941,2,3335
2809,3337,CCOc1ccc(Sc2nc3ccccc3n2CCN(CC)CC)cc1,6566,1,3337
2810,3338,O=C(N/N=C/c1ccc([N+](=O)[O-])o1)N/N=C/c1ccc([N+](=O)[O-])o1,1072,3,1626
2811,3339,O=C(N/N=C/c1ccccc1)N/N=C/c1ccc([N+](=O)[O-])o1,1072,3,1626
2812,3340,c1ccc2c(c1)Sc1ccccc1N2CCCN1CCOCC1,39,15,230
2813,3341,C[N+](C)(C)CCC[n+]1cc2ccccc2c2ccccc21,6565,1,3341
2814,3342,CC[N+](C)(CC)CCSP(=O)(SC)SC,6564,1,3342
2815,3343,CC[N+](C)(CC)CCSP(=S)(SC)SC,6563,1,3343
2816,3344,CC1=NN(c2ccccc2)C(=O)C1=CN(C)C,6562,1,3344
2817,3345,CCN(CC)CCC=C1c2ccccc2Sc2ccc(Cl)cc21,16,19,122
2818,3346,CCCCCCCCSc1nc2c([nH]1)c(=O)n(C)c(=S)n2C,3,28,3325
2819,3347,O=C(O)c1cc(O)ccc1O,6561,1,3347
2820,3348,CCC(=O)OC1(c2ccccc2)CC[N+](C)([O-])CC1,6560,1,3348
2821,3351,CCOP(=O)(OCC)N1CCCCC1,6559,1,3351
2822,3352,CSS(=O)(=O)c1ccc(C)cc1,6558,1,3352
2823,3353,C1CCC(N=C(NC2CCCCC2)N2CCOCC2)CC1,6557,1,3353
2824,3355,COc1ccc(NC(=O)OCc2ccncc2)cc1,656,4,3322
2825,3357,CCSc1nc2c([nH]1)c(=O)n(C)c(=S)n2C,24,3,3357
2826,3358,CCCCSc1nc2c([nH]1)c(=O)n(C)c(=S)n2C,24,3,3357
2827,3359,C1CCC(CN2CCCCC2)CC1,6556,1,3359
2828,3360,C=C1C2CC3(C1O)C1CC4C5(C)CCC(O)C4(C1N(CC)C5)C3CC2O,1940,2,1504
2829,3361,Cn1c(=O)[nH]c2nncnc2c1=O,6555,1,3361
2830,3362,CCN1C(=O)c2ccccc2C1=O,6554,1,3362
2831,3364,OC(c1nc2ccccc2[nH]1)c1ccccc1Cl,6553,1,3364
2832,3365,OC(c1ccc(Cl)cc1)c1nc2ccccc2[nH]1,1939,2,757
2833,3366,COc1cc(NC(=O)OCc2ccncc2)cc(OC)c1OC,656,4,3322
2834,3368,CC(C(=O)OCCN1CCN(CCOC(=O)C(C)c2cccc3ccccc23)CC1)c1cccc2ccccc12,6552,1,3368
2835,3369,O=C1NCC2(CCN(CCc3ccccc3)CC2)O1,6551,1,3369
2836,3370,CN(C)NC(=O)C(=O)c1c[nH]c2ccccc12,6550,1,3370
2837,3374,O=C(CCCN1CC=C(c2ccccc2)CC1)c1ccccc1,506,4,3374
2838,3375,O=C1NC(=S)SC1=Cc1ccncc1,1071,3,1366
2839,3376,C[N+](C)=C1SCCS1,6549,1,3376
2840,3377,COc1cccc(CN)c1,6548,1,3377
2841,3378,CCOP(=S)(Cl)c1ccccc1,6547,1,3378
2842,3379,Cc1sc2ccccc2c1CC1=NCCN1,6546,1,3379
2843,3380,COC12C(COC(N)=O)C3=C(C(=O)C(C)=C(N)C3=O)N1CC1C2N1S(C)(=O)=O,9,22,659
2844,3382,NC(=O)c1ccc[n+](Cc2ccccc2)c1,62,12,2559
2845,3383,C[N+](C)(C)CCOC(=O)c1cccnc1,14,19,2849
2846,3384,CSc1ccc2[nH]cc(CC(C)N)c2c1,431,5,1832
2847,3385,CC(N)C(C)c1c[nH]c2ccc(SCc3ccccc3)cc12,1938,1,3385
2848,3386,CSc1ccc2[nH]cc(CCN(C)C)c2c1,205,7,1459
2849,3387,CNC(C)Cc1c[nH]c2ccc(SC)cc12,431,5,1832
2850,3388,CSc1ccc2[nH]cc(CC(C)N(C)C)c2c1,431,5,1832
2851,3389,C=CCOc1cc(C(F)(F)F)ccc1C(=O)NCCN(CC)CC,1929,2,3389
2852,3391,N#CC1(O)CCCC1,1937,2,1988
2853,3392,C[n+]1cc(N)on1,6545,1,3392
2854,3393,CC=C1CN(C)C2Cc3c([nH]c4ccccc34)C(c3cc4[nH]c5c(c4cc3OC)CCN3CC4CC(C(C)O)C3C5(C(=O)OC)C4)CC1C2C(=O)OC,6544,1,3393
2855,3395,CCCCCCCC[N+](C)(CCCCCCCC)CCCCCCCC,17,18,738
2856,3396,COc1ccc2c(c1OC)C13CCN(C)C(C2)C1(O)CCC(=O)C3,154,8,3150
2857,3397,COc1cc2c(cc1O)C(=O)c1nccc3cc(OC)c(OC)c-2c13,6543,1,3397
2858,3398,CCN(Cc1cccc(S(=O)(=O)O)c1)c1ccc([C+](c2ccc(N(CC)Cc3cccc(S(=O)(=O)O)c3)cc2)c2ccc(S(=O)(=O)O)cc2)cc1,6542,1,3398
2859,3399,CC1=NNC(=O)CC1,6541,1,3399
2860,3400,O=C1NC2(c3ccccc3)NC(=O)NC2(c2ccccc2)N1,6540,1,3400
2861,3401,O=C(NCCBr)Nc1ccccc1,1070,3,3401
2862,3402,Cc1ccc(C(=O)O)cc1Cl,6539,1,3402
2863,3403,CN1CCCC(=C(c2cccs2)c2cccs2)C1,6538,1,3403
2864,3404,Oc1ccc(C(O)C(O)c2ccc(O)cc2)cc1,6537,1,3404
2865,3405,CC(C)NCCc1ccc(O)c(O)c1,6536,1,3405
2866,3406,NC(=O)c1cnc2ccccc2n1,6535,1,3406
2867,3408,CCOCCP(=O)(OCC)OCC,6534,1,3408
2868,3409,NC(CSC(c1ccccc1)c1ccccc1)C(=O)O,6533,1,3409
2869,3410,CN(C)CCC=C1c2ccccc2Sc2ccc(Br)cc21,16,19,122
2870,3411,CN1C(=O)C(=CN2CCCCC2)SC1=S,6532,1,3411
2871,3412,Oc1c(CN2CCCC2)cc(Nc2ccnc3cc(Cl)ccc23)cc1CN1CCCC1,1886,2,3412
2872,3413,O=[N+]([O-])c1c[nH]c([N+](=O)[O-])n1,6531,1,3413
2873,3414,O=CC(Br)CBr,6530,1,3414
2874,3415,CC=CCC(COCC[N+](C)(C)C)c1cccc2ccccc12,746,3,3415
2875,3416,CC=CCC(COCCN1CCCCC1)c1cccc2ccccc12,6529,1,3416
2876,3417,CCC12C=CCN3CCC4(c5ccccc5N(C)C4C(O)(C(=O)OC)C1OC(C)=O)C32,6528,1,3417
2877,3418,c1ccc2[nH]c(CCCCCCCCc3nc4ccccc4[nH]3)nc2c1,428,5,2361
2878,3419,COc1ccc2[nH]cc(CCNC(=O)C(N)CCC(=O)O)c2c1,904,3,3419
2879,3420,C#CC1(OC(C)=O)CCCCC1,866,3,3420
2880,3421,CCCCCCCCOc1ccc(C(=O)CCN2CCCCC2)cc1,40,14,152
2881,3422,Cc1ncsc1CC(=O)O,6527,1,3422
2882,3423,O=C1OC2CCCC1O2,6526,1,3423
2883,3424,CC[n+]1c(C)oc2ccccc21,6525,1,3424
2884,3425,COc1c2c(cc3ccncc13)OCO2,6524,1,3425
2885,3426,COc1c2c(cc3cc[n+](C)cc13)OCO2,208,7,3426
2886,3428,O=C(c1c[nH]c2ccccc12)C1CCNCC1,6523,1,3428
2887,3430,c1ccc2c(CC3CCCNC3)c[nH]c2c1,1082,3,2962
2888,3431,O=c1[nH]c2cc(Cl)c(Cl)cc2o1,6522,1,3431
2889,3432,N#CSc1ccccc1,6521,1,3432
2890,3433,CCCCCCOc1ccc(C(=O)CCN2CCCCC2)cc1,40,14,152
2891,3434,ClC[P+](c1ccccc1)(c1ccccc1)c1ccccc1,6520,1,3434
2892,3435,CC(=O)Nn1cnnc1,6519,1,3435
2893,3436,NC(=O)C1(c2ccccc2)CCCC1,1936,2,2721
2894,3437,C[N+](C)(C)CCOC(=O)CCC(=O)O,304,6,2586
2895,3438,CCCCCCCCC(=O)N1CCOCC1,175,7,3438
2896,3439,CCCCCCCCCC(=O)N1CCOCC1,175,7,3438
2897,3440,CCCCCCCCCCCC(=O)N1CCOCC1,175,7,3438
2898,3441,O=C(Nc1cccc(C2=NCCN2)c1)Nc1cccc(C2=NCCN2)c1,6518,1,3441
2899,3443,CCN(CC)CCn1c(-c2ccc(OC)cc2)nc2ccccc21,294,6,3443
2900,3444,CCN(CC)c1ccc(NC(C)=O)cc1,6517,1,3444
2901,3445,c1cc[n+](Cc2ccc3ccccc3n2)cc1,6516,1,3445
2902,3446,O=[N+]([O-])c1ccc(SC2CCCCC2Cl)c([N+](=O)[O-])c1,6515,1,3446
2903,3447,CCCCCN1C(=O)CCC1=O,6514,1,3447
2904,3448,C=CCCCCCCCCC(N)=O,6513,1,3448
2905,3449,S=P(NC1CCCCC1)(NC1CCCCC1)NC1CCCCC1,6512,1,3449
2906,3450,COCCCN,6511,1,3450
2907,3451,CCCCCCCCCCCCCC(=O)N1CCOCC1,175,7,3438
2908,3452,CCCCCCCC(=O)N1CCOCC1,175,7,3438
2909,3453,CCCCCCCCCCCCNC(=N)N,6510,1,3453
2910,3454,N#CSc1ccc(Nc2ccc(SC#N)cc2)cc1,6509,1,3454
2911,3456,Oc1ccc2ccccc2c1CN1CCCCC1,1069,3,3456
2912,3457,N#CCCC(CCC#N)(CCC#N)C(=O)c1ccccc1,6508,1,3457
2913,3458,CCCC(C)(CC)C(=O)O,6507,1,3458
2914,3459,OCCc1ccncc1,6506,1,3459
2915,3460,Nc1ccccc1CO,6505,1,3460
2916,3461,O=C(O)C(=Cc1ccccc1[N+](=O)[O-])c1ccccc1,6504,1,3461
2917,3462,O=[N+]([O-])c1csc([N+](=O)[O-])c1,6503,1,3462
2918,3463,COc1cc([N+](=O)[O-])c2ncccc2c1Br,6502,1,3463
2919,3464,O=[N+]([O-])c1cccc(C=Nc2ccccc2O)c1,6501,1,3464
2920,3465,O=[N+]([O-])c1cccc(C=Nc2ccc(O)cc2)c1,6500,1,3465
2921,3466,N#CC(C#N)=Cc1cc(Cl)ccc1O,1935,2,2773
2922,3467,CCOC(=O)CSC#N,6499,1,3467
2923,3468,CN(C)C1=C(Cl)C(=O)c2ccccc2C1=O,6498,1,3468
2924,3469,NNC(=O)c1ccc(N)cc1,6497,1,3469
2925,3470,NC(=S)NN=CC=Cc1ccccc1,6496,1,3470
2926,3471,COc1cc(C=NNC(N)=S)ccc1O,6495,1,3471
2927,3472,c1ccc2c(CN3CCCCC3)c[nH]c2c1,344,4,3472
2928,3473,C[N+](C)(C)c1ccc([N+](C)(C)C)cc1,1068,3,999
2929,3474,COc1cc(CC2c3cc(OC)c(OC)cc3CCN2C)c(Oc2cc3c(cc2OC)-c2c(OC)c(OC)cc4c2C(C3)N(C)CC4)cc1OC,443,5,623
2930,3475,COc1ccc(C(=N)NO)cc1,6494,1,3475
2931,3476,COc1cc2[nH]cc(CCN)c2c(OC)c1OC,6493,1,3476
2932,3477,c1ccc2c(CN3CCOCC3)c[nH]c2c1,344,4,3472
2933,3478,O=C1c2ccccc2CN1c1ccccc1,6492,1,3478
2934,3479,N#CSc1ccc(O)c(O)c1,6491,1,3479
2935,3480,CCN(CC)CCCNc1c2c(nc3ccc(Cl)cc13)CCCC2,6490,1,3480
2936,3481,O=C(O)c1ccccc1NC(c1ccccc1)c1ccc2cccnc2c1O,6489,1,3481
2937,3482,Clc1c2c(nc3ccccc13)CCCC2,1934,2,674
2938,3483,CC(C)c1nc(N)nc(N)n1,6488,1,3483
2939,3484,O=C1OC(c2ccccc2)c2ccccc21,6487,1,3484
2940,3485,S=C(CN1CCOCC1)c1cccc2ccccc12,6486,1,3485
2941,3486,Nc1ccc2nc(N)sc2c1,655,4,979
2942,3487,Cc1cc(C)nc(N)c1,6485,1,3487
2943,3489,Nc1nc2ccc(Cl)cc2[nH]1,6484,1,3489
2944,3490,O=c1cc(Cl)nc2ccccn12,6483,1,3490
2945,3492,O=C(O)CS,6482,1,3492
2946,3493,N=C(N)c1ccc(Oc2ccc(C(=N)N)cc2)cc1,1036,3,3493
2947,3494,NC(=O)Nc1nc(-c2ccccc2)no1,6481,1,3494
2948,3495,S=C(Cc1cccnc1)N1CCOCC1,6480,1,3495
2949,3496,CC(C)CC[N+](CCC(C)C)(CCC(C)C)CCC(C)C,6479,1,3496
2950,3497,Cc1cc(N)c2cc(NC(=O)Nc3ccc4nc(C)cc(N)c4c3)ccc2n1,6478,1,3497
2951,3498,CNc1nc(N(C)C)nc2nc[nH]c12,6477,1,3498
2952,3499,CN(C)c1nc2c([nH]1)c(=O)n(C)c(=O)n2C,6476,1,3499
2953,3500,CCN(CC)CCOc1nc2c(c(=O)n(C)c(=O)n2C)n1C,1933,2,1653
2954,3501,Cn1c(=O)c2c(nc(Cc3ccccc3)n2C)n(C)c1=O,6475,1,3501
2955,3502,Cn1c(=O)c2[nH]c(CCC3CCCCC3)nc2n(C)c1=O,157,8,2332
2956,3503,O=C1CCC(=O)N1SC(Cl)(Cl)Cl,6474,1,3503
2957,3504,C(=NN=Cc1ccco1)c1ccco1,6473,1,3504
2958,3505,Cn1c(=O)c2[nH]c(Nc3ccccc3Cl)nc2n(C)c1=O,1932,2,3505
2959,3506,CCOC(=O)CSc1nc2ccccc2[nH]1,6472,1,3506
2960,3508,Cc1ccc(C(=C(Cl)Cl)c2ccc(C)cc2)cc1,6471,1,3508
2961,3509,Cc1ccc(NS(=O)(=O)Cc2ccccc2)cc1,1567,2,3509
2962,3510,BrCc1cc2c(cc1Br)OCO2,6470,1,3510
2963,3511,Cn1c(=O)c2[nH]c(Nc3ccc(Cl)cc3)nc2n(C)c1=O,1932,2,3505
2964,3512,CCN(CC)CCNc1cc(C)nc(NC(=N)Nc2ccc(Cl)cc2)n1,6469,1,3512
2965,3513,S=c1[nH]c(=S)c2[nH]cnc2[nH]1,6468,1,3513
2966,3514,O=c1[nH]cc(Cl)cc1Cl,6467,1,3514
2967,3515,Cn1c(=O)c2[nH]c(CCCC(=O)O)nc2n(C)c1=O,157,8,2332
2968,3516,O=C(O)Cc1ccc(Br)c2ccccc12,6466,1,3516
2969,3517,Cn1c(=O)c2[nH]c(CC(=O)O)nc2n(C)c1=O,157,8,2332
2970,3518,CSC1=NCCCN1,1931,2,2889
2971,3519,O=c1nc2nc[nH]c2c(SCc2ccccc2)[nH]1,6465,1,3519
2972,3520,CC(C(C#N)C(N)=O)C(C#N)C(N)=O,6464,1,3520
2973,3521,CCCCCCCCCCCC1=NC(C)(C)CN1c1ccccc1,1458,2,3521
2974,3522,NNC(=O)Cc1c[nH]c2ccccc12,6463,1,3522
2975,3523,C=CCOC(=S)S,6462,1,3523
2976,3524,CCN(CC)CCn1cnc2ccccc2c1=O,6461,1,3524
2977,3526,CC(=O)NC(C)(C)CC(C)(C)C,6460,1,3526
2978,3527,OC1Cc2ccccc2C1N1CCOCC1,6459,1,3527
2979,3528,c1ccc2[nH]c(CCCCc3nc4ccccc4[nH]3)nc2c1,428,5,2361
2980,3529,COc1ccc(C=C2SC(=S)NC2=O)cc1,1930,1,3529
2981,3530,O=S=Nc1ccccc1Cl,6458,1,3530
2982,3531,COc1cccc2sc(N)nc12,1843,2,3531
2983,3532,O=C(O)c1c[nH]c(=O)cc1O,6457,1,3532
2984,3534,C[n+]1cccc(C2CCC[N+]2(C)C)c1,6456,1,3534
2985,3535,CCN(CC)C(=O)c1cc(OC)c(OC)c(OC)c1,6455,1,3535
2986,3536,c1ccc(CCN2CCN(CCc3ccccc3)CC2)cc1,6454,1,3536
2987,3537,C=CCOc1cc(Cl)ccc1C(=O)NCCN(CC)CC,1929,2,3389
2988,3538,CC1OC(OC2C(N)CC(N)C(OC3OC(CN)C(O)C(O)C3O)C2O)C(O)C(N)C1O,19,18,182
2989,3540,CN(C)CCC=C1c2ccccc2C=Cc2ccc(Cl)cc21,1928,2,128
2990,3541,CC(Cc1c[nH]c2ccc(SCc3ccccc3)cc12)N(C)C,1066,2,3541
2991,3542,Cc1cccc(CC2=NCCN2)c1,1090,3,800
2992,3543,CCCCOC(=O)C1=CCCN(C)C1,600,4,51
2993,3544,CN(C)C(=N)Cc1ccccc1,6453,1,3544
2994,3545,CN(C)CCCC(O)(CCCN(C)C)c1ccccc1CCc1ccccc1,6452,1,3545
2995,3546,Nc1c(I)c(N)c(I)c(C(=O)O)c1I,6451,1,3546
2996,3548,CCC(C)c1cccc(C(C)CC)c1O,6450,1,3548
2997,3549,CCCOc1ccc(C(=O)CCN2CCOCC2)cc1,40,14,152
2998,3550,C=CS(=O)(=O)c1ccc(Cl)cc1,6449,1,3550
2999,3551,Nc1ncnc2c1ncn2C1OC(CO)C(O)C1O,1927,2,1327
3000,3552,CCCCCCCCN1C(=O)CCNC1=S,6448,1,3552
3001,3553,O=C(Cc1cccs1)NC1C(=O)N2C(C(=O)O)=C(CO)CSC12,449,5,357
3002,3554,COC(=O)CCc1c[nH]c2ccccc12,6447,1,3554
3003,3555,Nc1nc(N)nc(N2CCN(c3nc(N)nc(N)n3)CC2)n1,430,5,2694
3004,3556,Nc1nc(=O)c2ncn(C3OC(COP(=O)(O)O)C(O)C3O)c2[nH]1,1067,1,3556
3005,3557,CCN(CC)CC(O)(c1ccccc1)c1ccccc1,1926,1,3557
3006,3558,CC(Oc1ccc(-c2ccccc2)cc1)C(=O)O,1832,2,3558
3007,3559,O=C(O)CC(NCc1ccccc1)C(=O)O,1925,1,3559
3008,3560,CCNC(CC(=O)O)C(=O)O,1714,2,3560
3009,3561,C=CCCCCCCCCC(=O)NCc1ccc(O)c(OC)c1,237,6,16
3010,3562,CNC(C)Cc1c[nH]c2ccc(SCc3ccccc3)cc12,1066,2,3541
3011,3563,CC(Cc1c[nH]c2ccc([S+](C)C)cc12)[N+](C)(C)C,6446,1,3563
3012,3564,CNCC(C)c1c[nH]c2ccc(SC)cc12,521,4,3564
3013,3566,CNCCc1c[nH]c2ccc(SC)cc12,1065,1,3566
3014,3567,COc1ccc2c(c1OC)CN(C)CCc1cc3c(cc1C(=O)C2)OCO3,1064,3,1170
3015,3568,O=C(NC(CSSCC(NC(=O)c1cnc2ccccc2n1)C(=O)O)C(=O)O)c1cnc2ccccc2n1,654,4,3568
3016,3569,NC(=O)CCC(NC(=O)c1cnc2ccccc2n1)C(=O)O,654,4,3568
3017,3570,O=C(O)CNC(=O)c1cnc2ccccc2n1,6445,1,3570
3018,3572,CCCCC(NC(=O)c1cnc2ccccc2n1)C(=O)O,654,4,3568
3019,3573,O=C(NC(Cc1ccccc1)C(=O)O)c1cnc2ccccc2n1,654,4,3568
3020,3574,CCC(C)NC(=O)Oc1cccc(NC(=O)N(C)C)c1,216,7,3314
3021,3575,O=c1c(I)c[nH]cc1I,6444,1,3575
3022,3576,OCCN1CCN(CCCC(c2ccc(F)cc2)c2ccc(F)cc2)CC1,1630,2,3576
3023,3577,c1ccc(Cc2c[nH]c3ccccc23)nc1,6443,1,3577
3024,3578,Nc1nc(=O)n(C2CCCCO2)cc1Br,6442,1,3578
3025,3579,Cc1ccc(C2OC(=N)N3CCCCC23)cc1,653,4,3579
3026,3580,N=C1OC(c2ccc(Cl)cc2)C2CCCCN12,653,4,3579
3027,3581,COc1ccc(C2OC(=N)N3CCCCC23)cc1,653,4,3579
3028,3582,COc1cccc(C2OC(=N)N3CCCCC23)c1,653,4,3579
3029,3584,COc1cc2[nH]c3c(c2cc1OC)CCN1CC2C(C)OC=C(C(=O)OCCN(C)C)C2CC31,867,2,3584
3030,3586,S=C=NCCCCCCN=C=S,6441,1,3586
3031,3590,CNC(=O)c1c(I)c(NC(=O)CCCCCCCCC(=O)Nc2c(I)c(C(=O)O)c(I)c(C(=O)NC)c2I)c(I)c(C(=O)O)c1I,65,5,3590
3032,3591,CN1CCCC(Cc2c[nH]c3ccccc23)C1,1367,2,3591
3033,3592,COc1ccc2[nH]cc(CCNC(CCC(N)=O)C(=O)O)c2c1,6440,1,3592
3034,3593,CCCCNc1nc(N)nc(N)n1,6439,1,3593
3035,3594,OC(CCOc1cccc2ccccc12)N1CCCCC1,6438,1,3594
3036,3595,CC1NC(=O)C(C)NC1=O,6437,1,3595
3037,3596,O=P(Cl)(Nc1ccccc1)Nc1ccccc1,6436,1,3596
3038,3597,NCCC=C1c2ccccc2COc2ccccc21,1140,2,149
3039,3598,O=C(Nc1ccccc1)SCCO,6435,1,3598
3040,3599,O=C1CCC(c2ccccc2)(C2CCN(Cc3ccccc3)CC2)C(=O)N1,1924,2,2454
3041,3601,COc1cccc(C#N)c1OC,6434,1,3601
3042,3603,CCN(CC)CCCOC(=O)C1(c2ccccc2)CCCC1,70,11,108
3043,3604,CCCCCC#CC(=O)O,6433,1,3604
3044,3605,CC(CN1CCOCC1)C(C(=O)N1CCCC1)(c1ccccc1)c1ccccc1,6432,1,3605
3045,3606,Cc1ccc2oc(C)nc2c1,6431,1,3606
3046,3607,CN(C)c1ccccn1,6430,1,3607
3047,3608,CC1(C)OCCS1,6429,1,3608
3048,3610,COc1cc(C=C(C#N)C#N)cc(OC)c1OC,6428,1,3610
3049,3611,CCP(=O)(CC)OC,6427,1,3611
3050,3612,N#CC(C#N)=C1OCCO1,6426,1,3612
3051,3613,CC1(Cc2ccccc2)OCC(CO)O1,6425,1,3613
3052,3614,C1OC1CN1CCC(C2CCN(CC3CO3)CC2)CC1,6424,1,3614
3053,3616,CCOc1cc(C(=O)OC2CC3CN4CCc5c([nH]c6cc(OC)ccc56)C4CC3C(C(=O)OC)C2OC)cc(OCC)c1OC,158,8,253
3054,3618,NN(Cc1ccccc1)c1ccccc1,6423,1,3618
3055,3619,CCOc1ccc(C(=O)OCCN(CC)CC)cc1F,652,4,3069
3056,3620,CCOc1ccc(C(=O)OCCCN(CC)CC)cc1F,652,4,3069
3057,3622,C[N+](C)(C)CCC(=O)c1ccccc1,1063,1,3622
3058,3623,Fc1c(F)c(F)c(C(Br)c2c(F)c(F)c(F)c(F)c2F)c(F)c1F,6422,1,3623
3059,3624,CC(C)NCC(O)COc1ccccc1Cc1ccccc1,651,4,334
3060,3627,CSc1nc(SC)nc(SC)n1,1074,3,3260
3061,3628,COc1ccc(CN)cc1OC,1111,3,1768
3062,3629,C1CCN2CN3CCCCN3CN2C1,6421,1,3629
3063,3630,COc1cccc(CN=CC/C=N/Cc2cccc(OC)c2O)c1O,6420,1,3630
3064,3631,OC1(C#CC#CC2(O)CCCCC2)CCCCC1,1923,2,882
3065,3632,CN(C)c1nc(=NP(=O)(N2CC2)N2CC2)nc(N(C)C)[nH]1,6419,1,3632
3066,3634,CCN(CC)c1ccc(N(C)C)cc1,6418,1,3634
3067,3635,CC1CC=NN1C,6417,1,3635
3068,3636,OC(c1ccccc1)(c1ccccc1)C1CC1,1922,2,1099
3069,3639,CC1CCC(C(C)C)C(OCC(O)CNC(C)C)C1,6416,1,3639
3070,3641,CCn1c(C)nc2ccccc21,6415,1,3641
3071,3642,O=C(O)CCCN1CCOCC1,6414,1,3642
3072,3643,CCCC1(CCC)OC(=O)NC1=O,650,4,3643
3073,3644,CSC1(O)C(=O)c2ccccc2C1=O,6413,1,3644
3074,3645,CN(CCCCl)Cc1ccccc1,6412,1,3645
3075,3646,O=C(CN1CCOCC1)Nc1ccccc1,82,10,2860
3076,3647,COc1ccc(CN(C)C)cc1Cc1cc(CN(C)C)ccc1OC,803,3,3647
3077,3648,COc1ccc(C[N+](C)(C)C)cc1Cc1cc(C[N+](C)(C)C)ccc1OC,6411,1,3648
3078,3649,CCOC(=O)C1=CCC[N+](C)(C)C1,429,5,3649
3079,3650,CCCCCC(=O)N(C)C,118,9,1868
3080,3656,CCCCCc1nc2ccccc2[nH]1,428,5,2361
3081,3657,C[N+]1(C)CC2CC(C1)c1cccc(=O)n1C2,6410,1,3657
3082,3660,Cc1cc(CCl)c(O)c(CCl)c1,6409,1,3660
3083,3661,C[N+]1(CC(=O)c2ccc(-c3ccccc3)cc2)C2CCC1CC(OC(=O)C(CO)c1ccccc1)C2,6408,1,3661
3084,3662,O=C(O)CC(NCCc1ccccc1)C(=O)O,599,4,3662
3085,3663,O=C(O)CC(C(=O)O)N1CCCC1,6407,1,3663
3086,3664,CC1CCN(C(CC(=O)O)C(=O)O)C1,6406,1,3664
3087,3665,N#CSCC(N)=O,6405,1,3665
3088,3666,CC1CCC2N(C1)CC1C3(O)CC45OC6(O)C(O)CCC4(C)C6CCC5C3(O)CC(O)C1(O)C2(C)O,275,6,819
3089,3667,CC(CSc1ccccc1)NCCO,6404,1,3667
3090,3668,CN(C)c1ccc(O)cc1,6403,1,3668
3091,3669,N#CCCC1(CCC#N)CCCC(CCC#N)(CCC#N)C1=O,6402,1,3669
3092,3670,COc1cc2c(cc1O)CC1NCCc3cc(O)c(OC)c-2c31,1002,3,1162
3093,3671,CCCCN(CCCC)CCCOC(=O)c1ccc(N)cc1,186,6,248
3094,3672,O=C(C(=O)c1cccc([N+](=O)[O-])c1)c1cccc([N+](=O)[O-])c1,1921,2,1126
3095,3673,CCCCN1CC2CCCC1O2,1495,2,3673
3096,3674,O=C(NNc1ccccc1)OCCCl,6401,1,3674
3097,3675,Brc1cn[nH]c1Br,6400,1,3675
3098,3676,NNC(=O)c1ccc(Br)cc1,6399,1,3676
3099,3677,O=C(O)c1ccccc1Nc1ccccc1[N+](=O)[O-],1920,1,3677
3100,3678,COC(=O)C1C(OC(=O)c2ccccc2)CC2CCC1[N+]2(C)C,6398,1,3678
3101,3679,O=C1c2ccccc2C(O)(O)C1(O)C1(O)C(=O)c2ccccc2C1(O)O,6397,1,3679
3102,3680,COP(=O)(F)OC,6396,1,3680
3103,3681,CC[N+](CC)(CC)CCO,6395,1,3681
3104,3682,CCCCCc1cc(O)c2c(c1)OC(C)(C)C1CC=C(C)CC21,6394,1,3682
3105,3683,Cc1ncccc1CCCl,6393,1,3683
3106,3684,NC(=O)NC(=O)C=Cc1ccccc1,1919,2,3135
3107,3686,CN(C)CC(O)CN(C)C,6392,1,3686
3108,3689,C=C(Cl)CO,6391,1,3689
3109,3690,CCC(C(=O)O)C1(O)CCC(c2ccccc2)CC1,1427,2,3690
3110,3691,CCN1CCCC1c1cccnc1,1918,2,3691
3111,3692,C=CCN1CCCC1c1cccnc1,1918,2,3691
3112,3693,CC(=O)N1CCCC1c1cccnc1,6390,1,3693
3113,3694,Cc1cc(=O)oc2cc(O)ccc12,6389,1,3694
3114,3696,C=CC1CN2CCc3c([nH]c4ccccc34)C2CC1C(=COC)C(=O)OC,1226,2,3696
3115,3697,CC=CCC(COCC[N+]1(C)CCCC1)c1cccc2ccccc12,6388,1,3697
3116,3698,OC1CN=C2C=CC=CN2C1,6387,1,3698
3117,3699,CC12CCC(=O)C=C1CCC1C2C(O)CC2(C)C1CCC2(O)C(=O)COP(=O)(O)O,6386,1,3699
3118,3700,C=C(C)CN(C)C,6385,1,3700
3119,3701,CC(C)NC(=N)N=C(N)Nc1ccc(Cl)c(Cl)c1,6384,1,3701
3120,3702,Clc1sc(Cl)c(Cl)c1Cl,6383,1,3702
3121,3703,Nc1nc(N)c(-c2ccccc2)s1,6382,1,3703
3122,3704,NCCCCc1cccnc1,6381,1,3704
3123,3705,CCCCNCC(=O)Nc1c(C)cccc1Cl,6380,1,3705
3124,3706,CC1=NCCc2c1[nH]c1cc(O)ccc21,6379,1,3706
3125,3709,C=CC(OC)OC,6378,1,3709
3126,3710,N=C(N)NCc1cccc2ccccc12,6377,1,3710
3127,3711,O=C(C[P+](c1ccccc1)(c1ccccc1)c1ccccc1)c1ccccc1,647,4,3711
3128,3712,O=c1cc(-c2ccccc2)oc2ccc3ccccc3c12,6376,1,3712
3129,3713,CC(=CC(=O)O)Cc1ccccc1,6375,1,3713
3130,3714,C[N+](C)(C)CCC[n+]1ccccc1,6374,1,3714
3131,3715,C=C1C(N(C)C)C(=O)N(c2ccccc2)N1C,6373,1,3715
3132,3716,Nc1ccc(CCC(N)c2ccc(N)cc2)cc1,6372,1,3716
3133,3717,O=C(O)c1ccccc1OP(=O)(O)O,6371,1,3717
3134,3718,CCCC1C(=O)N(c2ccccc2)N(c2ccccc2)C1=O,1917,2,540
3135,3719,C#CCCC(=O)O,6370,1,3719
3136,3720,CC(=C1CCOC(=O)S1)N(C=O)Cc1cnc(C)nc1N,6369,1,3720
3137,3721,CC(C)(N)CN1CCOCC1,6368,1,3721
3138,3723,O=[N+]([O-])c1cnc(NP(=O)(Cl)Cl)nc1Cl,6367,1,3723
3139,3724,Cc1[nH]c2c(c1C)C(=O)CCC2,6366,1,3724
3140,3725,C=C1C2CCC3C(CCC4C5(C)CCCC43CN3CCOC35)(C2)C1O,1915,2,3725
3141,3726,CC1(C)CCCC(C)(C)N1N,6365,1,3726
3142,3727,CC1(C)CCCC(C)(C)N1N=O,6364,1,3727
3143,3728,CC(=O)C(=NNc1ccccc1)C(C)=O,1885,2,3728
3144,3729,CCCCCC(C)C(C)=O,6363,1,3729
3145,3730,O=P(O)(O)CP(=O)(O)O,6362,1,3730
3146,3731,CN1C(C)(C)CCCC1(C)C,1909,2,3731
3147,3732,O=[N+]([O-])c1nc(Br)[nH]c1Br,6361,1,3732
3148,3733,CC(N1CCCCC1)C(O)(c1ccccc1)c1ccccc1,6360,1,3733
3149,3735,C#CCOS(=O)(=O)c1ccc(C)cc1,6359,1,3735
3150,3736,CN1C(CC(=O)c2ccccc2)CCCC1CC(=O)c1ccccc1,1916,1,3736
3151,3737,c1ccc(CN=C(NC2CCCCC2)NC2CCCCC2)cc1,6358,1,3737
3152,3738,O=C(Nc1ccc(OCc2ccccc2)cc1)Oc1ccc([N+](=O)[O-])cc1,6357,1,3738
3153,3739,CCCCCCCCCCCCSC(CC(=O)O)C(=O)O,6356,1,3739
3154,3740,O=C(COc1ccc(Cl)cc1Cl)Nc1cc(C(F)(F)F)ccc1Cl,6355,1,3740
3155,3741,C=C1C2CCC3C(CCC4C5(C)CCCC43C3OCCN3C5)(C2)C1O,1915,2,3725
3156,3742,COc1ccc2c(c1O)C13CCN(C)C(C2)C1(O)CCC(=O)C3,154,8,3150
3157,3743,CP(=O)(OCC(=O)c1ccccc1)Oc1ccc([N+](=O)[O-])cc1,614,4,3743
3158,3744,C=CCSc1ccnc(-c2ccccc2)n1,6354,1,3744
3159,3745,CCCNC(C)(C)C(=O)Nc1ccccc1C,6353,1,3745
3160,3746,Nc1nc(-c2ccccc2)cs1,6352,1,3746
3161,3747,C#CC1(Cl)CCCCC1,6351,1,3747
3162,3748,O=S1(=O)C=CC(O)C1,6350,1,3748
3163,3751,CCCCC(=O)N(C)C,118,9,1868
3164,3752,C=CCP(C)(=O)OC(C)C,1914,2,1785
3165,3753,CCCCCCON=Nc1ccccc1,6349,1,3753
3166,3754,CC[N+](C)(CC)c1cccc(OC(=O)N(C)C)c1,695,3,449
3167,3755,O=C(Nc1ccccc1)c1cc(O)c(O)c(O)c1,6348,1,3755
3168,3756,Nc1cccccc1=O,6347,1,3756
3169,3757,c1cc[n+](CCCCCCCCCC[n+]2ccccc2)cc1,264,6,1133
3170,3758,N=C(N)N=NC(=N)N,6346,1,3758
3171,3759,O=C(C[n+]1cccc2ccccc21)c1ccccc1,6345,1,3759
3172,3760,N=C(N)c1ccc(OCCCOc2ccc(C(=N)N)cc2)cc1,1913,2,709
3173,3761,CSc1cc(C)[o+]c(C)c1,6344,1,3761
3174,3762,C=CCSc1cc(C)[o+]c(C)c1,6343,1,3762
3175,3763,CCOc1ccc(C2=CC(=O)C=CC2=O)cc1,6342,1,3763
3176,3764,S=P(c1ccccc1)(N1CCOCC1)N1CCOCC1,6341,1,3764
3177,3765,CC(C)(C#N)NC1CCCCC1,6340,1,3765
3178,3767,CC1=CC(C)(C)NC(=S)N1C1CCCCC1C1CCCCC1,6339,1,3767
3179,3768,O=C(C=Cc1ccco1)CCN1CCOCC1,6338,1,3768
3180,3771,Nc1cc([N+](=O)[O-])ccc1Cl,1912,2,1125
3181,3772,CC(C)C(=O)N(Cc1ccccc1)Cc1ccccc1,6337,1,3772
3182,3773,CCC1([N+](=O)[O-])COC2(CCCCC2)OC1,6336,1,3773
3183,3774,CCN(CC)CCNC(=O)C(Cl)=C1C(Cl)=C(Cl)C(Cl)=C1Cl,6335,1,3774
3184,3775,O=[N+]([O-])c1c(Cl)cc(Cl)c([N+](=O)[O-])c1Cl,6334,1,3775
3185,3776,CCC(=O)c1ccc(Cl)cc1,6333,1,3776
3186,3777,CCCCCCCCCCOc1ccc(C(=O)c2ccc(OCCCCCCCCCC)cc2O)cc1,6332,1,3777
3187,3778,CN(C)c1ccc(C=Cc2sc3ccc4ccccc4c3[n+]2C)cc1,6331,1,3778
3188,3779,C1CC[N+]2(CC1)CCCCC2,1477,2,3779
3189,3780,CCCCCCCCCCCCCCCCCC(=NO)c1ccc(Cl)cc1,6330,1,3780
3190,3781,C#CC(C)(C)OC(=O)Nc1ccccc1,6329,1,3781
3191,3782,CCS(=O)(=O)c1ccc(C=NNc2nc3ccccc3o2)cc1,6328,1,3782
3192,3783,CCOCCCN,6327,1,3783
3193,3785,Oc1ccc(Cl)c(C(F)(F)F)c1,6326,1,3785
3194,3786,c1csc(C[N+]23CN4CN(CN(C4)C2)C3)c1,6325,1,3786
3195,3787,CN(C)NC(=S)Nc1ccccc1,6324,1,3787
3196,3788,C=CCNC(=S)NN(C)C,6323,1,3788
3197,3789,O=C1Nc2ccccc2C1(O)Cc1ccccn1,6322,1,3789
3198,3790,Cn1c(=O)c2c(nc(N/N=C/c3ccccc3Cl)n2C)n(C)c1=O,6321,1,3790
3199,3791,CN1CCC(OC(c2ccccc2)c2ccccc2)C1,300,4,1174
3200,3792,O=C(O)CCCOc1ccccc1,6320,1,3792
3201,3793,CCN(CC)CC(=O)Nc1ccccc1C,1062,2,3793
3202,3794,N#CC(=C(c1ccccc1)c1ccccc1)c1ccccc1,6319,1,3794
3203,3795,Cc1ccc(C)c2c(CC(=O)O)c[nH]c12,6318,1,3795
3204,3796,CCOC(=O)Nc1nc2ccccc2[nH]1,6317,1,3796
3205,3797,CC(=O)C(CCN(C)C)(c1ccccc1)c1ccccc1,317,5,1924
3206,3799,C[N+]1(CCC[N+]2(C)CC3CC=CCC3C2)CCOCC1,6316,1,3799
3207,3800,C[N+]1(CCC[N+]2(C)CCOCC2)C=C2CCCCC2C1,6315,1,3800
3208,3801,OCCN(c1ccccc1)c1ccccc1,6314,1,3801
3209,3802,O=NSC(c1ccccc1)(c1ccccc1)c1ccccc1,6313,1,3802
3210,3803,N#CSCSC#N,6312,1,3803
3211,3804,CCOC(=O)CCN1CCCC1,427,2,3804
3212,3805,Nc1ccc(Cc2ccccc2)cc1,6311,1,3805
3213,3807,O=C1NC(=O)C2C3C=CC(C3)C12,6310,1,3807
3214,3808,O=C1NC(=S)SC1=Cc1cccs1,6309,1,3808
3215,3809,O=CNc1cc(Cl)cc(Cl)c1,6308,1,3809
3216,3810,O=C(C=Cc1ccc(Cl)cc1)c1ccc(Br)cc1,6307,1,3810
3217,3811,C(=Cc1cnnc2ccccc12)c1ccccc1,6306,1,3811
3218,3813,CSC[N+](C)(C)C,6305,1,3813
3219,3814,N#CC(=Nc1ccccc1)Nc1ccccc1,6304,1,3814
3220,3815,O=S(=O)(O)c1cc(O)c2ccc3c(S(=O)(=O)O)cc(S(=O)(=O)O)c4ccc1c2c34,6303,1,3815
3221,3816,O=Cc1cc([N+](=O)[O-])ccc1Cl,6302,1,3816
3222,3817,Cc1ccc(S(=O)(=O)NC(=S)Nc2ccccc2)cc1,1751,2,3817
3223,3819,Nc1ccc(OCc2ccccc2)cc1,6301,1,3819
3224,3820,CCN(CC)CCOc1ccccc1C(=O)Nc1ccccc1,1896,2,3820
3225,3821,CC(=O)C1OC(Oc2ccc(C=C(C)C(=O)NC3C(O)C(O)C4OCOC4C3O)cc2O)C(O)C1O,6300,1,3821
3226,3822,CC=CC(=O)OC1CC2OC3C=C(C)C(=O)CC3(C)C1(C)C21CO1,6299,1,3822
3227,3823,c1ccc(CCNCc2cccnc2)cc1,1911,2,2281
3228,3824,Cc1cc([N+](=O)[O-])c(N)c([N+](=O)[O-])c1,6298,1,3824
3229,3826,COc1cc2c3c(c1)CCCN3CCC2,346,5,3826
3230,3827,N=C(N=C(N)N)Nc1ccc(S(=O)(=O)O)cc1,6297,1,3827
3231,3828,CC=CC1OCC(C)O1,6296,1,3828
3232,3829,C[N+](C)(C)CCSCC[N+](C)(C)C,6295,1,3829
3233,3830,O=[N+]([O-])c1ccc(C(N2CCOCC2)N2CCOCC2)cc1,6294,1,3830
3234,3831,c1cc2c(s1)CCCC2,6293,1,3831
3235,3833,Oc1cccc(CN2CCOCC2)c1O,1744,2,3833
3236,3834,O=C(O)CCC(NC(=O)c1ccccc1)C(=O)N1CCOCC1,1059,3,3834
3237,3835,O=C(O)CCC(NC(=O)c1ccccc1)C(=O)N1CCCCCC1,1059,3,3834
3238,3836,CCN(CC)C(=O)C(CC(=O)O)NC(=O)c1ccccc1,6292,1,3836
3239,3837,O=C(O)CCC(NC(=O)Cc1ccccc1)C(=O)NCc1ccccc1,1052,3,3837
3240,3838,O=C(O)CCC(NC(=O)c1ccccc1)C(=O)OCc1ccccc1,1910,2,3838
3241,3839,O=C(CCC(NC(=O)c1ccccc1)C(=O)O)OCc1ccccc1,1910,2,3838
3242,3840,O=C(O)CC(NC(=O)c1ccccc1)C(=O)NCc1ccccc1,1052,3,3837
3243,3841,N#Cc1ccc(S(=O)(=O)c2ccc(C#N)cc2)cc1,6291,1,3841
3244,3842,CC(=O)CSc1nc2c([nH]1)c(=S)n(C)c(=O)n2C,215,2,3842
3245,3843,CCCCCCCCCCSc1nc2c([nH]1)c(=O)n(C)c(=S)n2C,3,28,3325
3246,3844,CCCCCCCCCCCSc1nc2c([nH]1)c(=O)n(C)c(=S)n2C,3,28,3325
3247,3845,CCCCCCCCCCCCSc1nc2c([nH]1)c(=O)n(C)c(=S)n2C,3,28,3325
3248,3846,Cn1c(=O)c2[nH]c(SC3CCCCC3)nc2n(C)c1=S,851,3,3846
3249,3847,Cn1c(=O)c2[nH]c(SCc3ccccn3)nc2n(C)c1=S,1061,1,3847
3250,3848,Cn1c(=O)c2[nH]c(SCc3cccnc3)nc2n(C)c1=S,456,4,3848
3251,3849,CSc1nc2c([nH]1)c(=S)n(C)c(=S)n2C,229,2,3849
3252,3850,CCCCCCSc1nc2c([nH]1)c(=S)n(C)c(=S)n2C,3,28,3325
3253,3851,CCCCCCCSc1nc2c([nH]1)c(=S)n(C)c(=S)n2C,3,28,3325
3254,3852,Cn1c(=O)c2[nH]c(CCCc3nc4c([nH]3)c(=O)n(C)c(=S)n4C)nc2n(C)c1=S,426,4,2403
3255,3853,Cn1c(=O)c2[nH]c(CCCCc3nc4c([nH]3)c(=O)n(C)c(=S)n4C)nc2n(C)c1=S,426,4,2403
3256,3854,Cn1c(=O)c2[nH]c(CCCCCc3nc4c([nH]3)c(=O)n(C)c(=S)n4C)nc2n(C)c1=S,426,4,2403
3257,3856,COc1ccc2c3c1OC1C(=O)CCC4(O)C(C2)N(CCc2ccccc2)CCC314,122,8,608
3258,3857,COc1ccc2c3c1OC1C(O)CCC4(O)C(C2)N(CCc2ccccc2)CCC314,648,3,3857
3259,3858,O=C1CCCC2C3CCCN4CCCC(=CN12)C34,6290,1,3858
3260,3859,C=C(C)C1CC=C(C)C(=O)C1,6289,1,3859
3261,3860,O=C(Nc1ccc(Br)cc1)c1cc([N+](=O)[O-])ccc1O,6288,1,3860
3262,3861,O=C(Nc1ccc(Cl)cc1)c1cccc([N+](=O)[O-])c1O,6287,1,3861
3263,3862,CCCSc1nc2c([nH]1)c(=S)n(C)c(=O)n2C,3,28,3325
3264,3863,CCCCSc1nc2c([nH]1)c(=S)n(C)c(=O)n2C,3,28,3325
3265,3864,CCCCCCCCCCCSc1nc2c([nH]1)c(=S)n(C)c(=O)n2C,3,28,3325
3266,3865,CCCCCCCCCCCCSc1nc2c([nH]1)c(=S)n(C)c(=O)n2C,3,28,3325
3267,3866,C=CCSc1nc2c([nH]1)c(=S)n(C)c(=O)n2C,215,2,3842
3268,3867,CCC(C)Sc1nc2c([nH]1)c(=S)n(C)c(=O)n2C,1060,1,3867
3269,3868,CC(C)CSc1nc2c([nH]1)c(=S)n(C)c(=O)n2C,3,28,3325
3270,3869,Cn1c(=S)c2[nH]c(SC3CCCCC3)nc2n(C)c1=O,851,3,3846
3271,3870,Cn1c(=S)c2[nH]c(SCc3ccccn3)nc2n(C)c1=O,456,4,3848
3272,3872,Cn1c(=S)c2[nH]c(SCc3ccncc3)nc2n(C)c1=O,456,4,3848
3273,3873,Cn1c(=S)c2[nH]c(SCCN3CCCCC3)nc2n(C)c1=O,3,28,3325
3274,3874,Cn1c(=S)c2[nH]c(SCC3CCCO3)nc2n(C)c1=O,6286,1,3874
3275,3875,CN1C(C)(C)CCC1(C)C,1909,2,3731
3276,3877,O=C(Nc1cccc(Cl)c1)c1cc([N+](=O)[O-])ccc1O,6285,1,3877
3277,3878,Cn1c(=S)c2[nH]c(SCCCC(=O)c3ccc(F)cc3)nc2n(C)c1=O,6284,1,3878
3278,3879,O=C(Nc1cccnc1)OCc1cccnc1,6283,1,3879
3279,3880,O=C(O)CCC(NC(=O)c1ccccc1)C(=O)N1CCCC1,1059,3,3834
3280,3882,CN(C)CCCNc1c2ccccc2nc2cccc([N+](=O)[O-])c12,214,7,3882
3281,3883,NC1CN2CCC1CC2,6282,1,3883
3282,3884,O=C(OC1C(OC(=O)c2cccnc2)C(OC(=O)c2cccnc2)C(OC(=O)c2cccnc2)C(OC(=O)c2cccnc2)C1OC(=O)c1cccnc1)c1cccnc1,6281,1,3884
3283,3885,Cn1c(=S)c2[nH]c(SCCN3CCCC3)nc2n(C)c1=O,3,28,3325
3284,3886,Cn1c(=S)c2[nH]c(SCCN)nc2n(C)c1=O,3,28,3325
3285,3889,COc1[nH]c2ccccc2c1CC[N+](C)(C)C,6280,1,3889
3286,3890,CNCC(O)C1CCCCC1,1121,3,970
3287,3891,C1=CCC(C2OCC3(CO2)COC(C2CC=CCC2)OC3)CC1,6279,1,3891
3288,3892,Oc1cccnc1Br,6278,1,3892
3289,3893,CCOC(=O)CCCCCC1NC(=O)CS1,1908,2,1584
3290,3894,CN1C2CCCC1CC(OC(=O)C(O)(c1ccccc1)C1CCCCC1)C2,576,3,3894
3291,3895,CCCSc1nc2c([nH]1)c(=S)n(C)c(=S)n2C,299,1,3895
3292,3896,CCOC(=O)c1ccc(NC(=O)C(CCC(=O)O)NC(=O)c2ccccc2)cc1,6277,1,3896
3293,3897,CCCc1cccc(CCC)c1O,475,4,2067
3294,3898,C=CCOCC(O)CNCC(O)COCC=C,6276,1,3898
3295,3899,COc1ccc2nc3cc(Cl)ccc3c(Cl)c2n1,6275,1,3899
3296,3900,CCN(CC)CCCC#CCN1CCCC1,6274,1,3900
3297,3901,ClC1c2ccccc2-c2ccccc21,6273,1,3901
3298,3902,O=[N+]([O-])c1ccc(NCSc2ccc(Cl)cc2)cc1,1517,2,3902
3299,3903,CCC(CC)NCCNc1cc(OC)cc2cccnc12,6272,1,3903
3300,3904,CCOC(=O)C1CC(C(=O)OCC)c2nc3ccccc3nc21,6271,1,3904
3301,3905,CCN(CC)CCNS(=O)(=O)c1ccc(C)cc1,153,8,2390
3302,3906,Oc1cccnc1Cl,6270,1,3906
3303,3907,Nc1ncnc(N)c1N,6269,1,3907
3304,3908,Cn1c(N)cc(=O)n(C)c1=O,6268,1,3908
3305,3909,C=CCN1CCC2(CC)c3cc(O)ccc3CC1C2C,484,3,3909
3306,3910,NNS(=O)(=O)c1cc(Cl)c(Cl)cc1Cl,6267,1,3910
3307,3911,Oc1ccc(N=Nc2ccccc2)cc1Cl,6266,1,3911
3308,3912,CCOc1ccc(Cc2nc(C)cc3cc(OC)c(OC)cc23)cc1OC,6265,1,3912
3309,3913,c1ccc2c(c1)CNCc1ccccc1-2,6264,1,3913
3310,3914,CC(=O)c1c(C)c(C)c2c(c1C)CCC2(C)C,6263,1,3914
3311,3915,C=CC(=O)N1CCN(C(=O)C=C)c2cc(C)c(C)cc21,6262,1,3915
3312,3916,N#CC(C#N)=CN1CCc2ccccc2C1,6261,1,3916
3313,3917,CCOC(=O)C(C#N)=CN1CCCc2ccccc21,1907,2,3917
3314,3918,CCOC(=O)C(C#N)=CN1CCNc2ccccc21,1907,2,3917
3315,3919,C[N+]12CCC34c5ccccc5N5C=C6C7CC8C9(CC[N+]8(C)CC7=CCO)c7ccccc7N(C=C(C(CC31)C(=CCO)C2)C54)C69,6260,1,3919
3316,3920,c1cc2n(n1)CCN2,6259,1,3920
3317,3921,N#CC(C#N)=Cc1c(Cl)ccc(Cl)c1Cl,6258,1,3921
3318,3922,CCCCCCC1NCCc2c1[nH]c1ccccc21,6257,1,3922
3319,3924,CCOC(CN1CCCCC1)c1ccccc1,6256,1,3924
3320,3925,CCN(CC)CCNC(=O)C(C)N(C)c1ccc(Cl)cc1,6255,1,3925
3321,3926,CC(=O)OCC1OC(n2ccc(N)nc2=O)C(OC(C)=O)C1OC(C)=O,6254,1,3926
3322,3927,Nc1ncnc2c(C3OC(CO)C(O)C3O)[nH]nc12,6253,1,3927
3323,3928,CCC1(CC)CC(O)C(C)O1,1906,2,3928
3324,3929,CCCC1(C)CC(O)C(C)O1,1704,2,3929
3325,3930,CCCC1(CC)CC(O)C(C)O1,1906,2,3928
3326,3931,N#CCCP(=S)(CCC#N)CCC#N,6252,1,3931
3327,3932,S=P(N1CCCCC1)(N1CCCCC1)N1CCCCC1,1905,2,1
3328,3933,O=C1c2cc(O)cc(O)c2C(=O)c2c1cc1c(c2O)C2C=COC2O1,6251,1,3933
3329,3934,COc1cc2c3c(c1O)C1(C=CC(=O)C=C1)CC3N(C)CC2,6250,1,3934
3330,3936,C=CCC(COCCN(CC)CC)c1cccc2ccccc12,746,3,3415
3331,3937,CC1CC2CCC(O2)C(C)C(=O)OC(C)CC2CCC(O2)C(C)C(=O)OC(C)CC2CCC(O2)C(C)C(=O)OC(C)CC2CCC(O2)C(C)C(=O)O1,6249,1,3937
3332,3938,CNC1C(OC2C(OC3C(O)C(O)C(NC(=N)N)C(O)C3NC(=N)N)OC(CO)C2(O)C=O)OC(CO)C(O)C1O,690,4,1161
3333,3939,CCN1CC2(C)CCC(OC)C34C2C(OC(C)=O)C2(OCOC25CC(OC)C2CC3(O)C5C2OC)C14,6248,1,3939
3334,3940,CN(C)CCc1c[nH]c2ccc(N(C)C)cc12,205,7,1459
3335,3941,CN(C)c1ccc2[nH]ccc2c1,6247,1,3941
3336,3942,CN(C)c1ccc2[nH]cc(CC#N)c2c1,213,5,1916
3337,3943,CN(C)Cc1c[nH]c2ccc(N(C)C)cc12,213,5,1916
3338,3944,CN(C)c1ccc2[nH]cc(C=O)c2c1,6246,1,3944
3339,3945,CN(C)c1ccc2[nH]cc(C(=O)c3ccccc3)c2c1,6245,1,3945
3340,3946,CN(C)c1ccc2[nH]cc(Cc3ccccc3)c2c1,1904,1,3946
3341,3947,Cc1c(Br)c(O)c(C(=O)O)c(O)c1Br,6244,1,3947
3342,3948,C[N+](C)(C)c1ccc2[nH]ccc2c1,6243,1,3948
3343,3949,N=c1[nH]c(=S)ss1,6242,1,3949
3344,3950,CN(C)c1ccc2[nH]cc(CN3CCCCC3)c2c1,1058,1,3950
3345,3951,CN(C)c1ccc2[nH]cc(C(=O)CBr)c2c1,1903,1,3951
3346,3952,NNC(=O)CSSCC(=O)NN,6241,1,3952
3347,3953,C[N+]1(CCC(O)(c2ccccc2)C2CCCCC2)CCCC1,477,4,3953
3348,3954,C[N+]1(CCC(O)(c2ccccc2)C2CCCCC2)CCCCC1,477,4,3953
3349,3955,O=c1[nH]cc(CN(CCCl)CCCl)c(=O)[nH]1,6240,1,3955
3350,3956,CC(=O)NNC(=O)CSSCC(=O)NNC(C)=O,6239,1,3956
3351,3957,FC(F)(F)C(F)(F)C(F)(F)c1nc2ccc(Cl)cc2[nH]1,913,3,3957
3352,3958,CC1CC2(OC2C)C(=O)OC2CCN3CC=C(COC(=O)C1(C)O)C23,6238,1,3958
3353,3959,O=C(OC1CCN2CC3CC(CN4C(=O)CCCC34)C2C1)c1ccc[nH]1,6237,1,3959
3354,3960,COc1cc2c3c(c4ccc(OC)c(OC)c4c2cc1OC)CN1CCCC1C3,6236,1,3960
3355,3961,C[N+](C)(C)Cc1c[nH]c2ccc([N+](C)(C)C)cc12,534,4,3961
3356,3962,CN(C)c1ccc2[nH]cc(C(=O)C(F)(F)F)c2c1,6235,1,3962
3357,3963,CCN(CC)CC(=O)c1c[nH]c2ccc(N(C)C)cc12,717,3,3963
3358,3964,O=C1NC(=O)C2C1C1(Cl)C(Cl)=C(Cl)C2(Cl)C1(Cl)Cl,6234,1,3964
3359,3965,CCCCC1C(=O)NC(=O)N(C2CCCCC2)C1=O,6233,1,3965
3360,3966,COCC12CCC(OC)C34C5CC6(O)C(OC)C(O)C(OC(C)=O)(C5C6OC(=O)c5ccccc5)C(C(OC)C13)C4N(C)C2,649,1,3966
3361,3967,COC(=O)C1=COC(O)C2C(CO)=CCC12,6232,1,3967
3362,3968,CN(CCOP(=O)(O)O)C(=N)N,6231,1,3968
3363,3970,C#CCN(CC#C)CC#C,6230,1,3970
3364,3971,CNC(=O)C=C(C)OP(=O)(OC)OC,1892,2,3971
3365,3972,CC(C)CNCC(O)c1ccc(O)c(O)c1,6229,1,3972
3366,3973,CCOC(=O)CCCN,6228,1,3973
3367,3975,O=C(O)CNCCS,630,4,3975
3368,3976,NC(CS(=O)(=O)Cc1ccc(N(CCCl)CCCl)cc1)C(=O)O,6227,1,3976
3369,3977,C=C(Br)CN,6226,1,3977
3370,3978,N=C(N)SCCSC(=N)N,1125,3,682
3371,3979,c1ccc2c(CN3CCCCC3)cccc2c1,6225,1,3979
3372,3980,ClCCN(CCCCN(CCCl)Cc1ccccc1)Cc1ccccc1,1902,2,782
3373,3981,O=CC1(c2ccccc2)CCNCC1,6224,1,3981
3374,3982,OCc1nc2ccc(Cl)cc2[nH]1,6223,1,3982
3375,3983,CN(C)Cc1c[nH]c2cc([N+](=O)[O-])ccc12,436,5,2164
3376,3984,O=C1c2ccccc2-c2nc3ccccc3nc21,6222,1,3984
3377,3985,S=c1[nH]nc2sc3ccccc3n12,6221,1,3985
3378,3987,COc1cccc(C=NNC(=O)C[N+](C)(C)C)c1O,6220,1,3987
3379,3988,O=C(C=Cc1ccccc1)NCCO,6219,1,3988
3380,3990,O=C(O)Cc1ccsc1,6218,1,3990
3381,3991,COC(=S)NC(=O)c1ccc(Cl)c(Cl)c1,6217,1,3991
3382,3993,N#CC(C#N)=Cc1ccccc1O,6216,1,3993
3383,3994,Nc1ccc(CSc2ccc(Cl)cc2)cc1,935,3,3994
3384,3995,CCCC(O)C1CCCCC1O,6215,1,3995
3385,3996,CNC(=O)NC(=O)CC#N,6214,1,3996
3386,3997,CCCCCCCCSc1ncnc2nc[nH]c12,6213,1,3997
3387,4000,NC1c2ccccc2CCc2ccccc21,6212,1,4000
3388,4001,O=C(O)CC1(CO)CCCCC1,6211,1,4001
3389,4002,CN1CCC(OC(c2ccccc2)c2ccc(Cl)cc2)C1,85,10,4002
3390,4003,CN(C)c1ccc2[nH]cc(CN3CCOCC3)c2c1,517,2,4003
3391,4004,CCOc1c(OC)ccc2c1C13CCCCC1(O)C(C2)N(C)CC3,298,3,2265
3392,4005,CNCCCC1(c2ccccc2)OC(C)(C)c2ccccc21,117,9,4005
3393,4006,Nc1ccc(O)c(=O)cc1,6210,1,4006
3394,4008,COC12C(COC(N)=O)C3=C(C(=O)C(C)=C(O)C3=O)N1CC1NC12,9,22,659
3395,4009,O=C=NCCN(CCN=C=O)[N+](=O)[O-],6209,1,4009
3396,4010,NC(=O)ON=Cc1ccc(Cl)cc1,6208,1,4010
3397,4011,COc1cc(Cl)cc(OC)c1,6207,1,4011
3398,4012,CC(O)(c1ccc(Cl)cc1)C1CC1,1842,2,4012
3399,4014,N=C(N)SCCCN,1125,3,682
3400,4015,CC[N+](CC)(CC)CCCCCC[N+](CC)(CC)CC,54,12,2102
3401,4016,NC(=O)C1(N2CCCCC2)CCN(CCCN2c3ccccc3CCc3ccccc32)CC1,6206,1,4016
3402,4017,CC(CC(c1ccccc1)c1ccccc1)NC(C)(C)C,6205,1,4017
3403,4018,CN(C)CCN(Cc1cccs1)c1ccccc1,6204,1,4018
3404,4019,O=C1NCN(c2ccccc2)C12CCN(CCCCCc1ccccc1)CC2,212,6,2094
3405,4020,Cc1ccccc1OCCCN1CCC2(CC1)C(=O)NCN2c1ccccc1,301,3,2567
3406,4022,CC[N+](CC)(CC)CCCCC[N+](CC)(CC)CC,54,12,2102
3407,4023,O=C1NCN(c2ccccc2)C12CCN(CCCSc1ccccc1)CC2,212,6,2094
3408,4024,Nc1cc(Nc2ccc(Cl)c(Cl)c2)[nH]c(=O)n1,6203,1,4024
3409,4025,COC(=O)CN(C)C,6202,1,4025
3410,4026,O=CNCC1(c2ccccc2)CCN(Cc2ccccc2)CC1,6201,1,4026
3411,4027,CSc1nc2ccccc2[nH]1,6200,1,4027
3412,4028,N#CCc1nn(-c2ccccc2)c(N)c1C#N,6199,1,4028
3413,4029,c1ccc(N2c3ccccc3Sc3ccccc32)cc1,6198,1,4029
3414,4030,O=C(c1ccccc1)C1OC1c1ccccc1[N+](=O)[O-],6197,1,4030
3415,4031,CN(C)c1ccc(SC#N)cc1,6196,1,4031
3416,4032,O=C(Cl)c1ccccc1Br,6195,1,4032
3417,4033,COc1ccc(OC)c2c(=O)cc(C)oc12,6194,1,4033
3418,4034,CCOC(=O)Nc1cccc(O)c1,297,6,4034
3419,4035,CCN(C1CCCCC1)C1CCCCC1,6193,1,4035
3420,4036,CC[N+](C)(CC)CCNC(=O)c1ccc([N+](=O)[O-])cc1,1410,2,4036
3421,4037,CC[N+](C)(CC)CCN(C(=O)c1ccc([N+](=O)[O-])cc1)c1ccccc1,1057,1,4037
3422,4038,CCN(CC)CCCN(Cc1ccc(OC)cc1)C(=O)c1ccc([N+](=O)[O-])cc1,531,4,4038
3423,4039,CCN(CC)CCCN(C(=O)c1ccc([N+](=O)[O-])cc1)C(C)c1ccccc1,6192,1,4039
3424,4041,COc1ccc2c3c1OC1C(O)CCC4(O)C(C2)N(C)CCC314,648,3,3857
3425,4043,CCN1C(=CC=CC=Cc2sc3ccccc3[n+]2CC)Sc2ccccc21,1901,2,2832
3426,4045,CCN(CC)CCN(C(=O)c1ccc([N+](=O)[O-])cc1)c1ccccc1,512,4,4045
3427,4046,COC(C(=O)C(O)C(C)O)C1Cc2cc3cc(OC4CC(OC5CC(O)C(OC)C(C)O5)C(OC(C)=O)C(C)O4)c(C)c(O)c3c(O)c2C(=O)C1OC1CC(OC2CC(O)C(O)C(C)O2)C(O)C(C)O1,6191,1,4046
3428,4047,CN(C)CCCN1c2ccccc2N(C)S(=O)(=O)c2ccccc21,6190,1,4047
3429,4049,CCN(CC)CC(=O)Nc1c(C)cccc1C(=O)OC,6189,1,4049
3430,4050,O=C(O)c1ccccc1Nc1ccc([N+](=O)[O-])cc1,68,12,218
3431,4052,CNC(C)C(OP(=O)(O)O)c1ccccc1,6188,1,4052
3432,4053,COc1ccc2c(c1O)C13CCCCC1(O)C(C2)N(C)CC3,154,8,3150
3433,4054,CC(C)N1CC(O)c2cc(N=NC(N)=O)c(O)cc21,6187,1,4054
3434,4055,BrC(Br)(Br)c1cnc2ccccc2n1,6186,1,4055
3435,4056,COc1cccc(CCCO)c1,6185,1,4056
3436,4057,Cc1ccc(S(=O)(=O)OCC2OC(n3cc(C)c(=O)[nH]c3=O)CC2O)cc1,6184,1,4057
3437,4058,Nc1nc(=O)c2cccnc2[nH]1,6183,1,4058
3438,4059,COc1ccccc1OCC(CO)(CO)CO,1568,2,4059
3439,4060,Cc1c2c(n(C)c1C)CCCC2=O,6182,1,4060
3440,4061,C[n+]1ccccc1CC[N+]1(C)CCCCC1,6181,1,4061
3441,4062,CCCP(=O)(CCC)Oc1ccc([N+](=O)[O-])cc1,322,3,4062
3442,4063,CC(C)P(=O)(Oc1ccc([N+](=O)[O-])cc1)C(C)C,6180,1,4063
3443,4064,CC(C)CP(=O)(CC(C)C)Oc1ccc([N+](=O)[O-])cc1,1900,1,4064
3444,4065,CC[N+](C)(CC)CCC(C(N)=O)(c1ccccc1)c1ccccc1,776,3,1100
3445,4066,COc1cc(C(=O)O)c2c(c1C)OC(=O)c1c(C)cc(O)c(C=O)c1O2,6179,1,4066
3446,4067,CCCCN(CCN(CCCC)C(=O)N1CCCCC1)C(=O)N1CCCCC1,1899,2,1113
3447,4068,Cc1ccccc1OC(=O)N(C)C,6178,1,4068
3448,4069,CCCCCCCCS(=O)CCO,6177,1,4069
3449,4070,CCCCCCCCCCOC(=S)S,296,6,1951
3450,4072,CC(CCl)OP(=O)(OC(C)CCl)C(C)CCl,6176,1,4072
3451,4073,c1ccc(C(SCCN2CCCCC2)c2ccccc2)cc1,6175,1,4073
3452,4074,COc1cc2c(c(OC)c1OC)-c1ccc(OC)c(=O)cc1C(N(C)C(C)=O)CC2,155,8,726
3453,4075,COc1cc2c(c(OC)c1OC)-c1ccc(OC)c(=O)cc1C(N(C)C)CC2,155,8,726
3454,4076,COC(=O)C=Cc1ccncc1,6174,1,4076
3455,4077,C=CCNC(=S)Nc1ccccc1,6173,1,4077
3456,4080,CCCCCCCCCCCCCCCCCCCC[N+](C)(C)C,17,18,738
3457,4081,O=C(O)C[P+](c1ccccc1)(c1ccccc1)c1ccccc1,647,4,3711
3458,4082,S=C(S)SS,6172,1,4082
3459,4084,CC1C2CCC3C4=C(CCC32CN1C)C1CCC(N(C)C)CC1(C)CC4,6171,1,4084
3460,4085,O=S(=O)(c1ccc(N=C=S)cc1)N1CCCCC1,6170,1,4085
3461,4086,N=C(N)c1cccnc1,6169,1,4086
3462,4087,CCN(CC)CC(Cc1ccccc1)OC(=O)Nc1ccccc1,6168,1,4087
3463,4088,ClCCCN1CCOCC1,6167,1,4088
3464,4089,C[N+]1(CCCCOC(=O)C2C(c3ccccc3)C(C(=O)OCCCC[N+]3(C)CCCCC3)C2c2ccccc2)CCCCC1,152,8,3210
3465,4091,CC(C)NCC(O)C1CCC(O)CC1,1121,3,970
3466,4093,C#CC[N+](C)(C)C,6166,1,4093
3467,4094,C[N+](C)(C)CCCCN1CCCC1=O,425,5,3169
3468,4095,C[N+](C)(C)CCCCCN1CCCC1=O,425,5,3169
3469,4096,O=C1CCCN1CCCN1CCCC1,1041,3,4096
3470,4097,CN(C)CCn1c2ccccc2c2ccccc21,1785,2,4097
3471,4098,COc1ccc2c3c1OC1CCCC4(O)C(C2)N(C)CCC314,648,3,3857
3472,4099,CNCCC1(c2ccccc2)C=Cc2ccccc21,6165,1,4099
3473,4101,CC(C)OC(=O)C(=O)Nc1cccc(Cl)c1,6164,1,4101
3474,4102,S=P(Nc1ccc(Cl)c(Cl)c1)(Nc1ccc(Cl)c(Cl)c1)c1ccccc1,6163,1,4102
3475,4103,CC1([N+](=O)[O-])COC(c2ccc(Cl)cc2)OC1,6162,1,4103
3476,4104,O=C(NCCBr)Nc1ccc2ccccc2c1,1070,3,3401
3477,4105,Nc1cc2c[nH]nc2cc1N,6161,1,4105
3478,4106,CC(C)N(CC(N)=O)C(C)C,6160,1,4106
3479,4107,COc1cc2c(c(OC)c1OC)-c1ccc(OC)c(=O)cc1C(NC=O)CC2,155,8,726
3480,4108,Brc1nnc(Br)[nH]1,6159,1,4108
3481,4109,N#CC(C#N)=Cc1cccnc1,6158,1,4109
3482,4110,O=C(CCCCCCC(=O)N1CC1)N1CC1,828,3,2684
3483,4111,Cc1nc(N)nc(Nc2ccccc2)n1,6157,1,4111
3484,4112,CN(C)CCCC(=O)c1ccccc1CCc1ccccc1,1898,1,4112
3485,4113,CCc1ccccc1-n1c(C)nc2ccccc2c1=O,1897,2,704
3486,4114,CCN(CC)CCOc1ccc(Cl)cc1C(=O)Nc1ccccc1,1896,2,3820
3487,4115,CCCCC=CCCCC,6156,1,4115
3488,4116,Cc1cc(C)c(C)c(CCl)c1C,6155,1,4116
3489,4117,C[N+](C)(C)CCCN1CCCC1=O,425,5,3169
3490,4118,O=C1CCCN1COCCN1CCCC1,6154,1,4118
3491,4121,C1CCn2nnnc2C1,1895,2,462
3492,4122,CN(C)CC=C(c1ccccc1)c1ccccc1,1698,2,4122
3493,4123,CCOC(=O)C[n+]1cccc(Br)c1,6153,1,4123
3494,4124,CCCCNC(=O)C(CC)CCCC,6152,1,4124
3495,4125,CCOC(C)(OCC)C(O)(c1ccccc1)c1ccccc1,6151,1,4125
3496,4126,CN(C)CCC(C#N)(c1ccccc1)c1ccccc1,6150,1,4126
3497,4127,CCOC(=O)C(C)(OCC)OCC,6149,1,4127
3498,4128,NC(=O)C1(Br)CCCCC1,6148,1,4128
3499,4129,CCN(CC)CCOC(=O)C(c1ccccc1)C(O)C1CC=CCC1,1055,3,4129
3500,4130,CCN(CC)CCOC(=O)C(c1ccccc1)C(O)C1CCCCC1,1055,3,4129
3501,4132,CCC1(C)CCC(C)(C(C)C)c2cc3c4c(c[nH]c4c21)CC(N)COC(=O)C(C(C)C)N3C,1056,3,4132
3502,4133,NC(=O)CN1CCCC1=O,1570,2,4133
3503,4134,CCC1(C)CCC(C)(C(C)C)c2cc3c4c(c[nH]c4c21)CC(CO)NC(=O)C(C(C)C)N3C,1056,3,4132
3504,4135,C=CCOC(=O)C1CC=CCC1C(=O)OCC=C,6147,1,4135
3505,4136,O=[N+]([O-])c1ccc(C2=CSC3=NCCN23)cc1,581,4,4136
3506,4137,C1=C(c2ccccc2)N2CCN=C2S1,581,4,4136
3507,4138,C(#CCN1CCCCC1)CN1CCCCC1,1894,2,761
3508,4139,O=C1CCCCC1COC(c1ccccc1)(c1ccccc1)c1ccccc1,6146,1,4139
3509,4140,COC(=O)C1CC=CCC1C(=O)OC,6145,1,4140
3510,4141,Nc1nc(N)nc(C=Cc2ccccc2)n1,6144,1,4141
3511,4142,O=C1NC(=O)C2CCCCC12,6143,1,4142
3512,4143,CCN(CC)CCOC(=O)C(c1ccccc1)C(O)C1CCCC1,1055,3,4129
3513,4144,CC1(C)CCC2(C(=O)OC3OC(CO)C(O)C(O)C3O)CCC3(C)C(=CCC4C5(C)CCC(OC6OC(C(=O)O)C(OC7OC(CO)C(O)C7O)C(O)C6O)C(C)(C)C5CCC43C)C2C1,6142,1,4144
3514,4145,CN(C)CCOc1cc(N)nc(N)n1,1893,2,4145
3515,4146,CCN(CC)CCOc1cc(N)nc(N)n1,1893,2,4145
3516,4147,CC1OC(C[N+](C)(C)C)CC1=O,6141,1,4147
3517,4148,CCCCP(=O)(CCCC)Oc1cccc(F)c1,1461,2,4148
3518,4149,CCCCP(=O)(CCCC)Oc1ccc(CC(F)(F)C(F)(F)C(F)(F)F)cc1,6140,1,4149
3519,4150,c1ccc(OP(OCC(COP(Oc2ccccc2)Oc2ccccc2)(COP(Oc2ccccc2)Oc2ccccc2)COP(Oc2ccccc2)Oc2ccccc2)Oc2ccccc2)cc1,6139,1,4150
3520,4151,CCP(=O)(CC)Oc1ccc([N+](=O)[O-])cc1,307,6,787
3521,4152,CC(C)CCCC(C)NN,6138,1,4152
3522,4154,CCCCCCCCSCCCc1ccc(S(=O)(=O)O)cc1,6137,1,4154
3523,4155,C,6136,1,4155
3524,4156,COC(=O)C=C(C)OP(=O)(OC)OC,1892,2,3971
3525,4157,CCCCSc1ccc(C(OCCN(C)C)c2ccccc2)cc1C,6135,1,4157
3526,4158,CCCCSc1ccc(C(SCCN(C)C)c2ccc(C)cc2)cc1,1891,2,1454
3527,4159,CC(C)C1(NC(=O)C2C=C3c4cccc5[nH]cc(c45)CC3N(C)C2)OC2(O)C3CCCN3C(=O)CN2C1=O,6134,1,4159
3528,4160,CCC(C)C1NC(=O)C(NC(=O)C2C(N)C(=O)C(C)C3Oc4c(C)ccc(C(=O)NC5C(=O)NC(C(C)C)C(=O)N6CCCC6C(=O)N(C)CC(=O)N(C)C(C(C)C)C(=O)OC5C)c4NC32)C(C)OC(=O)C(C(C)C)N(C)C(=O)CN(C)C(=O)C2CCCN2C1=O,6133,1,4160
3529,4161,CCCCCCCCCCCCCCCCCC(=O)OCCOCCOCCOCCOC(=O)CCCCCCCCCCCCCCCCC,1890,1,4161
3530,4163,CCCCCCCCCCCC(=O)OCCOCC(OCCO)C1OCC(OCCO)C1OCCO,6132,1,4163
3531,4166,CC(C)CC(NC(=O)CNC(=O)C(Cc1ccc(O)cc1)NC(=O)C(CO)NC(=O)C(Cc1c[nH]c2ccccc12)NC(=O)C(Cc1cnc[nH]1)NC(=O)C1CCC(=O)N1)C(=O)NC(CCCNC(=N)N)C(=O)N1CCCC1C(=O)NCC(N)=O,6131,1,4166
3532,4167,Cn1c(=O)c2c(ncn2CCNCc2cccnc2)n(C)c1=O,1637,2,4167
3533,4168,C1CCC(NC2=NCCO2)CC1,809,3,4168
3534,4169,Cc1cc(=O)[nH]o1,6130,1,4169
3535,4171,O=C(O)CCC(=O)OC1CCCCC1,6129,1,4171
3536,4172,CC(=O)OCC1OC(OC(C)=O)C(N)C(OC(C)=O)C1OC(C)=O,6128,1,4172
3537,4173,CC1CC=CC(=O)O1,6127,1,4173
3538,4174,CCCCCCCCCCCCSCCSCCCCCCCCCCCC,121,8,4174
3539,4175,CC(=O)NC(CS)C(N)=O,1141,3,63
3540,4176,CC[N+](C)(CC)CCCCOC(=O)C1C(c2ccccc2)C(C(=O)OCCCC[N+](C)(CC)CC)C1c1ccccc1,211,7,3224
3541,4177,C[N+](C)(C)CCOC(=O)C1C(c2ccccc2)C(C(=O)OCC[N+](C)(C)C)C1c1ccccc1,211,7,3224
3542,4178,CC[N+](C)(CC)CCOC(=O)C1C(c2ccccc2)C(C(=O)OCC[N+](C)(CC)CC)C1c1ccccc1,211,7,3224
3543,4179,C[N+](C)(C)CCCOC(=O)C1C(c2ccccc2)C(C(=O)OCCC[N+](C)(C)C)C1c1ccccc1,211,7,3224
3544,4180,CC[N+](C)(CC)CCCCCOC(=O)C1C(c2ccccc2)C(C(=O)OCCCCC[N+](C)(CC)CC)C1c1ccccc1,211,7,3224
3545,4181,CC[N+](C)(CC)CCCCCCCOC(=O)C1C(c2ccccc2)C(C(=O)OCCCCCCC[N+](C)(CC)CC)C1c1ccccc1,211,7,3224
3546,4184,CC(=O)OCC(=O)OCCC(SC(=O)c1ccco1)=C(C)N(C=O)Cc1cnc(C)nc1N,6126,1,4184
3547,4186,COc1ccc(CC(C(=O)OC2CCN3CCC2CC3)c2ccccc2)cc1,646,4,4186
3548,4187,COc1ccc(CC(C(=O)OCC2CN3CCC2CC3)c2ccccc2)cc1,646,4,4186
3549,4188,COc1ccc(CC(C(=O)OC2CN3CCC2CC3)c2ccccc2)cc1,646,4,4186
3550,4189,COc1ccc(CC(C(=O)OC2C3CCN(CC3)CC2(C)C)c2ccccc2)cc1,646,4,4186
3551,4190,COc1ccc(CC(C(=O)OC2CC(C)(C)N(C)C(C)(C)C2)c2ccccc2)cc1,645,4,4190
3552,4191,CN1C(C)(C)CC(OC(=O)C(Cc2ccc(OCc3ccccc3)cc2)c2ccccc2)CC1(C)C,645,4,4190
3553,4192,CN1C(C)(C)CC(OC(=O)C(Cc2ccc(OC(=O)c3ccccc3)cc2)c2ccccc2)CC1(C)C,645,4,4190
3554,4193,CN1C(C)(C)CC(OC(=O)C(Cc2ccc(OCc3ccc(Cl)cc3)cc2)c2ccccc2)CC1(C)C,645,4,4190
3555,4194,C=CCN1CC(C)C(OC(=O)C(Cc2ccc(OC)cc2)c2ccccc2)CC1C,1889,2,4194
3556,4195,COc1ccc(CC(C(=O)OCCCN(C)C)c2ccccc2)cc1,6125,1,4195
3557,4196,CNCCC=C1c2ccccc2CCc2sccc21,586,2,4196
3558,4197,C[N+]1(CCOC(=O)C2C(c3ccccc3)C(C(=O)OCC[N+]3(C)CCCCC3)C2c2ccccc2)CCCCC1,152,8,3210
3559,4198,CC[N+]1(CCCCOC(=O)C2C(c3ccccc3)C(C(=O)OCCCC[N+]3(CC)CCCCC3)C2c2ccccc2)CCCCC1,152,8,3210
3560,4199,C[N+]1(CCCCCOC(=O)C2C(c3ccccc3)C(C(=O)OCCCCC[N+]3(C)CCCCC3)C2c2ccccc2)CCCCC1,152,8,3210
3561,4200,CC=Cc1cc2c(c(=O)o1)C(=O)C(O)C(C)O2,6124,1,4200
3562,4201,CN(C)CCC=C1c2ccccc2CSc2ccc(F)cc21,25,15,79
3563,4202,C[N+]1(CCCCOC(=O)C2C(c3ccccc3)C(C(=O)OCCCC[N+]3(C)CCOCC3)C2c2ccccc2)CCOCC1,152,8,3210
3564,4203,COc1ccc(CC(C(=O)OC2CC(C)N(C)CC2C)c2ccccc2)cc1,1889,2,4194
3565,4204,c1ccc([P+](c2ccccc2)(c2ccccc2)c2ccc([P+](c3ccccc3)(c3ccccc3)c3ccccc3)cc2)cc1,6123,1,4204
3566,4205,C[N+]1(C)CCC(c2ccccc2)CC1,6122,1,4205
3567,4206,CCN(CC)c1cc2[o+]c3cc(N)cc(N)c3nc2cc1C,6121,1,4206
3568,4207,C[N+]1(C)C2CCC1CC(OC1c3ccccc3CCc3ccccc31)C2,6120,1,4207
3569,4208,CC(C)COCCS,6119,1,4208
3570,4209,CC(OCCS)C(C)(C)C,6118,1,4209
3571,4210,SCCOC1CCCC1,6117,1,4210
3572,4212,CCN(CC)C(=O)c1cncc(-c2ccccc2)c1,6116,1,4212
3573,4213,N=c1ccn2c(n1)OC1C(O)C(CO)OC12,6115,1,4213
3574,4214,Nc1ccc2c(c1)S(=O)(=O)c1cc(N)ccc1C2,6114,1,4214
3575,4215,CCCCOCCCO,308,6,1084
3576,4216,c1ccc2c(c1)ccn2CCc1ccncc1,6113,1,4216
3577,4217,N#CC(Br)(Br)C(N)=O,6112,1,4217
3578,4218,CC[N+](CC)(CC)CCCON=CC=NOCCC[N+](CC)(CC)CC,6111,1,4218
3579,4219,C[N+](C)(C)CCCON=Cc1ccc(C=NOCCC[N+](C)(C)C)cc1,635,4,4219
3580,4220,C[N+](C)(C)CCCCOc1ccc(OCCCC[N+](C)(C)C)cc1,6110,1,4220
3581,4221,C[N+](C)(C)CCON=C1C=CC(=NOCC[N+](C)(C)C)C=C1,1054,3,4221
3582,4222,CC(=NOCC[N+](C)(C)C)C(C)=NOCC[N+](C)(C)C,6109,1,4222
3583,4223,CC[N+](CC)(CC)CCCON=Cc1ccc(C=NOCCC[N+](CC)(CC)CC)cc1,1888,1,4223
3584,4224,C[N+](C)(C)CCON=Cc1ccc(-c2ccc(C=NOCC[N+](C)(C)C)cc2)cc1,635,4,4219
3585,4225,C[N+](C)(C)CCCON=C1C=CC(=NOCCC[N+](C)(C)C)C=C1,1054,3,4221
3586,4226,C[N+](C)(C)CCCON=C(C(=NOCCC[N+](C)(C)C)c1ccccc1)c1ccccc1,1037,3,4226
3587,4227,CC[N+](C)(CC)CCON=Cc1ccc(C=NOCC[N+](C)(CC)CC)cc1,635,4,4219
3588,4229,CCCCNCC(O)c1ccc(O)c(O)c1,1053,3,4229
3589,4230,Cc1ccc(S(=O)(=O)NCCCN(C)C)cc1,319,2,4230
3590,4231,CCCCCCCOc1ccccc1C(=O)NCCN1CCCC1,15,18,4231
3591,4232,CCCCCCCCCOc1ccccc1C(=O)NCCN1CCCC1,15,18,4231
3592,4233,CCCCCCCCCCOc1ccccc1C(=O)NCCN1CCCC1,15,18,4231
3593,4234,CCCCCOc1ccccc1C(=O)NCCN1CCCC1,15,18,4231
3594,4235,CCCCCCOc1ccccc1C(=O)NCCN1CCCC1,15,18,4231
3595,4236,CN1CCC(c2ccccc2)CC1,6108,1,4236
3596,4237,CCCCOc1ccccc1C(=O)NCCN1CCCC1,15,18,4231
3597,4238,CNC1(c2ccccc2)CCCCC1O,6107,1,4238
3598,4239,Cc1ccccc1N=CN(C)C,1083,3,2944
3599,4240,CCOC(=O)C(C#N)=C1CC(C)OC(C)C1,6106,1,4240
3600,4241,CCCCCCCC(C)(C)O,1712,2,4241
3601,4242,COc1ccc(Cl)c([N+](=O)[O-])c1,6105,1,4242
3602,4243,COc1cc2c(cc1[N+](=O)[O-])OCO2,6104,1,4243
3603,4244,O=c1[nH]cc(SSc2c[nH]c(=O)[nH]c2=O)c(=O)[nH]1,6103,1,4244
3604,4245,Cc1cc(C)n2c(nc3cc(Cl)cc(N)c32)c1C(=O)O,6102,1,4245
3605,4246,Cc1ccc(C(=O)O)c2nc3ccccc3n12,6101,1,4246
3606,4247,Cc1cc(C)n2c(nc3ccccc32)c1C(=O)O,1709,2,4247
3607,4248,Cc1c(C)c(C)n2c(nc3ccccc32)c1C(=O)O,1887,2,4248
3608,4249,Cc1c(CC(=O)O)c(C)n2c(nc3ccccc32)c1C(=O)O,1887,2,4248
3609,4250,Clc1nnc(Cl)[nH]1,6100,1,4250
3610,4251,N#Cc1ccc(N2CC=C(c3ccccc3)CC2)cc1,6099,1,4251
3611,4252,FC(F)(F)c1ccc(N2CC=C(c3ccccc3)CC2)cc1,6098,1,4252
3612,4253,O=C(O)CN[N+](=O)[O-],6097,1,4253
3613,4254,CCCCCc1cc(O)c2c3c(c(=O)oc2c1)CCN(C)C3,6096,1,4254
3614,4255,CCN(CC)CCNCC(CC1CCCO1)c1cccc2ccccc12,6095,1,4255
3615,4256,Cc1nc(-c2cccnc2)no1,6094,1,4256
3616,4257,Oc1ccc(Nc2ccnc3cc(Cl)ccc23)cc1CN1CCCC1,1886,2,3412
3617,4258,C[N+](C)(C)CCCCCCN1CCCC1=O,425,5,3169
3618,4259,COc1ccc(N(CSc2ccc(Cl)cc2)CSc2ccc(Cl)cc2)cc1,6093,1,4259
3619,4260,ClCc1c2ccccc2c(CCl)c2ccccc12,6092,1,4260
3620,4261,CC=C1CN2CCC34c5ccccc5N(C(C)=O)C3C(CO)C1CC24,6091,1,4261
3621,4262,O=[N+]([O-])c1ccc(N2CCOCC2)cc1,6090,1,4262
3622,4263,Nc1cc(I)cc([N+](=O)[O-])c1,6089,1,4263
3623,4264,N#CC(C#N)=C(c1ccccc1)c1ccccc1,6088,1,4264
3624,4265,CCCNC(=O)c1c(I)c(NC(=O)CCCCCCC(=O)Nc2c(I)c(C(=O)O)c(I)c(C(=O)NCCC)c2I)c(I)c(C(=O)O)c1I,43,12,1166
3625,4266,CCCNC(=O)c1c(I)c(NC(=O)CCCCCCCCC(=O)Nc2c(I)c(C(=O)O)c(I)c(C(=O)NCCC)c2I)c(I)c(C(=O)O)c1I,43,12,1166
3626,4267,CNC(=O)c1c(I)c(NC(=O)CCCCC(=O)Nc2c(I)c(C(=O)O)c(I)c(C(=O)NC)c2I)c(I)c(C(=O)O)c1I,43,12,1166
3627,4268,CNC(=O)c1c(I)c(NC(=O)CCCCCCC(=O)Nc2c(I)c(C(=O)O)c(I)c(C(=O)NC)c2I)c(I)c(C(=O)O)c1I,65,5,3590
3628,4269,CNC(=O)c1c(I)c(NC(=O)CCCCCCCCCCC(=O)Nc2c(I)c(C(=O)O)c(I)c(C(=O)NC)c2I)c(I)c(C(=O)O)c1I,65,5,3590
3629,4270,CCOC(CN1CCN(CC(C)C(=O)c2ccccc2)CC1)c1ccccc1,6087,1,4270
3630,4273,O=C(O)CCC(NC(=O)c1ccccc1)C(=O)NCc1ccccc1,1052,3,3837
3631,4276,CN(C)N=Cc1ccc([N+](=O)[O-])cc1,6086,1,4276
3632,4277,NC(=O)C(c1ccccc1)C(O)(c1ccccc1)c1ccccc1,6085,1,4277
3633,4278,O=P(OCC1CCCO1)(OCC1CCCO1)OCC1CCCO1,6084,1,4278
3634,4280,C[N+](C)(C)CC[N+](C)(C)C,6083,1,4280
3635,4281,CCC(=C(C#N)C#N)c1ccccc1,6082,1,4281
3636,4282,c1ccc(C2CN=NN2c2ccccc2)cc1,6081,1,4282
3637,4285,CCCCOC(=O)C1=CCC[N+](C)(C)C1,429,5,3649
3638,4286,O=C(CCCN1CCC(O)(c2ccc(Br)cc2)CC1)c1ccc(F)cc1,221,7,406
3639,4287,CCOC(=O)/C(=N/Nc1ccccc1)C(C)=O,1885,2,3728
3640,4288,O=[N+]([O-])c1cccc(C2CN=NN2c2ccc(Cl)cc2)c1,6080,1,4288
3641,4289,O=C(CC(O)(C(F)(F)F)C(F)(F)F)CC(O)(C(F)(F)F)C(F)(F)F,519,4,4289
3642,4291,Oc1ccc2c(O)c(CNC3CCCCC3)ccc2c1CNC1CCCCC1,6079,1,4291
3643,4292,CCCCCCOC(=O)CCN1CC1,99,9,3172
3644,4293,CCOP(=S)(N=C(N)N)OCC,6078,1,4293
3645,4294,NC(N)=NP(=O)(Oc1ccccc1)Oc1ccccc1,6077,1,4294
3646,4295,O=P(Nc1ncccn1)(Oc1ccccc1)Oc1ccccc1,6076,1,4295
3647,4296,O=C(OC1CN2CCC1CC2)C1(O)c2ccccc2CCc2ccccc21,1301,2,4296
3648,4297,O=C(Nc1ccccc1)N1CCC2N(C(=O)Nc3ccccc3)CCC3N(C(=O)Nc4ccccc4)CCC1N23,1759,2,4297
3649,4298,C1CC2NCCC3NCCC(N1)N32,6075,1,4298
3650,4299,CC(C)OC(=O)C1=CCCN(C)C1,1884,1,4299
3651,4300,CNCCC=C1c2ccccc2C(C)(C)c2ccccc21,6074,1,4300
3652,4301,CN(C)CCCC1(c2ccccc2)OC(C)(C)c2ccccc21,117,9,4005
3653,4302,CNCCCC1(c2ccc(Cl)cc2)OC(C)(C)c2ccccc21,642,2,4302
3654,4303,Cc1ccc(C2(CCCN(C)C)OC(C)(C)c3ccccc32)cc1,117,9,4005
3655,4304,CN(C)CCCC1(c2ccc(C(F)(F)F)cc2)OC(C)(C)c2ccccc21,117,9,4005
3656,4305,CN(C)CCCC1(c2ccccc2)OC(C)(C)c2ccc(Cl)cc21,117,9,4005
3657,4306,CNCCCC1(c2ccccc2)OCc2ccccc21,1880,2,4306
3658,4307,CCC1(CC)OC(CCCN(C)C)(c2ccccc2)c2ccccc21,117,9,4005
3659,4308,CCC1OC(CCCN(C)C)(c2ccccc2)c2ccccc21,6073,1,4308
3660,4309,CCC1(CC)OC(CCCN(C)C)(c2ccccc2C)c2ccccc21,1883,1,4309
3661,4310,CN(C)CCC1(c2ccccc2)OC(C)(C)c2ccccc21,117,9,4005
3662,4311,CN(C)CCCC1CC(C)(c2ccccc2)c2ccccc21,6072,1,4311
3663,4312,CNCCCC1(c2ccccc2)CC(C)c2ccccc21,1051,3,4312
3664,4313,CC1CC(CCN(C)C)(c2ccccc2)c2ccccc21,1051,3,4312
3665,4314,CNCCC1(c2ccccc2)CC(C)c2ccccc21,1051,3,4312
3666,4315,CN(C)CCCC1(c2ccccc2)CC(C)(C)c2ccccc21,1882,2,4315
3667,4316,CNCCCC1(c2ccccc2)CC(C)(C)c2ccccc21,1882,2,4315
3668,4317,CC1=CC(CCCN(C)C)(c2ccccc2)c2ccccc21,1881,2,4317
3669,4318,CNCCCC1(c2ccccc2)C=C(C)c2ccccc21,1881,2,4317
3670,4325,CN(C)CCCC1c2ccccc2C(C)(C)c2ccccc21,6071,1,4325
3671,4326,CC(=O)Nc1c(I)cc(I)c(CC(CCC(=O)O)C(=O)O)c1I,98,9,279
3672,4327,CN(C)CCCC1(c2ccccc2)OCc2ccccc21,1880,2,4306
3673,4328,CC1(C)OC(CCCN2CCN(CCO)CC2)(c2ccccc2)c2ccccc21,6070,1,4328
3674,4329,CC(=O)Nc1c(I)cc(I)c(CC(CCCC(=O)O)C(=O)O)c1I,98,9,279
3675,4330,CCCC(=O)Nc1c(I)cc(I)c(CC(CCCC(=O)O)C(=O)O)c1I,210,1,4330
3676,4331,CC(=O)Nc1c(I)cc(I)c(CC(CC(=O)O)C(=O)O)c1I,98,9,279
3677,4332,C[N+](C)(C)CCCCC(Cl)=C(I)CCCC[N+](C)(C)C,6069,1,4332
3678,4333,CC1c2cccc(O)c2C(=O)C2=C(O)C3(O)C(=O)C(C(N)=O)C(=O)C(N(C)C)C3C(O)C21,1879,2,3134
3679,4334,CN(C)CCOC(=O)Cc1cccc2ccccc12,6068,1,4334
3680,4335,CN1CCC(CNC(=O)c2ccc(C(=O)NCC3CCN(C)CC3)cc2)CC1,6067,1,4335
3681,4336,CN1CCC(CNC(=O)c2ccc(C(=O)NCC3(c4ccccc4)CCN(C)CC3)cc2)(c2ccccc2)CC1,424,5,4336
3682,4337,O=C(NCC1(c2ccccc2)CCN(Cc2ccccc2)CC1)c1ccc(C(=O)NCC2(c3ccccc3)CCN(Cc3ccccc3)CC2)cc1,424,5,4336
3683,4338,CSC1SCC2C(=O)N(C)C(C(C)C(C)C)C(=O)OCC(NC(=O)c3cnc4ccccc4n3)C(=O)NC(C)C(=O)N(C)C1C(=O)N(C)C(C(C)C(C)C)C(=O)OCC(NC(=O)c1cnc3ccccc3n1)C(=O)NC(C)C(=O)N2C,6066,1,4338
3684,4343,CNC1C(OC2C(OC3C(O)C(O)C(OC(N)=O)C(O)C3NC(=N)N)OC(C)C2(O)CO)OC(CO)C(O)C1O,690,4,1161
3685,4344,COc1ccc(C2CC(=O)c3c(O)cc(OC4OC(COC5OC(C)C(O)C(O)C5O)C(O)C(O)C4O)cc3O2)cc1OC,6065,1,4344
3686,4345,CC=CC1OC1(C)c1cc(=O)c2c(C)cc3c(c2o1)C(=O)c1c(O)c(C2CC(C)(N(C)C)C(OC(C)=O)C(C)O2)cc(C2CC(N(C)C)C(O)C(C)O2)c1C3=O,6064,1,4345
3687,4348,Cc1cc(O)c2c3c4c(cc(O)c13)C(C)(C)C(=O)c1c(O)cc(O)c(c1-4)C2=O,6063,1,4348
3688,4349,CC1=C2C(CC1c1ccoc1)OC1C(C(=O)O)C3C(C)(C(=O)O)C=CC(=O)C3(C)C(CO)C21C,6062,1,4349
3689,4353,C=C1C(=O)CCC1C(=O)O,6061,1,4353
3690,4354,C=CC1(C)CCC(C)(C(C)C)c2cc3c4c(c[nH]c4c21)CC(CO)NC(=O)C(C(C)C)N3C,1056,3,4132
3691,4355,OCC1OC(n2cnc3c2NC=NCC3O)C(O)C1O,1878,2,613
3692,4356,COc1cc(C=CC(=O)OC2CCC34CC35CCC3(C)C(C(C)CCC=C(C)C)CCC3(C)C5CCC4C2(C)C)ccc1O,6060,1,4356
3693,4358,C=C1C(=O)C(OC(C)=O)C=C(C)C(O)C(O)C2C1CC2(C)C,6059,1,4358
3694,4363,COC1C(C)OC(OCC23CC4C(C)CCC4C4(C=O)CC2C=C(C(C)C)C43C(=O)O)C(O)C1O,6058,1,4363
3695,4364,COC(CC=CC=CCCC=CCC(C)C=CC(=CC(=O)O)CC(=O)O)C(C)=CC=C(C)C(=O)O,6057,1,4364
3696,4366,CC=C(C)c1cc(=O)c2c(C)cc3c(c2o1)C(=O)c1c(O)c(C2COC(C)C(OC(C)=O)C2(C)N(C)C)cc(C2CC(N(C)C)C(O)C(C)O2)c1C3=O,6056,1,4366
3697,4367,NCCCC(N)CC(=O)NCCCC(N)CC(=O)NC1C(NC2NC3C(=O)N=CC(O)C3N2)OC(CO)C(OC(N)=O)C1O,6055,1,4367
3698,4368,NCC1OC(OC2C(CO)OC(OC3C(O)C(N)CC(N)C3OC3OC(CO)C(O)CC3N)C2O)C(N)C(O)C1OC1OC(CO)C(O)C(O)C1O,295,1,4368
3699,4373,C1=CCC=C1,6054,1,4373
3700,4374,CC12CCC3C(=CCc4cc(OS(=O)(=O)O)ccc43)C1CCC2=O,6053,1,4374
3701,4375,O=S(=O)(O)c1cccc(Nc2nc(Nc3ccc(C=Cc4ccc(Nc5nc(Nc6cccc(S(=O)(=O)O)c6)nc(N(CCO)CCO)n5)cc4S(=O)(=O)O)c(S(=O)(=O)O)c3)nc(N(CCO)CCO)n2)c1,1742,2,4375
3702,4377,CC[S+](CC)CC,6052,1,4377
3703,4381,COc1ccc2c3c(n(CC=C(C)C)c2c1)C(C=C(C)C)N1C(=O)C2CCCN2C(=O)C1(O)C3O,6051,1,4381
3704,4382,COc1ccc2c3c4n(c2c1)C(C=C(C)C)OOC(C)(C)CC4N1C(=O)C2CCCN2C(=O)C1(O)C3OCC=C(C)C,6050,1,4382
3705,4383,C=C1Oc2cc(OC)cc(C(=O)OC)c2NC1=O,6049,1,4383
3706,4384,OCC1=CC(NC2CC(COC3OC(CO)C(O)C(O)C3O)C(O)C(O)C2O)C(O)C(O)C1O,577,4,4384
3707,4385,OCC1CC(NC2C=C(COC3OC(CO)C(O)C(O)C3O)C(O)C(O)C2O)C(O)C(O)C1OC1OC(CO)C(O)C(O)C1O,577,4,4384
3708,4386,OCC1=CC(NC2CC(CO)C(OC3OC(CO)C(OC4OC(CO)C(O)C(O)C4O)C(O)C3O)C(O)C2O)C(O)C(O)C1O,577,4,4384
3709,4388,CCC1NC(=O)C2C(Cl)C(Cl)CN2C(=O)C(CO)NC(=O)CC(c2ccccc2)NC(=O)C(CO)NC1=O,6048,1,4388
3710,4390,CC=CC1=CN2C(=O)c3cc(OC4OC(C)C(NC)C(C)(O)C4O)c(C)c(O)c3NC(O)C2C1,6047,1,4390
3711,4393,[C-]#[N+]C(=Cc1ccc(O)c(O)c1)C(=Cc1ccc(O)c(O)c1)[N+]#[C-],947,3,1661
3712,4399,CC1CC2OC2C=CC=CC(=O)Cc2c(Cl)c(O)cc(O)c2C(=O)O1,6046,1,4399
3713,4400,CCCCOc1ccccc1C(=O)NCCN,15,18,4231
3714,4403,CC(C)COC(=S)S,6045,1,4403
3715,4404,Nc1c(I)cc(I)c(CC(CC(=O)O)C(=O)O)c1I,1050,3,4404
3716,4405,O=C(OC1CN2CCC1CC2)C(O)(c1ccccc1)c1ccccc1,64,12,3064
3717,4406,CC(C)OC(=O)C1=CCC[N+](C)(C)C1,1877,1,4406
3718,4407,CN(C)C(=NP(=O)(N(C)C)N(C)C)N(C)C,6044,1,4407
3719,4408,CNC(=O)c1c(I)c(NC(=O)c2ccc(C(=O)Nc3c(I)c(C(=O)O)c(I)c(C(=O)NC)c3I)cc2)c(I)c(C(=O)O)c1I,1876,1,4408
3720,4409,CC1(C)C(C#N)(C#N)C1(C#N)C#N,6043,1,4409
3721,4410,CN1CCC(CNC(=O)CCCCCCCCC(=O)NCC2(c3ccccc3)CCN(C)CC2)(c2ccccc2)CC1,424,5,4336
3722,4412,Cc1ccc(S(=O)(=O)SC(Cl)(Cl)Cl)cc1,1849,2,4412
3723,4413,C[N+](C)(CCC[N+](C)(C)Cc1ccccc1)Cc1ccccc1,253,6,4413
3724,4414,NNC(=O)C(O)(c1ccccc1)c1ccccc1,6042,1,4414
3725,4416,CNCCON=C1c2ccccc2CCc2ccccc21,6041,1,4416
3726,4417,Cn1c(=O)c2c(ncn2CCCNCC(O)c2ccc(O)c(O)c2)n(C)c1=O,6040,1,4417
3727,4419,Oc1ccccc1N=Cc1ccc(C=Nc2ccccc2O)cc1,6039,1,4419
3728,4421,N#CC(Cl)(Cl)C#N,6038,1,4421
3729,4422,C=CCC(CN)(CC=C)c1ccccc1,1875,2,4422
3730,4423,C=CCC(CN)(CC=C)c1ccc(O)cc1,1875,2,4422
3731,4424,CCCCNC(=O)c1c(I)c(NC(=O)CCCCCCCCC(=O)Nc2c(I)c(C(=O)O)c(I)c(C(=O)NCCCC)c2I)c(I)c(C(=O)O)c1I,43,12,1166
3732,4425,CCOC(=O)c1ccc(NC(=O)CCNC(C)C)cc1O,151,3,4425
3733,4426,CCN(CC)CC(=O)Nc1ccc(C(=O)OC)c(O)c1,23,17,4426
3734,4427,COC(=O)c1ccc(NC(=O)CCN2CCCCC2)cc1O,38,14,4427
3735,4428,CCOC(=O)c1ccc(NC(=O)CCN(C)C)cc1O,151,3,4425
3736,4429,S=C1CCCCN1,6037,1,4429
3737,4430,c1ccc2c(C(CCN3CCOCC3)CCN3CCOCC3)cccc2c1,6036,1,4430
3738,4431,Nc1c(I)cc(I)c(CC(CCC(=O)O)C(=O)O)c1I,1050,3,4404
3739,4432,Nc1c(I)cc(I)c(CC(CCCC(=O)O)C(=O)O)c1I,1050,3,4404
3740,4434,CCN(C(C)=O)c1c(I)cc(I)c(OCC(=O)O)c1I,150,7,4434
3741,4435,CCC(Oc1c(I)cc(I)c(N(C)C(C)=O)c1I)C(=O)O,423,2,4435
3742,4436,CC(=O)N(C)c1c(I)cc(I)c(OCC(=O)O)c1I,150,7,4434
3743,4437,CCOC(=O)c1ccc(NC(=O)CCN2CCCCC2)cc1O,38,14,4427
3744,4438,CC[N+](C)(CC)CC(=O)Nc1ccc(C(=O)OC)c(O)c1,131,7,4438
3745,4440,CC(CN(C)C)CC1(c2ccccc2)OC(C)(C)c2ccccc21,6035,1,4440
3746,4441,CN(C)CCC=C1c2ccccc2C(C)(C)c2ccc(C(F)(F)F)cc21,1874,2,434
3747,4442,CCOC(=O)c1ccc(NC(=O)CN(CC)CC)cc1O,23,17,4426
3748,4443,CCC[N+](C)(C)CCCCCC[N+](C)(C)CCC,1021,3,4443
3749,4444,O=C(NN=C1CCCCCCC1)c1ccncc1,292,6,3266
3750,4445,O=C(NNC1CCCC1)c1ccncc1,223,6,4445
3751,4446,C[N+]1(CCCCCC[N+]2(C)CCCC2)CCCC1,71,11,3056
3752,4447,CC1CCC(C(C)C)/C(=N/NC(=O)c2ccncc2)C1,6034,1,4447
3753,4449,C(CN1CCCCC1)=C(c1ccccc1)c1ccccc1,968,3,4449
3754,4450,C(CN1CCOCC1)=C(c1ccccc1)c1ccccc1,968,3,4449
3755,4451,O=C(Nc1cccnc1)c1cccnc1,1564,2,4451
3756,4452,O=C(Nc1ccccn1)c1cccnc1,6033,1,4452
3757,4455,Cc1c(N)nc(=S)[nH]c1C(=O)O,1784,2,4455
3758,4456,CCN(CC)C(=O)C(Cl)=C(C)OP(=O)(OC)OC,6032,1,4456
3759,4457,Cc1cc(C(=O)c2ccccc2)c2oc(-c3ccccc3)c(Cl)c(=O)c2c1,6031,1,4457
3760,4458,CN(C)C=Nc1ccc(Br)cc1,573,4,2494
3761,4459,Cc1c(Cl)cccc1N=CN(C)C,1083,3,2944
3762,4460,Cc1ccc(N=CN(C)C)cc1C,6030,1,4460
3763,4461,COc1ccc(N=CN(C)C)c(C)c1,6029,1,4461
3764,4463,C[N+](C)(CCO)Cc1ccccc1,644,1,4463
3765,4464,O=C(c1ccc(Br)cc1)C(Br)Br,6028,1,4464
3766,4465,O=C(Nc1cc(Cl)ccc1Cl)Nc1cc(Cl)ccc1Cl,1043,2,4465
3767,4466,O=C(Nc1ccc(Cl)c(Cl)c1)Nc1ccccc1Cl,6027,1,4466
3768,4467,CC(C)N(CCOC(=O)CC1c2ccccc2Oc2c(Cl)cccc21)C(C)C,6026,1,4467
3769,4468,CCN(CC)CCOC(=O)CC1c2ccccc2Oc2ccccc21,1049,3,4468
3770,4469,CN(C)CCOC(=O)CC1c2ccccc2Oc2ccccc21,1049,3,4468
3771,4470,CC(CN(C)C)OC(=O)CC1c2ccccc2Oc2ccccc21,6025,1,4470
3772,4471,O=C(CC1c2ccccc2Oc2ccccc21)OCCN1CCCCC1,6024,1,4471
3773,4472,CN1CCN(C(=O)Cn2cccc2C(=O)c2ccccc2)CC1,6023,1,4472
3774,4473,C[N+](C)(CCCCCC[N+](C)(C)Cc1ccccc1)Cc1ccccc1,253,6,4413
3775,4474,CCOC(=O)C1(OC(=O)C(C)N2CCCCC2)CCCC1,6022,1,4474
3776,4476,O=c1nc[nH]c2c1ncn2Cc1ccc([N+](=O)[O-])cc1,1866,2,4476
3777,4477,COC(=O)CCC[N+](C)(C)C,1862,2,4477
3778,4478,O=C(C=Cc1ccccc1)N1CCCc2ccccc21,6021,1,4478
3779,4479,COC(=O)C(C)(N)Cc1ccc(O)c(C)c1,6020,1,4479
3780,4480,CCP(=O)(CC)OCc1ccccc1,6019,1,4480
3781,4481,COc1ccccc1Nc1ccccc1C(=O)O,1873,1,4481
3782,4482,CCOP(=O)(OCC)SCc1ccccc1,6018,1,4482
3783,4483,N#CSCc1ccc([N+](=O)[O-])cc1,6017,1,4483
3784,4491,CCCCCCCCCCCCCCCC[N+](CC)(CC)CC,54,12,2102
3785,4492,CN(C)C=NCCCCCCN=CN(C)C,6016,1,4492
3786,4494,Cc1ccc(CNC(=N)N)cc1,474,4,4494
3787,4495,COc1ccc(CCNC(=N)N)cc1OC,618,4,4495
3788,4496,COc1cc(CC#N)cc(OC)c1OC,6015,1,4496
3789,4497,c1cc2c(c(C3=NCCN3)c1)CCCC2,6014,1,4497
3790,4498,Cc1cccc2c(C)c3c(ccc4ccccc43)c(C)c12,1872,2,792
3791,4499,Cn1nnc2ccccc21,6013,1,4499
3792,4501,N#CC1(C#N)CC=CCC1(C#N)C#N,6012,1,4501
3793,4502,CSC1(OC(C)=O)C(=O)c2ccccc2C1=O,6011,1,4502
3794,4503,O=C(O)C1CCC(CO)CC1,6010,1,4503
3795,4504,COc1ccccc1N1CCN(CCCC(O)c2ccc(F)cc2)CC1,1160,2,4504
3796,4506,CC(Cc1ccccc1)N(C)C(=O)COc1ccc(Cl)cc1,6009,1,4506
3797,4507,O=C(Oc1ccc(=O)[nH]n1)c1ccc(Cl)c(Cl)c1,6008,1,4507
3798,4508,O=C(SCc1ccccc1)c1ccccc1,6007,1,4508
3799,4509,OCNCCCN1c2ccccc2Sc2ccccc21,1048,2,4509
3800,4510,OCNCCCN1c2ccccc2Sc2ccc(Cl)cc21,1048,2,4509
3801,4512,c1ccc(-n2cncn2)cc1,6006,1,4512
3802,4513,O=C(c1ccccc1)C1CCC(N2CCCCC2)CC1,6005,1,4513
3803,4514,CCCCCCCCOc1ccccc1C(=O)NCCN1CCCC1,15,18,4231
3804,4515,C#CC[n+]1ccccc1CCO,1871,2,4515
3805,4516,C#CC[n+]1ccccc1CCCO,1871,2,4515
3806,4517,CC[N+](C)(CC)CCOC(=O)C1C[N+]2(C)CCC1CC2,1047,3,4517
3807,4518,C[N+](C)(C)CCCC[N+](C)(C)C,17,18,738
3808,4519,CC[N+](C)(C)CCCC[N+](C)(C)CC,467,4,4519
3809,4520,CC[N+](C)(C)CCCCC[N+](C)(C)CC,467,4,4519
3810,4522,CCN(CC)CC[N+](O)=Cc1c(C)cccc1C,6004,1,4522
3811,4523,CCN(CC)CCON=Cc1c(C)cccc1C,6003,1,4523
3812,4524,c1cc(CCN2CCCCC2)ccn1,6002,1,4524
3813,4525,CCOC(=O)C1(c2ccccc2)CCN(CC(c2ccccc2)N2CCN(C)CC2)CC1,11,21,298
3814,4526,CCNC(CC(O)(c1ccccc1)c1ccccc1)c1ccccc1,1857,2,4526
3815,4527,CN(C)c1nc(N(C)C)nc(N2CCCC2)n1,6001,1,4527
3816,4530,CC(=NN(C)C)c1ccccc1,6000,1,4530
3817,4531,Cc1ccc(N2C(=O)CN(Cc3ccccc3)CC2=O)cc1Cl,5999,1,4531
3818,4532,Cc1ccc(-c2ccccc2)cc1N1C(=O)CN(Cc2ccccc2)CC1=O,5998,1,4532
3819,4533,NC1=NCCS1,5997,1,4533
3820,4534,COc1ccc(Nc2ccccc2C(=O)O)cc1,68,12,218
3821,4535,CSC(=O)Nc1ccccc1,1800,2,4535
3822,4537,N#CC(C#N)=CC#Cc1ccccc1,5996,1,4537
3823,4538,CCCCCCCCCCC(=O)OCC(COC(=O)CCCCCCCCCC)OC(=O)CCCCCCCCCC,209,7,801
3824,4541,O=C(O)Cc1nc2ccccc2[nH]1,5995,1,4541
3825,4542,CSc1ccc2[nH]c3c(c2c1)CC(C)NC3c1ccccc1,1046,3,4542
3826,4544,CC1Cc2c([nH]c3ccccc23)C(c2ccccc2)N1,1046,3,4542
3827,4545,CC1CNC(c2ccccc2)c2[nH]c3ccc(F)cc3c21,5994,1,4545
3828,4546,COC(=O)N(CCCl)N=O,5993,1,4546
3829,4547,CN(C)C1C(C)(C)C(O)C1(C)C,5992,1,4547
3830,4548,CCSCC#CCSCC,5991,1,4548
3831,4550,CC1Cc2c([nH]c3ccc(F)cc23)CN1,643,4,4550
3832,4551,CC1(C)CNCc2[nH]c3ccc(F)cc3c21,422,5,4551
3833,4552,CC1Cc2c([nH]c3ccc(Cl)cc23)CN1,643,4,4550
3834,4553,CC1CNCc2[nH]c3ccc(Cl)cc3c21,421,5,4553
3835,4554,CC1(C)CNCc2[nH]c3ccc(Cl)cc3c21,422,5,4551
3836,4555,CC1Cc2c([nH]c3ccc(Br)cc23)CN1,643,4,4550
3837,4556,CC1CNCc2[nH]c3ccc(Br)cc3c21,421,5,4553
3838,4557,CC1(C)CNCc2[nH]c3ccc(Br)cc3c21,422,5,4551
3839,4558,COc1ccc2[nH]c3c(c2c1)CC(C)NC3,643,4,4550
3840,4559,COc1ccc2[nH]c3c(c2c1)C(C)CNC3,421,5,4553
3841,4560,COc1ccc2[nH]c3c(c2c1)C(C)(C)CNC3,422,5,4551
3842,4561,CSc1ccc2[nH]c3c(c2c1)C(C)CNC3,421,5,4553
3843,4562,CSc1ccc2[nH]c3c(c2c1)C(C)(C)CNC3,422,5,4551
3844,4563,Cc1cc(O)c2ccccc2c1,5990,1,4563
3845,4564,CN(C)CCCC1(c2ccc(F)cc2)OC(C)(C)c2ccccc21,117,9,4005
3846,4565,CNCCCC1(c2ccc(F)cc2)OC(C)(C)c2ccccc21,642,2,4302
3847,4567,COc1ccc2[nH]c3c(c2c1)CC(C)NC3c1ccccc1,1046,3,4542
3848,4569,CCCCN(CCCC)CCC(c1ccccc1)c1ccccc1,641,4,2881
3849,4570,CCCN(CCC)CCC(c1ccccc1)c1ccccc1,641,4,2881
3850,4571,CCN(CC)CCN(C(=O)Oc1ccccc1)c1ccccc1,5989,1,4571
3851,4572,CC(=O)COc1ccc2ccccc2c1,5988,1,4572
3852,4573,OCCN(CCO)c1nc(N2CCCCC2)c2nc(N(CCO)CCO)ncc2n1,1870,2,645
3853,4575,CC(CCl)OP(=O)(OC(C)CCl)OC(C)CCl,5987,1,4575
3854,4576,CCCOC(=O)Nc1cccc(O)c1,297,6,4034
3855,4577,CCCCNC(=O)Oc1cccc(NC(=O)OC)c1,1045,1,4577
3856,4578,CNC(=O)Oc1cccc(NC(=O)OC)c1,63,12,3316
3857,4579,CCNC(=O)Oc1cccc(NC(=O)OC)c1,63,12,3316
3858,4580,CNC(=O)Oc1cccc(NC(=O)OC(C)C)c1,1869,1,4580
3859,4582,CSc1nc(Cl)nc(Cl)n1,1074,3,3260
3860,4583,COc1ccc2c(c1)c(CN(C)C)c(C)n2-c1ccccc1,1044,3,4583
3861,4584,COc1ccc2c(c1)c(CN(C)C)c(C)n2-c1ccccc1C,1044,3,4583
3862,4585,COc1ccc(-n2c(C)c(CN(C)C)c3cc(OC)ccc32)cc1,1044,3,4583
3863,4586,CCN(CC)C(=S)P(=O)(N(CC)CC)N(CC)CC,5986,1,4586
3864,4587,Cc1cccc2c(CN(C)C)c[nH]c12,724,3,4587
3865,4591,N#CC1C=Cc2ccccc2N1C(=O)c1ccccc1,5985,1,4591
3866,4592,NC(=O)c1c(I)c(NC(=O)CCCCC(=O)Nc2c(I)c(C(N)=O)c(I)c(C(=O)O)c2I)c(I)c(C(=O)O)c1I,43,12,1166
3867,4593,Oc1ccc(C(O)CNC2CCCC2)cc1O,5984,1,4593
3868,4594,CC(C)NC(C)C(O)c1ccc(O)c(O)c1,5983,1,4594
3869,4595,CCC(NC1CCCC1)C(O)c1ccc(O)c(O)c1,5982,1,4595
3870,4596,Nc1ccc(CSc2ccccc2)cc1,935,3,3994
3871,4597,CC(Cc1ccccc1)N1CCN(C(C)Cc2ccccc2)CC1,116,9,4597
3872,4601,CC1CNCc2[nH]c3ccc(F)cc3c21,421,5,4553
3873,4602,CSc1ccc2[nH]c3c(c2c1)CCNC3,5981,1,4602
3874,4604,CCN(CC)CCSC(=S)N1c2ccccc2Sc2ccccc21,672,4,2410
3875,4605,CCCC(C)(O)C1CC23C=CC1(OC)C1Oc4c(O)ccc5c4C12CCN(C)C3C5,1034,3,4605
3876,4606,CC(Cc1ccccc1)N(C)CC=C(c1ccccc1)c1ccccc1,5980,1,4606
3877,4607,COC(=O)Nc1cccc(OC(=O)NC(C)(C)C)c1,63,12,3316
3878,4608,ClCCN(CCCl)c1ccsc1CBr,5979,1,4608
3879,4610,Cc1[nH]c2cc([N+](=O)[O-])ccc2c1C,5978,1,4610
3880,4611,CN(C)CCn1nc(Cc2ccc(Cl)cc2)c2ccccc2c1=O,1474,2,4611
3881,4612,O=c1nc[nH]c2c(C3OC(CO)C(O)C3O)[nH]nc12,5977,1,4612
3882,4613,CC(=O)Nc1ccc(O)c(CN(C)C)c1,5976,1,4613
3883,4614,CCOc1cc(C(=O)N(CC)CC)ccc1O,1868,2,1285
3884,4615,CC1CCCC(NC(=O)NCCCl)C1,420,5,4615
3885,4616,O=C(NCCCl)NC1(c2ccccc2)CCCCC1,5975,1,4616
3886,4617,O=C(NCCCl)NC1CCCCCC1,420,5,4615
3887,4618,O=C(NCCCl)NC1CCCCCCCCCCC1,420,5,4615
3888,4619,O=C(NCCCl)NC1Cc2ccccc2C1,1322,2,4619
3889,4620,O=C(NCCCl)Nc1cc(Cl)ccc1Cl,1043,2,4465
3890,4621,Cc1cccc(C)c1NC(=O)NCCCl,149,8,4621
3891,4622,COc1cccc(NC(=O)NCCCl)c1,705,3,4622
3892,4623,O=C(NCCCl)Nc1cccc2cccnc12,1317,2,4623
3893,4624,O=C(N/C=C/NC(=O)NCCCl)NCCCl,5974,1,4624
3894,4625,O=C(NCCCl)NC1CCCCC1NC(=O)NCCCl,420,5,4615
3895,4626,O=NN(CCF)C(=O)NC1CCCCC1,5973,1,4626
3896,4629,O=c1[nH]c(-c2ccccc2)nc(CN2CCCCC2)c1O,5972,1,4629
3897,4634,C1CCN(P(N2CCCCC2)N2CCCCC2)CC1,5971,1,4634
3898,4635,CNCCCC1(c2ccccc2)CCc2ccccc21,5970,1,4635
3899,4637,C=CCN(CC=C)C(=O)N(C)CC1COc2ccccc2O1,5969,1,4637
3900,4638,N=C(N)NCCCNCc1ccccc1,5968,1,4638
3901,4639,CNc1c([N+](=O)[O-])c(=O)n(C)c(=O)n1C,5967,1,4639
3902,4640,CN1c2ccccc2Sc2ccc(CC(=O)O)cc21,5966,1,4640
3903,4641,CCN(CC)CC(=O)Nc1ccc(C)cc1,81,10,4641
3904,4642,CCC1COC(=S)N1,5965,1,4642
3905,4643,NC1CCSC1=O,5964,1,4643
3906,4644,CS(=O)(=O)c1ccc2c(c1)N(CCCN1CCC(C(N)=O)CC1)c1ccccc1S2,5963,1,4644
3907,4645,O=S1(=O)CCC(Br)C1,5962,1,4645
3908,4646,CCN(CC)CCc1c[nH]c2ccc(O)cc12,1867,1,4646
3909,4647,O=c1nc[nH]c2c1ncn2Cc1ccccc1,1866,2,4476
3910,4648,CCOC(=O)c1ccc(NC(=O)CCN(CC)CC)cc1O,23,17,4426
3911,4649,CCOC(=O)c1ccc(NC(=O)CCN2CCOCC2)cc1O,115,3,4649
3912,4650,CCCOC(=O)c1ccc(NC(=O)CN(CC)CC)cc1O,23,17,4426
3913,4651,CCCOC(=O)c1ccc(NC(=O)CN2CCCCC2)cc1O,38,14,4427
3914,4652,CCCOC(=O)c1ccc(NC(=O)CCN(CC)CC)cc1O,23,17,4426
3915,4653,CCCOC(=O)c1ccc(NC(=O)CCN2CCCCC2)cc1O,38,14,4427
3916,4654,CCCOC(=O)c1ccc(NC(=O)CCN2CCOCC2)cc1O,38,14,4427
3917,4655,CCCCOC(=O)c1ccc(NC(=O)CN(CC)CC)cc1O,23,17,4426
3918,4656,CCCCOC(=O)c1ccc(NC(=O)CN2CCCCC2)cc1O,38,14,4427
3919,4657,CCCCOC(=O)c1ccc(NC(=O)CCN(CC)CC)cc1O,23,17,4426
3920,4658,CCCCOC(=O)c1ccc(NC(=O)CCN2CCCCC2)cc1O,38,14,4427
3921,4659,CCCCCOC(=O)c1ccc(NC(=O)CN(CC)CC)cc1O,23,17,4426
3922,4660,CCCCCOC(=O)c1ccc(NC(=O)CN2CCCCC2)cc1O,38,14,4427
3923,4661,CCCCCOC(=O)c1ccc(NC(=O)CCN(CC)CC)cc1O,23,17,4426
3924,4662,CCCCCOC(=O)c1ccc(NC(=O)CCNC(C)C)cc1O,38,14,4427
3925,4663,CCCCCOC(=O)c1ccc(NC(=O)CCN2CCCCC2)cc1O,38,14,4427
3926,4664,N#CC(C(=O)O)c1ccccc1,5961,1,4664
3927,4665,CCCCCOC(=O)c1ccc(NC(=O)CCN2CCOCC2)cc1O,38,14,4427
3928,4666,CCCCCCOC(=O)c1ccc(NC(=O)CN2CCCCC2)cc1O,38,14,4427
3929,4667,CCCCCCOC(=O)c1ccc(NC(=O)CCN(CC)CC)cc1O,23,17,4426
3930,4668,CCCCCCOC(=O)c1ccc(NC(=O)CCN2CCOCC2)cc1O,38,14,4427
3931,4669,CCN(CC)CCOC(=O)c1ccc(NC(=O)CN(CC)CC)cc1O,23,17,4426
3932,4670,CCN(CC)CCOC(=O)c1ccc(NC(=O)CNC(C)C)cc1O,23,17,4426
3933,4671,CCN(CC)CCOC(=O)c1ccc(NC(=O)CN2CCOCC2)cc1O,23,17,4426
3934,4672,O=C(CN1CCCCC1)Nc1ccc(C(=O)N2CCCCC2)c(O)c1,148,3,4672
3935,4673,O=C(CN1CCOCC1)Nc1ccc(C(=O)N2CCOCC2)c(O)c1,640,1,4673
3936,4674,CCN(CC)CCn1c(Cc2ccc(OC)cc2)nc2ccccc21,294,6,3443
3937,4675,COC(=O)c1ccc(NC(=O)CN2CCOCC2)cc1O,148,3,4672
3938,4676,COC(=O)c1ccc(NC(=O)CCN(C)C)cc1O,131,7,4438
3939,4677,COC(=O)c1ccc(NC(=O)CN(C)C)cc1O,639,1,4677
3940,4678,COC(=O)c1ccc(NC(=O)C[N+](C)(C)C)cc1O,131,7,4438
3941,4680,CC12C=CC(C)(CC1)C1C[N+](C)(CCC[N+](C)(C)C)CC12,5960,1,4680
3942,4683,CCCOC(=O)c1ccc(NC(=O)CCNC(C)C)cc1O,293,1,4683
3943,4684,O=C1CCCN1CCCC#CCN1CCCC1,1865,2,845
3944,4685,O=C1CCCN1CCCCN1CCCC1,1041,3,4096
3945,4686,Cc1cc(N2CCCC2)ccc1N1CCCC1=O,5959,1,4686
3946,4687,O=C1CCCN1Cc1ccc(N2CCCC2)cc1,5958,1,4687
3947,4688,O=C1CCCN1c1ccc(OCCN2CCCC2)cc1,5957,1,4688
3948,4689,O=C1CCCN1CC#CCN1CC2CC=CCC2C1,5956,1,4689
3949,4691,CC(=O)Oc1ccc(N2CCCC2=O)cc1,5955,1,4691
3950,4692,O=C1c2ccccc2C(=O)N1CCCC#CCN1CCCC1,1864,2,3111
3951,4693,CC(=O)OCC#CCN1CC=CC1,432,5,3108
3952,4694,NC(=O)N1CCN(CCCN2c3ccccc3Sc3ccc(Cl)cc32)CC1,97,9,463
3953,4697,CCOC(=O)Cc1ccc(-c2ccccc2)cc1,5954,1,4697
3954,4698,CCCCCCCCCC1C(=O)NC(=O)NC1=O,5953,1,4698
3955,4699,O=C1NCCN1c1ccc(Cl)cc1,5952,1,4699
3956,4700,O=C(C(=NO)c1ccccc1)c1ccccc1,5951,1,4700
3957,4701,COC(=O)c1ccc(NC(=O)CN2CCCCC2)cc1O,148,3,4672
3958,4702,CCN(CC)CCC(=O)Nc1ccc(C(=O)OC)c(O)c1,23,17,4426
3959,4703,COC(=O)c1ccc(NC(=O)CCNC(C)C)cc1O,131,7,4438
3960,4704,CCOC(=O)c1ccc(NC(=O)CN2CCOCC2)cc1O,115,3,4649
3961,4705,CC12CC(=O)C3C(CCC4CC(O)CCC43C)C1CCC2C(=O)CO,993,3,1159
3962,4706,N=C(N)SCCCCCc1ccccc1,1848,2,4706
3963,4707,CC(C)N=C(NC1CCCCC1)SCc1ccccc1,419,5,4707
3964,4708,CCN(CC)CCSC(=NC1CCCCC1)NC1CCCCC1,1042,3,4708
3965,4709,N=C(N)SCCCOc1ccccc1,5950,1,4709
3966,4710,N=C(N)SCCCCN1C(=O)c2ccccc2C1=O,1627,2,4710
3967,4711,CC(C)N=c1scc(-c2ccccc2)n1C(C)C,5949,1,4711
3968,4712,CCCCN=C(NCCCC)SCc1ccccc1,5948,1,4712
3969,4713,CC(C)N=C(NC(C)C)SCc1cccc2ccccc12,5947,1,4713
3970,4714,O=C(C#Cc1ccccc1)N1CCCCC1,5946,1,4714
3971,4717,CCSC(=NCc1ccccc1)NCc1ccccc1,1847,2,4717
3972,4718,c1ccc(CSC(=NC2CCCCC2)NC2CCCCC2)cc1,419,5,4707
3973,4719,CSC(=NC1CCCCC1)NC1CCCCC1,1042,3,4708
3974,4720,CCSC(=NC1CCCCC1)NC1CCCCC1,1042,3,4708
3975,4721,O=C1CCCN1CCCCCCN1CCCC1,1041,3,4096
3976,4722,COC12C=CC3(CC1C(C)(O)CCC(C)C)C1Cc4ccc(O)c5c4C3(CCN1C)C2O5,1034,3,4605
3977,4723,CN(C)CCOC(=O)c1ccccc1CCc1ccccc1,1040,1,4723
3978,4724,CN(C)CCOC(=O)c1ccccc1CSc1ccccc1,418,5,4724
3979,4725,CN(C)CCCOC(=O)c1ccccc1CCc1ccccc1,418,5,4724
3980,4726,CN(C)CCCOC(=O)c1ccccc1SCc1ccccc1,418,5,4724
3981,4727,CCN(CC)CCOC(=O)c1ccc(NC(=O)CNC2CCCCC2)cc1O,23,17,4426
3982,4728,CC(C)N1CCC(OC(c2ccccc2)c2ccc(Cl)cc2)C1,85,10,4002
3983,4729,CC(C)N1CCC(OC(c2ccccc2)c2ccccc2)C1,300,4,1174
3984,4730,O=C(O)c1cc(I)ccc1I,5945,1,4730
3985,4731,COc1ccc(OC)c(C=Cc2ccc([N+](=O)[O-])cc2)c1,5944,1,4731
3986,4733,CN(C)CCCOC(=O)c1ccccc1C=Cc1ccccc1,5943,1,4733
3987,4734,CN(C)CCOC(=O)Cc1ccccc1SCc1ccccc1,634,2,4734
3988,4735,C[N+](C)(C)CCCOC(=O)Cc1ccccc1SCc1ccccc1,1863,1,4735
3989,4736,c1cc[n+](CCC[n+]2ccccc2)cc1,264,6,1133
3990,4737,c1cc[n+](CCCC[n+]2ccccc2)cc1,264,6,1133
3991,4738,N=C(N)c1ccc(C(=O)OCc2ccccc2)cc1,5942,1,4738
3992,4739,C=C(Cl)CN=C=S,5941,1,4739
3993,4740,N#CSCC#CCOC(=O)Nc1ccc(Br)cc1,863,3,4740
3994,4741,CCCCCCCCNC(=O)OCC#CCI,5940,1,4741
3995,4742,O=C(Nc1ccc(Cl)cc1)OCC#CCI,1003,3,2634
3996,4743,CCOc1ccc(NC(=O)OCC#CCSC#N)cc1,863,3,4740
3997,4744,Cn1c(=O)c2[nH]c(NCCN)nc2n(C)c1=O,1229,2,4744
3998,4745,C=CCNC(=S)Nc1ccccc1Cl,1039,3,4745
3999,4746,CCCCCCOC(=O)c1ccc(NC(=O)CN(CC)CC)cc1O,23,17,4426
4000,4747,CN(C)CCCOC(=O)c1ccccc1CSc1ccccc1,418,5,4724
4001,4748,CCCCCCCCP(=O)(CCCC)CCCC,90,10,1903
4002,4749,Cc1ccccc1N=C(Cl)N(C(=O)Cl)c1ccccc1C,5939,1,4749
4003,4750,COC(=O)CC[N+](C)(C)C,1862,2,4477
4004,4753,COc1ccc(NC(=O)OCC#CCI)cc1,1861,1,4753
4005,4754,CC(N)C(=O)NC1CCc2ccccc2C1,5938,1,4754
4006,4755,CC(C)NC1CCC(c2ccccc2)(c2ccccc2)CC1,1038,3,4755
4007,4756,CCCC1C(CC)C=NN1C,5937,1,4756
4008,4757,CCCC(NC)C(CC)CN,5936,1,4757
4009,4759,CN1C2CCC1CC(OC(=O)CC(C)(O)c1ccccc1)C2,5935,1,4759
4010,4760,BrCc1ccc(C[P+](c2ccccc2)(c2ccccc2)c2ccccc2)cc1,757,3,2224
4011,4761,COc1cc(C(=O)N2CCCCCCC2)cc(OC)c1OC,836,3,4761
4012,4762,COc1ccc(C=NN(C)C)cc1,5934,1,4762
4013,4764,COc1cc(N)c(Cl)cc1C(=O)NCCN1CCCCC1,328,5,4764
4014,4765,N=C(N)c1ccc(Cl)cc1,5933,1,4765
4015,4766,CCC(CC)C(=O)c1cccn1CCN1CCOCC1,5932,1,4766
4016,4767,COc1ccccc1C(=O)c1cccn1CCN(C)C,5931,1,4767
4017,4769,O=C(c1ccc(Cl)cc1)c1cccn1CCN1CCOCC1,5930,1,4769
4018,4771,CCN(CC)C1=CC(=O)c2ccccc2C1=O,5929,1,4771
4019,4772,NC1CC(N)C(O)C(O)C1O,5928,1,4772
4020,4773,CCCCCCCCCC(=O)N(C)C,118,9,1868
4021,4774,CCN(CC)CCOc1ccccc1-n1c(C)ccc1-c1ccccc1,5927,1,4774
4022,4775,O=Cc1cc(Cl)ccc1OCC(=O)O,5926,1,4775
4023,4778,CC(C)(CN)c1c[nH]c2ccc(F)cc12,1860,2,4778
4024,4779,CC(C)(CN)c1c[nH]c2ccc(Cl)cc12,1860,2,4778
4025,4780,Cc1cccc2c(CCN)c[nH]c12,724,3,4587
4026,4781,CCCCCCCCCCCCCCCCCC(=O)OCCNC(=O)C[n+]1ccccc1,5925,1,4781
4027,4782,CC(CN)c1c[nH]c2ccc(Cl)cc12,521,4,3564
4028,4784,C=CCC(CCN(CC)CC)(C(=O)OCC)c1ccccc1,5924,1,4784
4029,4785,CCOC(=O)C(C#N)=Cc1ccccc1Cl,5923,1,4785
4030,4786,CNC1CCC(c2ccccc2)(c2ccccc2)CC1,1038,3,4755
4031,4787,Cc1cc(Cl)ccc1OCC(=O)OCC#CCOC(=O)COc1ccc(Cl)cc1C,1859,1,4787
4032,4788,CNC(=O)Oc1c(Cl)cc(Cl)c(Cl)c1[N+](=O)[O-],455,4,4788
4033,4789,CCCCNC(=O)Oc1c(Cl)cc(Cl)c(Cl)c1[N+](=O)[O-],1858,1,4789
4034,4790,O=C(NC1CCCCC1)Oc1c(Cl)cc(Cl)c(Cl)c1[N+](=O)[O-],5922,1,4790
4035,4791,NCCc1csc2ccccc12,5921,1,4791
4036,4793,CC[N+](C)(CC)CCC(O)c1ccccc1,5920,1,4793
4037,4794,NC(CCO)c1ccccc1,5919,1,4794
4038,4795,CCNC(CC(O)(c1ccccc1)c1ccccc1)c1ccc(OC)cc1,1857,2,4526
4039,4796,CC(=O)NC(CC(O)(c1ccccc1)c1ccccc1)c1ccccc1,5918,1,4796
4040,4797,CCN(C(C)=O)C(CC(O)(c1ccccc1)c1ccccc1)c1ccccc1,5917,1,4797
4041,4798,CC(C)(O)CC(N)c1ccccc1,5916,1,4798
4042,4799,COc1ccc(C(N)CC(O)(c2ccccc2)c2ccccc2)cc1,1856,2,1931
4043,4800,NC(CC(O)(Cc1ccccc1)Cc1ccccc1)c1ccccc1,5915,1,4800
4044,4801,COc1ccc(N2CCNC2=O)cc1,5914,1,4801
4045,4803,O=C(O)c1cccn(Cc2ccccc2Br)c1=O,5913,1,4803
4046,4805,O=C(Nc1ccc(Cl)cc1)Oc1c(Cl)cc(Cl)c(Cl)c1[N+](=O)[O-],455,4,4788
4047,4806,CN1C2CCC1CC(OC(=O)C(C)(CO)c1ccccc1)C2,1855,2,2600
4048,4807,CN(C)CCn1cccc1C(=O)COc1ccc(Cl)cc1,5912,1,4807
4049,4808,COc1ccc(C(=O)c2cccn2CCCN(C)C)cc1,5911,1,4808
4050,4809,C[N+](C)(N)CCBr,5910,1,4809
4051,4810,O=C1CN(/N=C/c2ccc(-c3ccc(Cl)cc3)o2)C(=O)N1,291,6,4810
4052,4811,N#Cc1ccc(-c2ccc(C=NN3CC(=O)NC3=O)o2)cc1,291,6,4810
4053,4812,Nc1ccc(-c2ccc(/C=N/N3CC(=O)NC3=O)o2)cc1,291,6,4810
4054,4813,O=C(Nc1ccc(I)cc1)C(Cl)Cl,1854,2,2700
4055,4814,CCn1cc(C(=O)O)c(=O)c2cc3c(cc21)OCO3,5909,1,4814
4056,4815,OCCSc1ccc(Br)cc1,5908,1,4815
4057,4816,NC(CC(O)(c1ccccc1)c1ccccc1)c1ccco1,5907,1,4816
4058,4817,COC12C(COC(N)=O)C3=C(C(=O)C(C)=C(N)C3=O)N1CC1C2N1C(=O)c1ccc(Cl)cc1,79,6,3156
4059,4818,Cc1cnnc2ccccc12,5906,1,4818
4060,4819,CC1=CC2OC3CC4OC(=O)C=CC=CC(C(C)O)OCCC(C)C(O)C(=O)OCC2(CC1)C4(C)C31CO1,486,4,4819
4061,4820,CCCCC[S+](C)C,5905,1,4820
4062,4822,COC(=O)CN1CC1,1776,2,4822
4063,4826,CCCCNC1=C(C)C(=O)C2=C(C1=O)C(COC(N)=O)C1(OC)C3NC3CN21,9,22,659
4064,4827,CCCCCNC1=C(C)C(=O)C2=C(C1=O)C(COC(N)=O)C1(OC)C3NC3CN21,9,22,659
4065,4828,CCCCCCNC1=C(C)C(=O)C2=C(C1=O)C(COC(N)=O)C1(OC)C3NC3CN21,9,22,659
4066,4829,Cc1ccc2sc(N)nc2c1,1853,1,4829
4067,4831,CC[N+]1(C)CCC23C=CC(O)CC2Oc2c(OC)ccc(c23)C1,638,4,3100
4068,4832,CCCC[N+]1(C)CCC23C=CC(O)CC2Oc2c(OC)ccc(c23)C1,638,4,3100
4069,4833,CCCCC[N+]1(C)CCC23C=CC(O)CC2Oc2c(OC)ccc(c23)C1,638,4,3100
4070,4835,Cc1ccccc1CN,5904,1,4835
4071,4836,CC(O)=CC(=O)c1ccccc1,5903,1,4836
4072,4837,COC(=O)C1=COC(C)C2CN3CCc4c([nH]c5cc(OC)ccc45)C3CC12,658,4,3247
4073,4838,CCCOc1ccc(C(=S)OCCCN(C)C)cc1,5902,1,4838
4074,4839,COC12C(COC(N)=O)C3=C(C(=O)C(C)=C(Nc4ccccc4)C3=O)N1CC1NC12,9,22,659
4075,4840,CCCCCCCCCCCCCCCC(=O)OCC(=O)C1(O)C(C)CC2C3CCC4=CC(=O)C=CC4(C)C3(F)C(O)CC21C,1852,2,1238
4076,4841,CN(C)CCn1cccc1C(=O)c1ccc(F)cc1,5901,1,4841
4077,4842,CN(C)CCC=C1c2ccccc2CCc2sccc21,637,1,4842
4078,4843,O=C(C=C(O)c1ccccc1)c1ccccc1,5900,1,4843
4079,4844,N#CC1=CC2CCC1CC2,5899,1,4844
4080,4845,CCCCCCCCCCCCCCCCCCOC(=O)c1ccccc1O,1851,2,917
4081,4847,CCCCOc1cc(N)ccc1C(=O)OCCN(CC)CC,7,23,94
4082,4848,N#CC(C=O)N1CCOCC1,5898,1,4848
4083,4849,ClCCCN1CCC(c2ccccc2)CC1,417,5,4849
4084,4850,c1ccc(C2CCN(CCCN3CCC(c4ccccc4)CC3)CC2)cc1,417,5,4849
4085,4851,OCCCN1CCC(c2ccccc2)CC1,417,5,4849
4086,4852,CCCN1CCC(c2ccccc2)CC1,417,5,4849
4087,4853,Clc1ccc2c(c1)C(=CCCN1CCC(c3ccccc3)CC1)c1ccccc1S2,52,13,395
4088,4854,C(CCN1CCC(c2ccccc2)CC1)=C1c2ccccc2CCc2ccccc21,1850,2,4854
4089,4855,Nc1ccc(C(=O)OCCCN2CCC(c3ccccc3)CC2)cc1,797,2,4855
4090,4856,NP(=S)(Oc1ccc(Cl)cc1)Oc1ccc(Cl)cc1,5897,1,4856
4091,4857,C(CCN1CCC(c2ccccc2)CC1)=C1c2ccccc2CSc2ccccc21,1850,2,4854
4092,4858,CN(C)CCC=C1c2cc(Cl)ccc2CSc2sccc21,416,4,4858
4093,4859,N=C(N)NCCSSCCNC(=N)N,5896,1,4859
4094,4862,C[N+](C)(C)CCON=CC=NOCC[N+](C)(C)C,633,4,4862
4095,4863,CC[N+](C)(CC)CCON=CC=NOCC[N+](C)(CC)CC,5895,1,4863
4096,4864,C[N+](C)(C)CCCON=CC=NOCCC[N+](C)(C)C,636,2,4864
4097,4865,CC(=NOCC[N+](C)(C)C)C(=NOCC[N+](C)(C)C)c1ccccc1,1037,3,4226
4098,4866,C[N+](C)(C)CCON=C(C(=NOCC[N+](C)(C)C)c1ccccc1)c1ccccc1,1037,3,4226
4099,4867,C[N+](C)(C)CCCON=CCCC=NOCCC[N+](C)(C)C,633,4,4862
4100,4868,C[N+](C)(C)CCON=CC=CC=NOCC[N+](C)(C)C,633,4,4862
4101,4869,C[N+](C)(C)CCCON=CC=CC=NOCCC[N+](C)(C)C,636,2,4864
4102,4870,CC[N+](CC)(CC)CCCON=C1C=CC(=NOCCC[N+](CC)(CC)CC)C=C1,1054,3,4221
4103,4871,C[N+](C)(C)CCON=Cc1ccc(C=NOCC[N+](C)(C)C)cc1,635,4,4219
4104,4872,O=C1CCc2c(Br)cccc21,5894,1,4872
4105,4873,O=S1OCC(CCl)O1,5893,1,4873
4106,4874,O=[N+]([O-])c1ncccc1O,5892,1,4874
4107,4875,CN(C)CCC=C1c2cc(Br)ccc2CSc2sccc21,416,4,4858
4108,4876,Cc1cc(C)c([C+]=NO)c(C)c1[C+]=NO,5891,1,4876
4109,4877,O=C(NCCCl)Nc1ccc(Cl)c(Cl)c1,5890,1,4877
4110,4878,CN(C)CCOC(=O)c1ccccc1SCc1ccccc1,634,2,4734
4111,4879,Cc1ccc[n+](CC(=O)c2ccc(-c3ccc(C(=O)C[n+]4cccc(C)c4)cc3)cc2)c1,898,3,4879
4112,4880,C[N+](C)(C)c1ccc([N+](=O)[O-])cc1,5889,1,4880
4113,4881,CN(C)C(C#N)c1ccc(Cl)cc1,5888,1,4881
4114,4882,N#CCC[n+]1ccccc1,5887,1,4882
4115,4883,c1ccc2c(c1)CCc1ccccc1C2OC1CN2CCC1CC2,5886,1,4883
4116,4884,C=CC1C(O)OC=C2C(=O)OCCC21,5885,1,4884
4117,4886,NCCOCC(N)C(=O)O,5884,1,4886
4118,4887,Cc1ccc(S(=O)(=O)SC(F)(F)F)cc1,1849,2,4412
4119,4888,COc1cc(O)cc(OC)c1O,5883,1,4888
4120,4889,COc1ccc(CCN2CCC(CN)(c3ccccc3)CC2)cc1,5882,1,4889
4121,4890,COc1ccc(CCN2CCC(CNC(=O)CCCCCCCCC(=O)NCC3(c4ccccc4)CCN(CCc4ccc(OC)cc4)CC3)(c3ccccc3)CC2)cc1,5881,1,4890
4122,4891,O=C(NCC1(c2ccccc2)CCNCC1)c1ccc(C(=O)NCC2(c3ccccc3)CCNCC2)cc1,424,5,4336
4123,4892,CN1CCC(CNC(=O)c2ccc(-c3ccc(C(=O)NCC4(c5ccccc5)CCN(C)CC4)cc3)cc2)(c2ccccc2)CC1,424,5,4336
4124,4893,CCCCC[n+]1ccc2cc(OC)c(OC)cc2c1,1569,2,4893
4125,4894,CC[n+]1ccc2cc3c(c(OC)c2c1)OCO3,208,7,3426
4126,4895,CCCC[n+]1ccc2cc3c(c(OC)c2c1)OCO3,208,7,3426
4127,4896,N=C(N)SCCCc1ccccc1,1848,2,4706
4128,4897,CCN(CCSC(=N)N)c1ccccc1,5880,1,4897
4129,4898,O=[N+]([O-])c1cccc(CSC(=NC2CCCCC2)NC2CCCCC2)c1,419,5,4707
4130,4899,c1ccc(CCCSC(=NC2CCCCC2)NC2CCCCC2)cc1,419,5,4707
4131,4900,CN=C(NCc1ccccc1C)SCc1ccccc1,5879,1,4900
4132,4901,CSC(=NCc1ccccc1)NCc1ccccc1,1847,2,4717
4133,4902,C=CCSC(=NC1CCCCC1)NC1CCCCC1,5878,1,4902
4134,4903,CN=c1scc(-c2ccc(C)cc2C)n1C,5877,1,4903
4135,4904,c1ccc(-c2sc3[n+](c2-c2ccccc2)CCN3)cc1,5876,1,4904
4136,4905,Cc1cccc(OCC(O)CNC(C)(C)C)c1C,5875,1,4905
4137,4906,CN(C)C(CSC(N)=O)CSC(N)=O,5874,1,4906
4138,4908,COc1ccc(C(=O)N2CC2)cc1,5873,1,4908
4139,4909,CCCCC[n+]1ccc2cc3c(c(OC)c2c1)OCO3,208,7,3426
4140,4910,COc1c2c(cc3cc[n+](CCC(C)C)cc13)OCO2,208,7,3426
4141,4911,CC(C)Cc1ncc(C(C)(C)O)n(O)c1=O,5872,1,4911
4142,4912,CCC[n+]1ccc2cc3c(c(OC)c2c1)OCO3,208,7,3426
4143,4913,COc1c2c(cc3cc[n+](Cc4ccccc4)cc13)OCO2,208,7,3426
4144,4914,CC(CC(=O)Nc1ccc(Cl)cc1Cl)N1CCCCC1,5871,1,4914
4145,4915,COCCN(CCF)c1ccc2ccccc2c1,5870,1,4915
4146,4916,CCOc1ccccc1CCCSC(=N)N,5869,1,4916
4147,4917,O=[N+]([O-])c1ccc(CSC(=NC2CCCCC2)NC2CCCCC2)cc1,419,5,4707
4148,4918,COc1cc(C=Cc2ccccc2)oc(=O)c1,1846,2,1481
4149,4919,C[N+]1(CCC(C(N)=O)(c2ccccc2)c2ccccc2)CCCCCC1,500,4,1147
4150,4921,CCN(CC)C(=O)Nc1nc2ccccc2s1,1686,2,4921
4151,4922,CS(=O)(=O)CC(O)CCC(=O)O,5868,1,4922
4152,4923,CS(=O)CC1CCCO1,5867,1,4923
4153,4924,CS(=O)(=O)CC1CCCO1,5866,1,4924
4154,4925,O=C(NN=C1CCCCC1)c1ccncc1,292,6,3266
4155,4926,CC1CCC(=NNC(=O)c2ccncc2)CC1,292,6,3266
4156,4930,O=C(NNC1CCCCC1)c1ccncc1,223,6,4445
4157,4931,CC1CCC(NNC(=O)c2ccncc2)CC1,223,6,4445
4158,4933,CCN(CC)c1cc(C)nc2ncnn12,1621,2,4933
4159,4934,CCN(CC)CCOC(=O)C(O)(c1cccs1)C1C=CCC1,1845,2,3025
4160,4936,COC(=O)C=C(C)N1CCCC1,5865,1,4936
4161,4937,O=C(N=S1CCCC1)C(Cl)(Cl)Cl,5864,1,4937
4162,4938,CC(=O)Nc1ccc(N=Nc2ccc(NC(C)=O)cc2)cc1,5863,1,4938
4163,4940,CC(C)(CN)c1c[nH]c2ccccc12,5862,1,4940
4164,4941,CC(Oc1ccc(Cl)cc1)C(=O)OCCN(C)C,5861,1,4941
4165,4944,C[N+](C)(C)CCON=CCCC=NOCC[N+](C)(C)C,633,4,4862
4166,4945,COC(=O)OC1CCC2(C)C(=CCC3C2CCC2(C)C(C(C)CCCC(C)C)CCC32)C1,1248,2,4945
4167,4946,CC(COC(=O)C1CC2CC[N+]1(C)CC2)[N+](C)(C)C,5860,1,4946
4168,4947,CC(COC(=O)C1CCCC(C)[N+]1(C)C)[N+](C)(C)C,5859,1,4947
4169,4950,C[N+](C)(C)CCOP(=O)(O)O,5858,1,4950
4170,4951,Oc1ccc(CCN2CCC(c3ccc(Cl)cc3)CC2)cc1O,5857,1,4951
4171,4952,COc1ccc(CCN2CCC(Cc3ccccc3)CC2)cc1OC,1844,2,4952
4172,4953,COc1ccc(CCN2CCC(Cc3ccc(Cl)cc3)C2)cc1OC,1844,2,4952
4173,4955,C[N+]1(C2CSSC2)CCCC1,966,3,4955
4174,4958,C=CC1=C(C)c2cc3[nH]c(c(CC(=O)O)c4[nH]c(cc5nc(cc1n2)C(C)=C5CC)c(C)c4C(=O)O)C(CCC(=O)O)C3C,5856,1,4958
4175,4959,C[N+](C)(C)CCOC(=O)C1CC2CC[N+]1(C)CC2,662,4,2988
4176,4960,CC(C[N+](C)(C)C)OC(=O)C1CC2CC[N+]1(C)CC2,5855,1,4960
4177,4962,CCOC=C1N=C(c2ccccc2)OC1=O,5854,1,4962
4178,4963,CCN(CC)Cc1ccc2oc(-c3ccccc3)c(C)c(=O)c2c1,5853,1,4963
4179,4964,CN(C)C(=O)C[N+](C)(C)C,5852,1,4964
4180,4965,N=C(N)c1cccc(Cl)c1,5851,1,4965
4181,4966,N=C(N)c1ccc([N+](=O)[O-])cc1,1036,3,3493
4182,4967,N=C(N)c1ccc(Oc2ccc([N+](=O)[O-])cc2)cc1,1036,3,3493
4183,4969,O=C(n1cccc1)n1cccc1,5850,1,4969
4184,4970,CN(C)C=NCCc1ccccc1,1729,2,4970
4185,4972,CCN(CC)CCn1c(-c2ccccc2)noc1=N,5849,1,4972
4186,4973,CCC(=O)C1(c2cccc(Cl)c2)CCNCC1,415,5,4973
4187,4974,CCC(=O)C1(c2ccccc2)CCNCC1,415,5,4973
4188,4975,CCOc1cccc2sc(N)nc12,1843,2,3531
4189,4976,CN(C)C=Nc1ccc(F)cc1,573,4,2494
4190,4977,CC(CN(C)C)OC(=O)Nc1ccccc1,5848,1,4977
4191,4978,ON=C1CCSc2ccccc21,5847,1,4978
4192,4979,N#Cc1ccc2[nH]ccc2c1,5846,1,4979
4193,4980,CN(CCCCCCN(C)C(=O)Oc1ccc[n+](C)c1)C(=O)Oc1ccc[n+](C)c1,1545,2,4980
4194,4982,O=C(NN=C1CCCCCC1)c1ccncc1,292,6,3266
4195,4984,CC1CCC/C(=N/NC(=O)c2ccncc2)C1,292,6,3266
4196,4987,CC1CCCC(NNC(=O)c2ccncc2)C1,223,6,4445
4197,4988,O=CC(S)CO,5845,1,4988
4198,4989,C#CCN1CCC2(C)c3cc(O)ccc3CC1C2C,435,5,229
4199,4990,CC(C)(C)NP(NC(C)(C)C)c1ccccc1,5844,1,4990
4200,4991,CC(C)(C)N[P+](C)(NC(C)(C)C)c1ccccc1,5843,1,4991
4201,4992,CCCC[N+]1(CCCCC[N+]2(CCCC)CCCCC2)CCCCC1,32,15,4992
4202,4993,CCCCn1cnc2c(SC)ncnc21,5842,1,4993
4203,4994,Nc1ccc(O)ccc1=O,5841,1,4994
4204,4995,O=Cc1cc2c(cc1Br)OCO2,5840,1,4995
4205,4996,Cc1ccc2c(c1)C(=CCCN(C)C)c1ccccc1S2,16,19,122
4206,4997,CCc1ccc2c(c1)C(=CCCN(C)C)c1ccccc1S2,16,19,122
4207,4998,CC(C)c1ccc2c(c1)C(=CCCN(C)C)c1ccccc1S2,16,19,122
4208,4999,CC(C)Cc1ccc2c(c1)C(=CCCN(C)C)c1ccccc1S2,16,19,122
4209,5000,CC(C)=CCN1C(=O)c2ccccc2C1=O,5839,1,5000
4210,5001,O=C(Nc1cccc(Cl)c1)OCC#CCN1CCCC1,5838,1,5001
4211,5003,C#CCC(C(=O)Nc1c(C)cccc1C)N(CC)CC,5837,1,5003
4212,5004,O=[N+]([O-])c1nc(Cl)[nH]c1Cl,5836,1,5004
4213,5005,Cc1cc([N+](=O)[O-])c(C)c([N+](=O)[O-])c1O,5835,1,5005
4214,5006,COC1=C(C)C(=O)c2c(c(COC(N)=O)c3n2CC2C3N2C)C1=O,5834,1,5006
4215,5007,CN(C)CCn1c2c(c3ccccc31)CCCC2=O,414,5,5007
4216,5008,CCN(CC)CCn1c2c(c3ccccc31)CCCC2=O,414,5,5007
4217,5009,CC(Cc1ccccc1)N1CCN(C2CCCCC2)CC1,116,9,4597
4218,5010,CCCCN1CCN(C(C)Cc2ccccc2)CC1,116,9,4597
4219,5011,CC(Cc1ccccc1)N1CCN(CCO)CC1,116,9,4597
4220,5012,CC(Cc1ccccc1)N1CCN(Cc2ccccc2)CC1,116,9,4597
4221,5013,CC(Cc1ccccc1)N1CCN(CCc2ccccc2)CC1,116,9,4597
4222,5014,CCCCCCCCN1CCN(C(C)Cc2ccccc2)CC1,116,9,4597
4223,5015,CC(Cc1ccccc1)N1CCN(CCC(c2ccccc2)c2ccccc2)CC1,116,9,4597
4224,5016,c1ccc(N2CCN(C3CCCCC3)CC2)cc1,5833,1,5016
4225,5017,CC(C)N1CCN(C(C)C)CC1,5832,1,5017
4226,5018,Cc1ncc(C[n+]2csc(CCOP(=O)(O)O)c2C)c(N)n1,5831,1,5018
4227,5020,CCCCN1C2CN3C4=C(C(=O)C(N)=C(C)C4=O)C(COC(N)=O)C3(OC)C21,79,6,3156
4228,5023,CCOC(=O)C1(c2ccccc2)CCN(CCC(C)=O)CC1,11,21,298
4229,5024,O=C(c1cc(C(=O)N2CC2)cc(C(=O)N2CC2)c1)N1CC1,5830,1,5024
4230,5025,CC(C)C1(C(C)C)OCCS1,5829,1,5025
4231,5026,CN1C2CCC1CC(OC(=O)Cc1cccc(Cl)c1)C2,67,12,1189
4232,5027,CN1C2CCC1CC(OC(=O)Cc1ccc(Cl)cc1)C2,67,12,1189
4233,5028,CN1C2CCC1CC(OC(=O)Cc1cccc([N+](=O)[O-])c1)C2,67,12,1189
4234,5030,C[N+](C)(C)CCCOC(=O)c1ccc(C(=O)OCCC[N+](C)(C)C)cc1,400,5,5030
4235,5031,C[N+](C)(C)CCOC(=O)c1ccc(C(=O)OCC[N+](C)(C)C)cc1,400,5,5030
4236,5032,NC(CC1=CCC=CC1)C(=O)O,5828,1,5032
4237,5033,Clc1nc(Br)[nH]c1Cl,5827,1,5033
4238,5034,CC(=O)c1cccc2c1CCN2,5826,1,5034
4239,5035,CN(C)CCSC(=N)N,5825,1,5035
4240,5036,CCC1COC(=O)N1,5824,1,5036
4241,5037,O=C1CN(/N=C/c2ccc(-c3ccc(F)cc3)o2)C(=O)N1,291,6,4810
4242,5038,O=C1CN(/N=C/c2ccc(-c3cccc(C(F)(F)F)c3)o2)C(=O)N1,5823,1,5038
4243,5040,Nc1c[n+](N2CCOCC2)no1,5822,1,5040
4244,5041,Cc1ccc(C(C)(O)C2CC2)cc1,1842,2,4012
4245,5042,O=C(CNC1CCCC1)c1ccc(O)c(O)c1,1841,2,5042
4246,5043,O=C(CNC1CCCCC1)c1ccc(O)c(O)c1,1841,2,5042
4247,5045,Cc1ccc2c(c1)c1c3n2CCNC3CCC1,5821,1,5045
4248,5046,NC(=O)OCC#CCN1CCCC1,432,5,3108
4249,5047,CCCCCCP(=O)(OCC)OCC,270,6,880
4250,5048,N=C(Nc1ccccc1)SCCN,413,5,1932
4251,5049,CN(C)CCSC1=NCCN1,1834,2,5049
4252,5051,O=S(=O)(CCCl)c1ccc(Cl)cc1,1735,2,5051
4253,5052,CCOC(=O)c1c(C)n(C)c2ccc(O)c(CN(C)C)c12,632,4,5052
4254,5053,CCOC(=O)c1c(C)n(C)c2ccc(O)c(CN(CC)CC)c12,632,4,5052
4255,5054,CCOC(=O)c1c(C)n(-c2ccc(C)cc2)c2ccc(O)c(CN(CC)CC)c12,632,4,5052
4256,5055,CCOC(=O)c1c(C)n(-c2ccc(OC)cc2)c2ccc(O)c(CN(CC)CC)c12,632,4,5052
4257,5056,C=CCS(=O)(=O)c1ccccc1,5820,1,5056
4258,5057,Cc1ccc(C)c(CC#N)c1,5819,1,5057
4259,5058,CN(C)CCC=C1c2ccccc2CS(=O)(=O)c2sccc21,5818,1,5058
4260,5059,O=C(NNc1ccccc1)NP(=O)(NC(=O)NNc1ccccc1)NC(=O)NNc1ccccc1,5817,1,5059
4261,5060,c1ccc(-n2cnnc2)cc1,5816,1,5060
4262,5063,O=C1CCc2c1[nH]c1ccccc21,5815,1,5063
4263,5064,CNC(=O)OCC#CCN1CCCC1,432,5,3108
4264,5065,O=C1NC2(CCCCC2)NC12CCCCC2,5814,1,5065
4265,5066,CNc1nc(NC)nc(N(C)C)n1,1839,2,5066
4266,5067,CNc1nc(NC)nc(N2CCCC2)n1,1840,2,5067
4267,5068,CNc1nc(NC)nc(N2CCOCC2)n1,1840,2,5067
4268,5069,CCNc1nc(NCC)nc(N2CCCCC2)n1,5813,1,5069
4269,5070,CNc1nc(N)nc(N(C)C)n1,1839,2,5066
4270,5071,Nc1nc(N2CCCC2)nc(N2CCCC2)n1,430,5,2694
4271,5072,Nc1nc(N2CCCCC2)nc(N2CCCCC2)n1,430,5,2694
4272,5073,O=S(=O)(Cl)c1ccc(Cl)cc1Cl,5812,1,5073
4273,5074,N=C(N)Cc1ccccc1,5811,1,5074
4274,5075,CCCNC(=N)Cc1ccccc1,5810,1,5075
4275,5077,CC(=O)N=C(c1ccccc1)C1(N2CCCCC2)CCCCC1,5809,1,5077
4276,5078,CCOC(=O)N1CC=Cc2ccccc21,5808,1,5078
4277,5079,CCOCC[N+](C)(C)C,233,6,5079
4278,5080,CC1CN=C(c2ccccc2)C(c2ccccc2)=N1,5807,1,5080
4279,5081,O=C(O)CCCCn1cc(I)c(=O)c(I)c1,254,6,5081
4280,5082,O=C(O)CCCCCn1cc(I)c(=O)c(I)c1,254,6,5081
4281,5083,O=C(O)CCCCCCCn1cc(I)c(=O)c(I)c1,254,6,5081
4282,5084,O=C(O)CCCCCCCCCCn1cc(I)c(=O)c(I)c1,254,6,5081
4283,5085,c1ccc(CNC2CCCCC2)cc1,5806,1,5085
4284,5087,CCCN(CCC)CCc1c[nH]c2ccccc12,159,8,811
4285,5088,CCCCN(CCCC)CCc1c[nH]c2ccccc12,631,1,5088
4286,5089,CCCCOCCOCCOc1ccc2c(c1)OCO2,5805,1,5089
4287,5090,CN(C)CCCN1C(=O)c2cc([N+](=O)[O-])ccc2Oc2ccccc21,5804,1,5090
4288,5091,Cc1c(CC(=O)O)c2ccccc2n1C(=O)c1ccccc1,5803,1,5091
4289,5093,CC(=O)N(C)C(C)C(O)c1ccccc1,5802,1,5093
4290,5094,O=C(O)C1OC(OP(=O)(O)OP(=O)(O)OCC2OC(n3ccc(=O)[nH]c3=O)C(O)C2O)C(O)C(O)C1O,5801,1,5094
4291,5095,CCCCCCCCCCNC(C)=O,318,5,3097
4292,5096,O=C1OC2(c3ccccc31)c1cc(I)c(O)c(I)c1Oc1c2cc(I)c(O)c1I,5800,1,5096
4293,5097,CCOP(=O)(OCC)Oc1ccccc1Cl,5799,1,5097
4294,5099,CC1OC(OC2C(O)CC(OC3CCC4(C)C(CCC5C4CCC4(C)C(C6=CC(=O)OC6)CCC54O)C3)OC2C)CC(O)C1O,199,7,139
4295,5100,CN1C2CCC1CC(Oc1ccccc1)C2,1789,2,5100
4296,5101,CCCCNc1ccc(C(=O)OCCN(CC)CC)cc1,306,2,1553
4297,5102,Cc1cccc(Nc2ccccc2C(=O)O)c1,68,12,218
4298,5103,Cc1ccc(Nc2ccccc2C(=O)O)cc1,68,12,218
4299,5104,CCOc1ccc(C(=S)NCCN(CC)CC)cc1,37,15,5104
4300,5105,CCN(CC)CCNC(=S)c1ccc(OC)cc1,146,3,5105
4301,5106,CCN(CC)CCCNC(=S)c1ccc(OC)cc1,37,15,5104
4302,5107,CCOc1ccc(C(=S)NCCCN(CC)CC)cc1,37,15,5104
4303,5108,CCCCOc1ccc(C(=S)NCCN(CC)CC)cc1,37,15,5104
4304,5109,CCN(CC)CCCNC(=S)c1ccc(OCC(C)C)cc1,37,15,5104
4305,5110,CCN(CC)CCCNC(=S)c1ccc(OCCC(C)C)cc1,37,15,5104
4306,5111,CCCOc1ccc(C(=S)NCCCN(C)C)cc1,37,15,5104
4307,5112,CCN(CC)CCCNC(=S)c1ccc(OC(C)C)cc1,37,15,5104
4308,5113,CCCCOc1ccc(C(=S)NCCCN(C)C)cc1,37,15,5104
4309,5114,CCCOc1ccc(C(=S)NCCN(C)C)cc1,37,15,5104
4310,5115,CC(C)Oc1ccc(C(=S)NCCCN(C)C)cc1,114,5,5115
4311,5116,N#CCc1ccc(Br)cc1,5798,1,5116
4312,5117,COc1ccc2[nH]cc(CCCCN)c2c1,309,6,833
4313,5118,NNC(=O)CP(=O)(c1ccccc1)c1ccccc1,5797,1,5118
4314,5120,CCCCCCCCCCCCCC(=O)OC1C(C)C2(O)C(C=C(CO)CC3(O)C(=O)C(C)=CC32)C2C(C)(C)C12OC(C)=O,5796,1,5120
4315,5121,CC(Cc1ccccc1)NCc1ccc2ccccc2n1,5795,1,5121
4316,5122,c1ccc2cc(CN3CCCCC3)ccc2c1,5794,1,5122
4317,5123,CCCCOc1ccc(C(=S)NCCCN(CC)CC)cc1,37,15,5104
4318,5124,CC(C)CCOc1ccc(C(=S)NCCCN(C)C)cc1,114,5,5115
4319,5125,CC(C)COc1ccc(C(=S)NCCCN(C)C)cc1,114,5,5115
4320,5126,CCn1nnc2ccccc21,5793,1,5126
4321,5127,Cc1ccccc1Nc1ccccc1C(=O)O,1035,2,287
4322,5128,O=C1CC(c2ccccc2)c2ccccc21,5792,1,5128
4323,5129,O=C(C=Cc1ccccc1)N1CCOCC1,5791,1,5129
4324,5130,COc1ccc2[nH]cc(CN(C)C)c2c1,814,3,3307
4325,5131,COc1ccc2cc1Oc1ccc(cc1)CC1c3cc(OC)c(OC)c(c3CCN1C)Oc1c(OC)c(OC)cc3c1C(C2)N(C)CC3,686,4,23
4326,5132,CS(=O)(=O)SC(Cl)=C(Cl)Cl,5790,1,5132
4327,5133,O=S(=O)(c1cccc2c1S2)C(Cl)C(Cl)Cl,5789,1,5133
4328,5134,O=S(=O)(c1ccc(SCl)cc1)C(Cl)C(Cl)(Cl)Cl,5788,1,5134
4329,5135,Cc1ccc(NC(=O)CCl)cc1,217,7,1672
4330,5136,O=Cc1cc([N+](=O)[O-])cc(CCl)c1O,1467,2,5136
4331,5137,C[N+](C)(C)CC(N)=O,5787,1,5137
4332,5138,C=C=CCN(C)Cc1ccccc1,5786,1,5138
4333,5139,C=C=CCN(C)Cc1ccccc1Cl,5785,1,5139
4334,5140,OCCOCCN1CCN(CCOC(c2ccccc2)c2ccc(Cl)cc2)CC1,800,2,5140
4335,5141,C#CCNCc1ccccc1,5784,1,5141
4336,5142,NCC1OC(OC2C(N)CC(N)C(OC3OC(CN)C(O)C(O)C3O)C2O)C(O)C(N)C1O,19,18,182
4337,5143,C#CCOC(N)=O,5783,1,5143
4338,5144,O=C1C=C(C2OC(CO)C(O)C2O)C(=O)N1,5782,1,5144
4339,5145,COC12C=CC3(CC1C(C)(O)C1CCCCC1)C1Cc4ccc(O)c5c4C3(CCN1C)C2O5,1034,3,4605
4340,5154,O=C(O)CNCCNCC(=O)O,630,4,3975
4341,5155,CN1CC(c2ccc(O)cc2)OC1(C)C,5781,1,5155
4342,5156,CC(C)(CO)C(O)C(=O)NCCC(=O)NCCSSCCNC(=O)CCNC(=O)C(O)C(C)(C)CO,5780,1,5156
4343,5157,Cc1ccc(F)cc1NC1=NCCN1,5779,1,5157
4344,5158,Nc1cccc(CC2=NCCN2)c1Cl,5778,1,5158
4345,5159,C[N+]1(c2ccccc2)Cc2ccccc2C1,5777,1,5159
4346,5160,CN(C)C=C(C#N)C#N,5776,1,5160
4347,5161,CC(C)C#CC(O)(C(=O)OC1CCN(C)CC1)c1ccccc1,69,11,5161
4348,5162,CCC(C)(C)OC(=O)NC(Cc1c[nH]c2ccccc12)C(=O)NC(CCSC)C(=O)NC(CC(=O)O)C(=O)NC(Cc1ccccc1)C(N)=O,1838,2,461
4349,5163,c1ccc(CCn2nnc3cnccc32)cc1,5775,1,5163
4350,5164,COc1ccc(CN(CCN(C)C)c2ccccn2)cc1F,412,5,437
4351,5165,CCOc1ccc(CN(CCN(C)C)c2ccccn2)cc1F,412,5,437
4352,5166,CC(C)NCC(=O)c1ccc(O)c(O)c1,1837,2,815
4353,5167,O=C(CN1CCCC1)c1ccc(O)c(O)c1,1791,2,5167
4354,5169,CCCCC(=O)N1C2CN3C4=C(C(=O)C(N)=C(C)C4=O)C(COC(N)=O)C3(OC)C21,79,6,3156
4355,5170,CC=CC(=O)N1C2CN3C4=C(C(=O)C(N)=C(C)C4=O)C(COC(N)=O)C3(OC)C21,79,6,3156
4356,5171,CCCNC1=C(C)C(=O)C2=C(C1=O)C(COC(N)=O)C1(OC)C3NC3CN21,9,22,659
4357,5174,Nc1cc(Cl)c(Cl)cc1S(N)(=O)=O,5774,1,5174
4358,5175,CNc1nc2ccccc2s1,5773,1,5175
4359,5176,O=S1(=O)CC(=CN2CCOCC2)c2ccccc21,5772,1,5176
4360,5177,COC12C(COC(N)=O)C3=C(C(=O)C(C)=C(N)C3=O)N1CC1C2N1C(=O)c1ccccc1Cl,79,6,3156
4361,5178,NCc1c(Cl)c(Cl)c(Cl)c(CN)c1Cl,5771,1,5178
4362,5179,CCC(C)(C)c1nc(C)cc2cc3c(cc12)OCO3,1033,3,5179
4363,5180,CCCCC(C)(C)c1nccc2cc3c(cc12)OCO3,1033,3,5179
4364,5181,Cc1cc2cc3c(cc2c(CC2(C)CCCCC2)n1)OCO3,1836,2,5181
4365,5182,CCN(CC)c1ccc(C=NN2CCCCCC2)cc1,5770,1,5182
4366,5183,Oc1ccccc1C=NN1CCCCCC1,5769,1,5183
4367,5184,C(=NN1CCCCCC1)c1cccs1,5768,1,5184
4368,5185,Cc1cc2cc3c(cc2c(CC2(C)CCCC2)n1)OCO3,1836,2,5181
4369,5186,CN1CC2CCCC(C1)N2CCOC(=O)CCCCC(=O)OCCN1C2CCCC1CN(C)C2,619,4,5186
4370,5187,CCN(CC)CC(=O)Nc1c(C)cc(Oc2ccccc2)cc1C,290,6,5187
4371,5188,Cc1cc(Oc2ccccc2)cc(C)c1NC(=O)CN1CCCCC1,147,8,5188
4372,5189,CCCN(CCC)CC(=O)Nc1c(C)cc(Oc2ccccc2)cc1C,629,1,5189
4373,5190,Cc1cc(Oc2ccccc2)cc(C)c1NC(=O)CN1CCOCC1,411,1,5190
4374,5191,Cc1cc(Oc2ccccc2)cc(C)c1NC(=O)CN1CCCC1,147,8,5188
4375,5192,CCN(CC)CC(=O)Nc1c(C)cc(OCc2ccccc2)cc1C,290,6,5187
4376,5193,CCCCN(CCCC)CC(=O)Nc1c(C)cc(OCc2ccccc2)cc1C,290,6,5187
4377,5194,CCCN(CCC)CC(=O)Nc1c(C)cc(OCc2ccccc2)cc1C,290,6,5187
4378,5195,Cc1cc(OCc2ccccc2)cc(C)c1NC(=O)CN1CCOCC1,147,8,5188
4379,5196,Cc1cc(OCc2ccccc2)cc(C)c1NC(=O)CN1CCCC1,147,8,5188
4380,5197,Cc1cc(OCCc2ccccc2)cc(C)c1NC(=O)CN1CCCCC1,147,8,5188
4381,5198,Cc1cc(OCCc2ccccc2)cc(C)c1NC(=O)CN1CCCC1,147,8,5188
4382,5199,C=CCNC(=S)Nc1cc(Cl)ccc1Cl,1039,3,4745
4383,5200,CCCCCCCC(=O)NCC(C(C)C)N(O)N=O,5767,1,5200
4384,5201,Oc1cccc(NC(=S)Nc2ccccc2)c1,5766,1,5201
4385,5202,CCN(CC)CCNc1c2ccccc2nc2cccc([N+](=O)[O-])c12,214,7,3882
4386,5203,CCN(CC)CCCNc1c2ccccc2nc2cccc([N+](=O)[O-])c12,214,7,3882
4387,5204,CC(=O)NNC(=O)Nc1ccc(Cl)cc1,5765,1,5204
4388,5205,CNC1CCC2(C)C(=CCC3C2CCC2(CO)C(C(C)O)CCC32)C1,5764,1,5205
4389,5206,CCCCCCCC[N+](CC)(CC)CCOC(=O)C(C1CCCC1)C1CCCC1,1835,2,2433
4390,5207,CC[N+](CC)(CC)CCOC(=O)CC[N+](CC)(CC)CCC(=O)OCC[N+](CC)(CC)CC,5763,1,5207
4391,5208,CC[N+](C)(CC)CCOC(=O)CC[N+](C)(CC)CCC(=O)OCC[N+](C)(CC)CC,399,5,5208
4392,5209,CCCCCCCCCCCCCCN(CC)C(C)(CO)CO,5762,1,5209
4393,5211,CCCCC(C)(C)c1nc(C)cc2cc3c(cc12)OCO3,1033,3,5179
4394,5212,Cc1cc2cc3c(cc2c(CC(C)(C)C)n1)OCO3,5761,1,5212
4395,5213,C[N+](C)(C)CC#CCOc1cccc(OCC#CC[N+](C)(C)C)c1,1032,1,5213
4396,5214,C#CCOP(=O)(OCC)OCC,5760,1,5214
4397,5215,C[N+](C)(C)CC#CCOc1ccccc1OCC#CC[N+](C)(C)C,410,3,5215
4398,5216,CC[N+](C)(CC)CC#CCOc1ccccc1OCC#CC[N+](C)(CC)CC,289,6,5216
4399,5217,CC[N+](CC)(CC)CC#CCOc1ccccc1OCC#CC[N+](CC)(CC)CC,410,3,5215
4400,5218,CC[N+](C)(C)CC#CCOc1ccccc1OCC#CC[N+](C)(C)CC,410,3,5215
4401,5219,CC[N+](C)(CC)CC#CCOc1cccc(OCC#CC[N+](C)(CC)CC)c1,289,6,5216
4402,5220,C[N+](C)(C)CC#CCOc1ccc(OCC#CC[N+](C)(C)C)cc1,289,6,5216
4403,5221,CC[N+](C)(C)CC#CCOc1ccc(OCC#CC[N+](C)(C)CC)cc1,289,6,5216
4404,5222,CC[N+](C)(CC)CC#CCOc1ccc(OCC#CC[N+](C)(CC)CC)cc1,289,6,5216
4405,5223,CC[N+](CC)(CC)CC#CCOc1ccc(OCC#CC[N+](CC)(CC)CC)cc1,289,6,5216
4406,5224,CCN(CC)CCSC(=N)N,5759,1,5224
4407,5225,CCN(CC)CCSC(=N)Nc1ccccc1,624,2,5225
4408,5226,CCN(CC)CCSC1=NCCN1,1834,2,5049
4409,5227,BrC(CNCc1ccccc1)c1ccccc1,5758,1,5227
4410,5228,Cc1ccc(OCC(O)CO)cc1,5757,1,5228
4411,5229,CCN(CC)CCn1cnc2c1c(=O)n(C)c(=O)n2C,628,3,1522
4412,5230,CC1(N)COC(c2ccc(Cl)cc2)OC1,1031,3,5230
4413,5232,CN1CCC23c4c5ccc(OCCN6CCOCC6)c4OC2C(O)CCC3C1C5,1030,1,5232
4414,5234,CC1(N)COC(c2ccc(Cl)c(Cl)c2)OC1,1031,3,5230
4415,5235,CC[N+](CC)(CCN1CCN(CC[N+](CC)(CC)Cc2ccccc2)CC1)Cc1ccccc1,1275,2,5235
4416,5236,CCCN(CCC)CC(=O)Nc1c(C)cc(OCCc2ccccc2)cc1C,290,6,5187
4417,5237,Cn1cnc2c1c(=O)[nH]c(=O)n2C,5756,1,5237
4418,5239,CC(=O)COc1ccc(Cl)cc1Cl,5755,1,5239
4419,5240,N#CCCN(CCO)CCO,5754,1,5240
4420,5241,N=C(N)NCC(O)c1ccc2c(c1)OCO2,5753,1,5241
4421,5242,N=C(N)NCCc1ccc2c(c1)OCO2,1029,3,5242
4422,5243,N=C(N)NCc1ccc2c(c1)OCO2,1029,3,5242
4423,5244,N=C(N)NCCc1cc2c(cc1Br)OCO2,5752,1,5244
4424,5245,CCOc1ccc(C=C(C#N)C#N)cc1OC,5751,1,5245
4425,5246,O=C(CCCN1CCC(O)(c2ccc(Cl)c(C(F)(F)F)c2)CC1)c1ccc(F)cc1,221,7,406
4426,5248,CN(C)N(P(c1ccccc1)c1ccccc1)P(c1ccccc1)c1ccccc1,5750,1,5248
4427,5249,N#CC(C#N)=Cc1cccc(C=C(C#N)C#N)c1,1662,2,5249
4428,5250,CNCC12CCC(c3ccccc31)c1ccccc12,1833,2,702
4429,5251,CN(C)C(=O)CC[N+](C)(C)C,1774,2,5251
4430,5253,CC(Oc1ccccc1)C(=O)O,1832,2,3558
4431,5254,O=C(O)c1cc(I)cc(I)c1I,5749,1,5254
4432,5255,C#CCSCCCC,5748,1,5255
4433,5256,COc1ccc2[nH]cc(CCCN)c2c1,309,6,833
4434,5257,CNc1c2c(nn1C)CCCC2,5747,1,5257
4435,5258,CCN(CC)CC(=O)Nc1ccc(C)cc1C,1062,2,3793
4436,5259,OCCN1CCN(CCCN2c3ccccc3Sc3cccnc32)CC1,1831,1,5259
4437,5260,CCOC(=O)c1cc(Cl)c(O)c(Cl)c1,5746,1,5260
4438,5261,O=C1C=CCC(C=Cc2ccccc2)O1,5745,1,5261
4439,5262,Cc1c([N+](=O)[O-])cc(C(C)(C)C)c(OC(=O)CCl)c1[N+](=O)[O-],5744,1,5262
4440,5263,c1ccc(CNCCNCCNCc2ccccc2)cc1,1650,2,5263
4441,5264,O=C(O)c1ccc(Nc2ccccc2C(=O)O)cc1,68,12,218
4442,5265,CN1CCSC1=N,5743,1,5265
4443,5266,CN(C)CCSSCCN(C)C,5742,1,5266
4444,5267,Cc1cc(C)c(OCC[N+](C)(C)C)c(C)c1,1830,2,1789
4445,5268,CN(C)C=Nc1ccncc1,5741,1,5268
4446,5269,S=c1[nH]c2cc(-c3ccccc3)ccc2o1,5740,1,5269
4447,5270,CN(C)CCCN1CCc2ccccc2CC1,5739,1,5270
4448,5271,N#Cc1ccc2[nH]cc(C=O)c2c1,5738,1,5271
4449,5272,CC(=O)c1c[nH]c2ccc(C#N)cc12,1028,3,5272
4450,5273,CC(C)C(=O)c1c[nH]c2ccc(C#N)cc12,1829,1,5273
4451,5274,N#Cc1ccc2[nH]cc(C(=O)c3ccccc3)c2c1,1028,3,5272
4452,5275,N#Cc1ccc2[nH]cc(C(=O)Cc3ccccc3)c2c1,1028,3,5272
4453,5276,N#Cc1ccc2[nH]cc(C(O)Cc3ccccc3)c2c1,5737,1,5276
4454,5277,N#Cc1ccc2[nH]cc(Cc3ccccc3)c2c1,5736,1,5277
4455,5278,CN(C)CCc1c[nH]c2ccc(C#N)cc12,205,7,1459
4456,5279,NCC1(c2ccccc2)CCCCC1,1826,2,5279
4457,5281,CC1CCC2(NC1)OC1CC3C4CCC5CC(OC6OC(CO)C(OC7OC(CO)C(O)C(OC8OCC(O)C(O)C8O)C7OC7OC(CO)C(O)C(O)C7O)C(O)C6O)CCC5(C)C4CCC3(C)C1C2C,5735,1,5281
4458,5282,O=C(NCCNC(=O)C(Cl)(Cl)Cl)C(Cl)(Cl)Cl,5734,1,5282
4459,5284,CC(=O)Oc1cccc([N+](C)(C)C)c1,132,8,5284
4460,5285,COc1cc2c3c(c1O)C(=O)CCC3N(C)CC2,1670,2,5285
4461,5286,CC(=O)NNC(=O)c1ccccn1,5733,1,5286
4462,5287,CC(=O)SCc1cnc(C)c(O)c1CN,627,2,5287
4463,5288,CCOC(=O)C(=Cc1ccco1)C(=O)OCC,5732,1,5288
4464,5289,C1COCCOCCOCCOCCOCCO1,1828,2,859
4465,5290,N=C(N)NCc1ccc2c(c1)OCCO2,1029,3,5242
4466,5291,O=Cc1c(Cl)nc2ccccn2c1=O,5731,1,5291
4467,5292,O=S(=O)(CCCc1ccccc1)c1ccccc1,5730,1,5292
4468,5293,NC(=O)SCCCCl,5729,1,5293
4469,5294,CN(C)CCN1C(=O)CC2(CCCc3ccc(Cl)cc32)C1=O,409,4,5294
4470,5295,COc1ccc2c(c1)CCCC21CC(=O)N(CCN(C)C)C1=O,288,5,5295
4471,5296,CCN(CC)CCCN1C(=O)CC2(CCCc3cc(OC)ccc32)C1=O,288,5,5295
4472,5297,CCN(CC)CCCN1C(=O)CC2(CCCc3ccc(OC(C)C)cc32)C1=O,288,5,5295
4473,5298,Cc1ccc2c(c1)C1(CCC2)CC(=O)N(CCCN(C)C)C1=O,409,4,5294
4474,5299,CN(C)CCCCN1C(=O)CC2(CCCc3ccc(O)cc32)C1=O,409,4,5294
4475,5300,CCN(CC)CCCCN1C(=O)CC2(CCCc3ccc(O)cc32)C1=O,409,4,5294
4476,5301,COc1ccc2c(c1)C1(CCC2)CC(=O)N(CCCCN(C)C)C1=O,288,5,5295
4477,5302,CN(CCO)CCN1C(=O)CC2(CCCc3ccccc32)C1=O,1827,1,5302
4478,5303,O=C(NCCCl)NNC(=O)c1ccccc1,5728,1,5303
4479,5304,NCC1(c2ccccc2)CCCC1,1826,2,5279
4480,5305,CCN(CC)CCCN1C(=O)CC2(CCCc3ccc(C)cc32)C1=O,288,5,5295
4481,5306,CN1CCCC1=Nc1ccc([N+](=O)[O-])cc1,5727,1,5306
4482,5307,CN(C)CCCC1=C2C=CC=CC2C2CCCC1C2,1825,2,5307
4483,5308,CN(C)CCCC1=C2C=C(Cl)C=CC2C2CCCC1C2,1825,2,5307
4484,5309,S=C(NCCN1CCNCC1)C(=S)NCCN1CCNCC1,5726,1,5309
4485,5315,CC(=O)OC1CC(OC2C(O)CC(OC3C(O)CC(OC4CCC5(C)C(CCC6C5CCC5(C)C(C7=CC(=O)OC7)CCC65O)C4)OC3C)OC2C)OC(C)C1OC1OC(CO)C(O)C(O)C1O,287,1,5315
4486,5316,CC(=O)OC1CC(OC2C(O)CC(OC3C(O)CC(OC4CCC5(C)C(CCC6C5CC(O)C5(C)C(C7=CC(=O)OC7)CCC65O)C4)OC3C)OC2C)OC(C)C1OC1OC(CO)C(O)C(O)C1O,199,7,139
4487,5317,C=CCN(CC(N)=O)c1ccccc1,5725,1,5317
4488,5318,CC[N+](C)(CC)c1cccc(OC(C)=O)c1,1027,1,5318
4489,5319,Nc1con[n+]1CCOc1ccccc1,5724,1,5319
4490,5322,Nn1c(Cc2ccccc2)nnc1Cc1ccccc1,5723,1,5322
4491,5323,O=P(C1CCCC1)(C1CCCC1)C1CCCC1,5722,1,5323
4492,5325,CC1OC(OC2CCC3(C)C(CCC4C3CC(O)C3(C)C(C5=CC(=O)OC5)CCC43O)C2)CC(O)C1OC1CC(O)C(OC2CC(O)C(OC3OC(CO)C(O)C(O)C3O)C(C)O2)C(C)O1,199,7,139
4493,5327,CCN(CC)CCNC(=O)c1cc2n(c1C(=O)O)CCc1cc(OC)c(OC)cc1-2,408,5,5327
4494,5340,SCc1cccnc1,5721,1,5340
4495,5341,CCN(CC)CCN1C(=O)CN=C(c2ccccc2F)c2cc(Cl)ccc21,5720,1,5341
4496,5342,CCCCP(=O)(CCCC)C1CCCC1,542,4,5342
4497,5343,CCCCCP(=O)(CCCCC)C1CCCC1,542,4,5342
4498,5344,O=C(Nc1cc(Cl)cc(Cl)c1)C(Cl)Cl,5719,1,5344
4499,5345,O=C(CI)Nc1cccc(Cl)c1,1512,2,5345
4500,5346,O=C(CI)Nc1ccc(Br)cc1,1824,1,5346
4501,5347,O=C(CI)Nc1cccc(Br)c1,5718,1,5347
4502,5348,COc1cccc(NC(=O)CCl)c1,133,3,5348
4503,5349,COc1cccc(NC(=O)CI)c1,133,3,5348
4504,5350,O=C(CCl)Nc1ccc(OC(=O)CCl)cc1,217,7,1672
4505,5351,CCOc1cccc(NC(=O)CCl)c1,626,2,5351
4506,5352,CCOc1ccc(NC(=O)CI)cc1,622,2,5352
4507,5353,CCOc1cccc(NC(=O)CI)c1,626,2,5351
4508,5354,CC(C)C1OCCS1,5717,1,5354
4509,5355,CC(=O)NNC(=O)Nc1cccc2ccccc12,5716,1,5355
4510,5356,CC1OC(n2ccc(NC(=O)c3ccc(NC(=O)C(C)(N)CO)cc3)nc2=O)CCC1OC1OC(C)C(N(C)C)C(O)C1O,1026,3,5356
4511,5357,O=C(OC1CN2CCC1CC2)N(c1ccccc1)c1ccccc1,5715,1,5357
4512,5358,Cn1c(=O)c2ccccc2n(CC#CCN2CCCCC2)c1=O,5714,1,5358
4513,5359,CCN(CC)CC#CCn1c(=O)n(-c2ccccc2)c(=O)c2ccccc21,5713,1,5359
4514,5360,CN(C)CC#CCn1c(=O)n(C)c(=O)c2ccccc21,1823,2,5360
4515,5361,CN(C)CC#CCn1c(=O)c2ccccc2n(C)c1=O,1823,2,5360
4516,5362,CC(=O)NC(CCc1ccc(N)cc1)c1ccc(N)cc1,5712,1,5362
4517,5363,Cc1cc(OCCc2ccccc2)cc(C)c1NC(=O)CN1CCOCC1,147,8,5188
4518,5364,CCCCN(CCCC)CCN(CCCC)CCN(CCCC)CCCC,437,5,1036
4519,5368,CCCC(=O)N1CCN(CC=Cc2ccccc2)CC1,5711,1,5368
4520,5369,O=C(c1ccc(Cl)cc1)c1ccc2c(c1)sc1ccccc12,5710,1,5369
4521,5370,O=C(c1cccc(C(F)(F)F)c1)c1ccc2sc3ccccc3c2c1,5709,1,5370
4522,5371,CCN(CC)CC(=O)Nc1c(Cl)cccc1Cl,249,6,5371
4523,5372,Cc1cc(C)c(OCC(O)CNC(C)C)cc1C,1795,2,5372
4524,5373,CNC(=O)Nc1ccc(Cl)cn1,5708,1,5373
4525,5374,C#CCN(C)CCCOc1ccc(Cl)cc1Cl,5707,1,5374
4526,5375,CC(C)C(=O)Nc1cccc(OC(=O)NC(C)(C)C)c1,63,12,3316
4527,5376,CC=CC(=O)Nc1cccc(OC(=O)NC)c1,407,2,5376
4528,5377,CCCC(C)C(=O)Nc1cccc(OC(=O)NC(C)C)c1,405,3,5377
4529,5378,CCCC(C)C(=O)Nc1cccc(OC(=O)NC(C)(C)C)c1,406,2,5378
4530,5379,CCC(=O)Nc1cccc(OC(=O)NC(C)(C)C)c1,63,12,3316
4531,5380,CCC(=O)Nc1cccc(OC(=O)NCC(C)C)c1,216,7,3314
4532,5381,CC=CC(=O)Nc1cccc(OC(=O)NC(C)C)c1,405,3,5377
4533,5382,CCCC(Cl)C(=O)Nc1cccc(OC(=O)NC)c1,5706,1,5382
4534,5383,CCCC(C)(C)C(=O)Nc1cccc(OC(=O)NC(C)C)c1,1822,1,5383
4535,5384,CCCC(C)(C)C(=O)Nc1cccc(OC(=O)NC(C)(C)C)c1,63,12,3316
4536,5385,CCCCCC(=O)Nc1cccc(OC(=O)NC)c1C,5705,1,5385
4537,5386,CCC(C)(C)C(=O)Nc1cccc(OC(=O)NC)c1,1821,2,5386
4538,5387,CNC(=O)Oc1cccc(NC(=O)C=C(C)C)c1,407,2,5376
4539,5388,CCCC(C)(Cl)C(=O)Nc1cccc(OC(=O)NC)c1,1821,2,5386
4540,5389,CCCC(C)C(=O)Nc1cccc(OC(=O)NC(C)CC)c1,406,2,5378
4541,5390,COc1cc2c(cc1Cl)N(CCCN(C)C)c1ccccc1S2,26,17,272
4542,5391,CCCC(=O)Nc1cccc(OC(=O)NC)c1,359,3,5391
4543,5392,CCCCC(=O)Nc1cccc(OC(=O)NC)c1,1820,1,5392
4544,5393,Cc1cccc(Cl)c1NC(=O)OCC1CCCN1C,625,1,5393
4545,5394,Cc1cccc(C)c1NC(=O)OCC1CCCN1C,78,8,5394
4546,5395,CC(C)NC(=O)Oc1cccc(NC(=O)C(C)C)c1,405,3,5377
4547,5396,CC=CC(=O)Nc1cccc(OC(=O)NC(C)(C)C)c1,63,12,3316
4548,5398,COc1ccc2c(=O)c3ccccc3oc2c1CN1CCCCC1,5704,1,5398
4549,5401,OC1c2ccccc2CCc2ncccc21,5703,1,5401
4550,5403,OC(CN1CC1)c1ccccc1,1819,1,5403
4551,5404,Cc1ccc(C(O)C(Cl)(Cl)Cl)cc1,5702,1,5404
4552,5405,O=C1NCCc2c1[nH]c1ccc(Cl)cc21,5701,1,5405
4553,5407,Cc1nc(-c2ccc(Cl)cc2)sc1CC(=O)O,1025,3,159
4554,5408,N#Cc1c(N)sc(N)c1C#N,5700,1,5408
4555,5409,CCCCOP(C)(=S)Cl,5699,1,5409
4556,5411,COc1ccc2c(c1)C13CCCCC1C(C2=O)N(C)CC3,5698,1,5411
4557,5412,CCN(CC)CCNC(=S)c1ccc(OC(C)C)cc1,146,3,5105
4558,5413,CCCOc1ccc(C(=S)NCCN(CC)CC)cc1,37,15,5104
4559,5414,CCCOc1ccc(C(=S)NCCCN(CC)CC)cc1,37,15,5104
4560,5415,CN(C)CCON=c1c2ccccc2ccc2ccccc12,1818,1,5415
4561,5416,CNCCON=c1c2ccccc2ccc2ccccc12,5697,1,5416
4562,5417,CCC1(C)CC(=O)C(C)(CC)O1,5696,1,5417
4563,5418,CCOC(CN=Cc1cc(C)c2[nH]c3ccccc3c2c1C)OCC,5695,1,5418
4564,5419,CN(C)CCC#N,5694,1,5419
4565,5420,[O-][n+]1cc[n+]([O-])c(C[n+]2ccccc2)c1,5693,1,5420
4566,5421,Nc1nc(N)nc(-c2cnccn2)n1,5692,1,5421
4567,5422,C[N+](C)(C)CCSC(=N)N,5691,1,5422
4568,5423,C[N+](C)(C)CCSC1=NCCN1,1685,2,5423
4569,5424,C[N+](C)(C)CCSc1nc2ccccc2[nH]1,741,3,5424
4570,5425,CN(C)CCSC(=N)Nc1ccccc1,624,2,5225
4571,5426,CN=C(NC)SCCN(C)C,1817,2,5426
4572,5427,CCN(CC)CCSC(=NC)NC,1817,2,5426
4573,5428,CCN=C(NCC)SCCN(CC)CC,1816,2,2254
4574,5429,O=P(N1CCCCCC1)(N1CC1)N1CC1,1024,3,1602
4575,5430,C#CCN(CC#C)c1ccccc1,5690,1,5430
4576,5431,NC(=O)N/N=C/Cn1ccc(=O)n(C/C=N/NC(N)=O)c1=O,5689,1,5431
4577,5432,O=C1OC(CCN2CCCCC2)OC1(c1ccccc1)c1ccccc1,5688,1,5432
4578,5433,CCCCOP(=O)(NC(=O)C(Cl)(Cl)Cl)OCCCC,5687,1,5433
4579,5434,Cn1ncc2c(=O)nn[nH]c21,5686,1,5434
4580,5436,CCOC(=O)c1c(CCN(C)C)n(C)c2ccc(OC)cc12,5685,1,5436
4581,5437,CCOC(=O)c1c(C)n(CCN(CC)CC)c2ccc(OC)cc12,404,5,5437
4582,5438,CCN(CC)CCOC(=O)c1c(C)n(-c2ccccc2)c2ccc(OC)cc12,404,5,5437
4583,5439,CCN(CC)CCOC(=O)c1c(C)n(-c2ccc(C)cc2)c2ccc(OC)cc12,404,5,5437
4584,5440,CCOC(=O)c1c(C)n(C)c2ccc(OCCN(CC)CC)cc12,404,5,5437
4585,5441,CCOC(=O)c1c(C)n(C)c2ccc(OCCN(C)C)cc12,1815,1,5441
4586,5442,CCOC(=O)c1c(C)n(-c2ccccc2C)c2ccc(OCCN(CC)CC)cc12,1814,1,5442
4587,5443,CCN(CC)CCOc1ccc2c(c1)c(C(C)=O)c(C)n2-c1ccc(C)cc1,1813,1,5443
4588,5444,NCCCc1c[nH]c2ccccc12,445,5,1330
4589,5445,NCCCCc1c[nH]c2ccccc12,445,5,1330
4590,5447,CCOC(=O)C(C#N)=C(C)c1ccccc1,5684,1,5447
4591,5448,CC1CCC(=NO)C(=NO)C1,5683,1,5448
4592,5449,O=C(CI)N1CC2CCC(CC2)C1,5682,1,5449
4593,5450,CCCCCNC(=O)Sc1ccccc1,5681,1,5450
4594,5451,Cc1cc(OCc2ccccc2)cc(C)c1NC(=O)CN1CCCCC1,147,8,5188
4595,5452,C#CCN(C)C(C)=O,5680,1,5452
4596,5453,COC12C(COC(N)=O)C3=C(C(=O)C(C)=C(N)C3=O)N1CC1C2N1C(=O)CCl,9,22,659
4597,5454,NNC(=O)Nc1ccc([N+](=O)[O-])cc1[N+](=O)[O-],869,3,2017
4598,5455,Cc1cc(Cl)c(C)c(C(=O)O)c1C,5679,1,5455
4599,5456,CC(N)CSCc1ccccc1,5678,1,5456
4600,5458,CCCC(=O)OC1C(C)OC(OC2C(C)OC(OC3C(CC=O)CC(C)C(O)C=CC=CCC(C)OC(=O)CC(OC(C)=O)C3OC)C(O)C2N(C)C)CC1(C)O,195,7,5458
4601,5460,CCC(=O)OC1C(C)OC(OC2C(C)OC(OC3C(CC=O)CC(C)C(O)C=CC=CCC(C)OC(=O)CC(OC(C)=O)C3OC)C(O)C2N(C)C)CC1(C)O,195,7,5458
4602,5461,COC1C(O)CC(=O)OC(C)CC=CC=CC(O)C(C)CC(CC=O)C1OC1OC(C)C(OC2CC(C)(O)C(OC(C)=O)C(C)O2)C(N(C)C)C1O,195,7,5458
4603,5462,COC1C(OC(C)=O)CC(=O)OC(C)CC=CC=CC(O)C(C)CC(CC=O)C1OC1OC(C)C(OC2CC(C)(O)C(OC(C)=O)C(C)O2)C(N(C)C)C1O,195,7,5458
4604,5463,CCCCCCCCCCSCCCSCCCCCCCCCC,121,8,4174
4605,5464,CSC(=O)Cl,5677,1,5464
4606,5466,CCN(CC)CCOC(=O)c1c(C)n(C)c2ccc(OC)cc12,404,5,5437
4607,5467,CC1OC(OC2CCC3(C)C(CCC4C3CCC3(C)C(C5=CC(=O)OC5)CCC43O)C2)CC(O)C1O,199,7,139
4608,5468,NC(=O)c1cn(C2OC(CO)C(O)C2O)c2ncnc(N)c12,1812,2,1706
4609,5469,Nc1c[n+](CC(c2ccccc2)c2ccccc2)no1,5676,1,5469
4610,5472,CN(C)c1ccc(C=C2c3ccccc3-c3ccc([N+](=O)[O-])cc32)cc1,5675,1,5472
4611,5473,CSc1ccccn1,5674,1,5473
4612,5474,N=C1CN(CCc2ccccc2)NO1,5673,1,5474
4613,5475,CCCCCCP(=O)(CCCCCC)C1CCCCC1,542,4,5342
4614,5476,CCCCCCCCCCC1CC(=O)OC1=O,5672,1,5476
4615,5477,O=C1OC2(c3cc(Br)c(O)c(Br)c3Oc3c2cc(Br)c(O)c3Br)c2c(Cl)c(Cl)c(Cl)c(Cl)c21,5671,1,5477
4616,5478,Cc1cccc(C)c1C(OCCN(C)C)c1c(C)cccc1C,1811,2,2693
4617,5481,CC(=O)N(O)c1ccc(C=Cc2ccccc2)cc1,5670,1,5481
4618,5482,NC(=O)C(O)c1ccc(Cl)cc1,5669,1,5482
4619,5483,NCc1ccc([N+](=O)[O-])cc1,5668,1,5483
4620,5484,CCN(CC)CCOc1ccc(C(N)=O)cn1,1449,2,5484
4621,5485,CCOC(=O)c1c(C)cc(OCCN(CC)CC)nc1C,5667,1,5485
4622,5486,CCN(CC)CCSc1nc2ccccc2c(=O)n1-c1ccccc1,971,3,5486
4623,5487,COc1ccc2c(c1)c1c(n2CCN(C)C)C(=O)CCC1,1810,1,5487
4624,5488,CCN(CC)CCn1c2c(c3cc(C)ccc31)CCCC2=O,414,5,5007
4625,5489,CCN(CC)CCn1c2c(c3cc(Cl)ccc31)CCCC2=O,414,5,5007
4626,5490,CN(C)CCCn1c2c(c3ccccc31)CCCC2=O,414,5,5007
4627,5491,Cc1ccc2c(c1)c1c(n2CCCN(C)C)C(=O)CCC1,1023,1,5491
4628,5492,CCN(CC)CCOC(=O)c1ccc2c(c1)c1c(n2C)C(=O)CCC1,1809,2,5492
4629,5493,CCN(CC)CCCOC(=O)c1ccc2c(c1)c1c(n2C)C(=O)CCC1,1809,2,5492
4630,5494,CC(=C(CCO)SSC(CCO)=C(C)N(C=O)Cc1cnc(C)nc1N)N(C=O)Cc1cnc(C)nc1N,207,7,799
4631,5495,CN(C)CCc1csc2ccccc12,5666,1,5495
4632,5496,COc1cccc(CC(=O)OC2CC3CCC(C2)N3C)c1,67,12,1189
4633,5497,C/C(CCCCCCCC/C(C)=N/NC(N)=S)=N/NC(N)=S,5665,1,5497
4634,5500,C[N+](C)(CCCCCCCCCC[N+](C)(C)CCNP(=O)(Oc1ccccc1)Oc1ccccc1)CCNP(=O)(Oc1ccccc1)Oc1ccccc1,206,7,5500
4635,5501,C[N+](C)(CCCCCC[N+](C)(C)CCNP(=O)(Oc1ccccc1)Oc1ccccc1)CCNP(=O)(Oc1ccccc1)Oc1ccccc1,206,7,5500
4636,5502,C[N+](C)(CCCCCCCC[N+](C)(C)CCNP(=O)(Oc1ccccc1)Oc1ccccc1)CCNP(=O)(Oc1ccccc1)Oc1ccccc1,206,7,5500
4637,5503,CCOc1cc(N)ccc1C(=O)OCCN(CC)CC,7,23,94
4638,5504,C#CCOP(=O)(OCCCC)OCCCC,5664,1,5504
4639,5505,COc1cc(C)nc(-n2nc(C)cc2OC)n1,5663,1,5505
4640,5506,CC(=O)Oc1ccc2c(c1OC(C)=O)-c1cccc3c1C(C2)N(C)CC3,623,4,5506
4641,5507,O=C(O)CNCC(=O)O,630,4,3975
4642,5508,CCOC(=O)C1(c2ccccc2)CCN(CCOC2CCCCC2)CC1,1022,1,5508
4643,5509,O=c1c2ccccc2[nH]c(=S)n1-c1ccccc1,5662,1,5509
4644,5510,C=C(Cl)/C=N/Nc1ccc([N+](=O)[O-])cc1[N+](=O)[O-],5661,1,5510
4645,5511,CCCC[N+](C)(C)CCCCCC[N+](C)(C)CCCC,1021,3,4443
4646,5512,CCCCCCCCc1ccc(C(=O)CCN2CCCCC2)cc1,40,14,152
4647,5513,Cc1c2oc3c(C)ccc(C(=O)NC4C(=O)NC(C(C)C)C(=O)N5CCCC5C(=O)N(C)CC(=O)N(C)C(C(C)C)C(=O)OC4C)c3nc-2c(C(=O)NC2C(=O)NC(C(C)C)C(=O)N3CC(=O)CC3C(=O)N(C)CC(=O)N(C)C(C(C)C)C(=O)OC2C)c(N)c1=O,5660,1,5513
4648,5515,Nc1cc(C(CC(=O)O)CC(=O)O)c(I)cc1I,5659,1,5515
4649,5516,Nc1c(I)cc(I)c(C(CC(=O)O)CC(=O)O)c1I,5658,1,5516
4650,5517,CC(=O)Nc1c(I)cc(I)c(C(CC(=O)O)CC(=O)O)c1I,1808,1,5517
4651,5518,O=C(O)c1ccccc1Nc1cc(C(F)(F)F)ccc1C(=O)O,1807,2,394
4652,5519,CC(C)NCC(O)COc1ccc(-c2ccccc2)cc1,1806,1,5519
4653,5522,N#CCCN=C=S,5657,1,5522
4654,5523,S=C=NCc1ccc(Cl)c(Cl)c1,5656,1,5523
4655,5524,S=C=NCc1ccccc1Cl,5655,1,5524
4656,5525,S=C(S)NNc1ccccc1,5654,1,5525
4657,5526,CN(C)CCCCCNc1c2ccccc2nc2cccc([N+](=O)[O-])c12,214,7,3882
4658,5527,CCC[N+](C)(C)C,5653,1,5527
4659,5528,Nc1c(I)cc(I)c(CN(CC(=O)O)CC(=O)O)c1I,5652,1,5528
4660,5529,CC(O)c1nc2ccccc2[nH]1,5651,1,5529
4661,5530,C(=Cc1ccco1)c1ccccn1,5650,1,5530
4662,5531,Cc1ccc(N2CCN(C)CC2)c2c(=O)c3ccccc3sc12,5649,1,5531
4663,5533,CCOC(=O)CC[N+](C)(C)C,399,5,5208
4664,5535,O=C(O)c1cc(I)cc(I)c1,5648,1,5535
4665,5536,COc1c(I)cc(I)cc1C(=O)O,5647,1,5536
4666,5537,ClCC(I)=C(I)CCl,1805,2,5537
4667,5538,OCC(I)=C(I)CCl,1805,2,5537
4668,5539,CCN1C(=O)CC2(CCN(C)CC2)C1=O,5646,1,5539
4669,5540,CCCCC[N+](C)(C)C,17,18,738
4670,5541,CCCOP(=O)(NCC[N+](C)(C)C)NCC[N+](C)(C)C,5645,1,5541
4671,5542,C[N+](C)(CCCNP(=O)(NCCC[N+](C)(C)Cc1ccccc1)Oc1ccccc1)Cc1ccccc1,403,5,5542
4672,5543,CC[N+](CC)(CCCNP(=O)(NCCC[N+](CC)(CC)Cc1ccccc1)Oc1ccc(C)cc1)Cc1ccccc1,403,5,5542
4673,5544,CC[N+](CC)(CCCNP(=O)(NCCC[N+](CC)(CC)Cc1ccccc1)Oc1ccccc1)Cc1ccccc1,403,5,5542
4674,5545,CC[N+](CC)(CCCNP(=O)(NCCC[N+](CC)(CC)Cc1ccccc1)Oc1ccc([N+](=O)[O-])cc1)Cc1ccccc1,403,5,5542
4675,5546,C[N+](C)(Cc1ccccc1)C1(Cc2ccccc2)CCCCC1,1010,3,5546
4676,5547,C[N+](C)(C)CCC(N)=O,934,3,5547
4677,5548,Nc1ncnc2c1ncn2C1CC(CO)C(O)C1O,5644,1,5548
4678,5550,O=c1n(-c2ccc(N=Nc3ccccc3)cc2)c(=O)n(-c2ccc(N=Nc3ccccc3)cc2)c(=O)n1-c1ccc(N=Nc2ccccc2)cc1,5643,1,5550
4679,5551,CCC(C)CCCCCCCCCCC(=O)OCC(O)CO,5642,1,5551
4680,5552,CC1CCCCN1Cc1c[nH]c2ccccc12,5641,1,5552
4681,5553,C[N+](C)(C)C1CSSC1,5640,1,5553
4682,5554,O=C(OCCCCOC(=O)c1ccccc1)c1ccccc1,360,4,5554
4683,5555,Cc1ccc(C(=N)NO)cc1,5639,1,5555
4684,5557,CCOP(=O)(OCC)OC(C)C#N,5638,1,5557
4685,5558,CCOP(=O)(OCC)C(=O)C(Cl)(Cl)Cl,5637,1,5558
4686,5559,Cc1ccc(Cl)cc1N=C=S,5636,1,5559
4687,5561,Ic1sc(I)c(I)c1I,5635,1,5561
4688,5562,O=C(Nc1ccc(O)c(=O)cc1)c1ccccc1,5634,1,5562
4689,5563,CCOP(=O)(OCC)OC(=C(Cl)Cl)P(=O)(OCC)OCC,5633,1,5563
4690,5564,NC(=O)c1ccc[n+](CC[n+]2cccc(C(N)=O)c2)c1,62,12,2559
4691,5565,NC(=O)c1ccc[n+](CCC[n+]2cccc(C(N)=O)c2)c1,62,12,2559
4692,5566,NC(=O)c1ccc[n+](CCCC[n+]2cccc(C(N)=O)c2)c1,62,12,2559
4693,5567,NC(=O)c1ccc[n+](CCCCC[n+]2cccc(C(N)=O)c2)c1,62,12,2559
4694,5568,COc1ccc(NC(=O)CI)cc1,622,2,5352
4695,5569,Cc1ccc(C(=O)c2coc3ccc(O)c(CN(C)C)c23)c(C)c1,594,4,5569
4696,5570,Cc1cccc[n+]1O,5632,1,5570
4697,5571,BrP1(c2ccccc2)=NP(Br)(c2ccccc2)=NP(Br)(c2ccccc2)=N1,5631,1,5571
4698,5572,Nc1ccc2n[nH]cc2c1,5630,1,5572
4699,5573,O=C(O)c1ccccc1C(=O)Nc1ccc(F)cc1,5629,1,5573
4700,5574,N#CSCC(=O)c1ccc2ccccc2c1,5628,1,5574
4701,5575,O=P1(N2CCCCCC2)OCC2(CO1)COP(=O)(N1CCCCCC1)OC2,5627,1,5575
4702,5576,CC(C)=Cc1ccc(Cl)cc1,5626,1,5576
4703,5577,Clc1nc(Cl)nc(N2CCCCC2)n1,1407,2,5577
4704,5578,NCCN1C(=O)CSC1=O,5625,1,5578
4705,5579,COC(=O)C=C(Cl)C(=O)OC,5624,1,5579
4706,5580,O=C1c2ccccc2N(C(=O)CN2CCOCC2)CN1c1ccccc1,5623,1,5580
4707,5584,CC1OC(OC2C(O)C(O)C(O)C(O)C2O)C(N)CC1NC(=N)C(=O)O,5622,1,5584
4708,5585,CCCOc1ccc(CN(CCN(C)C)c2ccccn2)cc1F,412,5,437
4709,5586,CCCCOc1ccc(CN(CCN(C)C)c2ccccn2)cc1F,412,5,437
4710,5588,CN1C=CC(C#N)C(C#N)=C1,5621,1,5588
4711,5589,O=C(Nc1ccccc1Oc1ccccc1)OCCN1CCCCC1,402,3,5589
4712,5590,O=C(Nc1cccc(Oc2ccccc2)c1)OCCN1CCCCC1,268,6,5590
4713,5591,O=C(Nc1ccccc1OCc1ccccc1)OCCN1CCCCC1,402,3,5589
4714,5592,O=C(Nc1cccc(OCc2ccccc2)c1)OCCN1CCCCC1,268,6,5590
4715,5593,O=C(Nc1ccc(OCc2ccccc2)cc1)OCCN1CCCCC1,268,6,5590
4716,5594,O=S1OC2CCCCC2O1,5620,1,5594
4717,5595,CCOc1ccc(C(=O)NCc2ccc(OCCNC)cc2)cc1OCC,1020,1,5595
4718,5596,CC[S+](C)CC,5619,1,5596
4719,5597,CC[S+](C)C,5618,1,5597
4720,5598,CCCNCC(Br)c1ccccc1,621,4,5598
4721,5599,CCCCNCC(Br)c1ccccc1,621,4,5598
4722,5600,CCCCN(CCCC)CC(Br)c1ccccc1,488,4,5600
4723,5601,CNCC(Br)c1ccccc1,621,4,5598
4724,5602,CCNCC(Br)c1ccccc1,621,4,5598
4725,5604,CCCCOC(=O)CC[N+](C)(C)C,304,6,2586
4726,5605,CCOC(=O)N1CCN(C(N)=S)CC1,684,3,1794
4727,5606,CCn1cc(C(=O)O)c(=O)c2cnc(N3CCCC3)nc21,1804,2,667
4728,5607,O=C(OC1CCCCC1)N1CCN(CCNC2CCCCC2)CC1,145,8,5607
4729,5608,NCCc1c[nH]c2ccc(OC(=O)c3ccc(N)cc3)cc12,1803,1,5608
4730,5609,C[N+]1(CCC[N+]23CCC(CC2)C(Cc2ccccc2)C3)CCCC1,1779,2,5609
4731,5611,C[N+](C)(C)c1ccc(N=O)cc1,5617,1,5611
4732,5612,CN(C)CCCC1c2ccccc2CCc2ccccc21,1757,2,5612
4733,5613,COC1C(=O)CCC2(CO2)C1(O)C1(C)OC1CC=C(C)C,5616,1,5613
4734,5614,CC(=O)Nc1c(I)c(NC=O)c(I)c(C(=O)O)c1I,53,9,202
4735,5615,CCC(=O)Nc1c(I)c(NC(C)=O)c(I)c(C(=O)O)c1I,53,9,202
4736,5616,CCCC(=O)Nc1c(I)c(NC(C)=O)c(I)c(C(=O)O)c1I,43,12,1166
4737,5617,CCC1OC(=O)C(C)C(=O)C(C)C(OC2OC(C)CC(N(C)C)C2O)C(C)CC(C)C(=O)C=CC1(C)O,5615,1,5617
4738,5618,O=[N+]([O-])c1ccc2c(c1)NCC2,1470,2,5618
4739,5619,CCc1nc2c(c(=O)n(C)c(=O)n2C)n1OCCO,1019,3,5619
4740,5621,CCc1nc2c(c(=O)n(C)c(=O)n2C)n1OCCN1CCCCC1,1019,3,5619
4741,5622,CN(CCCc1ccc(COc2ccccc2)cc1)C1CCCCC1,5614,1,5622
4742,5623,CCN(CC)CCCc1ccc(COc2ccccc2)cc1,144,8,5623
4743,5624,CC1CCCCN1CCCc1ccc(COc2ccccc2)cc1,5613,1,5624
4744,5625,c1ccc(OCc2ccc(CCCN3CCCCC3)cc2)cc1,91,10,5625
4745,5626,OCCN(CCO)CCCc1ccc(COc2ccccc2)cc1,144,8,5623
4746,5627,c1ccc(OCc2ccc(CN3CCOCC3)cc2)cc1,91,10,5625
4747,5628,c1ccc(OCc2ccc(CCN3CCOCC3)cc2)cc1,91,10,5625
4748,5629,c1ccc(OCc2ccc(CCCCN3CCOCC3)cc2)cc1,91,10,5625
4749,5630,CC(CCc1ccc(COc2ccccc2)cc1)N1CCOCC1,1802,2,2697
4750,5631,OCCCN1CCCC1,382,5,1046
4751,5633,CSC1=NCCCC1,5612,1,5633
4752,5634,CCN(CC)CC(=O)OCC(=O)c1ccc(O)c(OC)c1,5611,1,5634
4753,5635,Cc1nc2c(c(=O)n(C)c(=O)n2C)n1OCCO,1019,3,5619
4754,5636,COc1cc(C(=O)COC(=O)CN2CCOCC2)ccc1O,5610,1,5636
4755,5637,N=C(Nc1ccc(Cl)cc1)SCCN,413,5,1932
4756,5638,CC[N+](C)(CC)CCOC(=O)c1sc(C(=O)OCC[N+](C)(CC)CC)c(-c2ccco2)c1-c1ccco1,620,4,5638
4757,5639,CC[N+](C)(CC)CCOC(=O)c1ccc(C(=O)OCC[N+](C)(CC)CC)c(-c2ccccc2)c1-c1ccccc1,620,4,5638
4758,5640,CC[N+](C)(CC)CCOC(=O)c1sc(C(=O)OCC[N+](C)(CC)CC)c(-c2ccccc2)c1-c1ccccc1,620,4,5638
4759,5641,CN1CCN(Cc2cccc3c2sc2ccccc23)CC1,5609,1,5641
4760,5642,O=C(O)Cc1cccc(CC(=O)O)c1,1801,2,710
4761,5643,CN1CCN(C(=O)c2cccc3c2sc2ccccc23)CC1,5608,1,5643
4762,5644,CN(C)CCCOCc1cccc2c1sc1ccccc12,5607,1,5644
4763,5645,c1ccc2c(c1)sc1c(CC3=NCCN3)cccc12,5606,1,5645
4764,5646,Cc1cc(=O)nc(N2CCOCC2)[nH]1,5605,1,5646
4765,5647,OCCN1CCN(CCCN2c3ccccc3Sc3cc(Cl)cnc32)CC1,97,9,463
4766,5648,CC(C)N(CCSC(=O)N1c2ccccc2Sc2ncc(Cl)cc21)C(C)C,5604,1,5648
4767,5649,C#CCOS(=O)OCC(CC)CCCC,5603,1,5649
4768,5650,CN1CC2CCCC(C1)N2CCOC(=O)CCCC(=O)OCCN1C2CCCC1CN(C)C2,619,4,5186
4769,5651,CN1CC2CCCC(C1)N2CCOC(=O)CCCCCC(=O)OCCN1C2CCCC1CN(C)C2,619,4,5186
4770,5652,CN1CC2CCCC(C1)N2CCOC(=O)CCCCCCCC(=O)OCCN1C2CCCC1CN(C)C2,619,4,5186
4771,5656,O=C(CI)Nc1cc(Cl)c(Cl)cc1Cl,1223,2,5656
4772,5657,COc1ccc(CNC(=N)N)cc1OC,618,4,4495
4773,5658,CCN(CC)CC(=O)NC(c1ccccc1)c1ccccc1,394,5,5658
4774,5659,CCCNC(C)C(=O)NC(c1ccccc1)c1ccccc1,280,6,5659
4775,5660,CCN(CC)CC(=O)NC(c1ccccc1)C1CCC1,394,5,5658
4776,5661,CCN(CC)CC(=O)NC(c1ccccc1)C1CCCC1,394,5,5658
4777,5662,CCC(NC(=O)CN(CC)CC)c1ccccc1,1018,2,5662
4778,5663,CCN(CC)CC(=O)NC(C)c1ccccc1,1018,2,5662
4779,5665,CN(C)CCC=C(CCCN(C)C)c1ccccc1CCc1ccccc1,5602,1,5665
4780,5666,CN(C)CCCC(CCCN(C)C)c1ccccc1CCc1ccccc1,5601,1,5666
4781,5667,CCCCCCCCCc1c(N)on[n+]1C,5600,1,5667
4782,5668,Nc1c[n+](CCCC(=O)O)no1,5599,1,5668
4783,5669,COC(=O)Nc1cccc(OC(=O)NCC(C)C)c1,216,7,3314
4784,5670,C#CCOC(=O)Nc1cccc(OC(=O)NC)c1,617,3,5670
4785,5671,COC(=O)N(C)c1cccc(OC(=O)N(C)C)c1,1551,2,5671
4786,5672,CNC(=O)Oc1cccc(NC(=O)OCCOC)c1,617,3,5670
4787,5673,CSC(=O)Nc1cccc(O)c1,1800,2,4535
4788,5674,CCN(CC)CCNC(=O)c1cccc2c1sc1ccccc12,5598,1,5674
4789,5675,O=C(O)c1cccc2c1sc1ccccc12,5597,1,5675
4790,5676,Cc1ccc2c(c1)C1CCN(C)CCC1N2,5596,1,5676
4791,5677,Cn1c(=O)c2c(ncn2CCCN2CCN(Cc3ccccc3)CC2)n(C)c1=O,616,2,5677
4792,5678,CCCCN1CCN(CC(O)Cn2cnc3c2c(=O)n(C)c(=O)n3C)CC1,61,12,5678
4793,5679,Cn1c(=O)c2c(ncn2CCN2CCN(Cc3ccc(Cl)cc3)CC2)n(C)c1=O,61,12,5678
4794,5680,Cn1c(=O)c2c(ncn2CCN2CCN(Cc3ccccc3)CC2)n(C)c1=O,113,7,5680
4795,5681,Cn1c(=O)c2c(ncn2CC(O)CN2CCN(Cc3ccc(Cl)cc3)CC2)n(C)c1=O,61,12,5678
4796,5682,Cn1c(=O)c2c(ncn2CC(O)C(Cc2ccccc2)N2CCNCC2)n(C)c1=O,5595,1,5682
4797,5683,Cn1c(=O)c2c(ncn2CC(O)CN2CCN(Cc3ccccc3Cl)CC2)n(C)c1=O,61,12,5678
4798,5684,Cn1c(=O)c2c(ncn2CC(O)CN2CCN(CCO)CC2)n(C)c1=O,61,12,5678
4799,5685,Cn1c(=O)c2c(ncn2CC(O)CN2CCN(CCc3ccccc3)CC2)n(C)c1=O,61,12,5678
4800,5686,COc1ccc(CN2CCN(CC(O)Cn3cnc4c3c(=O)n(C)c(=O)n4C)CC2)cc1,61,12,5678
4801,5687,Cn1c(=O)c2c(ncn2CC(O)CN2CCN(Cc3cccc(Cl)c3)CC2)n(C)c1=O,61,12,5678
4802,5688,Cn1c(=O)c2c(ncn2CC(O)CN2CCN(Cc3cccc4ccccc34)CC2)n(C)c1=O,61,12,5678
4803,5689,Cn1cc2n(CC(O)CN3CCN(C(=O)c4ccccc4)CC3)c(=O)nc-2n(C)c1=O,5594,1,5689
4804,5690,O=C(Nc1cccc(O)c1)OC1CCCCC1,1799,2,2928
4805,5691,O=C(Nc1cccc(O)c1)OCc1ccccc1,297,6,4034
4806,5692,CC[N+](C)(CC)CCOC(=O)c1sc(C(=O)OCC[N+](C)(CC)CC)c2c3ccccc3c3ccccc3c12,620,4,5638
4807,5693,CC[N+](C)(CC)CCOC(=O)c1c(-c2ccccc2)oc(-c2ccccc2)c1C(=O)OCC[N+](C)(CC)CC,5593,1,5693
4808,5694,CC(C)c1ccc(CN2CCN(CC(O)Cn3cnc4c3c(=O)n(C)c(=O)n4C)CC2)cc1,61,12,5678
4809,5695,Cn1c(=O)c2c(ncn2CC(CN2CCN(Cc3cccc(Cl)c3)CC2)OC(=O)c2ccccc2)n(C)c1=O,113,7,5680
4810,5697,Cn1c(=O)c2c(ncn2CC(CN2CCN(Cc3ccc(Cl)cc3)CC2)OC(=O)c2ccccc2)n(C)c1=O,61,12,5678
4811,5698,Cn1c(=O)c2c(ncn2CC(CN2CCN(Cc3ccccc3Cl)CC2)OC(=O)c2ccccc2)n(C)c1=O,113,7,5680
4812,5699,CC(C)c1ccc(CN2CCN(CC(Cn3cnc4c3c(=O)n(C)c(=O)n4C)OC(=O)c3ccccc3)CC2)cc1,113,7,5680
4813,5701,CC(=O)OC(CN1CCN(Cc2ccccc2)CC1)Cn1cnc2c1c(=O)n(C)c(=O)n2C,113,7,5680
4814,5702,CC(=O)OC(CN1CCN(CCc2ccccc2)CC1)Cn1cnc2c1c(=O)n(C)c(=O)n2C,113,7,5680
4815,5703,ON=C1CCCc2sccc21,5592,1,5703
4816,5704,C[N+]1(CCO)CCCCC1,5591,1,5704
4817,5705,CC1C2CNCC1c1cccc(=O)n1C2,5590,1,5705
4818,5706,CC(C)NCC(O)CNc1ccccc1,1015,3,5706
4819,5707,CCCCNCC(O)CNc1ccccc1,5589,1,5707
4820,5708,Cc1ccccc1NCC(O)CN,286,6,5708
4821,5709,Cc1ccccc1NCC(O)CNC(C)C,286,6,5708
4822,5710,Cc1cccc(NCC(O)CNC(C)C)c1,1017,1,5710
4823,5711,Cc1cccc(NCC(O)CNC(C)C)c1C,286,6,5708
4824,5712,Cc1ccc(NCC(O)CNC(C)C)c(C)c1,286,6,5708
4825,5713,Cc1ccc(C)c(NCC(O)CNC(C)C)c1,286,6,5708
4826,5714,Cc1cccc(C)c1NCC(O)CNC(C)C,286,6,5708
4827,5715,Cc1cc(C)cc(NCC(O)CNC(C)C)c1,1016,2,5715
4828,5716,Cc1cc(C)c(NCC(O)CNC(C)C)c(C)c1,1016,2,5715
4829,5717,Cc1cc(Cl)ccc1NCC(O)CNC(C)C,1798,1,5717
4830,5718,CCCCNCC(O)CNc1ccc(Cl)cc1C,5588,1,5718
4831,5719,CCOc1ccc(NCC(O)CNC(C)C)cc1,1015,3,5706
4832,5720,CC(C)NCC(O)CNc1ccc(Oc2ccccc2)cc1,1015,3,5706
4833,5721,CC(C)NCC(O)CNC1c2ccccc2-c2ccccc21,5587,1,5721
4834,5722,CC(C)NCC(O)CN(Cc1ccccc1)Cc1ccccc1,5586,1,5722
4835,5723,C[N+](C)(CCNP(=O)(Oc1ccccc1)Oc1ccccc1)CC[N+](C)(C)CCNP(=O)(Oc1ccccc1)Oc1ccccc1,206,7,5500
4836,5724,CC(C)OP(=O)(NCC[N+](C)(C)CCCCCC[N+](C)(C)CCNP(=O)(OC(C)C)OC(C)C)OC(C)C,1797,2,5724
4837,5725,CC(C)OP(=O)(NCC[N+](C)(C)CCCCCCCC[N+](C)(C)CCNP(=O)(OC(C)C)OC(C)C)OC(C)C,1797,2,5724
4838,5726,Cc1cc(C)c(OCC(O)CNC(C)C)c(C)c1,5585,1,5726
4839,5727,CCC(C)NCC(O)COc1cc(C)ccc1C(C)C,1796,1,5727
4840,5728,Cc1ccc(C(C)C)cc1OCC(O)CNC(C)C,1795,2,5372
4841,5729,COc1cc(C)ccc1OCC(O)CNC(C)C,401,5,5729
4842,5730,C=CCc1ccc(OCC(O)CNC(C)C)c(OC)c1,401,5,5729
4843,5731,COc1cc(C(C)=O)ccc1OCC(O)CNC(C)C,401,5,5729
4844,5732,CC(C)NCC(O)COc1ccc(Cc2ccccc2)cc1,651,4,334
4845,5734,CC(C)NCC(O)CSc1cccc2ccccc12,5584,1,5734
4846,5735,CC(=CC1N(Cc2ccccc2O)CCN1Cc1ccccc1O)c1ccccc1,5583,1,5735
4847,5736,Oc1ccccc1CN1CCN(Cc2ccccc2O)C1c1cccs1,5582,1,5736
4848,5737,N#Cc1ccc(C2N(Cc3ccccc3O)CCN2Cc2ccccc2O)cc1,1794,2,5737
4849,5738,Oc1ccccc1CN1CCN(Cc2ccccc2O)C1c1cccc(I)c1,5581,1,5738
4850,5739,Oc1ccccc1CN1CCN(Cc2ccccc2O)C1c1ccc(Cl)cc1,1794,2,5737
4851,5740,CN(C)CCCNc1c2ccccc2[n+](O)c2cccc([N+](=O)[O-])c12,5580,1,5740
4852,5741,Cc1nsc(S(=O)(=O)c2ccc(Cl)cc2)n1,1793,2,5741
4853,5742,Cc1ccc(S(=O)(=O)c2nc(C)ns2)cc1,1793,2,5741
4854,5743,CSc1sc2ccccc2[n+]1C,5579,1,5743
4855,5744,CCOP(=O)(Cc1ccc(N)cc1)OCC,1102,2,2115
4856,5745,CC1(C)C=C(CC[N+]2(C)CCOCC2)CC(C)(C)[N+]1(C)C,5578,1,5745
4857,5746,CN(C)CCCN(Cc1ccccc1)c1ccccc1CCc1ccccc1,5577,1,5746
4858,5747,CCOC(=O)CCN(C)C,1792,1,5747
4859,5750,Cn1c(=O)c2c(ncn2CC(CN2CCN(CCc3ccccc3)CC2)OC(=O)c2ccccc2)n(C)c1=O,113,7,5680
4860,5751,COc1cc(C(=O)OCCCN2CCCN(CCCOC(=O)c3cc(OC)c(OC)c(OC)c3)CC2)cc(OC)c1OC,5576,1,5751
4861,5752,CCN(CC)C(=O)c1ccc[n+]([O-])c1,5575,1,5752
4862,5753,O=P(O)(O)C(Cl)(Cl)Cl,5574,1,5753
4863,5754,O=C(CN1CCCCCC1)c1ccc(O)c(O)c1,1791,2,5167
4864,5755,CCN1C(=O)C(Cl)=C(Cl)C1=O,5573,1,5755
4865,5756,O=C(Nc1ccccc1Cl)OCCN1CCCCC1,268,6,5590
4866,5758,COc1ccc(CC2Cc3cc(OC)c(OC)cc3C=N2)cc1OC,5572,1,5758
4867,5760,N#CSC(Cl)(Cl)Cl,5571,1,5760
4868,5761,Cc1cccc[n+]1CC(=O)c1ccc(-c2ccc(C(=O)C[n+]3ccccc3C)cc2)cc1,899,3,5761
4869,5762,O=C(c1cccc(Cl)c1)N1CC1,5570,1,5762
4870,5763,C[n+]1ccc(C=Cc2ccc(O)cc2)cc1,5569,1,5763
4871,5764,C[N+]1(C)C2CCCC1CN(CCOc1cccc(OCCN3CC4CCCC(C3)[N+]4(C)C)c1)C2,5568,1,5764
4872,5766,CC(C)N(C(=O)c1ccccc1C(=O)O)C(C)C,5567,1,5766
4873,5767,O=C(O)c1ccccc1C(=O)N1CCCCC1,1507,2,5767
4874,5768,C#CC1(O)CCC(C(C)(C)C)CC1,5566,1,5768
4875,5770,Cc1cc(CCN2CCN(c3cccc(Cl)c3)CC2)[nH]n1,5565,1,5770
4876,5771,O=Cc1cc(Br)ccc1[N+](=O)[O-],5564,1,5771
4877,5772,Nc1nc2cc(Cl)ccc2s1,1790,1,5772
4878,5773,Nc1nc2cccc(Cl)c2s1,5563,1,5773
4879,5778,C#CCN1CCC23c4c5ccc(O)c4OC2C(O)C=CC3C1C5,1014,2,447
4880,5779,CN1C2CCC1CC(Oc1ccc(Cl)cc1)C2,1789,2,5100
4881,5780,CN1C2CCC1CC(Oc1cccc(C(F)(F)F)c1)C2,5562,1,5780
4882,5781,CCN(CC)CC=CCN(CC)CC,5561,1,5781
4883,5782,Clc1cccc(Cl)c1CBr,5560,1,5782
4884,5784,Cc1ncsc1C(=O)O,5559,1,5784
4885,5785,C=CCNP(=S)(NCC=C)c1ccccc1,5558,1,5785
4886,5786,C=CCOCP(=O)(COCC=C)OCC,5557,1,5786
4887,5787,CCN1CC2(COC)CCC(OC)C34C5CC6C(OC)CC(O)(C(CC23)C14)C5C6O,5556,1,5787
4888,5788,CC1(C)SC2C(NC(=O)c3ccccc3)C(=O)N2C1C(=O)O,112,9,638
4889,5789,CC1(C)SC2C(NC(=O)c3ccco3)C(=O)N2C1C(=O)O,112,9,638
4890,5790,CC(C)(C)C(=O)NC1C(=O)N2C1SC(C)(C)C2C(=O)O,5555,1,5790
4891,5791,COc1cc(C(=O)NC2C(=O)N3C2SC(C)(C)C3C(=O)O)cc(OC)c1OC,112,9,638
4892,5792,CC1(C)SC2C(NC(=O)c3ccc(Br)o3)C(=O)N2C1C(=O)O,112,9,638
4893,5793,CN(C)P(=O)(C1CC(c2ccccc2)=NO1)N(C)C,5554,1,5793
4894,5794,CN(C)C(=O)NCCCCCCNC(=O)N(C)C,5553,1,5794
4895,5795,O=C1CSC(=Nc2cccc(Cl)c2)N1,1468,2,5795
4896,5797,CCN(CC)CC(=O)Nn1c(C)ccc1C,285,6,5797
4897,5798,CCCN(CCC)CC(=O)Nn1c(C)ccc1C,285,6,5797
4898,5799,Cc1ccc(C)n1NC(=O)CN(C(C)C)C(C)C,1788,1,5799
4899,5800,CCCCN(CCCC)CC(=O)Nn1c(C)ccc1C,285,6,5797
4900,5801,Cc1ccc(C)n1NC(=O)CN(CCC(C)C)CCC(C)C,615,1,5801
4901,5802,CCCCCCN(CCCCCC)CC(=O)Nn1c(C)ccc1C,285,6,5797
4902,5803,C=CCN(CC=C)CC(=O)Nn1c(C)ccc1C,285,6,5797
4903,5804,CC(=O)OC(CN1CCN(Cc2ccc(Cl)cc2)CC1)Cn1cnc2c1c(=O)n(C)c(=O)n2C,61,12,5678
4904,5805,Cc1ccc(C)n1NC(=O)CN(CC(C)C)CC(C)C,285,6,5797
4905,5806,CCN(CCO)CCn1c(Cc2ccccc2)nc2c1c(=O)n(C)c(=O)n2C,5552,1,5806
4906,5807,CCC(C(=O)Oc1c(C)cccc1C)N1CCN(C)CC1,1013,3,2377
4907,5808,CCC(=O)c1ccc2c(c1)N(CCCN1CCN(C)CC1)c1ccccc1S2,39,15,230
4908,5810,COc1ccc2[nH]cc(C(C)CN)c2c1,1787,1,5810
4909,5812,NC1CC(N)C(OC2OC(CO)C(O)C(N)C2O)C(O)C1O,19,18,182
4910,5813,c1ccc([P+](C[P+](c2ccccc2)(c2ccccc2)c2ccccc2)(c2ccccc2)c2ccccc2)cc1,5551,1,5813
4911,5814,CC(C)c1ccc(C(C)C)c(O)c1O,442,5,1462
4912,5815,C[N+]1(CCC(c2ccccc2)c2ccccc2)CCCCC1,5550,1,5815
4913,5816,C[N+](C)(C)CCC(c1ccccc1)c1ccccc1,5549,1,5816
4914,5817,Cc1cc(C(C)C)c(O)c(C(C)C)c1,5548,1,5817
4915,5818,CCCC(=O)c1ccc2c(c1)N(CCCN(C)C)c1ccccc1S2,302,2,2992
4916,5819,Cc1ccc(C(C(=O)O)c2ccc(C)cc2)cc1,1786,2,2382
4917,5820,CN(C)CCCn1c2ccccc2c2ccccc21,1785,2,4097
4918,5821,CN1C2CCC1CC(OC(=O)C(Cc1ccccc1)c1ccccc1)C2,458,4,1574
4919,5822,CN1C2CCC1CC(OC(=O)C(c1ccccc1)C(c1ccccc1)c1ccccc1)C2,458,4,1574
4920,5824,CN1C2CCC1CC(c1cccc(C(CC(=O)O)c3ccccc3)c1)C2,5547,1,5824
4921,5825,CN1C(C)(C)CC(OC(=O)CC(c2ccccc2)c2ccccc2)CC1(C)C,5546,1,5825
4922,5826,COc1ccc(CC(C(=O)OCC2CCCN2C)c2ccccc2)cc1,5545,1,5826
4923,5827,CC1(C)CC(OC(=O)CCc2ccccc2)CC(C)(C)N1Cc1ccccc1,1764,2,5827
4924,5828,CCC(C)SCCCl,5544,1,5828
4925,5829,O=C(NC1CCCCC1)C(=S)NC1CCCCC1,5543,1,5829
4926,5830,Cc1c(N)nc(N)nc1C(=O)O,5542,1,5830
4927,5831,Cc1c(N)nc(=O)[nH]c1C(=O)O,1784,2,4455
4928,5832,CC1N(c2ccccc2)C(=O)c2ccccc2N1C(=O)CN1CCOCC1,5541,1,5832
4929,5833,CCN(CC)Cc1nc(=O)c2c3c(sc2[nH]1)CCCC3,5540,1,5833
4930,5834,O=c1nc(CNCc2ccccc2)[nH]c2sc3c(c12)CCCC3,5539,1,5834
4931,5835,O=c1nc(CN2CCCCC2)[nH]c2sc3c(c12)CCCC3,1012,3,5835
4932,5836,CN1CCN(Cc2nc(=O)c3c4c(sc3[nH]2)CCCC4)CC1,1012,3,5835
4933,5837,O=c1nc(CN2CCOCC2)[nH]c2sc3c(c12)CCCC3,1012,3,5835
4934,5838,CN(C)CCCn1cc2c3c(cccc31)CCC2,5538,1,5838
4935,5840,CN(C)CCCN1C(=O)c2cccc3cccc1c23,5537,1,5840
4936,5841,CN(C)CCCN1Cc2cccc3c2C1CCC3,5536,1,5841
4937,5842,c1ccc(OCc2nc3ccccc3[nH]2)cc1,5535,1,5842
4938,5843,CN(C)CCn1c(COc2ccccc2)nc2ccccc21,1783,2,5843
4939,5844,CN(C)CCCn1c(COc2ccccc2)nc2ccccc21,1783,2,5843
4940,5845,CN(C)CCCOc1ccccc1,5534,1,5845
4941,5846,CN(C)CCCN1CCc2ccccc2CC1=O,5533,1,5846
4942,5847,C#CCN1CCc2ccccc2CC1,5532,1,5847
4943,5848,CCN1CCCC1COC(=O)Nc1c(C)cccc1C,1011,1,5848
4944,5849,Cc1ccccc1NC(=O)OCC1CCN(C)C1,78,8,5394
4945,5851,Cc1cccc(C)c1NC(=O)OCC1CCN(C)C1,78,8,5394
4946,5852,CCN1CCC(COC(=O)Nc2c(C)cccc2C)C1,78,8,5394
4947,5853,CCN1CCC(COC(=O)Nc2c(C)cccc2Cl)C1,111,1,5853
4948,5855,Cc1cccc(C)c1NC(=O)OCC1CCCN(C)C1,78,8,5394
4949,5856,CCN1CCCC(COC(=O)Nc2c(C)cccc2C)C1,30,11,5856
4950,5857,Cc1cccc(Cl)c1NC(=O)OCC1CCCN(C)C1,78,8,5394
4951,5858,CCN1CCCC(COC(=O)Nc2c(C)cccc2Cl)C1,78,8,5394
4952,5859,NC1(Cc2ccccc2)CCCCC1,1782,2,5859
4953,5860,CNC1(Cc2ccccc2)CCCCC1,1781,2,5860
4954,5861,C[N+](C)(C)C1(Cc2ccccc2)CCCCC1,1010,3,5546
4955,5862,NC1(Cc2ccccc2)CCCC1,1782,2,5859
4956,5863,CNC1(Cc2ccccc2)CCCC1,1781,2,5860
4957,5864,CN(C)C1(Cc2ccccc2)CCCC1,5531,1,5864
4958,5865,C[N+](C)(C)C1(Cc2ccccc2)CCCC1,1010,3,5546
4959,5867,CC(C)NC(=O)OC1CCN(CCCC(=O)c2ccc(F)cc2)CC1,5530,1,5867
4960,5868,c1ccc(C(CCN2CCN(c3ncccn3)CC2)(c2ccccc2)c2ccccc2)cc1,5529,1,5868
4961,5869,CCN(CC)CCOC(=O)c1ccc2[nH]c3c(c2c1)CCCC3,5528,1,5869
4962,5870,O=C(O)c1ccccc1Nc1cccc(O)c1,68,12,218
4963,5871,O=C(c1ccccc1)c1cccc(Nc2ccccc2C(=O)O)c1,68,12,218
4964,5872,CCN1CC2(COC(=O)c3ccccc3N3C(=O)CC(C)C3=O)CCC(OC)C34C5CC6C(OC)CC(O)(C5C6OC)C(O)(C(OC)C23)C14,1216,2,5872
4965,5873,NC(C(=O)O)C1OC(n2cc(CO)c(=O)[nH]c2=O)C(O)C1O,5527,1,5873
4966,5874,COc1ccc2c(c1Oc1ccccc1)C13CCN(C)C(C2)C1(O)CCC(=O)C3,154,8,3150
4967,5875,CNC(=O)Nc1nc2ccccc2[nH]1,5526,1,5875
4968,5876,CC=CCN,5525,1,5876
4969,5877,CCCCCCCCC1C(=O)COC1=O,1436,2,5877
4970,5878,COc1ccc(C(=O)COP(C)(=O)Oc2ccc([N+](=O)[O-])cc2)cc1,614,4,3743
4971,5879,CP(=O)(OCC(=O)c1ccc(Cl)cc1)Oc1ccc([N+](=O)[O-])cc1,614,4,3743
4972,5880,C[N+](C)(C)CCC[n+]1ccc(C(c2c[nH]c3ccccc23)c2c[nH]c3ccccc23)cc1,5524,1,5880
4973,5884,Cc1ccc(OP(=O)(NCC[N+](C)(C)C)NCC[N+](C)(C)C)cc1,596,3,5884
4974,5885,COc1ccccc1OP(=O)(NCC[N+](C)(C)C)NCC[N+](C)(C)C,596,3,5884
4975,5886,C[N+](C)(CCCNP(=O)(NCCC[N+](C)(C)Cc1ccccc1)Oc1ccc([N+](=O)[O-])cc1)Cc1ccccc1,613,2,5886
4976,5887,C=CC[N+](C)(C)CCCCCC[N+](C)(C)CC=C,5523,1,5887
4977,5888,C[N+](C)(C)CCOC(=O)c1ccccn1,5522,1,5888
4978,5889,C[N+](C)(C)CCOC(=O)c1ccccc1[N+](=O)[O-],5521,1,5889
4979,5890,C[N+](C)(C)CCOC(=O)c1cccc([N+](=O)[O-])c1,1009,2,5890
4980,5891,C[N+](C)(C)CCOC(=O)c1ccc([N+](=O)[O-])cc1,1009,2,5890
4981,5892,C[N+](C)(C)CCOC(=O)c1ccccc1N,5520,1,5892
4982,5893,C[N+](C)(C)CCOC(=O)c1cccc(N)c1,400,5,5030
4983,5894,C[N+](C)(C)CCOC(=O)c1ccc(N)cc1,400,5,5030
4984,5895,COc1ccc(C=C(C#N)c2ccccc2)cc1OC,5519,1,5895
4985,5896,CC(=C1SC(=S)NC1=O)c1cccc(O)c1,1481,2,5896
4986,5897,CCC1(CC=C(C)C)C(=O)NC(=O)NC1=O,5518,1,5897
4987,5898,CCC1=C(C)c2cc3[nH]c(cc4[nH]c(cc5nc(cc1n2)C(C)=C5CC)c(C)c4CCC(=O)O)c(CCC(=O)O)c3C,1633,2,5898
4988,5899,CP(=O)(OCC(=O)c1ccc([N+](=O)[O-])cc1)Oc1ccc([N+](=O)[O-])cc1,614,4,3743
4989,5901,Cc1cccc(Cl)c1NC(=O)OCC1CCN(C)C1,12,20,5901
4990,5902,Cc1ccccc1NC(=O)OCC1CCCN(C)C1,78,8,5394
4991,5903,CC(=O)OCCN1CCCC1,5517,1,5903
4992,5904,NC(=O)OCCN1CCCC1,5516,1,5904
4993,5905,C(CCCN1CCCC1)CCN1CCCC1,5515,1,5905
4994,5906,C[N+](C)(C)CCC[n+]1ccc(Cc2ccccc2)cc1,1200,2,5906
4995,5907,C[N+](C)(C)CCC[N+]1(C)CCC(Cc2ccccc2)CC1,5514,1,5907
4996,5908,C[N+](C)(C)CCC[n+]1ccc(CCc2c[nH]c3ccccc23)cc1,1008,3,5908
4997,5909,C[N+](C)(C)CCC[n+]1ccccc1CCc1c[nH]c2ccccc12,1008,3,5908
4998,5910,C[N+](C)(C)CCC[n+]1ccc(CCN2C(=O)c3ccccc3C2=O)cc1,5513,1,5910
4999,5912,C[N+](C)(C)CCC[n+]1ccccc1CCc1cccc2ccccc12,1008,3,5908
5000,5913,Cn1c(CCc2cc[n+](CCC[N+](C)(C)C)cc2)cc2ccccc21,5512,1,5913
5001,5914,Cn1cc(CCc2cccc[n+]2CCC[N+](C)(C)C)c2ccccc21,1084,3,2931
5002,5915,C[N+](C)(C)CCC[n+]1ccc(CCc2cn(Cc3ccccc3)c3ccccc23)cc1,1084,3,2931
5003,5916,C[N+](C)(C)CCC[n+]1ccc(CCn2ccc3ccccc32)cc1,5511,1,5916
5004,5918,C[N+](C)(C)CCC[n+]1cccc(-c2cc3ccccc3[nH]2)c1,1780,2,5918
5005,5919,C[N+](C)(C)CCC[n+]1ccc(-c2cc3ccccc3[nH]2)cc1,1780,2,5918
5006,5920,CNCC(=O)c1ccc(O)cc1,5510,1,5920
5007,5921,C[N+](C)(C)CCCNP(=O)(NCCC[N+](C)(C)C)Oc1ccccc1,403,5,5542
5008,5922,Cc1ccc(OP(=O)(NCCC[N+](C)(C)Cc2ccccc2)NCCC[N+](C)(C)Cc2ccccc2)cc1,613,2,5886
5009,5924,Cc1cc(C)c(NC2=NCCO2)c(C)c1,788,3,5924
5010,5925,Cc1cccc(C)c1OCC1=NCCN1,1546,2,5925
5011,5926,C[N+]1(CCCCCCCCC[N+]23CCC(CC2)C(Cc2ccccc2)C3)CCCC1,1779,2,5609
5012,5927,CC(=O)OCC12CC(OC(=O)CC(C)C)C(C)=CC1OC1C(O)C(OC(C)=O)C2(C)C12CO2,5509,1,5927
5013,5928,CN(CCN1CCOCC1)CC(O)COc1ccccc1Cl,397,2,5928
5014,5929,CCCCN(CCN1CCOCC1)CC(O)COc1ccc(Cl)cc1Cl,94,10,5929
5015,5931,CC(C)NCC(O)COc1ccccc1Oc1ccccc1,651,4,334
5016,5932,COc1ccc(-n2cnc3c(Cl)ncnc32)cc1,5508,1,5932
5017,5933,C=CCN(CC=C)CC(=O)Nc1cccc(Cl)c1,612,3,5933
5018,5934,C=CCN(CC=C)CC(=O)Nc1cccc(Br)c1,612,3,5933
5019,5935,C=CCN(CC=C)CC(=O)Nc1ccc(Br)cc1,612,3,5933
5020,5936,CCOC(=O)C1CN1C(=O)Nc1cccc2ccccc12,5507,1,5936
5021,5937,C[N+](C)(C)c1ccccc1O,5506,1,5937
5022,5942,CNCCC=C1c2ccccc2CSc2ccc(C)cc21,1007,1,5942
5023,5943,CC(Oc1c(Cl)cccc1Cl)C1=NCCN1,5505,1,5943
5024,5944,CCOc1ccc(CNC(=N)N)cc1OCC,618,4,4495
5025,5945,CCCOc1ccc(CNC(=N)N)cc1OCCC,618,4,4495
5026,5946,S=C(NCCN1CCOCC1)Nc1ccccc1,1475,2,5946
5027,5947,CCc1cccc(CC)c1NC1=NCCO1,1758,2,5947
5028,5948,CCCC(=O)Nc1cccc(O)c1,567,4,5948
5029,5949,CCC(=O)Nc1cccc(O)c1,567,4,5948
5030,5950,COc1cccc(C)c1NC1=NCCO1,963,3,5950
5031,5951,COc1cccc(C)c1NC(=O)NCCCl,149,8,4621
5032,5952,COc1cccc(OC)c1NC(=O)NCCCl,1006,2,5952
5033,5953,COc1cccc(OC)c1NC1=NCCO1,463,4,5953
5034,5955,CC1CCC(c2ccccc2)(N2CCCCC2)CC1,340,5,2014
5035,5958,c1ccc(CN2CCN(C3CCCSc4ccccc43)CC2)cc1,5504,1,5958
5036,5959,CCOC(=O)CCN1CCC(C(=O)OCC)(c2ccccc2)CC1,11,21,298
5037,5960,CCCCCCC1CCC(C(=O)O)CC1,379,5,3005
5038,5962,CCNC1=Nc2ccc(Cl)cc2C(C)(c2ccccc2)O1,5503,1,5962
5039,5963,N#CSCCNC(=O)COc1ccc(Cl)cc1Cl,5502,1,5963
5040,5964,c1ccc(C2=C(CN3CCCCC3)CCSc3ccccc32)cc1,5501,1,5964
5041,5965,c1ccc(N(CCN2CCCCC2)Cc2ccccn2)cc1,1143,2,5965
5042,5967,O=C(O)C(Cc1c(I)cc(I)c(N2CCCCC2=O)c1I)c1ccccc1,611,2,5967
5043,5968,O=C(O)C(Cc1c(I)cc(I)c(N2CCOCC2=O)c1I)c1ccccc1,611,2,5967
5044,5969,O=C(O)C(Oc1c(I)cc(I)c(N2CCCC2=O)c1I)c1ccccc1,1777,2,5969
5045,5970,CCC(C(=O)O)c1c(I)cc(I)c(N2CCOCC2=O)c1I,1005,1,5970
5046,5971,O=C(O)Cc1c(I)cc(I)c(N2CCCC2=O)c1I,284,6,5971
5047,5972,CC(C(=O)O)c1c(I)cc(I)c(N2CCCC2=O)c1I,1778,1,5972
5048,5973,CC(C(=O)O)c1c(I)cc(I)c(N)c1I,5500,1,5973
5049,5975,CCC(Cc1c(I)cc(I)c(N2CCOCC2=O)c1I)C(=O)O,284,6,5971
5050,5976,CCC(Cc1c(I)cc(I)c(N2CCCCC2=O)c1I)C(=O)O,284,6,5971
5051,5977,CCC(C(=O)O)c1c(I)cc(I)c(N)c1I,1761,2,5977
5052,5979,CCC(C(=O)O)c1c(I)cc(I)c(N2CCCC2=O)c1I,284,6,5971
5053,5980,O=C1CN(c2c(I)cc(I)c(OC(C(=O)O)c3ccccc3)c2I)CCO1,5499,1,5980
5054,5981,O=C(O)C(Oc1c(I)cc(I)c(N2CCCCC2=O)c1I)c1ccccc1,1777,2,5969
5055,5982,O=C(O)C(Cc1c(I)cc(I)c(N2CCCC2=O)c1I)c1ccccc1,284,6,5971
5056,5983,CNC(=N)N,5498,1,5983
5057,5984,CN(C=O)c1c2sscc-2[nH]c1=O,5497,1,5984
5058,5985,O=CNc1c2sscc-2[nH]c1=O,5496,1,5985
5059,5986,CN1CC(CCN2CC=C(c3ccccc3)CC2)OC1=O,5495,1,5986
5060,5987,CCOC(=O)C1=C(C)NC(C)=C(C(=O)OCC)C1c1ccc(N)cc1,590,4,2181
5061,5988,O=C(O)Cc1c(I)cc(I)c(N2CCOCC2=O)c1I,1004,1,5988
5062,5989,CCC(Cc1c(I)cc(I)c(N2CCCC2=O)c1I)C(=O)O,284,6,5971
5063,5990,Nc1nc(N)nc(N2CCNCC2)n1,430,5,2694
5064,5991,O=C(Nc1ccc(Cl)cc1)OCC#CCOC(=O)Nc1ccc(Cl)cc1,1003,3,2634
5065,5992,COc1cc2c(cc1OC)-c1c(OC)c(OC)cc3c1C(C2)NCC3,1002,3,1162
5066,5993,CCCCSCC(Cl)c1ccccc1,5494,1,5993
5067,5994,C[N+](C)(C)CCCS(=O)(=O)O,5493,1,5994
5068,5995,N#[N+]c1ccc(Cl)cc1Cl,5492,1,5995
5069,5996,CCOC(=O)C1=C(C)NC(C)=C(C(=O)OCC)C1c1ccc([N+](=O)[O-])cc1,590,4,2181
5070,5997,Cc1cc(O)c2c(c1O)C(=O)C13C(=C(O)C4C(O)C1C1C(O)C3C(O)=C3C(=O)c5c(O)cc(C)c(O)c5C(=O)C341)C2=O,5491,1,5997
5071,5998,CN(C)c1ccc(C=C2C(=O)C(=Cc3ccc(N(C)C)cc3)c3ccccc32)cc1,5490,1,5998
5072,5999,CN(C)CCON=c1c2ccccc2ccc2ccc(Cl)cc12,480,4,5999
5073,6004,CC(=O)SCc1cnc(C)c(O)c1CO,96,10,482
5074,6005,CC(CN(C)CC1CCCO1)CN(c1ccncc1)c1cccc(C(F)(F)F)c1,5489,1,6005
5075,6006,CN(C)CCOC(=O)c1cccnc1,14,19,2849
5076,6008,C[n+]1cccc2cc([N+](=O)[O-])ccc21,5488,1,6008
5077,6010,O=C(Nc1ccccc1)Oc1cc(Cl)c(Cl)cc1Cl,5487,1,6010
5078,6011,O=C(NCCCl)Sc1ccc(Cl)cc1,5486,1,6011
5079,6012,CCOC(=O)CCC[N+](C)(C)C,1001,1,6012
5080,6013,COC(=O)CN1CCCC1,1776,2,4822
5081,6014,CCOC(=O)CN1CCCC1,427,2,3804
5082,6015,COC(=O)CCN1CCCC1,370,5,6015
5083,6016,COC(=O)CCCN(C)C,1775,2,3079
5084,6017,CCOC(=O)CCCN(C)C,895,3,6017
5085,6018,COC(=O)CCCN1CCCC1,370,5,6015
5086,6019,CCOC(=O)CCCN1CCCC1,370,5,6015
5087,6020,COC(=O)C[N+](C)(C)C,5485,1,6020
5088,6021,CCOC(=O)C[N+](C)(C)C,5484,1,6021
5089,6022,COC(=O)C[N+]1(C)CCCC1,5483,1,6022
5090,6023,CCOC(=O)C[N+]1(C)CCCC1,610,4,6023
5091,6024,COC(=O)CC[N+]1(C)CCCC1,610,4,6023
5092,6025,CCOC(=O)CC[N+]1(C)CCCC1,610,4,6023
5093,6026,CCOC(=O)CC[N+](C)(C)CC,399,5,5208
5094,6027,CCOC(=O)CC[N+](C)(CC)CC,399,5,5208
5095,6028,CCOC(=O)CCC[N+]1(C)CCCC1,610,4,6023
5096,6029,CN(C)C(=O)CN1CCCC1,5482,1,6029
5097,6030,CN(C)C(=O)CCN1CCCC1,5481,1,6030
5098,6031,CN(C)C(=O)C[N+]1(C)CCCC1,5480,1,6031
5099,6032,CN(C)C(=O)CC[N+]1(C)CCCC1,5479,1,6032
5100,6033,CN(C)C(=O)CCCC[N+](C)(C)C,1774,2,5251
5101,6034,C[N+](C)(C)CCCCC(N)=O,934,3,5547
5102,6035,COC(=O)C1(CCCN(C)C)OC(C)(C)c2ccccc21,384,5,6035
5103,6036,CN(C)CCCC1(C#N)OC(C)(C)c2ccccc21,1000,3,6036
5104,6039,CN(C)CCCC1(C(N)=O)OC(C)(C)c2ccccc21,384,5,6035
5105,6040,CCOC(=O)C1(CCCN(C)C)OC(C)(C)c2ccccc21,384,5,6035
5106,6042,CNCCCC1(C#N)OC(C)(C)c2ccccc21,1000,3,6036
5107,6044,CC(=O)CSc1ccc([N+](=O)[O-])cc1[N+](=O)[O-],5478,1,6044
5108,6045,C[S+](C)CCC[N+](C)(C)C,5477,1,6045
5109,6046,CC[N+](C)(CC)CCC1=CC(C)(C)[N+](C)(C)C(C)(C)C1,5476,1,6046
5110,6047,CNCCC(c1ccc(N)cc1)c1ccc(N)cc1,5475,1,6047
5111,6048,CN(C)CCC(c1ccc(N)cc1)c1ccc(N)cc1,1087,3,1968
5112,6049,Nc1ccc(C(CCNCc2ccccc2)c2ccc(N)cc2)cc1,5474,1,6049
5113,6051,CCNCCC(c1ccccc1)c1ccccc1,5473,1,6051
5114,6052,CC(CCc1ccccc1)NC(C)C(O)c1cc(Br)c(O)c(Br)c1,5472,1,6052
5115,6053,Cc1ccc2[nH]cc(CCN(C)C)c2c1,205,7,1459
5116,6054,CCCCNC(=S)Nc1ccccn1,554,2,6054
5117,6055,CC(C)C(=O)C1(CCCN(C)C)OC(C)(C)c2ccccc21,384,5,6035
5118,6056,COc1ccc2occ(CCN)c2c1,5471,1,6056
5119,6057,C[N+](C)(CCCCCCCCCC[N+](C)(C)Cc1ccccc1)Cc1ccccc1,253,6,4413
5120,6058,COc1ccc(OC)c(NC(=O)CCl)c1,794,3,6058
5121,6059,CCCCCC(C)C(C)c1cc(O)c2c(c1)OC(C)(C)C1=C2CN(C)CC1,609,4,6059
5122,6060,CCCCCC(C)C(C)c1cc(OC(C)=O)c2c(c1)OC(C)(C)C1=C2CN(C)CC1,609,4,6059
5123,6061,CC1(C)OC(C#N)(CCCN)c2ccccc21,1000,3,6036
5124,6062,CCC1(CC=C2CCCCC2)C(=O)NC(=O)NC1=O,5470,1,6062
5125,6063,O=C(Cl)c1cc(I)c(I)c(I)c1,5469,1,6063
5126,6067,O=S(=O)(F)c1cc(Cl)cc(Cl)c1O,5468,1,6067
5127,6068,O=S(=O)(F)c1cc(Cl)c(O)cc1Cl,5467,1,6068
5128,6069,Cc1cccc(C)c1NC(=O)CN1CCCN1C,1773,2,6069
5129,6070,Cc1cccc(C)c1NC(=O)CCN1CCCN1C,1773,2,6069
5130,6071,CN(C)CCCNC1=C(Cl)C(=O)c2ccccc2C1=O,5466,1,6071
5131,6072,CCC(C)NC1=C(Cl)C(=O)c2ccccc2C1=O,5465,1,6072
5132,6073,CC=C1C[N+]2(C)CCC34C(=C(C=O)C1CC32)Nc1ccccc14,5464,1,6073
5133,6074,CCCCC(Oc1c(I)cc(I)c(N(Cc2ccccc2)C(C)=O)c1I)C(=O)O,77,11,6074
5134,6075,CCCCC(Oc1c(I)cc(I)c(N(CC)C(=O)CCC)c1I)C(=O)O,77,11,6074
5135,6076,N#CCCN1CCN(CCC#N)CC1,139,8,1995
5136,6077,O=C1C(Cl)=C(NCCCN2CCOCC2)C(=O)c2ccccc21,5463,1,6077
5137,6078,ON=C1c2cc(Cl)ccc2-c2ccc(Cl)cc21,5462,1,6078
5138,6079,O=C(CCl)Nc1c(Cl)cc(Cl)cc1Cl,1519,2,6079
5139,6080,COc1ccc(NC(=O)CCl)cc1,217,7,1672
5140,6081,Cn1c(CCC(N)=O)nc2c1c(=O)[nH]c(=O)n2C,5461,1,6081
5141,6082,CCC1C(C)=NN=C(c2ccc(OC)c(OC)c2)c2cc(OC)c(OC)cc21,5460,1,6082
5142,6083,Cc1ccccc1CC#N,5459,1,6083
5143,6085,C(=Nc1ccccc1)c1c[nH]c2ccccc12,143,8,6085
5144,6086,Fc1ccc(N=Cc2c[nH]c3ccccc23)cc1,143,8,6085
5145,6087,Clc1ccc(N=Cc2c[nH]c3ccccc23)cc1,143,8,6085
5146,6088,Clc1ccc(N=Cc2c[nH]c3ccccc23)cc1Cl,143,8,6085
5147,6089,O=C(O)c1ccc(Cl)cc1N=Cc1c[nH]c2ccccc12,861,3,6089
5148,6090,O=C(O)c1cc(Cl)ccc1N=Cc1c[nH]c2ccccc12,861,3,6089
5149,6091,FC(F)(F)c1cccc(N=Cc2c[nH]c3ccccc23)c1,143,8,6085
5150,6092,C(=Nc1nccs1)c1c[nH]c2ccccc12,5458,1,6092
5151,6093,CCCC1CCNCC1,5457,1,6093
5152,6094,C(=Nc1ccccn1)c1c[nH]c2ccccc12,5456,1,6094
5153,6095,CS(=O)(=O)C(Cl)(Cl)S(C)(=O)=O,5455,1,6095
5154,6096,CC(=O)c1ccc2c(c1)sc1ccccc12,5454,1,6096
5155,6097,COc1ccc2cc1Oc1ccc(cc1)CC1c3cc(c(OC)cc3CC[N+]1(C)C)Oc1c(OC)c(OC)cc3c1C(C2)[N+](C)(C)CC3,1772,2,201
5156,6098,CC(=C(CCOP(=O)(O)O)SC(=O)c1ccccc1)N(C=O)Cc1cnc(C)nc1N,999,1,6098
5157,6099,CC1(C)NCCNC1=O,5453,1,6099
5158,6100,O=C1NCCNC1(c1ccccc1)c1ccccc1,1243,2,6100
5159,6101,CN(C)CCOC(=O)CCN1CC1,99,9,3172
5160,6102,C=CCOC(=O)CCN1CC1,5452,1,6102
5161,6103,C#CCOC(=O)CCN1CC1,5451,1,6103
5162,6104,CC1(C)C(=O)NCCN1CCO,5450,1,6104
5163,6105,CCCCc1cccc(CCC)c1O,475,4,2067
5164,6106,CCCCc1cccc(C(C)C)c1O,540,3,6106
5165,6107,O=C(C=C(O)C(F)(F)F)c1cccs1,5449,1,6107
5166,6108,CC(S)C(=O)O,5448,1,6108
5167,6109,CC(=O)Nc1ccc(OCC(O)CNC(C)C)c(C(C)=O)c1,1771,1,6109
5168,6110,CNC(C)Cc1ccc(CC(C)NC)cc1,5447,1,6110
5169,6111,CC(Cc1ccc(CC(C)NCc2ccccc2)cc1)NCc1ccccc1,5446,1,6111
5170,6112,COP(=O)(SC)SC,5445,1,6112
5171,6113,CCCOCCOC(=O)C1=C(C)NC(C)=C(C(=O)OCCOCCC)C1c1cccc([N+](=O)[O-])c1,5444,1,6113
5172,6115,CC1(c2ccc(C3(C)CN3CCO)cc2)CN1CCO,5443,1,6115
5173,6116,C=CC1OC(C)CC(C)(C)O1,5442,1,6116
5174,6117,COc1cc(C(=O)OC(COCCC(C)C)CN2CCOCC2)cc(OC)c1OC,5441,1,6117
5175,6118,CCCCOc1c(OC)cccc1C(=O)OCCN(CC)CC,60,11,6118
5176,6119,CCCCNCCOC(=O)c1cccc(OC)c1OCCCC,60,11,6118
5177,6120,CCOc1c(OC)cccc1C(=O)OCCN1CCOCC1,204,7,6120
5178,6122,CN(C)N=Cc1ccc(Cl)cc1,5440,1,6122
5179,6123,CN(C)N=Cc1ccc(O)cc1,5439,1,6123
5180,6124,COc1cc(C(=O)Nc2ccc(SC)cc2)cc(OC)c1OC,5438,1,6124
5181,6125,CC(Oc1cccc(NC(=O)c2c(I)cc(I)c(N)c2I)c1)C(=O)O,998,3,6125
5182,6128,CCC(Oc1cccc(N(C)C(=O)c2c(I)cc(I)c(N)c2I)c1)C(=O)O,1770,2,6128
5183,6129,CCC(Oc1cccc(N(C)C(=O)c2c(I)cc(I)c(N(CC)C(C)=O)c2I)c1)C(=O)O,1770,2,6128
5184,6130,CCC(Oc1ccc(NC(=O)c2c(I)cc(I)c(N)c2I)cc1)C(=O)O,998,3,6125
5185,6131,CCCCC(Oc1cccc(NC(=O)c2c(I)cc(I)c(N)c2I)c1)C(=O)O,998,3,6125
5186,6132,CCN(C(C)=O)c1c(I)cc(I)c(C(=O)Nc2ccc(CC(=O)O)cc2)c1I,1769,2,6132
5187,6133,CCN(C(C)=O)c1c(I)cc(I)c(C(=O)Nc2ccc(CCC(=O)O)cc2)c1I,1769,2,6132
5188,6134,Nc1c(I)cc(I)c(C(=O)Nc2cccc(CCC(=O)O)c2)c1I,398,5,6134
5189,6135,Nc1c(I)cc(I)c(C(=O)Nc2ccc(CCC(=O)O)cc2)c1I,997,2,6135
5190,6136,CCC(Cc1cccc(NC(=O)c2c(I)cc(I)c(N)c2I)c1)C(=O)O,398,5,6134
5191,6137,CCC(Cc1cccc(NC(=O)c2c(I)cc(I)c(N=CN(C)C)c2I)c1)C(=O)O,398,5,6134
5192,6138,CCC(Cc1cccc(NC(=O)c2c(I)cc(I)c(N(C)C(C)=O)c2I)c1)C(=O)O,398,5,6134
5193,6139,CCC(Cc1cccc(NC(=O)c2c(I)cc(I)c(N(CC)C(C)=O)c2I)c1)C(=O)O,398,5,6134
5194,6140,Nc1c(I)cc(I)c(C(=O)Nc2cccc(CCCC(=O)O)c2)c1I,997,2,6135
5195,6141,COc1ccc(C(=O)C(=O)c2ccccc2)cc1,5437,1,6141
5196,6143,COc1ccc(CN2CCCC2)cc1OC,1172,2,6143
5197,6144,CCS(=O)(=O)c1ccc2c(c1)N(CCN(C)C)C(=O)c1ccccc1N2C,1768,2,377
5198,6145,CCCCCCCCCCCCCC1OC(=O)C(C)=C1C(=O)O,5436,1,6145
5199,6146,CC(=O)NNC(=O)c1ccc([N+](=O)[O-])cc1,5435,1,6146
5200,6147,CCN(CCN1CCOCC1)CC(O)COc1ccccc1Cl,94,10,5929
5201,6148,CC(C)N(CCN1CCOCC1)CC(O)COc1ccccc1Cl,397,2,5928
5202,6149,CCCCN(CCN1CCOCC1)CC(O)COc1ccccc1Cl,94,10,5929
5203,6150,CCCN(CCN1CCCCC1)CC(O)COc1ccccc1Cl,283,2,6150
5204,6151,CCCCN(CCN1CCCCC1)CC(O)COc1ccccc1Cl,283,2,6150
5205,6152,CCCN(CCN1CCOCC1)CC(O)COc1ccc(Cl)cc1,94,10,5929
5206,6153,CC(C)N(CCN1CCOCC1)CC(O)CSc1ccc(Cl)cc1,5434,1,6153
5207,6154,CC(C)CN(CCN1CCOCC1)CC(O)CSc1ccccc1Cl,5433,1,6154
5208,6155,CN(CCN1CCOCC1)CC(O)COc1ccc(Cl)cc1Cl,94,10,5929
5209,6156,CCN(CCN1CCOCC1)CC(O)COc1ccc(Cl)cc1Cl,94,10,5929
5210,6157,CCCN(CCN1CCOCC1)CC(O)COc1ccc(Cl)cc1Cl,94,10,5929
5211,6158,CC(C)N(CCN1CCOCC1)CC(O)COc1ccc(Cl)cc1Cl,94,10,5929
5212,6159,CN(CCN1CCCCC1)CC(O)COc1ccc(Cl)cc1Cl,396,2,6159
5213,6160,CCN(CCN1CCCCC1)CC(O)COc1ccc(Cl)cc1Cl,94,10,5929
5214,6161,CC(C)N(CCN1CCCCC1)CC(O)COc1ccc(Cl)cc1Cl,396,2,6159
5215,6162,CCCCN(CCN1CCCCC1)CC(O)COc1ccc(Cl)cc1Cl,94,10,5929
5216,6163,Cc1ccccc1OCC(O)CN(C)CCN1CCCCC1,5432,1,6163
5217,6164,CC(C)NCC(O)Cc1ccccc1,1767,2,6164
5218,6165,CC(C)NCC(O)Cc1cccc(Cl)c1,1767,2,6164
5219,6170,COc1ccc(CC2NCC(O)C2OC(C)=O)cc1,5431,1,6170
5220,6171,CCCCNc1cc(C(=O)O)cc(S(N)(=O)=O)c1Cl,5430,1,6171
5221,6173,CCN(CC)CCOc1ccccc1C(=O)CCc1ccccc1C,282,6,2527
5222,6174,CCN(CC)CCOc1ccccc1C(=O)CCc1ccc(C)cc1,282,6,2527
5223,6175,CCc1ccc(CCC(=O)c2ccccc2OCCN(CC)CC)cc1,282,6,2527
5224,6176,CCN(CC)CCOc1ccccc1C(=O)CCc1ccc(C(C)(C)C)cc1,282,6,2527
5225,6177,CCN(CC)CCOc1ccccc1C(=O)CCc1cccc(C)c1,282,6,2527
5226,6178,N#CC1(N2CCCC2)CCCCC1,1766,2,3092
5227,6180,ON=C1CCc2c1[nH]c1ccccc21,5429,1,6180
5228,6181,CN1CCC23c4c5ccc(O)c4OC2C([N-][N+]#N)CCC3C1C5,395,5,1372
5229,6182,C=C(C)C1CCC(C)=CC1c1c(O)cc(O)cc1CCCCC,1765,2,622
5230,6187,CC(=O)Oc1ccc(CCC(=O)OC2CC3CCC(C2)N3C)cc1,5428,1,6187
5231,6188,O=S(=O)(c1ccccc1)c1ccc(Br)cc1,996,3,1157
5232,6189,CC(=O)Nc1c2ccccc2nc2ccccc12,5427,1,6189
5233,6190,CN1C(C)(C)CC(OC(=O)CCc2ccccc2)CC1(C)C,1764,2,5827
5234,6191,CCOP(=O)(OCC)OCCSCC,5426,1,6191
5235,6192,Cc1ccc(C)c(CCN)c1,5425,1,6192
5236,6194,Cc1cccc(C)c1NC1=NCCCS1,1740,2,6194
5237,6196,CCOC(CN1CCCC1)OCC,1242,2,6196
5238,6197,c1ccc(CN2CCN(CCN3CCN(Cc4ccccc4)CC3)CC2)cc1,5424,1,6197
5239,6198,CCOC(=O)NCCN1CCN(Cc2ccccc2)CC1,5423,1,6198
5240,6199,CCOC(=O)NCCN1CCN(C(=O)OCC)CC1,5422,1,6199
5241,6204,NC(=S)N1CCN(Cc2ccccc2)CC1,5421,1,6204
5242,6205,O=S(=O)(O)CCCN1CCN(Cc2ccccc2)CC1,5420,1,6205
5243,6206,CCOC(=O)N1CCN(CCCS(=O)(=O)O)CC1,5419,1,6206
5244,6208,CCOC(=O)C1=C(C)NC(C)=C(C(=O)OCC)C1c1ccco1,5418,1,6208
5245,6209,CCOC(=O)C1=C(C)NC(C)=C(C(=O)OCC)C1c1cccs1,5417,1,6209
5246,6210,CCOC(=O)C1=C(C)NC(C)=C(C(=O)OCC)C1c1ccccn1,5416,1,6210
5247,6211,CCCCCC/C=N/c1nnc[nH]1,5415,1,6211
5248,6213,CCCCCc1cc(OC(C)=O)c2c(c1)OC(C)(C)C1CCC(C)=CC21,1763,2,150
5249,6214,Brc1cccc(OCCN2CCCC2)c1,5414,1,6214
5250,6215,CC=C1CN2C3CC1C(CO)C2Cc1c3[nH]c2cc(OC)ccc12,5413,1,6215
5251,6216,CC[N+]1(CCOC(=O)C(O)(c2ccccc2)c2ccccc2)CCCCC1,5412,1,6216
5252,6218,CCN(C(C)=O)c1c(I)cc(I)c(OC(C(=O)O)c2ccccc2)c1I,77,11,6074
5253,6219,CC(=O)Nc1c(I)cc(I)c(OC(C(=O)O)c2ccccc2)c1I,176,5,6219
5254,6220,CC(=O)N(C)c1c(I)cc(I)c(OC(C(=O)O)c2ccccc2)c1I,93,9,6220
5255,6221,CCC(=O)N(C)c1c(I)cc(I)c(OC(C(=O)O)c2ccccc2)c1I,93,9,6220
5256,6222,CCC(=O)Nc1c(I)cc(I)c(OC(C(=O)O)c2ccccc2)c1I,1762,1,6222
5257,6223,CCC(=O)N(CC)c1c(I)cc(I)c(OC(C(=O)O)c2ccccc2)c1I,93,9,6220
5258,6225,CC(=O)N(C)c1c(I)cc(I)c(OC(C(=O)O)c2ccc(I)cc2)c1I,93,9,6220
5259,6226,CCN(C(C)=O)c1c(I)cc(I)c(OC(C(=O)O)c2ccc(C)cc2)c1I,110,5,6226
5260,6227,CC(=O)Nc1c(I)cc(I)c(OC(C(=O)O)c2ccc(C)cc2)c1I,281,3,6227
5261,6228,CC(=O)N(C)c1c(I)cc(I)c(OC(C(=O)O)c2ccc(C)cc2)c1I,93,9,6220
5262,6229,CCN(C(C)=O)c1c(I)cc(I)c(OC(C(=O)O)c2cccc(C)c2)c1I,110,5,6226
5263,6230,CC(=O)N(C)c1c(I)cc(I)c(OC(C(=O)O)c2cccc(C)c2)c1I,93,9,6220
5264,6231,CC(=O)Nc1c(I)cc(I)c(OC(C(=O)O)c2cccc(C)c2)c1I,281,3,6227
5265,6232,CC(=O)N(C)c1c(I)cc(I)c(OC(C(=O)O)c2ccccc2C)c1I,93,9,6220
5266,6233,CC(=O)Nc1c(I)cc(I)c(OC(C(=O)O)c2ccccc2C)c1I,281,3,6227
5267,6234,CCN(C(C)=O)c1c(I)cc(I)c(OC(C(=O)O)c2ccccc2C)c1I,110,5,6226
5268,6235,CCN(CC)CCNC(=O)c1cc(Cl)c(N)cc1OCc1ccccc1,995,3,658
5269,6236,Nc1cc(OCc2ccccc2)c(C(=O)NCCN2CCOCC2)cc1Cl,5411,1,6236
5270,6237,CCN1CCCC1CNC(=O)c1cc(Cl)cc(Cl)c1OCc1ccccc1,5410,1,6237
5271,6238,CCN(CC)CCNC(=O)c1cc(Cl)cc(Cl)c1OCc1ccccc1,995,3,658
5272,6239,CC(=O)N(C)c1c(I)cc(I)c(C(C)C(=O)O)c1I,606,4,6239
5273,6240,CC(=O)Nc1c(I)cc(I)c(C(C)C(=O)O)c1I,608,4,6240
5274,6241,CCC(C(=O)O)c1c(I)cc(I)c(N(C)C(C)=O)c1I,606,4,6239
5275,6242,CCCC(C(=O)O)c1c(I)cc(I)c(N)c1I,1761,2,5977
5276,6243,CCCC(C(=O)O)c1c(I)cc(I)c(NC(C)=O)c1I,608,4,6240
5277,6244,CCCC(C(=O)O)c1c(I)cc(I)c(N(CC)C(C)=O)c1I,606,4,6239
5278,6245,C=CCN1CCN(CCCn2cnc3c2c(=O)n(C)c(=O)n3C)CC1,616,2,5677
5279,6246,O=c1ccc2c[nH][nH]c-2c1,5409,1,6246
5280,6247,CCOC(=O)Nc1cnc2ccccc2c1,5408,1,6247
5281,6248,CC(=O)OC1C(O)C2OC3C=C(C)C(=O)C(O)C3(CO)C1(C)C21CO1,1760,2,6248
5282,6251,CCN(C(C)=O)c1c(I)cc(I)c(C(C)C(=O)O)c1I,607,2,6251
5283,6252,CCC(C(=O)O)c1c(I)cc(I)c(NC(C)=O)c1I,608,4,6240
5284,6253,CCC(C(=O)O)c1c(I)cc(I)c(N(CC)C(C)=O)c1I,607,2,6251
5285,6254,CCCC(C(=O)O)c1c(I)cc(I)c(N(C)C(C)=O)c1I,606,4,6239
5286,6255,CCN(C(C)=O)c1c(I)cc(I)c(OC(C(=O)O)c2ccc(I)cc2)c1I,110,5,6226
5287,6256,CCN1CCC(C(=O)Nc2c(C)cccc2C)N1CC,5407,1,6256
5288,6257,CC1=CC2OC3C(O)C(O)C(C)(C34CO4)C2(CO)C(O)C1=O,1760,2,6248
5289,6260,Cc1cccc(C)c1NC(=O)C1CCN(C)N1C,5406,1,6260
5290,6261,O=C(Nc1ccc(Br)cc1)N1CCC2N(C(=O)Nc3ccc(Br)cc3)CCC3N(C(=O)Nc4ccc(Br)cc4)CCC1N23,1759,2,4297
5291,6262,Cc1cccc(Cl)c1NC(=O)C1=CCCN(C)C1,5405,1,6262
5292,6263,CCC12CN3CCc4c([nH]c5ccccc45)C(C(=O)OC)(c4cc5c(cc4OC)N(C)C4C(O)(C(=O)OC)C(OC(C)=O)C6(CC)C=CCN7CCC54C76)CC(C3)C1O2,5404,1,6263
5293,6264,O=C(O)C(=O)C1CC=CCC1,5403,1,6264
5294,6265,Cc1cc(O)c(S(=O)(=O)F)cc1Cl,5402,1,6265
5295,6266,O=C(Oc1ccc(S(=O)(=O)F)cc1Cl)C(Cl)(Cl)Cl,5401,1,6266
5296,6267,O=C(Nc1cccc(Cl)c1)Oc1ccc(S(=O)(=O)F)cc1F,5400,1,6267
5297,6268,CN(C)C(=S)Oc1ccc(S(=O)(=O)F)cc1Cl,5399,1,6268
5298,6269,O=C(Oc1ccc(Cl)cc1Cl)C(Cl)(Cl)Cl,5398,1,6269
5299,6271,Cc1cccc(NC2=NCCO2)c1C,704,3,6271
5300,6272,Cc1c(Cl)cccc1NC1=NCCO1,963,3,5950
5301,6273,CCc1ccccc1NC1=NCCO1,1758,2,5947
5302,6274,Cc1ccc(NC(=O)NCCBr)cc1C,5397,1,6274
5303,6275,Cc1ccc(NC2=NCCO2)cc1C,5396,1,6275
5304,6276,CC(C)(C)NC1=CC(=O)c2ccccc2C1=O,5395,1,6276
5305,6277,O=C1NC(=O)C(=CC=Cc2ccccc2)C(=O)N1,5394,1,6277
5306,6278,O=S(=O)(Oc1cc(Cl)ccc1Cl)c1ccc(Br)cc1,5393,1,6278
5307,6279,COC(C)(C)CC(C)OS(=O)(=O)c1ccc(Br)cc1,5392,1,6279
5308,6280,CCCNC(C)C(=O)NC(c1ccccc1)C1CCCC1,280,6,5659
5309,6281,CCCNC(C)C(=O)NC(c1ccccc1)C1CCC1,280,6,5659
5310,6282,CCCNC(C)C(=O)NC(c1ccccc1)C1CC1,280,6,5659
5311,6283,CCCNC(C)C(=O)NC(CC)c1ccccc1,994,1,6283
5312,6284,CCN(CC)CC(=O)NC(c1ccccc1)C1CC1,394,5,5658
5313,6287,c1ccc(CN2CC3CCCC(C2)N3CCN2CCOCC2)cc1,605,4,6287
5314,6288,CN(C)CCCN1C2CCCC1CN(Cc1ccccc1)C2,605,4,6287
5315,6290,c1ccc(CN2CC3CCCC(C2)N3CCCN2CCCCC2)cc1,605,4,6287
5316,6291,c1ccc(CN2CC3CCCC(C2)N3CCCN2CCOCC2)cc1,605,4,6287
5317,6292,CC(CN1C2CCCC1CN(Cc1ccccc1)C2)N1CCCCC1,5391,1,6292
5318,6297,CCCCCCC[N+]1(CC)CCCCC1,32,15,4992
5319,6298,CCCCCCCC[N+]1(CC)CCCCC1,32,15,4992
5320,6299,CCCCCCCCC[N+]1(CC)CCCCC1,32,15,4992
5321,6300,CCCCCCCCCC[N+]1(CC)CCCCC1,32,15,4992
5322,6301,CN1CCN(c2ccc3nc(-c4ccc5nc(-c6ccc(O)cc6)[nH]c5c4)[nH]c3c2)CC1,5390,1,6301
5323,6302,CN(C)CCC1c2ccccc2CCc2ccccc21,1757,2,5612
5324,6303,CCCNC(C)C(=O)NC(C)c1ccccc1,280,6,5659
5325,6304,Cn1c2c(c3c1CCCC3)CCCC2,5389,1,6304
5326,6305,O=C1CSC(=S)N1c1ccccc1Cl,5388,1,6305
5327,6306,CC(C)CNCc1ccccc1,5387,1,6306
5328,6308,CCCC(C)OS(=O)(=O)c1ccc(NC(C)=O)cc1,5386,1,6308
5329,6310,CC(=O)n1cc(C)c2ccccc21,5385,1,6310
5330,6311,CCCC1(c2ccccc2)CC(=O)N(CCCN(C)CCO)C1=O,5384,1,6311
5331,6312,Cc1cccc(C)c1NC(=O)CN(C)CCCl,57,12,6312
5332,6313,Cc1cccc(C)c1NC(=O)CN(C)CCCCl,57,12,6312
5333,6314,CC(C)COC(=O)C1NCC(O)c2cc(O)ccc21,1221,2,6314
5334,6315,CCN1CC(O)c2cc(O)ccc2C1C(=O)O,1756,1,6315
5335,6316,O=C1NCC(O)c2cc(O)c(O)cc2C1O,5383,1,6316
5336,6317,CCCCCCCN(CCCN(C)C)c1ccccn1,5382,1,6317
5337,6319,CN1CC(O)c2cc(O)ccc2C1C(=O)O,228,6,6319
5338,6320,CC(=NNc1ccc(Cl)cc1)[N+](=O)[O-],5381,1,6320
5339,6321,CCOC(=O)c1cc(=O)c2cccc(C(F)(F)F)c2[nH]1,5380,1,6321
5340,6324,CN(CCCO)CCC(c1ccccc1)c1ccccc1,1755,1,6324
5341,6325,O=c1c2ccccc2ncn1CC#CCN1CCCC1,5379,1,6325
5342,6326,O=C1C=C(NCC2CCCCC2)C(=O)c2ccccc21,5378,1,6326
5343,6327,CCOC(=O)c1ccc(NC(=O)CN)cc1,5377,1,6327
5344,6328,CC(=O)C1CCC2C3CCC4CC(O)CCC4(C)C3C(=O)CC12C,993,3,1159
5345,6329,O=C1NCCN(CCO)C1(c1ccccc1)c1ccccc1,5376,1,6329
5346,6332,CCCCc1c(C)[nH]c(NCC)nc1=O,5375,1,6332
5347,6333,COc1cccc(C(=O)OCCN(C)C)c1O,279,2,6333
5348,6334,CCOc1c(OC)cccc1C(=O)OCCN(C)C,60,11,6118
5349,6335,COc1cccc(C(=O)OCCN2CCOCC2)c1O,204,7,6120
5350,6336,CCCCOc1c(OC)cccc1C(=O)OCCN(C)C,60,11,6118
5351,6337,CCCOc1c(OC)cccc1C(=O)OCCN(CC)CC,60,11,6118
5352,6338,CCCOc1c(OC)cccc1C(=O)OCCN1CCOCC1,204,7,6120
5353,6339,COc1cccc(C(=O)OCCN(C)C)c1OC,279,2,6333
5354,6340,CCN(CC)CCOC(=O)c1cccc(OC)c1OC,60,11,6118
5355,6342,CCCCOc1c(OC)cccc1C(=O)OCCN1CCOCC1,204,7,6120
5356,6343,CCCCOc1c(OC)cccc1C(=O)OCC[N+]1(C)CCOCC1,204,7,6120
5357,6344,CCCCOc1c(OC)cccc1C(=O)OCCNC(C)C,60,11,6118
5358,6345,CCOc1c(OC)cccc1C(=O)NCCN(C)C,992,2,6345
5359,6346,CCCOc1c(OC)cccc1C(=O)NCCN(C)C,992,2,6345
5360,6347,C1COCCN2CCOCCOCCN(CCO1)CCOCCOCC2,5374,1,6347
5361,6348,C[N+](C)(CCO)CCC(=O)c1ccccc1,393,5,6348
5362,6349,CC(=O)OCC[N+](C)(C)CC(=O)c1ccccc1,991,2,6349
5363,6350,CC(=O)OCC[N+](C)(C)CCC(=O)c1ccccc1,991,2,6349
5364,6351,CCN(CC)CCOC(=O)c1cccc(OC)c1O,60,11,6118
5365,6352,CCOc1c(OC)cccc1C(=O)OCCN(CC)CC,60,11,6118
5366,6353,COc1cccc(C(=O)OCCN2CCOCC2)c1OC,204,7,6120
5367,6354,COc1cc(C(=O)OCCCNCCC(c2ccccc2)c2ccccc2)cc(OC)c1OC,5373,1,6354
5368,6355,Cc1cccc(C)c1N=CN(C)C,5372,1,6355
5369,6356,CCCOc1c(OC)cccc1C(=O)OCCN(C)C,60,11,6118
5370,6357,O=C(O)c1ccc(Cl)s1,5371,1,6357
5371,6358,CC(=O)OCC[N+](C)(C)CCCC(=O)c1ccccc1,393,5,6348
5372,6359,C[N+](C)(CCO)CCCC(=O)c1ccccc1,393,5,6348
5373,6360,C[N+](C)(C)CCCC(=O)c1ccccc1,393,5,6348
5374,6361,CCN(CC)CCNc1ccc(Cl)cc1[N+](=O)[O-],925,3,6361
5375,6362,O=C(CCN1CC1)OCC(F)(F)F,392,5,6362
5376,6363,O=C(CCN1CC1)Oc1ccccc1,5370,1,6363
5377,6364,O=C(CCN1CC1)OCc1ccccc1,835,2,6364
5378,6365,COCCOC(=O)CCN1CC1,99,9,3172
5379,6366,O=C(CCN1CC1)OCC(F)(F)C(F)F,392,5,6362
5380,6367,CN1CCCC(OC(=O)CCN2CC2)C1,454,4,6367
5381,6368,O=C(CCN1CC1)OCC(F)(F)C(F)(F)F,392,5,6362
5382,6369,O=C1C(=Cc2cccc3ccccc23)N2CCC1CC2,5369,1,6369
5383,6370,CCOC(=O)C(C#N)=CC=Cc1ccccc1,5368,1,6370
5384,6371,O=C(Nc1ccc(NC(=O)C(F)(F)C(F)(F)C(F)(F)C(F)(F)C(F)(F)C(F)(F)C(F)(F)F)cc1)C(F)(F)C(F)(F)C(F)(F)C(F)(F)C(F)(F)C(F)(F)C(F)(F)F,5367,1,6371
5385,6372,CC(=O)OC1CCC2(C)C3CCC4C5(O)CC(OC(C)=O)C6(O)C(CN7CC(C)CCC7C6(C)O)C5(O)CC42OC13OC(C)=O,275,6,819
5386,6373,CC(=O)OC1CCC2(C)C3CCC4C5(O)CC(O)C6(O)C(CN7CC(C)CCC7C6(C)O)C5(O)CC42OC13OC(C)=O,275,6,819
5387,6374,O=C(OCCN1CCCCC1)C1(c2ccccc2)CCCC1,1539,2,6374
5388,6375,O=C(CCN1CC1)OCC(F)(F)C(F)(F)C(F)(F)F,392,5,6362
5389,6377,Nc1ccc2c(c1)C(=O)c1cc(N)ccc1S2(=O)=O,5366,1,6377
5390,6378,CCCCCC[N+]1(CC)CCCCC1,32,15,4992
5391,6379,Cn1c(=O)c2[nH]c(I)nc2n(C)c1=O,5365,1,6379
5392,6380,CN(C)CCn1c2ccccc2c(=O)c2c([N+](=O)[O-])cccc21,1754,2,6380
5393,6381,CN(C)CCCn1c2ccccc2c(=O)c2c([N+](=O)[O-])cccc21,1754,2,6380
5394,6382,CC(C)OC(=O)N1CCN(CCN(C)C)CC1,51,13,6382
5395,6383,CCCCCNCCN1CCN(C(=O)OC(C)C)CC1,203,7,6383
5396,6384,CC(C)CN(CCN1CCN(C(=O)OC2CCCCC2)CC1)CC(C)C,202,6,6384
5397,6385,CCN(CC)CCN1CCN(C(=O)OC)CC1,142,5,6385
5398,6386,CCOC(=O)N1CCN(CCN(CC)CC)CC1,142,5,6385
5399,6387,CCCOC(=O)N1CCN(CCN(CC)CC)CC1,142,5,6385
5400,6388,CCN(CC)CCN1CCN(C(=O)OC(C)C)CC1,51,13,6382
5401,6389,CCCCOC(=O)N1CCN(CCN(CC)CC)CC1,142,5,6385
5402,6390,CCN(CC)CCN1CCN(C(=O)OCC(C)C)CC1,142,5,6385
5403,6391,CCN(CC)CCN1CCN(C(=O)OC2CCCCC2)CC1,202,6,6384
5404,6392,CCOC(=O)N1CCN(CCN(C)C)CC1,278,3,6392
5405,6393,CCOC(=O)N1CCN(CCN(CC(C)C)CC(C)C)CC1,51,13,6382
5406,6394,CCOC(=O)N1CCN(CCN(C(C)C)C2CCCCC2)CC1,5364,1,6394
5407,6395,CCOC(=O)N1CCN(CCNC2CCCCC2)CC1,145,8,5607
5408,6396,CCCCCCNCCN1CCN(C(=O)OCC)CC1,203,7,6383
5409,6397,CCOC(=O)N1CCN(CCN2CCCC2)CC1,278,3,6392
5410,6398,CCOC(=O)N1CCN(CCN2CCOCC2)CC1,1753,1,6398
5411,6399,CCCOC(=O)N1CCN(CCN(CC(C)C)CC(C)C)CC1,51,13,6382
5412,6400,CC(C)OC(=O)N1CCN(CCN(C(C)C)C(C)C)CC1,51,13,6382
5413,6401,CCCCN(CCCC)CCN1CCN(C(=O)OC(C)C)CC1,51,13,6382
5414,6402,CC(C)CN(CCN1CCN(C(=O)OC(C)C)CC1)CC(C)C,51,13,6382
5415,6403,CC(C)CN(CCN1CCN(C(=O)OC(C)C)CC1)C(C)C,51,13,6382
5416,6404,CCCCN(CCN1CCN(C(=O)OC(C)C)CC1)C1CCCCC1,391,3,6404
5417,6405,CC(C)CN(CCN1CCN(C(=O)OC(C)C)CC1)C1CCCCC1,51,13,6382
5418,6406,CC(C)NCCN1CCN(C(=O)OC(C)C)CC1,203,7,6383
5419,6407,CC(C)OC(=O)N1CCN(CCN(C(=O)OC(C)C)C(C)C)CC1,141,2,6407
5420,6408,CCCCNCCN1CCN(C(=O)OC(C)C)CC1,203,7,6383
5421,6409,CCCCN(CCN1CCN(C(=O)OC(C)C)CC1)C(=O)OC(C)C,390,2,6409
5422,6410,CC(C)CNCCN1CCN(C(=O)OC(C)C)CC1,203,7,6383
5423,6411,CC(C)OC(=O)N1CCN(CCN(C(=O)OC(C)C)C(C)(C)C)CC1,141,2,6407
5424,6412,CCCCCN(CCN1CCN(C(=O)OC(C)C)CC1)C(=O)OC(C)C,390,2,6409
5425,6413,CC(C)CCNCCN1CCN(C(=O)OC(C)C)CC1,203,7,6383
5426,6414,CC(C)CCN(CCN1CCN(C(=O)OC(C)C)CC1)C(=O)OC(C)C,51,13,6382
5427,6415,CC(C)OC(=O)N1CCN(CCNC2CCCCC2)CC1,145,8,5607
5428,6416,CC(C)OC(=O)N1CCN(CCN(C(=O)OC(C)C)c2ccccc2)CC1,5363,1,6416
5429,6417,CCCCOC(=O)N1CCN(CCN(CC(C)C)CC(C)C)CC1,51,13,6382
5430,6418,CC(C)COC(=O)N1CCN(CCN(CC(C)C)CC(C)C)CC1,51,13,6382
5431,6419,CCCN(CCN1CCN(C(=O)OCC(C)C)CC1)C1CCCCC1,391,3,6404
5432,6420,CCCCNCCN1CCN(C(=O)OCCC(C)C)CC1,203,7,6383
5433,6421,CC(C)N(CCN1CCN(C(=O)OC2CCCCC2)CC1)C(C)C,202,6,6384
5434,6422,CC(C)CN(CCN1CCN(C(=O)OC2CCCCC2)CC1)C(C)C,202,6,6384
5435,6423,CCCCNCCN1CCN(C(=O)OC2CCCCC2)CC1,145,8,5607
5436,6424,CC(C)NCCN1CCN(C(=O)OC2CCCCC2)CC1,145,8,5607
5437,6425,CC(C)N(CCN1CCN(C(=O)OC2CCCCC2)CC1)C(=O)OC1CCCCC1,202,6,6384
5438,6426,CC(C)CNCCN1CCN(C(=O)OC2CCCCC2)CC1,145,8,5607
5439,6427,CC(C)(C)NCCN1CCN(C(=O)OC2CCCCC2)CC1,145,8,5607
5440,6428,CCCCCNCCN1CCN(C(=O)OC2CCCCC2)CC1,145,8,5607
5441,6429,C#CC1(O)CC(C)(C)OC1(C)C,5362,1,6429
5442,6430,COC(COC(N)=O)C1=C(N2CC2)C(=O)C(C)=C(N2CC2)C1=O,5361,1,6430
5443,6431,CCOC(=O)NCCCCN1CCN(CCN(CC)CC)CC1,5360,1,6431
5444,6432,CCOC(=O)N1CCN(C(C)CN(C)C)CC1,1752,2,6432
5445,6433,CCCCN(CCCC)CC(C)N1CCN(C(=O)OCC)CC1,1752,2,6432
5446,6434,CCOC(=O)N1CCN(CCCN(C)C)CC1,278,3,6392
5447,6435,O=S(OCCc1ccccc1)OCCc1ccccc1,5359,1,6435
5448,6436,CCC1(O)CC(C)(C)OC1(C)C,5358,1,6436
5449,6437,CC(=O)C1(O)CC(C)(C)OC1(C)C,5357,1,6437
5450,6438,NC(=O)C1CCCN1C(=O)C(Cc1cnc[nH]1)NC(=O)C1CCC(=O)N1,784,3,6438
5451,6439,C#CCN=C=S,5356,1,6439
5452,6440,CCCOC(=O)N1CCN(CCN(C2CCCCC2)C2CCCCC2)CC1,5355,1,6440
5453,6441,CC(C)CN(CCN1CCN(C(=O)OC(C)C)CC1)C(=O)OC(C)C,51,13,6382
5454,6442,CC(C)OC(=O)N1CCN(CCNC(C)(C)C)CC1,990,1,6442
5455,6443,CCCCN(CCCC)CCN1CCN(C(=O)OC2CCCCC2)CC1,202,6,6384
5456,6444,CCC(Oc1c(I)cc(I)c(NC(C)=O)c1I)C(=O)O,989,2,2089
5457,6445,CCCN(C(C)=O)c1c(I)cc(I)c(OCC(=O)O)c1I,150,7,4434
5458,6446,CCCCN(C(C)=O)c1c(I)cc(I)c(OCC(=O)O)c1I,150,7,4434
5459,6447,CC(=O)N(Cc1ccccc1)c1c(I)cc(I)c(OCC(=O)O)c1I,150,7,4434
5460,6448,CC(=O)N(C)c1c(I)cc(I)c(OC(C)C(=O)O)c1I,93,9,6220
5461,6449,CCN(C(C)=O)c1c(I)cc(I)c(OC(C)C(=O)O)c1I,77,11,6074
5462,6451,CCCC(Oc1c(I)cc(I)c(N(C)C(C)=O)c1I)C(=O)O,77,11,6074
5463,6452,CCCC(Oc1c(I)cc(I)c(N(CC)C(C)=O)c1I)C(=O)O,77,11,6074
5464,6453,CCCCC(Oc1c(I)cc(I)c(N(CC)C(C)=O)c1I)C(=O)O,77,11,6074
5465,6454,CCCCC(Oc1c(I)cc(I)c(N(CCC)C(C)=O)c1I)C(=O)O,77,11,6074
5466,6455,CCCCC(Oc1c(I)cc(I)c(N(CCCC)C(C)=O)c1I)C(=O)O,77,11,6074
5467,6456,CCC(=O)N(C)c1c(I)cc(I)c(OC(CC)C(=O)O)c1I,140,2,6456
5468,6458,CCCC(=O)N(CC)c1c(I)cc(I)c(OC(CC)C(=O)O)c1I,77,11,6074
5469,6459,CCCCC(Oc1c(I)cc(I)c(N(C)C(=O)CC)c1I)C(=O)O,140,2,6456
5470,6460,CCCCC(Oc1c(I)cc(I)c(N(CC)C(=O)CC)c1I)C(=O)O,77,11,6074
5471,6462,CN1CCCCC1c1cccnc1,5354,1,6462
5472,6463,CCCCNC(=O)C(C)(C)C(=O)C(C)C,1482,2,6463
5473,6464,CC(N)C(=O)NC1C(C)OC(=O)C2C(=O)CC(O)C(O)C21,5353,1,6464
5474,6465,CC(C)(C)c1nc2ccccc2[nH]1,988,3,1303
5475,6466,CCN(CC)CCN(CC)CCN(CC)CC,5352,1,6466
5476,6467,CC1(c2ccccc2)OC1C(N)=O,5351,1,6467
5477,6468,CCOC(=O)C1(c2ccccc2)CCNCC1,11,21,298
5478,6469,C[N+](C)(C)CC(=O)c1ccccc1,5350,1,6469
5479,6474,C=CCNC(=S)N(CC=C)CC=C,5349,1,6474
5480,6476,O=S(=O)(NC(=S)Nc1ccccc1)c1ccccc1,1751,2,3817
5481,6477,C[N+](C)(C)CCON=c1c2ccccc2ccc2ccccc12,480,4,5999
5482,6478,CC[N+](C)(C)C(C)CON=c1c2ccccc2ccc2ccccc12,1750,2,6478
5483,6479,CC(CON=c1c2ccccc2ccc2ccccc12)[N+](C)(C)C,1750,2,6478
5484,6480,CCCCCCCNc1ccccn1,5348,1,6480
5485,6481,CN(CC(=O)N1CCOCC1)Cc1c(Cl)cccc1NC(=O)c1ccccc1,5347,1,6481
5486,6482,COc1ccc2c(c1O)-c1ccccc1CCN(C)C2,5346,1,6482
5487,6483,CN1CCN(CC(=O)N/N=C/c2ccc([N+](=O)[O-])o2)CC1,5345,1,6483
5488,6484,CCOC(=O)C1CC(N(CCCl)CCCl)CN1,5344,1,6484
5489,6485,CN(C)c1ccc(C(=O)CCCN2CCC(O)(c3ccc(Cl)cc3)CC2)cc1,221,7,406
5490,6486,COc1cc(C(C)=O)ccc1OCCCN1CCC(C(=O)c2ccc(F)cc2)CC1,5343,1,6486
5491,6487,O=C(CCCN1CCC(C(=O)c2ccc(F)cc2)CC1)c1ccc(F)cc1,42,14,2269
5492,6488,NC(=O)c1nc(N)nc(N)c1Cl,5342,1,6488
5493,6490,CC1CC(C)(C)CC2(C1)OCCS2,5341,1,6490
5494,6491,CC(C)(C)C1CCC(OCCCS)CC1,5340,1,6491
5495,6492,CCN(CC)CCn1nc2c(cc1=O)N(C)c1ccccc1O2,5339,1,6492
5496,6493,CC(O)CN(c1ccccc1)c1ccccc1,5338,1,6493
5497,6494,C[N+](C)(CCCCCCCCCCCC[N+](C)(C)Cc1ccc(Cl)cc1)Cc1ccc(Cl)cc1,1749,1,6494
5498,6495,CCN(CC)CCCOc1cc(Cl)cc(Cl)c1OC,5337,1,6495
5499,6496,S=C(Nc1ccccc1)Nc1cccc2ccccc12,1249,2,6496
5500,6497,COc1cc(OCC(N)=O)cc(OC)c1OC,1748,2,6497
5501,6498,COc1cc(OCC(=O)N2CCOCC2)cc(OC)c1OC,498,2,6498
5502,6499,COc1cc(OCC(=O)NN)cc(OC)c1OC,1748,2,6497
5503,6500,CCN(CC)CCNC(=O)COc1cc(OC)c(OC)c(OC)c1,1747,1,6500
5504,6501,CCN1C(=O)CSC12CCN(CC1COc3ccccc3O1)CC2,580,4,6501
5505,6502,CN1C(=O)CSC12CCN(CCC1COc3ccccc3O1)CC2,580,4,6501
5506,6503,C[N+](C)(C)CCOc1nsc2ccccc12,5336,1,6503
5507,6504,CN(CCN1CCCC1)C(=O)C(O)(c1ccccc1)c1cccs1,578,4,2185
5508,6505,CN1CCN(c2cc3c(nn2)Oc2ccccc2N3C)CC1,1687,2,6505
5509,6506,CS(=O)(=O)CC1CCC(=O)O1,5335,1,6506
5510,6509,CC(C)=CCN1CCC23CCCCC2C1Cc1ccc(O)cc13,2,42,424
5511,6510,CN(C)CCC(=O)c1c[nH]c2ccccc12,1746,1,6510
5512,6511,CC(C)NC(C)Cc1ccc(CC(C)NC(C)C)cc1,5334,1,6511
5513,6512,Nc1nc(N)nc(-c2ccccn2)n1,5333,1,6512
5514,6513,Cc1cccc(C)c1NC(=O)CN(C)CCCCCl,57,12,6312
5515,6514,Cc1cccc(C)c1NC(=O)CN(C)CCCCCCl,57,12,6312
5516,6515,Cc1cccc(C)c1NC(=O)CN(C)CCCCCCCl,57,12,6312
5517,6516,C=CCOC(=O)Nc1cccc(Cl)c1,1745,1,6516
5518,6517,FC(F)(F)C(F)(OC(F)(F)C(F)(F)C(F)(F)C(F)(F)C(F)(F)C(F)(F)I)C(F)(F)F,5332,1,6517
5519,6518,CC1C2Cc3ccc(O)cc3C1(C)CCN2C,435,5,229
5520,6519,CCCCCCCCCCCCc1ccccc1S(=O)(=O)O,5331,1,6519
5521,6520,CC1C2Cc3ccc(O)cc3C1(C)CCN2CC1CCC1,435,5,229
5522,6521,Oc1c(CN2CCOCC2)ccc(CN2CCOCC2)c1O,1744,2,3833
5523,6522,CCOC(=O)Cn1cc(Cl)cc(Cl)c1=O,5330,1,6522
5524,6523,O=S(c1ccccc1)c1ccc(Br)cc1,1743,2,2325
5525,6524,O=S(=O)(O)c1cccc(Nc2nc(Nc3ccc(C=Cc4ccc(Nc5nc(Nc6cccc(S(=O)(=O)O)c6)nc(Nc6ccccc6O)n5)cc4S(=O)(=O)O)c(S(=O)(=O)O)c3)nc(Nc3ccccc3O)n2)c1,1742,2,4375
5526,6525,C=CCC(C)(O)CC=C,5329,1,6525
5527,6526,O=C(Nc1cccc2ccccc12)OCCBr,1741,2,1329
5528,6527,C=Cn1ccnc1,5328,1,6527
5529,6528,C=CC(=O)Nc1ccc(C(=O)OCCN(CC)CC)cc1,5327,1,6528
5530,6529,COC(=O)CCN1CC1(C)C,5326,1,6529
5531,6531,Nc1cccc(Nc2ccccc2C(=O)O)c1,68,12,218
5532,6532,CCCCCCCCNCC(CN(C)C)c1ccccn1,5325,1,6532
5533,6533,Nc1nc(NCCO)nc(Nc2ccc(C=Cc3ccc(Nc4nc(N)nc(NCCO)n4)cc3S(=O)(=O)O)c(S(=O)(=O)O)c2)n1,5324,1,6533
5534,6535,Cc1cccc(C)c1NC1=NCCS1,1740,2,6194
5535,6539,CN1CCS(=O)(=O)CC1,5323,1,6539
5536,6541,NC(=O)C[P+](c1ccccc1)(c1ccccc1)c1ccccc1,647,4,3711
5537,6542,S=c1[nH]c2ccc(Cl)cc2[nH]1,5322,1,6542
5538,6543,CCN(CC)CCSc1nc2ccccc2[nH]1,1739,1,6543
5539,6544,S=c1[nH]ccn1-c1cccc(Br)c1,1701,2,6544
5540,6545,CC1OC(c2ccc3c(c2O)C(=O)C2=C(C3=O)C3(O)C(=O)CC(C)(O)CC3(O)C=C2)CC(O)C1O,5321,1,6545
5541,6547,CN(CC[N+]1(C)CCCC1)C(=O)C(O)(c1cccs1)c1cccs1,5320,1,6547
5542,6552,CC(N)Cc1ccc(CC(C)N)cc1,987,3,6552
5543,6553,CNc1cc2oc(=O)cc(C)c2cc1C,5319,1,6553
5544,6554,CNC1C(OC2C(OC3C(O)C(O)C(NC(=N)N)C(O)C3NC(=N)N)OC(C)C2CO)OC(CO)C(O)C1O,690,4,1161
5545,6555,CC(=O)Nc1ccc(C=C(C#N)C#N)cc1,5318,1,6555
5546,6556,O=C(CCCCCCC(=O)Nc1c(I)c(CN2CCCC2=O)c(I)c(C(=O)O)c1I)Nc1c(I)c(CN2CCCC2=O)c(I)c(C(=O)O)c1I,194,7,6556
5547,6557,O=C(CCCCCCCC(=O)Nc1c(I)c(CN2CCCC2=O)c(I)c(C(=O)O)c1I)Nc1c(I)c(CN2CCCC2=O)c(I)c(C(=O)O)c1I,194,7,6556
5548,6558,O=C(CCCCCCCCC(=O)Nc1c(I)c(CN2CCCC2=O)c(I)c(C(=O)O)c1I)Nc1c(I)c(CN2CCCC2=O)c(I)c(C(=O)O)c1I,194,7,6556
5549,6559,O=C(CCCCCC(=O)Nc1c(I)c(CN2CCCC2=O)c(I)c(C(=O)O)c1I)Nc1c(I)c(CN2CCCC2=O)c(I)c(C(=O)O)c1I,194,7,6556
5550,6560,O=C(CCOCCOCCC(=O)Nc1c(I)c(CN2CCCC2=O)c(I)c(C(=O)O)c1I)Nc1c(I)c(CN2CCCC2=O)c(I)c(C(=O)O)c1I,194,7,6556
5551,6561,O=C(CCOCCCOCCC(=O)Nc1c(I)c(CN2CCCC2=O)c(I)c(C(=O)O)c1I)Nc1c(I)c(CN2CCCC2=O)c(I)c(C(=O)O)c1I,194,7,6556
5552,6562,CCCCCCCCOc1ccccc1C(=O)Nc1ccc(C(=O)OCC[N+](C)(CC)CC)cc1,5317,1,6562
5553,6563,CCN(CC)C(C)C(=O)NC(C)(C)Cc1ccc(Cl)cc1,5316,1,6563
5554,6571,CN(C)CCCOC(=O)C1SC(C)(C)c2ccccc21,5315,1,6571
5555,6576,CCC1OC(=O)C(C)C(OC2CC(C)(OC)C(O)C(C)O2)C(C)C(OC2OC(C)CC(N(C)C)C2O)C(C)(O)CC(C)C(N)C(C)C(O)C1(C)O,45,14,293
5556,6577,N#CCCN1CCCC1,139,8,1995
5557,6578,C=C1C2CCC3(C1O)C1CC4C5(C)CCCC4(C1N(CC)C5)C3C2O,5314,1,6578
5558,6579,COc1cc(C(=O)OC(Cc2c(C)c3ccc(OC)c(OC)c3oc2=O)CN2CCN(CC(=O)Nc3c(C)cccc3C)CC2)cc(OC)c1OC,5313,1,6579
5559,6580,CCOP(=S)(N=C=S)OCC,5312,1,6580
5560,6582,CC(=O)NCc1c(I)c(NC(=O)CCOCCCOCCC(=O)Nc2c(I)c(CNC(C)=O)c(I)c(C(=O)O)c2I)c(I)c(C(=O)O)c1I,27,5,173
5561,6583,CCN(CC)CCOC(=O)C1CCCCC1C,5311,1,6583
5562,6584,CCOC(=O)CN1CCN(C(=O)C=Cc2cc(OC)c(OC)c(OC)c2)CC1,138,8,6584
5563,6585,CCOC(=O)CN1CCN(C(=O)C=Cc2ccc3c(c2)OCO3)CC1,138,8,6584
5564,6586,CCOC(=O)CN1CCN(C(=O)C=Cc2ccc(Cl)cc2)CC1,138,8,6584
5565,6587,CCOC(=O)CN1CCN(C(=O)C=Cc2ccc(Cl)c(Cl)c2)CC1,138,8,6584
5566,6588,COc1cc(C=CC(=O)N2CCN(CC(O)CO)CC2)cc(OC)c1OC,5310,1,6588
5567,6589,CCNC(=O)CN1CCN(C(=O)C=Cc2cc(OC)c(OC)c(OC)c2)CC1,1738,1,6589
5568,6590,COc1ccc(C=CC(=O)c2c(OCCN(C)C)c(OC)c3occc3c2OC)cc1,5309,1,6590
5569,6592,Nc1nc2ccc(O)cc2s1,655,4,979
5570,6593,CC(=O)NCc1c(I)c(NC(=O)CCCCCC(=O)Nc2c(I)c(CNC(C)=O)c(I)c(C(=O)O)c2I)c(I)c(C(=O)O)c1I,5,23,6593
5571,6595,CC(C)OC(=O)C1CCCN=C(N)N1,1218,2,6595
5572,6596,CCCCCC1CCC(C(=O)O)CC1,379,5,3005
5573,6597,CCOC(=O)CN1CCN(C(=O)C=Cc2ccccc2)CC1,138,8,6584
5574,6598,C[N+](C)(CCO)CC(=O)c1ccccc1,393,5,6348
5575,6599,COC(=O)C1C(OC(=O)Nc2c(C)cccc2C)CC2CCC1N2C,383,5,127
5576,6600,COC(=O)C1C(OC(=O)Nc2c(C)cccc2Cl)CC2CCC1N2C,383,5,127
5577,6601,CCOC(=O)CN1CCN(C(=O)C=Cc2ccc(OC)cc2)CC1,138,8,6584
5578,6602,CCOC(=O)CN1CCN(C(=O)C=Cc2ccc(OC)c(OC)c2)CC1,138,8,6584
5579,6603,CCOC(=O)CN1CCN(C(=O)C=Cc2ccc(F)cc2)CC1,138,8,6584
5580,6604,Clc1nc(Oc2c(Cl)c(Cl)c(Cl)c(Cl)c2Cl)nc(Oc2c(Cl)c(Cl)c(Cl)c(Cl)c2Cl)n1,5308,1,6604
5581,6605,Cc1cccc(Cl)c1NC(=O)OC1CC2CCC(C1)N2C,12,20,5901
5582,6606,CC(C)(C)CCO,5307,1,6606
5583,6607,CCCC(C)c1ccccc1O,1737,2,3234
5584,6608,NC(=S)Cc1ccccn1,5306,1,6608
5585,6609,COC12C(COC(C)=O)C3=C(C(=O)C(C)=C(N)C3=O)N1CC1NC12,9,22,659
5586,6610,Cc1c(C(=O)c2ccc(Cl)cc2)c2ccccn2c1CC(=O)O,1673,2,6610
5587,6611,CN(C)C=Nc1cccnc1,5305,1,6611
5588,6612,O=C1C(c2ccccc2)C(=O)N(c2ccccc2)N1c1ccccc1,5304,1,6612
5589,6613,O=C1C(Cc2ccccc2)C(=O)N(c2ccccc2)N1c1ccccc1,5303,1,6613
5590,6614,ClCCN1CCCCCC1,986,3,2200
5591,6615,COc1ccc(CC(O)CO)cc1OC,5302,1,6615
5592,6616,CC(=O)OC1CC2C3CCC4C(=O)C(O)CCC4(C)C3CCC2(C)C1C(C)C1NCC(C)CC1O,1736,2,6616
5593,6617,CC1CNC(C(C)C2C(O)CC3C4CCC5C(=O)C(O)CCC5(C)C4CCC32C)C(O)C1,1736,2,6616
5594,6618,CC1C(=O)OC(C)(C(=O)O)C1(C)O,5301,1,6618
5595,6619,COc1cccc2[nH]cc(CCN)c12,5300,1,6619
5596,6620,CC(=O)c1ccc(N2CCN(C)CC2)cc1,1647,2,6620
5597,6621,CN(C)CCOC1=Cc2ccccc2Sc2ccc(Cl)cc21,5299,1,6621
5598,6622,CC(O)CC1CCCCN1,5298,1,6622
5599,6623,c1ccc2c(CCN3CCCCC3)c[nH]c2c1,344,4,3472
5600,6625,NNC(=S)S,5297,1,6625
5601,6626,C[N+](C)(CCCCCCCCCC[N+](C)(C)C12CC3CC(CC(C3)C1)C2)C12CC3CC(CC(C3)C1)C2,5296,1,6626
5602,6627,CCCCCC(C)C(C)c1cc(O)c2c(c1)OC(C)(C)C1=C2CNCC1,609,4,6059
5603,6629,CCCCCC(C)C(C)c1cc(O)c2c(c1)OC(C)(C)C1=C2CN(CC2CCC2)CC1,609,4,6059
5604,6630,CCC1(c2ccccc2)CC(SC#N)C(=O)NC1=O,5295,1,6630
5605,6631,O=S(=O)(CCCl)c1ccc(Br)cc1,1735,2,5051
5606,6632,c1ccc2sc(SN3CCCCC3)nc2c1,5294,1,6632
5607,6633,CC1=C(N)C(=O)C2=C(C1=O)N(C)CC1C(C(=O)C2COC(N)=O)N1C,5293,1,6633
5608,6634,COc1ccc(CC2=NCCc3c2[nH]c2ccccc32)cc1,5292,1,6634
5609,6636,O=[N+]([O-])c1ccc(N2CCCCC2)nc1,1734,2,6636
5610,6637,O=[N+]([O-])c1ccc(N2CCOCC2)nc1,1734,2,6636
5611,6638,COC(=O)CC(O)(CCC(C)(C)O)C(=O)OC1C(OC)=CC23CCCN2CCc2cc4c(cc2C13)OCO4,985,3,629
5612,6639,COC(=O)C(O)C(O)(CCC(C)C)C(=O)OC1C(OC)=CC23CCCN2CCc2cc4c(cc2C13)OCO4,985,3,629
5613,6640,c1cc2c(cc1NC1=NCCO1)OCO2,5291,1,6640
5614,6641,c1cc(NC2=NCCO2)c2c(c1)OCO2,5290,1,6641
5615,6642,O=C(CCOCCOCCOCCC(=O)Nc1c(I)cc(I)c(C(=O)O)c1I)Nc1c(I)cc(I)c(C(=O)O)c1I,267,6,1702
5616,6643,COC12C(CO)C3=C(C(=O)C(C)=C(N)C3=O)N1CC1NC12,9,22,659
5617,6644,CC1=C(C(=O)O)N2C(=O)C(NC(=O)CCCC(N)C(=O)O)C2SC1,1123,2,725
5618,6645,COc1ccc(OC)c(NC(=O)CI)c1,1733,1,6645
5619,6646,O=C(O)C1(c2ccc(C3CCCCC3)c(Cl)c2)CCC1,5289,1,6646
5620,6647,CCOC(=O)N1CCN(CCCC(=O)c2ccc(F)cc2)CC1,566,2,6647
5621,6648,CCN1CCC(C=O)(c2ccccc2)CC1,1732,2,6648
5622,6649,O=CC1(c2ccccc2)CCN(Cc2ccccc2)CC1,1732,2,6648
5623,6650,CCC(O)CN1CCc2cc(OC)c(OC)cc2C1CC1CC2c3cc(OC)c(OC)cc3CCN2CC1CC,21,17,6650
5624,6651,CCCCC(CC)COCC(O)CN1CCc2cc(OC)c(OC)cc2C1CC1CC2c3cc(OC)c(OC)cc3CCN2CC1CC,21,17,6650
5625,6652,CCC1CN2CCc3cc(OC)c(OC)cc3C2CC1CC1c2cc(OC)c(OC)cc2CCN1CC(O)COc1ccccc1OC,21,17,6650
5626,6653,CCC1CN2CCc3cc(OC)c(OC)cc3C2CC1CC1c2cc(OC)c(OC)cc2CCN1CC(O)CSCc1ccccc1,21,17,6650
5627,6654,CCC1CN2CCc3cc(OC)c(OC)cc3C2CC1CC1c2cc(OC)c(OC)cc2CCN1CC(O)CSCC(=O)Nc1ccc(OC)c(OC)c1,21,17,6650
5628,6655,CCC1CN2CCc3cc(OC)c(OC)cc3C2CC1CC1c2cc(OC)c(OC)cc2CCN1CC(C)O,21,17,6650
5629,6656,CCC1CN2CCc3cc(OC)c(OC)cc3C2CC1CC1c2cc(OC)c(OC)cc2CCN1CC(O)CN1CCCCC1,21,17,6650
5630,6657,CCC1CN2CCc3cc(OC)c(OC)cc3C2CC1CC1c2cc(OC)c(OC)cc2CCN1CC(O)CN1CCOCC1,21,17,6650
5631,6658,CCOCC(O)CN1CCc2cc(OC)c(OC)cc2C1CC1CC2c3cc(OC)c(OC)cc3CCN2CC1CC,21,17,6650
5632,6659,CCCCCCCOCC(O)CN1CCc2cc(OC)c(OC)cc2C1CC1CC2c3cc(OC)c(OC)cc3CCN2CC1CC,21,17,6650
5633,6660,CCC1CN2CCc3cc(OC)c(OC)cc3C2CC1CC1c2cc(OC)c(OC)cc2CCN1CC(O)COc1ccc(SC)cc1,21,17,6650
5634,6661,CCC(C)SCC(O)CN1CCc2cc(OC)c(OC)cc2C1CC1CC2c3cc(OC)c(OC)cc3CCN2CC1CC,21,17,6650
5635,6662,O=C(O)c1cn(Cc2ccccc2)c2ccccc12,5288,1,6662
5636,6663,CCOC(=O)N1CCCCCC1,684,3,1794
5637,6664,O=C(NCCCl)NC1CCSc2ccccc21,1731,1,6664
5638,6665,Nc1nc2c(Cl)cccc2s1,5287,1,6665
5639,6667,CC[N+](C)(CC)c1cccc(O)c1,1730,2,6667
5640,6668,CC[N+](CC)(CC)c1cccc(O)c1,1730,2,6667
5641,6669,CCCCCN(CCCCC)CC(O)c1cc2c(c3ccccc13)CCCC2,5286,1,6669
5642,6670,CS(=O)(=O)c1ncc[nH]1,5285,1,6670
5643,6671,Cc1ccc2nc(CC#N)[nH]c2c1,5284,1,6671
5644,6672,CCOC(=O)C1(c2ccccc2)CCC=CC1N(C)C,1658,2,6672
5645,6673,O=C(CCN1CCN2c3ccccc3CCC2C1)Cc1ccc(F)cc1,5283,1,6673
5646,6674,CC(=O)OC1CC2CCC3C(CCC4(C)C(O)C([N+]5(C)CCCCC5)CC34)C2(C)CC1[N+]1(C)CCCCC1,59,12,280
5647,6675,CCCCCN(CCCCC)CC(O)CN1CCc2cc(OC)c(OC)cc2C1CC1CC2c3cc(OC)c(OC)cc3CCN2CC1CC,21,17,6650
5648,6676,CCC1CN2CCc3cc(OC)c(OC)cc3C2CC1CC1c2cc(OC)c(OC)cc2CCN1CC(O)CSCc1ccco1,21,17,6650
5649,6677,O=C1OC(CN2CCOCC2)CN1c1ccccc1,604,4,6677
5650,6678,CN(C)CC1CN(c2ccccc2)C(=O)O1,603,4,6678
5651,6679,CN1CCN(CC2CN(c3ccccc3)C(=O)O2)CC1,604,4,6677
5652,6680,O=C1OC(CN2CCCCC2)CN1c1ccccc1,604,4,6677
5653,6681,O=C(CN1CCN(CC2CN(c3ccccc3)C(=O)O2)CC1)N1CCCC1,604,4,6677
5654,6682,COc1ccc(N2CC(CN(C)C)OC2=O)cc1,603,4,6678
5655,6683,CN(C)CC1CN(c2ccc(F)cc2)C(=O)O1,603,4,6678
5656,6684,CN(C)C=NCc1ccccc1,1729,2,4970
5657,6685,CC(N=CN(C)C)c1ccccc1,825,3,6685
5658,6687,COc1ccc(C=NNc2ccc(Br)cc2)cc1,983,3,6687
5659,6688,Clc1ccccc1C=NNc1ccc(Br)cc1,389,5,6688
5660,6691,CCOc1ccc(C=NNc2ccc(Cl)cc2)cc1,984,3,2696
5661,6692,Cc1cccc(N(Cc2ccccc2)C(=O)CN2CCOCC2)c1,277,4,6692
5662,6693,Cc1cccc(N(Cc2ccccc2)C(=O)CN2CCCCC2)c1,388,3,6693
5663,6694,CCN(CC)CC(=O)N(Cc1ccccc1)c1cccc(C)c1,1725,2,6694
5664,6695,Cc1ccc(N(Cc2ccccc2)C(=O)CN2CCOCC2)cc1,277,4,6692
5665,6696,Cc1ccc(N(Cc2ccccc2)C(=O)CN2CCCCC2)cc1,277,4,6692
5666,6697,Brc1ccc(N/N=C/c2ccc3c(c2)OCO3)cc1,5282,1,6697
5667,6698,COc1ccc(C=NNc2ccc(Br)cc2)cc1O,5281,1,6698
5668,6699,Clc1cccc(Cl)c1C=NNc1ccc(Br)cc1,389,5,6688
5669,6701,CN(C)c1ccc(C=NNc2ccc(Br)cc2)cc1,5280,1,6701
5670,6702,NNc1cccc(Br)c1,5279,1,6702
5671,6703,Clc1ccccc1C=NNc1cccc(Br)c1,389,5,6688
5672,6704,Clc1cccc(C=NNc2cccc(Br)c2)c1,5278,1,6704
5673,6705,COc1ccc(C=NNc2cccc(Br)c2)cc1,983,3,6687
5674,6706,Clc1cccc(C=NNc2ccc(I)cc2)c1,5277,1,6706
5675,6708,Fc1ccc(C=NNc2ccc(Br)cc2)cc1,1728,2,6708
5676,6709,Fc1cccc(C=NNc2ccc(Br)cc2)c1,1728,2,6708
5677,6710,CC(C)c1ccc(C=NNc2cccc(Br)c2)cc1,983,3,6687
5678,6711,CCOc1ccc(C=NNc2ccc(I)cc2)cc1,984,3,2696
5679,6712,Clc1ccccc1C=NNc1ccc(I)cc1,389,5,6688
5680,6713,CC(=O)Nc1ccc(C=NNc2ccc(Br)cc2)cc1,5276,1,6713
5681,6714,Clc1ccc(C=NNc2ccc(Br)cc2)c(Cl)c1,389,5,6688
5682,6715,CCNCCNC(=O)c1cc(Cl)c(N)cc1OC,1727,1,6715
5683,6716,COc1cc(N2CC(CN(C)C)OC2=O)cc(OC)c1OC,603,4,6678
5684,6717,O=C1N(c2ccc([N+](=O)[O-])cc2)C(=O)N1c1ccc([N+](=O)[O-])cc1,1483,2,6717
5685,6718,COc1cc(C(=O)NCCCCCC(=O)O)cc(OC)c1OC,1726,2,2316
5686,6719,O=C(CN1CCOCC1)N(Cc1ccccc1)c1ccccc1,277,4,6692
5687,6720,O=C(CN1CCCCC1)N(Cc1ccccc1)c1ccccc1,388,3,6693
5688,6721,CCN(CC)CC(=O)N(Cc1ccccc1)c1ccccc1,1725,2,6694
5689,6722,Cc1ccccc1N(Cc1ccccc1)C(=O)CN1CCOCC1,261,6,6722
5690,6723,Cc1ccccc1N(Cc1ccccc1)C(=O)CN1CCCCC1,388,3,6693
5691,6724,Cc1cc(O)c2c3c(c(=O)oc2c1)CN(Cc1ccccc1)CC3,1724,2,6724
5692,6725,C#CCN1CCc2c(c(=O)oc3cc(C)cc(O)c23)C1,1724,2,6724
5693,6726,COc1cc(OC)cc(OCCO)c1,5275,1,6726
5694,6727,CC(C)NCC(O)COc1ccccc1C1CC1,1723,2,228
5695,6728,CCOc1ccccc1C=NNc1ccc(Br)cc1,5274,1,6728
5696,6729,c1cc2c(c(NC3=NCCO3)c1)SCCC2,5273,1,6729
5697,6730,CCC1Cc2cc(OCC(=O)O)c(Cl)c(Cl)c2C1=O,602,4,6730
5698,6731,CC1Cc2cc(OCC(=O)O)c(Cl)c(Cl)c2C1=O,602,4,6730
5699,6732,O=C(O)COc1cc2c(c(Cl)c1Cl)C(=O)C(C1CCCC1)C2,602,4,6730
5700,6733,CC(CCN1CCN(c2ccc(F)cc2)CC1)NC(=O)c1cccnc1,5272,1,6733
5701,6735,CCCCCC(C)C(C)c1cc(O)c2c3c(c(=O)oc2c1)CNCC3,5271,1,6735
5702,6736,C[N+](C)(C)CCc1ccc([N+](C)(C)C)cc1,369,5,6736
5703,6737,N#CC(C#N)=Cc1ccc(OCc2ccccc2)cc1,5270,1,6737
5704,6738,O=C1NC(=O)C(=Cc2ccco2)C(=O)N1,5269,1,6738
5705,6739,CCCCC1OC1CC,5268,1,6739
5706,6740,CCC(c1cccnc1)C(C)c1ccc(OC)cc1,5267,1,6740
5707,6741,Oc1ccc2ccccc2c1CN1CCOCC1,1069,3,3456
5708,6742,CN1CC2CCCC(C1)N2CCCN1c2ccccc2Sc2ccc(Cl)cc21,1722,2,6742
5709,6743,CN1CC2CCCC(C1)N2CCCCN1c2ccccc2Sc2ccc(Cl)cc21,1722,2,6742
5710,6744,CN(C)CC(=O)C=C1c2ccccc2CCc2ccccc21,5266,1,6744
5711,6745,O=C(Nc1ccccc1)OCCN(CCOC(=O)Nc1ccccc1)CCc1ccccc1,276,4,6745
5712,6746,COc1cccc(CCN(CCOC(=O)Nc2ccccc2)CCOC(=O)Nc2ccccc2)c1OC,553,4,6746
5713,6747,CCOc1c(CCN(CCOC(=O)Nc2ccccc2)CCOC(=O)Nc2ccccc2)cccc1OC,553,4,6746
5714,6748,CCCOc1c(CCN(CCOC(=O)Nc2ccccc2)CCOC(=O)Nc2ccccc2)cccc1OC,553,4,6746
5715,6749,CCCNC(=O)OCCN(CCOC(=O)NCCC)CCc1ccccc1,276,4,6745
5716,6750,CCCCOc1ccc(OCC(=O)N(CCN2CCCC2)c2cccc(OC)c2)cc1,22,17,6750
5717,6751,CCCCOc1ccc(OCC(=O)N(CCN2CCCCC2)c2cccc(OC)c2)cc1,22,17,6750
5718,6752,CCCCOc1ccc(OCC(=O)N(CCN2CCOCC2)c2cccc(OC)c2)cc1,22,17,6750
5719,6753,CCCCOc1ccc(OCC(=O)N(CCC2CCCCN2C)c2cccc(OC)c2)cc1,387,1,6753
5720,6754,CCCCOc1ccc(OCC(=O)N(CCN(CC)CC)c2ccc(OC)cc2)cc1,22,17,6750
5721,6755,CCCCOc1ccc(OCC(=O)N(CCCN(CC)CC)c2ccc(OC)cc2)cc1,22,17,6750
5722,6756,CCCCOc1ccc(OCC(=O)N(CCN(CC)CC)c2ccc(OC)cc2OC)cc1,22,17,6750
5723,6757,CCCCOc1ccc(OCC(=O)N(CCN(CC)CC)c2ccc(OC)c(OC)c2)cc1,22,17,6750
5724,6758,CCCCOc1ccc(OCC(=O)N(CCN(CC)CC)c2cc(OC)ccc2OC)cc1,22,17,6750
5725,6759,CCCCOc1ccc(OCC(=O)N(CCN(CC)CC)c2cc(OC)c(OC)c(OC)c2)cc1,22,17,6750
5726,6760,CCCCOc1ccc(OCC(=O)N(CCN(C)C)c2cccc(OCC)c2)cc1,22,17,6750
5727,6761,CCCCOc1ccc(OCC(=O)N(CCN(C)C)c2cc(OCC)ccc2OCC)cc1,137,2,6761
5728,6762,CCCCOc1ccc(OCC(=O)N(CCN(CC)CC)c2ccccc2Cl)cc1,982,1,6762
5729,6763,CCCCOc1ccc(OCC(=O)N(CCN(C)C)c2c(C)cccc2C)cc1,981,1,6763
5730,6764,CCCCOc1ccc(OCC(=O)N(CCN(CC)CC)c2cccc(OC)c2)cc1,22,17,6750
5731,6765,COc1ccc(OCC(=O)N(CCN2CCCC2)c2ccccc2OC)cc1,136,5,6765
5732,6766,CCCCOc1ccc(OCC(=O)N(CCN(CC)CC)c2cc(OCC)ccc2OCC)cc1,137,2,6761
5733,6767,CCCCOc1ccc(OCC(=O)N(CCCN(CC)CC)c2cccc(OC)c2)cc1,22,17,6750
5734,6768,CCCCOc1ccc(OCC(=O)N(CCN(CC)CC)c2cccc(OCC)c2)cc1,22,17,6750
5735,6769,CCCOc1ccc(OCC(=O)N(CCN(CC)CC)c2cccc(OC)c2)cc1,22,17,6750
5736,6770,CCCCOc1ccc(OCC(=O)N(CCN(CC)CC)c2ccccc2OC)cc1,22,17,6750
5737,6771,CCCCOc1ccc(OCC(=O)N(CCN(C)C)c2cccc(OC)c2)cc1,22,17,6750
5738,6772,CCCNC(=O)OCCN(C)CCOC(=O)NCCC,1721,2,6772
5739,6773,CCCCNC(=O)OCCN(C)CCOC(=O)NCCCC,1721,2,6772
5740,6774,N#CC(C#N)=Cc1ccc(Cl)c([N+](=O)[O-])c1,5265,1,6774
5741,6776,CCCCOc1ccc(OCC(=O)N(CCN2CCCC2)c2ccccc2OC)cc1,136,5,6765
5742,6777,CCN(CC)CCN(C(=O)COc1ccc(OC)cc1)c1cccc(OC)c1,22,17,6750
5743,6778,CCCCOc1ccc(OCC(=O)N(CCN(C)C)c2ccccc2OC)cc1,136,5,6765
5744,6779,CCCCOc1ccc(OCC(=O)N(CCN2CCCC2)c2ccccc2Cl)cc1,136,5,6765
5745,6780,NS(=O)(=O)c1cc(-c2nn[nH]n2)c(NCc2cccs2)cc1Cl,5264,1,6780
5746,6781,CC[N+](C)(CC)CCCCCCOC(=O)c1ccc(OC)cc1,974,3,6781
5747,6782,CCN(CC)CCOc1ccc2c(c1)C(=O)c1cc(OCCN(CC)CC)ccc1-2,5263,1,6782
5748,6783,CCNC(=O)OCCN(CCOC(=O)NCC)CCc1ccccc1,276,4,6745
5749,6784,CCCCNC(=O)OCCN(CCOC(=O)NCCCC)CCc1ccccc1,276,4,6745
5750,6785,CC[N+](C)(CC)CCCCOC(=O)c1ccc(OC)cc1,974,3,6781
5751,6786,Cc1cc(NC2=NCCO2)c(C)s1,5262,1,6786
5752,6788,c1sc(NC2=NCCO2)c2c1CCCC2,5261,1,6788
5753,6789,CCCCOc1ccc(OCC(=O)N(CCN2CCCC2)c2cc(OCC)ccc2OCC)cc1,136,5,6765
5754,6790,OC(c1cccc(Cl)c1)C(Cl)Cl,5260,1,6790
5755,6791,CNCc1ccccc1C(O)c1ccc(Cl)cc1,5259,1,6791
5756,6794,ClCSc1ccc(Br)cc1,5258,1,6794
5757,6795,O=C(O)c1cccc(Nc2ccccc2C(=O)O)c1,68,12,218
5758,6796,O=C(O)c1ccccc1Nc1cccc([N+](=O)[O-])c1,1720,1,6796
5759,6797,COc1cccc(Nc2ccccc2C(=O)O)c1,980,1,6797
5760,6798,Nc1ccccc1Nc1ccccc1C(=O)O,1719,1,6798
5761,6799,O=C(O)c1ccccc1Nc1cccc(S(=O)(=O)O)c1,5257,1,6799
5762,6800,CC(=O)c1cccc(Nc2ccccc2C(=O)O)c1,386,1,6800
5763,6801,CN(c1cccc(C(F)(F)F)c1)c1ccccc1C(=O)O,5256,1,6801
5764,6802,Cc1ccc(S(=O)(=O)N2C(=O)c3ccccc3C2=O)cc1,5255,1,6802
5765,6803,NCC1CCC(C(=O)Oc2ccc(CCC(=O)O)cc2)CC1,5254,1,6803
5766,6804,Cc1cc(N=C2C=C(Br)C(=O)C(Br)=C2)cc(CN(CC(=O)O)CC(=O)O)c1O,5253,1,6804
5767,6805,CCCc1ocnc1C,979,3,1911
5768,6806,Oc1ccc2c(c1)C13CCCCC1C(C2)N(CCc1ccco1)CC3,2,42,424
5769,6815,CSC(=N)Nc1c(C)cccc1C,5252,1,6815
5770,6816,O=C(NP(=O)(N1CC1)N1CC1)c1ccc(I)cc1,5251,1,6816
5771,6817,CCCC1=NCC(O)COc2ccccc21,978,3,6817
5772,6819,OC1CN=C(Cc2ccccc2)c2ccccc2OC1,978,3,6817
5773,6820,OC1CN=C(CCc2ccccc2)c2ccccc2OC1,978,3,6817
5774,6821,OC1CN=C(c2ccccn2)c2ccccc2OC1,5250,1,6821
5775,6822,CC1=NCC(C)(O)COc2ccccc21,5249,1,6822
5776,6823,CC1=NCC(O)COc2c(Cl)cc(Cl)cc21,5248,1,6823
5777,6824,CC1=NCC(O)COc2c1ccc1ccccc21,5247,1,6824
5778,6825,Cc1cc(Cl)c(Nc2ccccc2C(=O)O)c(C(=O)O)c1,5246,1,6825
5779,6826,Nc1cc[n+](CCC[n+]2ccc(C=NO)cc2)cc1,1718,1,6826
5780,6827,CN(C)c1cc[n+](CCC[n+]2ccc(C=NO)cc2)cc1,1717,1,6827
5781,6828,CCSCCOC(=O)c1cccnc1,14,19,2849
5782,6829,CCOC(=O)CN1CCN(C(=O)C=Cc2ccc(Cl)cc2Cl)CC1,977,1,6829
5783,6830,ON=Cc1cc[n+](COC[n+]2cccc(I)c2)cc1,95,10,789
5784,6831,Nc1ccc[n+](COC[n+]2ccc(C=NO)cc2)c1,95,10,789
5785,6832,CN(C)c1ccc[n+](COC[n+]2ccc(C=NO)cc2)c1,601,2,6832
5786,6833,CSc1ccc[n+](COC[n+]2ccc(C=NO)cc2)c1,601,2,6832
5787,6834,CC(C)C1=NCC(O)COc2ccccc21,1217,2,6834
5788,6835,CC1=NCC(O)COc2c(C)cc(C)cc21,5245,1,6835
5789,6836,CC12CCC3C(CCC4C(C)(C(=O)O)CCCC34C)(CC1=O)C2,5244,1,6836
5790,6837,CN(C)c1ccc(C=NCCO)cc1,1489,2,6837
5791,6838,CCN(CC)Cc1nc2c(c(=O)nc(C)n2C)n1C,976,3,6838
5792,6839,CCOc1nc(=O)c2c(nc(CN(CC)CC)n2C)n1C,976,3,6838
5793,6840,CCN(CC)Cc1nc2c(c(=O)nc(N(C)C)n2C)n1C,976,3,6838
5794,6845,CC(COC(=O)c1ccccc1)NC1CCCCC1,5243,1,6845
5795,6846,CCN(CC)CCNC(C)COC(=O)c1ccccc1,5242,1,6846
5796,6847,CCN(CC)CCNCC(C)OC(=O)c1ccccc1,5241,1,6847
5797,6848,COc1ccc2oc(C)c(CCN)c2c1,5240,1,6848
5798,6849,COc1cc2ccoc2cc1CCN,5239,1,6849
5799,6850,CC(=O)OC1CCC2(C)C3CCC4C5(O)CC(O)C6(O)C(CN7CC(C)CCC7C6(C)O)C5(O)CC42OC13O,275,6,819
5800,6851,CCOC(=O)C1=CCCN(C)C1,600,4,51
5801,6852,N#CC(C#N)=Cc1cccs1,5238,1,6852
5802,6853,S=C=NCc1cccc(CN=C=S)c1,1238,2,6853
5803,6854,O=C(NCCSC(=O)Oc1ccccc1)Oc1ccccc1,5237,1,6854
5804,6855,CCC(C)N(CCS)C(=O)OCC(C)CC(=S)S,5236,1,6855
5805,6856,NC(CC(=O)O)C(=O)O,5235,1,6856
5806,6857,CCC1=NCCCS1,1716,2,6857
5807,6858,CCCC1=NCCCS1,1716,2,6857
5808,6859,CC(C)NC(C)C(=O)c1ccc(O)c(O)c1,5234,1,6859
5809,6860,Nc1ccc2c(c1)NCC2,5233,1,6860
5810,6862,N=C(N)CCOC(=O)CCC(=O)OCCC(=N)N,5232,1,6862
5811,6863,N=C(N)NCCOC(=O)CCC(=O)OCCNC(=N)N,5231,1,6863
5812,6864,N=C(N)SCCOC(=O)CCC(=O)OCCSC(=N)N,5230,1,6864
5813,6865,CS(=O)CCCCCCCCCCS(C)=O,5229,1,6865
5814,6866,CCS(=O)CCCCCCCCCCS(=O)CC,5228,1,6866
5815,6868,Cc1nc(=O)c2cccnc2[nH]1,5227,1,6868
5816,6871,COc1ccccc1C=CC(=O)c1cc(Cl)ccc1OCC(=O)O,1694,2,6871
5817,6872,C=CCc1cc(C(C)(C)C)ccc1OC(N)=O,5226,1,6872
5818,6873,Cn1c(=O)c2c(nc(Cc3cccnc3)n2CCO)n(C)c1=O,967,3,6873
5819,6875,Cn1c(=O)c2c(nc(Cc3cccnc3)n2CC(=O)O)n(C)c1=O,967,3,6873
5820,6876,Cn1c(=O)c2[nH]c(Cc3cccnc3)nc2n(C)c1=O,5225,1,6876
5821,6877,CC(C)c1cccc2c(S(=O)(=O)O)cccc12,5224,1,6877
5822,6879,CC(=O)OC1CC2(C)C(CCC3C4(C)CCC(O)C(C)C4C(OC(C)=O)C(O)C32C)C1=C(CCC=C(C)C)C(=O)O,5223,1,6879
5823,6880,C=C1C(=O)C(C)(O)C(O)(C(C)C)C1C(=O)O,5222,1,6880
5824,6881,CC(C)NCC(O)c1ccc(O)c(NS(C)(=O)=O)c1,5221,1,6881
5825,6882,Cc1ccc(C(C)C)c(O)c1C(C)C,442,5,1462
5826,6884,CCN1CCCC1CNC(=O)c1cc(Cl)c(C)cc1OC,1715,2,6884
5827,6885,COc1ccccc1C(=O)C=Cc1cc(Cl)ccc1OCCN1CCOCC1,5220,1,6885
5828,6886,CCC(C)OS(=O)(=S)c1ccc(C)cc1,5219,1,6886
5829,6887,CCCCCCSS(=O)(=O)c1ccc(C)cc1,481,4,6887
5830,6888,CCCCCCCCCCSS(=O)(=O)c1ccc(C)cc1,481,4,6887
5831,6889,CCCCCCCCCCCCC(C)SS(=O)(=O)c1ccc(C)cc1,5218,1,6889
5832,6890,CC[S+](C)CCCCCCCCCC[S+](C)CC,1710,2,6890
5833,6891,O=C(NCCN1CCCCC1)OCCc1ccccc1,177,7,6891
5834,6892,CCN1CCCC1CNC(=O)c1cc(Cl)c(O)cc1OC,1715,2,6884
5835,6893,CCNC(CC(=O)OC)C(=O)O,1714,2,3560
5836,6894,CCNC(CC(=O)O)C(=O)N(CC)CC,5217,1,6894
5837,6895,CCN(CC)C(=O)C(CC(=O)O)NCCc1ccccc1,599,4,3662
5838,6896,CCNC(CC(=O)N(CC)CC)C(=O)O,5216,1,6896
5839,6897,CCN(CC)C(=O)CC(C(=O)O)N1CCCC1,5215,1,6897
5840,6898,CCN(CC)C(=O)CC(NCCc1ccccc1)C(=O)O,599,4,3662
5841,6899,CCN(CC)CCOC(=O)C1CCCC(C)C1,1147,2,6899
5842,6900,CCN(CC)CCOC(=O)c1ccc(C)cc1,598,3,6900
5843,6901,CCC(CC)OS(=O)(=O)c1ccc(Br)cc1,5214,1,6901
5844,6902,CCC1CN2CCc3cc(OC)c(OC)cc3C2CC1CC1c2cc(OC)c(OC)cc2CCN1CC(O)CSC(C)(C)C,21,17,6650
5845,6903,CN(C)c1cccc2nc3cccc([N+](=O)[O-])c3cc12,5213,1,6903
5846,6904,O=C(CCN1CCN(CCO)CC1)N1c2ccccc2Sc2ccc(Cl)cc21,200,7,6904
5847,6907,Nc1ccccc1C(=O)NNC(=O)c1ccccc1O,1466,2,6907
5848,6908,CCCCSP(=O)(N1CCCCC1)N1CCCCC1,5212,1,6908
5849,6909,O=P(Oc1ccccc1)(N1CCCCC1)N1CCCCC1,1713,2,3329
5850,6910,Cc1ccc(P(N2CCCCC2)N2CCCCC2)cc1,5211,1,6910
5851,6911,CC1CCCCN1P(c1ccccc1)N1CCCCC1C,5210,1,6911
5852,6912,O=P(Cc1ccccc1)(N1CCCCC1)N1CCCCC1,5209,1,6912
5853,6913,O=P(c1ccccc1)(N1CCCCC1)N1CCCCC1,1462,2,6913
5854,6914,Ic1ccc(Oc2ccc(I)cc2)cc1,5208,1,6914
5855,6915,CN(C)CCCn1c2ccc(Cl)cc2c(=O)c2cccnc21,5207,1,6915
5856,6916,NCC1OC(OC2C(N)CC(N)C(OC3OC(C(=O)O)C(O)C(N)C3O)C2O)C(O)C(O)C1O,109,2,6916
5857,6917,CCC(=O)N(CC)c1c(I)c(C(=O)N(CC)CC(=O)O)c(I)c(N(CC)C(=O)CC)c1I,385,5,6917
5858,6918,CCN(CC(=O)O)C(=O)c1c(I)c(N(CC)C(C)=O)c(I)c(N(CC)C(C)=O)c1I,597,2,6918
5859,6919,CCN(C(C)=O)c1c(I)c(C(=O)NCC(=O)O)c(I)c(N(CC)C(C)=O)c1I,958,2,6919
5860,6920,CCC(CNC(=O)c1c(I)c(N(CC)C(C)=O)c(I)c(N(CC)C(C)=O)c1I)C(=O)O,588,3,6920
5861,6921,CCC(=O)N(CC)c1c(I)c(C(=O)N(C)CC(=O)O)c(I)c(N(CC)C(=O)CC)c1I,385,5,6917
5862,6922,CCCCC(C)(C)O,1712,2,4241
5863,6923,CCCCNC(=O)Nc1nc2ccccc2s1,5206,1,6923
5864,6924,CC1=NCC(O)COc2cc(Cl)cc(Cl)c21,5205,1,6924
5865,6926,CCN(C(C)=O)c1c(I)c(C(=O)N(C)CC(=O)O)c(I)c(N(CC)C(C)=O)c1I,385,5,6917
5866,6927,CCN(C(C)=O)c1c(I)c(C(=O)N(CC(=O)O)Cc2ccccc2)c(I)c(N(CC)C(C)=O)c1I,597,2,6918
5867,6928,C[N+](C)(C)CCNP(=O)(NCC[N+](C)(C)C)Oc1ccccc1,596,3,5884
5868,6929,CCCC(=O)Nc1c(I)cc(I)c(C(C)C(=O)O)c1I,975,1,6929
5869,6930,CCCC(=O)Nc1c(I)cc(I)c(C(CC)C(=O)O)c1I,608,4,6240
5870,6938,N#CCN1CCCC1,933,3,2791
5871,6939,CN(C)CCCC1(c2ccccc2)OC(C(F)(F)F)(C(F)(F)F)c2ccccc21,117,9,4005
5872,6941,CC(O)=C1C(=O)C(N)C2Cc3c(c(O)c4c(O)c(C)ccc4c3C)C(=O)C2(O)C1=O,5204,1,6941
5873,6942,CC(=O)N(C)c1c(I)cc(I)c(CC(=O)O)c1I,595,1,6942
5874,6943,CCN(C(C)=O)c1c(I)cc(I)c(CC(=O)O)c1I,201,7,6943
5875,6944,CCCN(C(C)=O)c1c(I)cc(I)c(CC(=O)O)c1I,201,7,6943
5876,6945,CC(=O)N(Cc1ccccc1)c1c(I)cc(I)c(CC(=O)O)c1I,274,2,6945
5877,6946,CCCCN(C(C)=O)c1c(I)cc(I)c(CC(=O)O)c1I,274,2,6945
5878,6947,CCCC(=O)N(C)c1c(I)cc(I)c(CC(=O)O)c1I,201,7,6943
5879,6948,CCCC(=O)N(CC)c1c(I)cc(I)c(CC(=O)O)c1I,201,7,6943
5880,6949,CCCC(=O)N(CCC)c1c(I)cc(I)c(CC(=O)O)c1I,201,7,6943
5881,6950,CCCCN(C(=O)CCC)c1c(I)cc(I)c(CC(=O)O)c1I,201,7,6943
5882,6951,CCCC(=O)N(Cc1ccccc1)c1c(I)cc(I)c(CC(=O)O)c1I,201,7,6943
5883,6952,CN1CC(O)C2N=C(NC3OC(CO)C(OC(N)=O)C(O)C3N(C)C(=O)CNC=N)NC2C1=O,901,3,6952
5884,6953,CN(C)CCCC1(C(=O)O)OC(C)(C)c2ccccc21,384,5,6035
5885,6954,CC[N+](C)(CC)CCCCOC(=O)c1cccc(OC)c1,974,3,6781
5886,6955,CCCCc1c(N(CC)CC)ccc(C(=O)OC(=O)OCC)c1O,5203,1,6955
5887,6956,CCOC(=O)Oc1c(OC)cc(C(=O)OCCCCN(CC)CC)cc1OC,380,5,774
5888,6957,CCN(CC)CCCCCCOC(=O)c1cccc(OC)c1,360,4,5554
5889,6958,CCN(CC)CCCCCCOC(=O)c1ccc(OC)cc1,360,4,5554
5890,6959,O=C1CSC(c2ccccc2)N1c1ccccc1,5202,1,6959
5891,6960,CC(=O)Nc1ccc(C(=O)O)cc1,5201,1,6960
5892,6962,COC(=O)C1C(OC(=O)Nc2ccccc2)CC2CCC1N2C,383,5,127
5893,6963,Cc1cccc(C)c1NC(=O)OC1CC2CCC(C1)N2C,273,3,6963
5894,6964,Cc1ccccc1NC(=O)OC1CC2CCC(C1)N2C,273,3,6963
5895,6965,CN1C2CCC1CC(OC(=O)Nc1ccccc1)C2,273,3,6963
5896,6966,Cc1cccc(Cl)c1NC(=O)OC1CC2CCCC(C1)N2C,12,20,5901
5897,6967,CC(N)C(=O)NC(CC1CCC(=O)C2OC12)C(=O)O,5200,1,6967
5898,6968,Nc1c[n+](C2CCCCC2)no1,5199,1,6968
5899,6970,Cc1ccccc1NC(=O)OC1CN2CCC1CC2,1711,2,6970
5900,6971,Cc1cccc(C)c1NC(=O)OC1CN2CCC1CC2,1711,2,6970
5901,6972,CC(C)(C)NCC(=O)N1c2ccccc2CCc2ccccc21,973,3,6972
5902,6973,CC(=O)Oc1ccc[n+](C)c1,5198,1,6973
5903,6974,CN(C)Cc1c(O)ccc2occ(C(=O)c3ccccc3)c12,594,4,5569
5904,6975,Cc1ccc(C(=O)c2coc3ccc(O)c(CN(C)C)c23)cc1,594,4,5569
5905,6976,CN(C)Cc1c(O)ccc2occ(C(=O)c3ccc(Cl)cc3)c12,594,4,5569
5906,6977,COc1ccc(C(=O)c2coc3ccc(O)c(CN(C)C)c23)c(OC)c1,5197,1,6977
5907,6980,CCOC(=O)C(CC1COc2ccccc2O1)C(=O)OCC,5196,1,6980
5908,6981,CC(C)(C)NCCC(=O)N1c2ccccc2Sc2ccccc21,973,3,6972
5909,6982,O=C(CN1CCN(CCO)CC1)N1c2ccccc2CCc2ccccc21,200,7,6904
5910,6983,O=C(CCN1CCN(CCO)CC1)N1c2ccccc2Sc2ccccc21,200,7,6904
5911,6984,O=C(CN1CCN(CCO)CC1)N1c2ccccc2Sc2ccccc21,200,7,6904
5912,6985,O=C(CN1CCN(CCO)CC1)N1c2ccccc2Sc2ccc(Cl)cc21,200,7,6904
5913,6986,O=CNC(CSSCC(C=O)NC(=O)O)C(=O)O,5195,1,6986
5914,6987,CCc1ocnc1C,979,3,1911
5915,6988,Cc1ncoc1CC(C)C,5194,1,6988
5916,6989,CN(C)c1ccc(N(C)C)nn1,5193,1,6989
5917,6992,CCC(C)C1(CC)C(=O)NC(=S)N(C)C1=O,5192,1,6992
5918,6993,OCc1cc(O)cc(O)c1,5191,1,6993
5919,6994,CCN(C=NS(=O)(=O)c1ccccc1)CC,5190,1,6994
5920,6995,CCCCCCCCCCCCCCCCCC[S+](C)CC,1710,2,6890
5921,6996,Cc1cc(O)c2c3c1C(=O)C=C1C(C)(C)C(=O)c4c(O)cc(O)c(c4C13O)C2=O,5189,1,6996
5922,6997,Cc1cc(C)n2c(nc3c(C)cccc32)c1C(=O)O,1709,2,4247
5923,6998,CC(C)(C)NCC(=O)N1c2ccccc2Sc2ccccc21,973,3,6972
5924,6999,CCCCOc1ccc(OCC(=O)N(c2cccc(OC)c2)C(C)CN2CCCC2)cc1,972,1,6999
5925,7000,CSc1ccc2c(c1)C(N1CCN(CCCO)CC1)Cc1ccccc1S2,5188,1,7000
5926,7001,CCSc1nc2ccccc2c(=O)n1-c1ccccc1,971,3,5486
5927,7002,O=C(O)c1c(I)c(I)c(C(=O)N2CCOCC2)c(I)c1I,1708,2,7002
5928,7003,CC(C)(C)C(C)(C)N,5187,1,7003
5929,7004,CNC(C)(C)C(C)(C)C,5186,1,7004
5930,7005,CN(C)C(C)(C)C(C)(C)C,5185,1,7005
5931,7006,CCC(CNC(=O)c1c(I)c(I)c(C(=O)NCC(=O)O)c(I)c1I)C(=O)O,588,3,6920
5932,7007,CN(CC(=O)O)C(=O)c1c(I)c(I)c(C(=O)N2CCOCC2)c(I)c1I,5184,1,7007
5933,7008,O=C(O)C1CCN(C(=O)c2c(I)c(I)c(C(=O)N3CCOCC3)c(I)c2I)CC1,1708,2,7002
5934,7009,O=C(O)CCNC(=O)c1c(I)c(I)c(C(=O)N2CCOCC2)c(I)c1I,969,3,7009
5935,7010,O=C(O)CNC(=O)c1c(I)c(I)c(C(=O)N2CCOCC2)c(I)c1I,969,3,7009
5936,7011,CNC(=O)c1c(I)c(I)c(C(=O)NCC(=O)O)c(I)c1I,587,3,7011
5937,7012,CNC(=O)c1c(I)c(I)c(C(=O)N(C)CC(=O)O)c(I)c1I,272,6,7012
5938,7013,CNC(=O)c1c(I)c(I)c(C(=O)NCC(C(=O)O)c2ccccc2)c(I)c1I,1702,2,7013
5939,7014,CN(CC(=O)O)C(=O)c1c(I)c(I)c(C(=O)NCC(=O)O)c(I)c1I,272,6,7012
5940,7015,CCN(CC(=O)O)C(=O)c1c(I)c(I)c(C(=O)NCC(=O)O)c(I)c1I,272,6,7012
5941,7016,O=C(O)CNC(=O)c1c(I)c(I)c(C(=O)N(CC(=O)O)Cc2ccccc2)c(I)c1I,1707,1,7016
5942,7017,CC(C)CC(NC(=O)c1c(I)c(I)c(C(=O)N2CCOCC2)c(I)c1I)C(=O)O,970,3,7017
5943,7018,O=C(O)C1CCCN1C(=O)c1c(I)c(I)c(C(=O)N2CCOCC2)c(I)c1I,381,5,7018
5944,7019,CNC(=O)c1c(I)c(I)c(C(=O)N2CCCC2C(=O)O)c(I)c1I,381,5,7018
5945,7020,CN(CC(=O)O)C(=O)c1c(I)c(I)c(C(=O)N2CCCC2C(=O)O)c(I)c1I,381,5,7018
5946,7021,CCC(CNC(=O)c1c(I)c(I)c(C(=O)N2CCCC2C(=O)O)c(I)c1I)C(=O)O,1706,1,7021
5947,7022,CCC1(CC)CC(O)CO1,1705,2,7022
5948,7023,CC(C)CC1(C)CC(O)CO1,5183,1,7023
5949,7024,CCCC1(C)CC(O)CO1,593,4,7024
5950,7025,CCCCC1(C)CC(O)CO1,593,4,7024
5951,7026,CCCC1(CCC)CC(O)CO1,1705,2,7022
5952,7027,CC(C)C1(C(C)C)CC(O)CO1,5182,1,7027
5953,7028,CCCCCCCCCC1(C)CC(O)CO1,593,4,7024
5954,7029,CC1OC(C)(C)CC1O,5181,1,7029
5955,7030,CCC1(O)CC(C)OC1(C)C,5180,1,7030
5956,7031,CCC1OC(C)(C)CC1O,592,4,7031
5957,7032,CCC1(C)CC(O)C(C)O1,1704,2,3929
5958,7033,OC1CCC2(CCCC2)OC1,5179,1,7033
5959,7034,CC1OC2(CCCC2)CC1O,5178,1,7034
5960,7035,OC1CC2(CCCCC2)OC12CCCCC2,5177,1,7035
5961,7036,CCC1CC(O)C(C)(CC)O1,5176,1,7036
5962,7037,CCCC1OC(C)(C)CC1O,592,4,7031
5963,7038,CC(C)C1OC(C)(C)CC1O,5175,1,7038
5964,7039,CC1(C)OC(C)(C)C(O)C1O,1703,2,7039
5965,7040,CC1(C)OC(C)(C)C(O)(O)C1C(N)=O,5174,1,7040
5966,7041,CC1(C)OC(C)(C)C(CO)C1O,5173,1,7041
5967,7042,CCC1OC(CC)(CC)CC1O,5172,1,7042
5968,7043,CCCCC1OC(C)(C)CC1O,592,4,7031
5969,7044,CCCC1OC(C)(CC)CC1O,592,4,7031
5970,7045,CCCC1(C)CC(O)C(CC)O1,5171,1,7045
5971,7046,CC1(C)CC(O)C(C)(C)O1,5170,1,7046
5972,7047,CC1(C)CC(C)(O)C(C)(C)O1,5169,1,7047
5973,7048,CC1C(O)C(C)(C)OC1(C)C,1703,2,7039
5974,7049,CCC1(CC)CC(O)C(C)(C)O1,5168,1,7049
5975,7050,CCC1(CC)CC(O)C(CC)(CC)O1,5167,1,7050
5976,7052,COC1OC(CO)C(O)C(O)C1NC(=O)N(C)N=O,5166,1,7052
5977,7053,CC1COCC1O,5165,1,7053
5978,7054,CC1CC(O)CO1,5164,1,7054
5979,7055,CC1OCCC1O,5163,1,7055
5980,7056,CCCCCC1OC(C)CC1O,5162,1,7056
5981,7057,CC1(C)CC(O)CO1,5161,1,7057
5982,7059,CN1CCN(CC(=O)N2c3ccccc3C(=O)Nc3cccnc32)CC1,5160,1,7059
5983,7060,CCN(CC)CCOC(=O)C1(c2cccc(C)c2)CCCC1,70,11,108
5984,7061,O=C(O)CNCCSSCCNCC(=O)O,630,4,3975
5985,7062,CSc1ccc(P(c2ccc(SC)cc2)c2ccc(SC)cc2)cc1,5159,1,7062
5986,7064,CCCC(NC(=O)c1c(I)c(I)c(C(=O)N2CCOCC2)c(I)c1I)C(=O)O,970,3,7017
5987,7065,CCC(NC(=O)c1c(I)c(I)c(C(=O)N2CCOCC2)c(I)c1I)C(=O)O,970,3,7017
5988,7066,O=C(O)CCCNC(=O)c1c(I)c(I)c(C(=O)N2CCOCC2)c(I)c1I,969,3,7009
5989,7067,O=C(O)CNC(=O)c1c(I)c(I)c(C(=O)NCC(C(=O)O)c2ccccc2)c(I)c1I,1702,2,7013
5990,7068,CCC(CNC(=O)c1c(I)c(I)c(C(=O)N(C)CC(=O)O)c(I)c1I)C(=O)O,272,6,7012
5991,7069,CC1CC(O)C(C)O1,5158,1,7069
5992,7070,CCCC1CC(O)C(CCC)O1,5157,1,7070
5993,7072,CCC1(C)CC(O)CO1,593,4,7024
5994,7074,CCN(CC)CC#Cc1ccccc1,5156,1,7074
5995,7075,CC1(C)CC2CCN1C(C)(C)C2,5155,1,7075
5996,7076,COC1CC(C)OC(OC2C(C)CC(C)(O)C(=O)C(C)C(OC(C)=O)C(C)C(C(C)C(C)O)OC(=O)C(C)C(OC3CC(C)(OC)C(OC(C)=O)C(C)O3)C2C)C1O,5154,1,7076
5997,7077,COc1cc2c(cc1OC)-c1c(C)c3ccc(OC)c(OC)c3c[n+]1CC2,5153,1,7077
5998,7078,O=C(O)CNC(=O)c1c(I)c(I)c(C(=O)N2CCCC2C(=O)O)c(I)c1I,381,5,7018
5999,7080,COc1cc(OC)cc(OCCN2CCOCC2)c1,5152,1,7080
6000,7081,CCCCOc1ccc(NC(=O)N(C)C)cn1,5151,1,7081
6001,7082,CC(C)NCC(O)COc1cccc2c1CC=C2,5150,1,7082
6002,7083,S=c1[nH]ccn1-c1cccc(Cl)c1,1701,2,6544
6003,7084,Nc1ccc(C(=O)NCCN2CCN(c3ccccn3)CC2)cc1,5149,1,7084
6004,7085,N=C(NO)C(O)c1ccc(Cl)c(Cl)c1,5148,1,7085
6005,7086,Cc1ccc2[nH]cc(CN(C)C)c2c1,205,7,1459
6006,7087,CC1CC(c2ccccc2)(c2ccccc2)C(=O)N1C,5147,1,7087
6007,7088,CCCCc1ccc(-c2ccccc2)c(S(=O)(=O)O)c1O,1700,2,7088
6008,7089,CCCCc1cccc(-c2ccccc2)c1S(=O)(=O)O,1700,2,7088
6009,7091,CN(C)CC(=O)c1c[nH]c2ccccc12,717,3,3963
6010,7092,O=C(CN1CCOCC1)c1c[nH]c2ccccc12,1581,2,7092
6011,7094,N=C(N)C(O)c1ccc(Cl)c(Cl)c1,5146,1,7094
6012,7096,N=C(NC1CCCCC1)NC1CNC1,5145,1,7096
6013,7097,CCOC(=O)C(=Cc1cccs1)C(=O)OCC,1695,2,7097
6014,7098,COc1ccc(C(O)CN2CCOCC2)cc1OC,5144,1,7098
6015,7099,Clc1nc(Cl)nc(Nc2cccc3ccccc23)n1,5143,1,7099
6016,7100,CC(=O)NC/C(C)=N/Nc1ccc([N+](=O)[O-])cc1[N+](=O)[O-],5142,1,7100
6017,7101,C[N+](C)(CCCCCC[N+](C)(C)C(c1ccccc1)c1ccccc1)C(c1ccccc1)c1ccccc1,5141,1,7101
6018,7102,BrCC(CBr)=C(CBr)CBr,5140,1,7102
6019,7103,CCOc1nc(N)c(C#N)c(-c2ccccc2Cl)c1C#N,5139,1,7103
6020,7105,Cc1ccc2c(n1)Nc1ccccc1N(CCCN(C)C)C2=O,1699,2,7105
6021,7106,Cc1ccc2c(n1)Nc1ccccc1N(CCN(C)C)C2=O,1699,2,7105
6022,7107,CCCCCCCCCCCC[N+](C)(C)CCCNC(=O)c1ccccc1O,5138,1,7107
6023,7108,CCOC(=O)c1cocc1C(=O)OCC,5137,1,7108
6024,7109,C#CCOc1ccc(N)cc1C(=O)NCCCC,5136,1,7109
6025,7110,COC1C(O)CC(OC2C(O)CC(OC3C(O)CC(OC4CCC5(C)C(CCC6C5CC(O)C5(C)C(C7=CC(=O)OC7)CCC65O)C4)OC3C)OC2C)OC1C,199,7,139
6026,7112,Cc1sc(N)nc1-c1ccccc1,5135,1,7112
6027,7113,CCN1CCC(O)C1,5134,1,7113
6028,7114,OCCN1CCCC1,382,5,1046
6029,7115,CCN(C(C)=O)c1c(I)c(C(=O)N2CCCC2C(=O)O)c(I)c(N(CC)C(C)=O)c1I,957,3,7115
6030,7116,CCC(=O)N(CC)c1c(I)c(C(=O)N2CCCC2C(=O)O)c(I)c(N(CC)C(=O)CC)c1I,957,3,7115
6031,7117,COc1cc(C(=O)NC2CCCNC2)cc(OC)c1OC,5133,1,7117
6032,7118,c1ccc(C(CCN2CCCC2)c2ccccc2)cc1,452,4,2880
6033,7119,c1ccc2c(c1)CONOC2,5132,1,7119
6034,7121,CCN(CC)CC=C(c1ccccc1)c1ccccc1,1698,2,4122
6035,7122,C(CN1CCCC1)=C(c1ccccc1)c1ccccc1,968,3,4449
6036,7123,N#[N+][N-]c1nc(Cl)nc(Cl)n1,5131,1,7123
6037,7125,Cn1c(=O)c2c(nc(Cc3cccnc3)n2CCCN)n(C)c1=O,967,3,6873
6038,7126,CCCCSc1nc(Cl)nc(Cl)n1,5130,1,7126
6039,7127,CCC1CN2CCc3cc(OC)c(OC)cc3C2CC1CC1c2cc(OC)c(OC)cc2CCN1CC(O)CNc1c(C)cccc1Cl,21,17,6650
6040,7128,Nc1ccccc1C(=O)NNC(=O)c1ccncc1,5129,1,7128
6041,7129,CC[N+]1(CCC(O)(c2ccccc2)C2CCCCC2)CCCCC1,477,4,3953
6042,7130,CCCCCC(C)OC(=O)CC(C)O,5128,1,7130
6043,7131,Cn1c(=O)c2c(nc(N3CCOCC3)n2C)n(C)c1=O,5127,1,7131
6044,7132,CC[N+](C)(CC)C1CSSC1,5126,1,7132
6045,7133,CCCC[N+](C)(CCCC)C1CSSC1,5125,1,7133
6046,7134,C[N+]1(C2CSSC2)CCCCC1,966,3,4955
6047,7135,C[N+]1(C2CSSC2)CCCCCC1,966,3,4955
6048,7138,NCC1OC(OC2C(N)CC(N)C(OC3OC(CO)C(O)C(O)C3O)C2O)C(N)C(O)C1O,19,18,182
6049,7139,NCC1OC(OC2C(N)CC(N)C(O)C2O)C(O)C(O)C1O,109,2,6916
6050,7141,Cc1ccc2c(c1)P(=O)(O)c1cc(C)ccc1S2,5124,1,7141
6051,7143,CC(=O)Nc1c(I)c(C(=O)N(C)CC(O)CO)c(I)c(C(=O)N(C)CC(O)CO)c1I,1697,2,171
6052,7144,O=C(CCOCCOCCOCCOCCC(=O)Nc1c(I)cc(I)c(C(=O)O)c1I)Nc1c(I)cc(I)c(C(=O)O)c1I,267,6,1702
6053,7145,CN1CCC(=C2c3ccccc3C(O)c3ccccc32)CC1,5123,1,7145
6054,7146,O=C1CCCCCCCCCCC1Br,5122,1,7146
6055,7147,COc1ccc(OC(=O)C=CC(=O)Oc2ccc(OC)cc2)cc1,5121,1,7147
6056,7149,Cc1ccc(CC(N)=S)nc1,5120,1,7149
6057,7150,CNC(=S)Cc1cccc(C)n1,1696,2,7150
6058,7151,CCNC(=S)Cc1cccc(C)n1,1696,2,7150
6059,7152,CNC(=S)Cc1ccccn1,5119,1,7152
6060,7153,CCc1cccnc1C,5118,1,7153
6061,7154,Cc1nc(NCc2ccccc2)sc1CCCl,5117,1,7154
6062,7155,Cc1nc(Cl)sc1CCCl,1693,2,7155
6063,7156,CC(C)N1CCC(c2ccccc2)(c2ccccc2)CC1,1666,2,7156
6064,7157,CN1CCC(c2ccccc2)(c2ccccc2)CC1,5116,1,7157
6065,7158,COc1ccc(C(=O)OC2CCC3(C)C4CCC5C6(O)C(O)C(O)C7C(CN8CC(C)CCC8C7(C)O)C6CC53OC24O)cc1OC,5115,1,7158
6066,7159,COc1ccnc(CC(N)=S)c1,5114,1,7159
6067,7160,Cc1cccc(CC(=S)N(C)C)n1,5113,1,7160
6068,7161,CCOC(=O)C(C#N)=Cc1cccs1,1695,2,7097
6069,7162,Cc1ccc(C(C)C)c(OCC(=O)OCCC[N+]2(C)CCCCC2)c1,320,5,7162
6070,7163,CC[N+](C)(CC)CCOC(=O)COc1cc(C)ccc1C(C)C,168,7,7163
6071,7165,NCCc1c[nH]c2ccc(Oc3ccccc3)cc12,309,6,833
6072,7167,CCC1CN2CCc3cc(OC)c(OC)cc3C2CC1CC1c2cc(OC)c(OC)cc2CCN1CC(O)CN1CCN(C)CC1,21,17,6650
6073,7168,CN(C)C(=O)N1CCCCC1,5112,1,7168
6074,7170,O=C(CCCN1CCc2[nH]c3ccc(F)cc3c2C1)c1ccc(F)cc1,5111,1,7170
6075,7171,COc1ccccc1C=CC(=O)c1cc(Cl)ccc1OCCCC(=O)O,1694,2,6871
6076,7172,FC(F)(F)c1cccc(C2CNCCO2)c1,5110,1,7172
6077,7173,CN1CCOC(c2cccc(C(F)(F)F)c2)C1,5109,1,7173
6078,7174,O=C(CCCN1CCOCC1)c1ccsc1,5108,1,7174
6079,7175,CC(=O)N(OCCN(C)C)C12CC3CC(CC(C3)C1)C2,5107,1,7175
6080,7176,Cc1ccccc1C(OC1CC2CCC(C1)N2C)c1ccccc1,1130,3,566
6081,7177,CN(C)CCOc1ccc2sc3ccccc3c(=O)c2c1,964,3,7177
6082,7178,CN(C)CCCOc1ccc2sc3ccccc3c(=O)c2c1,964,3,7177
6083,7181,Cc1cccc(Cl)c1NC(=O)OC1CCN(C(C)(C)C)C1,12,20,5901
6084,7182,CCN1CCC(OC(=O)Nc2c(C)cccc2C)C1,30,11,5856
6085,7183,CCN1CCC(OC(=O)Nc2c(C)cccc2Cl)C1,12,20,5901
6086,7184,CCCN1CCC(OC(=O)Nc2c(C)cccc2C)C1,30,11,5856
6087,7185,Cc1cccc(C)c1NC(=O)OC1CCN(C(C)C)C1,198,1,7185
6088,7186,Cc1cccc(C)c1NC(=O)OC1CCCN(C)C1,12,20,5901
6089,7187,Cc1cccc(Cl)c1NC(=O)OC1CCCN(C)C1,12,20,5901
6090,7188,CCN1CCCC(OC(=O)Nc2c(C)cccc2C)C1,30,11,5856
6091,7189,CCN1CCCC(OC(=O)Nc2c(C)cccc2Cl)C1,12,20,5901
6092,7190,CCCN1CCCC(OC(=O)Nc2c(C)cccc2C)C1,30,11,5856
6093,7191,CCCN1CCCC(OC(=O)Nc2c(C)cccc2Cl)C1,12,20,5901
6094,7194,Cc1cccc(C)c1NC(=O)OC1CCCN(C(C)(C)C)C1,30,11,5856
6095,7196,CCCCN1CCCC(OC(=O)Nc2c(C)cccc2Cl)C1,12,20,5901
6096,7199,CN(C)CCC=C1c2ccccc2Sc2ccc(OCc3ccccc3)cc21,965,1,7199
6097,7200,CN(C)CCC=C1c2ccccc2Sc2ccc(O)cc21,16,19,122
6098,7201,CCN(CC)CCOc1ccc2sc3ccccc3c(=O)c2c1,964,3,7177
6099,7202,CCCN1CCC(OC(=O)Nc2c(C)cccc2Cl)C1,12,20,5901
6100,7203,Cc1cccc(Cl)c1NC(=O)OC1CCN(C(C)C)C1,12,20,5901
6101,7204,CC=C1C=CC2=NCCC3OC123,5106,1,7204
6102,7205,CCCc1sc(Cl)nc1C,1693,2,7155
6103,7206,Cc1sc(Cl)nc1-c1ccccc1,5105,1,7206
6104,7207,ClCCc1scnc1-c1ccc(Cl)cc1,5104,1,7207
6105,7209,CC1=C(C(=O)O)N2C(=O)C(NC(=O)C(N)C3=CCC=CC3)C2SC1,1692,2,358
6106,7210,COC12C(COC(N)=O)C3=C(C(=O)C(C)=C(NC(CCCCN)C(=O)O)C3=O)N1CC1NC12,197,1,7210
6107,7211,CC(C)(C)C1CCC(NC(=O)c2ccccc2)CC1,5103,1,7211
6108,7212,CCC1(CC)OC(C)C(O)C1O,5102,1,7212
6109,7213,CCC(=O)N(C)c1c(I)c(C(=O)N(C)CC(=O)O)c(I)c(N(C)C(=O)CC)c1I,385,5,6917
6110,7214,S=C(NCc1ccccc1Cl)NCc1ccccc1Cl,5101,1,7214
6111,7216,COc1ccc(N(C(C)=O)c2ccccc2)cc1,1378,2,7216
6112,7219,CCN1CC2(OC(=O)c3ccccc3NC(C)=O)CCC(OC)C34C1C(CC23)C1(O)CC(OC)C2CC4C1(O)C2OC,5100,1,7219
6113,7220,[O-][N+]1(CCCO)CCN(C2Cc3ccccc3Sc3ccc(Cl)cc32)CC1,5099,1,7220
6114,7221,C[N+]1([O-])CCN(C2Cc3ccccc3S(=O)c3ccc(Cl)cc32)CC1,5098,1,7221
6115,7222,C[N+]1([O-])CCN(C2Cc3ccccc3S(=O)(=O)c3ccc(Cl)cc32)CC1,5097,1,7222
6116,7224,C(=Nc1ccc(Cc2ccc(N=C=C(c3ccccc3)c3ccccc3)cc2)cc1)=C(c1ccccc1)c1ccccc1,5096,1,7224
6117,7225,O=C(O)C=Cc1cccc(Br)c1,5095,1,7225
6118,7226,COc1ccc(Cc2cncc3cc(OC)c(OC)cc23)cc1OC,5094,1,7226
6119,7230,CCCCCCCCCCC(=O)N1CCOCC1,175,7,3438
6120,7231,Cc1cc(C)c(NC(=O)NCCCl)c(C)c1,149,8,4621
6121,7232,O=C(CSc1ccc([N+](=O)[O-])cc1)c1ccccc1,5093,1,7232
6122,7233,OC(CCN1CCCCC1)(c1ccccc1)C1C2CC3C(C2)C31,5092,1,7233
6123,7234,CC(=O)OCC1=C(C(=O)O)N2C(=O)C(NC(=O)CSC(=NC(C)C)NC(C)C)C2SC1,5091,1,7234
6124,7239,CCCC(CN(C)C)c1ccccc1,271,6,7239
6125,7240,CCC(C)(O)C(CN(C)C)c1ccccc1,5090,1,7240
6126,7242,CCOCCC(CN(C)C)c1ccccc1,1691,1,7242
6127,7245,CC(C)C(CN(C)C)c1ccccc1,5089,1,7245
6128,7246,C#CCC(CN(C)C)c1ccccc1,5088,1,7246
6129,7248,C=CCC(CN(C)C)c1ccccc1,5087,1,7248
6130,7249,CCCCCC(CN(C)C)c1ccccc1,271,6,7239
6131,7250,CCC(CN(C)C)c1ccccc1,271,6,7239
6132,7251,CC(C)CCC(CN(C)C)c1ccccc1,271,6,7239
6133,7252,C=CCN(C1=NCCN1)c1c(Cl)cccc1Cl,5086,1,7252
6134,7253,Cc1cccc(OC(N)=O)c1,5085,1,7253
6135,7254,CCOC(=O)CN(C)C,5084,1,7254
6136,7255,NC(=NNc1ccccc1)c1ccccc1,5083,1,7255
6137,7256,Cc1ccc(Cn2ccc(=N)cc2)cc1,5082,1,7256
6138,7257,Cc1cc(=N)ccn1CCc1ccccc1,5081,1,7257
6139,7258,N=c1ccn(CC=Cc2ccccc2)cc1,5080,1,7258
6140,7259,N=c1ccn(CCc2ccccc2)cc1,5079,1,7259
6141,7261,COC1CC(OC2CCC3(C=O)C4CCC5(C)C(C6=CC(=O)OC6)CCC5(O)C4CCC3(O)C2)OC(C)C1OC1OC(COC2OC(CO)C(O)C(O)C2O)C(O)C(O)C1O,441,5,828
6142,7262,CCOP(C#N)OCC,5078,1,7262
6143,7263,CCC(C)(CC)NC,5077,1,7263
6144,7264,CCC(CC)(CC)NC,5076,1,7264
6145,7265,CCNC(C)(C)C(C)(C)C,5075,1,7265
6146,7266,CCCC(C)(C)NCC,5074,1,7266
6147,7267,CCN(C)C(C)(C)CC,5073,1,7267
6148,7268,CCC(C)(CC)N(C)C,5072,1,7268
6149,7269,CCN(C)C(C)(CC)CC,5071,1,7269
6150,7270,CCN(C)C(CC)(CC)CC,5070,1,7270
6151,7271,CCN(C)C(C)(C)C(C)(C)C,5069,1,7271
6152,7272,O=C(NN(CCCl)CCCl)c1ccccc1,5068,1,7272
6153,7273,Cc1cc(N)n2ncnc2n1,1228,2,7273
6154,7274,COC1C(C)OC(OC2C=C3CCC4C(CCC5(C)C(c6ccc(=O)oc6)CCC45O)C3(C)CC2)C(O)C1O,1690,2,1407
6155,7275,CN(CC(=O)O)NC(=O)CC(N)CC(O)CN,5067,1,7275
6156,7276,CC1(C)CC2C(O)C34OC3C(=O)C3(CO3)C4(C)C2C1O,5066,1,7276
6157,7277,CCCCNCC(=O)c1ccc(O)c(O)c1,5065,1,7277
6158,7278,CSc1nc2ncncc2[nH]1,5064,1,7278
6159,7279,Cc1ccccc1NC(=O)OC1CCN(C)C1,12,20,5901
6160,7280,C(c1c[nH]c2ccccc12)=[N+]1CCCC1,5063,1,7280
6161,7281,Cc1cccc(Cl)c1NC(=O)OC1CCN(C(C)C)CC1,12,20,5901
6162,7282,CCCN1CCC(OC(=O)Nc2c(C)cccc2Cl)CC1,12,20,5901
6163,7283,CCN1CCC(OC(=O)Nc2c(C)cccc2Cl)CC1,12,20,5901
6164,7284,Cc1cccc(Cl)c1NC(=O)OC1CCN(C)CC1,12,20,5901
6165,7285,Cc1cccc(C)c1NC(=O)OC1CCN(C(C)C)CC1,92,2,7285
6166,7286,CCCN1CCC(OC(=O)Nc2c(C)cccc2C)CC1,92,2,7285
6167,7287,Cc1cccc(C)c1NC(=O)OC1CCN(C)CC1,12,20,5901
6168,7288,CCN1CCCC(OC(=O)Nc2ccc(C(C)=O)cc2)C1,108,5,7288
6169,7289,CCN1CCCC(OC(=O)Nc2ccc(OC)cc2)C1,108,5,7288
6170,7290,CCN1CCCC(OC(=O)Nc2ccc(Br)cc2)C1,108,5,7288
6171,7291,CCN1CCCC(OC(=O)Nc2cccc(Br)c2)C1,30,11,5856
6172,7292,CCN1CCCC(OC(=O)Nc2ccc(Cl)cc2)C1,108,5,7288
6173,7293,CCN1CCCC(OC(=O)Nc2cccc(Cl)c2)C1,30,11,5856
6174,7294,CCN1CCCC(OC(=O)Nc2ccc(C)cc2)C1,30,11,5856
6175,7295,CCN1CCCC(OC(=O)Nc2cccc(C)c2)C1,30,11,5856
6176,7296,CCN1CCCC(OC(=O)Nc2ccccc2C)C1,30,11,5856
6177,7297,Cc1cccc(Cl)c1NC(=O)OC1CCN(C)C1,12,20,5901
6178,7299,O=C(CCl)Nc1cc(Cl)cc(Cl)c1,5062,1,7299
6179,7300,CC(C)c1ccccc1NC1=NCCO1,5061,1,7300
6180,7301,c1ccc2c(c1)CCC2NC1=NCCO1,1398,2,7301
6181,7302,Cc1cccc(Cl)c1NC1=NCCO1,963,3,5950
6182,7303,FC(F)(F)c1ccccc1NC1=NCCO1,5060,1,7303
6183,7304,CCN1CCCC(OC(=O)Nc2ccc(C#N)cc2)C1,108,5,7288
6184,7305,CC(=O)N1CCc2cc([N+](=O)[O-])ccc21,5059,1,7305
6185,7306,Cc1ccc(C(=O)Nc2ccc([N+](=O)[O-])cc2)cc1,5058,1,7306
6186,7307,O=c1c(CN2CCOCC2)cc(O)cc(CN2CCOCC2)c1O,962,3,7307
6187,7308,O=Cc1ccccc1NC(=O)c1ccccc1,5057,1,7308
6188,7309,C[n+]1c(-c2ccc(N)cc2)c2cc(N)ccc2c2ccc(N)cc21,440,5,1517
6189,7310,CC(=N[N+](C)(C)C)c1ccccc1,5056,1,7310
6190,7311,CCC=C(CCC)C(=O)O,5055,1,7311
6191,7312,CN(C)C(=S)N(C(=S)N(C)C)c1ccccc1,5054,1,7312
6192,7314,CN(C)c1ccc(S(=O)(=O)c2ccc(N(C)C)cc2)cc1,5053,1,7314
6193,7315,NOCc1cscn1,5052,1,7315
6194,7316,CCN(CC)C(C(=O)NCc1ccccc1)c1ccccc1,591,4,7316
6195,7317,CCN(CC)C(C(=O)NCc1ccc(Cl)cc1)c1ccccc1,591,4,7316
6196,7318,CCN(CC)C(C(=O)NCc1ccccc1Cl)c1ccccc1,591,4,7316
6197,7319,O=C(NCc1ccccc1)C(c1ccccc1)N1CCCCC1,1675,2,7319
6198,7321,COc1cccc2c1CCCC2=O,5051,1,7321
6199,7322,O=c1c(CN2CCOCC2)cc(CN2CCOCC2)cc(CN2CCOCC2)c1O,962,3,7307
6200,7325,CCOP(=O)(OCC)C(C)c1ccccc1,5050,1,7325
6201,7326,CCCCC(c1ccccc1)P(=O)(OCC)OCC,5049,1,7326
6202,7327,O=Cc1cc2c3c(c1)CCCN3CCC2,5048,1,7327
6203,7328,CCCN(CCC)CCCO,437,5,1036
6204,7329,CCOC(=O)C1=C(C)NC(C)=C(C(=O)OCC)C1c1ccc(OC)cc1,590,4,2181
6205,7330,CC=C1CC(C)C(CO)(C(=O)O)OC1=O,5047,1,7330
6206,7331,CN1CCN(C2c3ccccc3CCc3ncccc32)CC1,5046,1,7331
6207,7333,ON=Cc1ccc(O)c(Cl)c1,5045,1,7333
6208,7334,CCCC(O)CCC(=O)C1=C(O)CCC1=O,5044,1,7334
6209,7335,CC(C)NCC(O)COc1cccc(C(N)=O)c1,589,4,474
6210,7336,CC(C)(C)NCC(O)COc1cccc(C(N)=O)c1,961,1,7336
6211,7337,CC(C)(C)NCC(O)COc1ccc(C(N)=O)cc1,589,4,474
6212,7338,CC(C)NCC(O)COc1ccccc1C(N)=O,1689,2,7338
6213,7339,CC(C)(C)NCC(O)COc1ccccc1C(N)=O,1689,2,7338
6214,7340,NC(=O)c1ccccc1OCC(O)CN1CCOCC1,5043,1,7340
6215,7341,CN(C)CCNCC(O)COc1ccccc1C(N)=O,5042,1,7341
6216,7342,Cc1[nH]c(=S)sc1CC(=O)O,5041,1,7342
6217,7343,Cc1nc(C)c(CC(=O)O)s1,5040,1,7343
6218,7344,Cc1nc(-c2ccccc2)c(CC(=O)O)s1,5039,1,7344
6219,7345,Cc1nc(-c2ccccc2)sc1CC(=O)O,1025,3,159
6220,7346,O=C(O)Cc1csc(-c2ccccn2)n1,5038,1,7346
6221,7347,c1ccc2c(c1)OCC(CN1CCOCC1)O2,1688,2,1187
6222,7349,CC(C)NCC(O)COc1ccc(C(N)=O)cc1,589,4,474
6223,7350,COC1(NC(=O)CCCC(N)C(=O)O)C(=O)N2C(C(=O)O)=C(COC(N)=O)CSC21,734,3,7350
6224,7351,NCCC(O)C(=O)NC1CC(N)C(OC2OC(CN)C(O)C(O)C2N)C(OC2OC(CO)C(O)C2O)C1O,135,6,340
6225,7352,CCN(CC)CCOC(=O)c1ccc(C(C)C)cc1,598,3,6900
6226,7354,CN1CCC(=C2c3ccccc3CC2(C)C)CC1,5037,1,7354
6227,7355,CCN(CC)CCN1C(=O)NC(c2ccccc2)(c2ccccc2)C1=O,5036,1,7355
6228,7356,CN1c2ccccc2Oc2nnc(N3CCNCC3)cc21,1687,2,6505
6229,7357,CN(C)C(=O)Nc1nc2ccccc2s1,1686,2,4921
6230,7360,Cc1nn(C)c2c1NCc1ccccc1O2,5035,1,7360
6231,7361,Cc1nc(-c2ccccn2)sc1C(=O)O,5034,1,7361
6232,7362,NC(=O)c1cc[n+](COC[n+]2ccccc2C=NO)cc1,5033,1,7362
6233,7363,CC(=O)CCC(O)c1ccoc1,5032,1,7363
6234,7364,S=P(Cl)(Cl)N(CCCl)CCCl,5031,1,7364
6235,7366,CC[N+](CC)(CC)CCSC(=N)N,5030,1,7366
6236,7367,CC[N+](CC)(CC)CCSC(=N)NC,5029,1,7367
6237,7368,CC[N+](CC)(CC)CCSC1=NCCN1,1685,2,5423
6238,7369,CCCCCCCCCCCC[N+](C)(C)CCOC(=S)NCC,5028,1,7369
6239,7370,CN(C)CCCC(CN(C)C)c1ccccc1,271,6,7239
6240,7371,CC(C)CC(CN(C)C)c1ccccc1,271,6,7239
6241,7373,CCCCCCCCCCCCCCCCOC(=O)CCCN,5027,1,7373
6242,7374,Clc1ccccc1C(N1CCCCC1)N1CCCCC1,1464,2,7374
6243,7375,Cc1oc2ccc(C(O)CNC(C)C)cc2c(=O)c1C,5026,1,7375
6244,7376,Cc1ccc(-c2cc3n(Cc4ccccc4)ccn3c2)cc1,374,5,7376
6245,7377,COc1ccccc1N1CCN(CCCNc2cc(=O)n(C)c(=O)n2C)CC1,5025,1,7377
6246,7378,Nc1ccc(N)c(=O)cc1,5024,1,7378
6247,7379,CN1C(C)(C)C=CCC1(C)C,5023,1,7379
6248,7380,CC1(C)C(=O)N(CCc2ccc(S(=O)(=O)NC(=O)NC34CC5CC(CC(C5)C3)C4)cc2)C(=O)c2ccccc21,1684,2,7380
6249,7381,CC1(C)C(=O)N(CCc2ccc(S(=O)(=O)NC(=O)NC34CC5CC(CC(C5)C3)C4)cc2)C(=O)c2cc(Br)ccc21,1684,2,7380
6250,7382,O=C(O)C1CCCN1C(=O)c1c(I)c(I)c(C(=O)N2CCCC2C(=O)O)c(I)c1I,381,5,7018
6251,7383,CCC(CNC(=O)c1c(I)c(I)c(C(=O)NCC(CC)C(=O)O)c(I)c1I)C(=O)O,588,3,6920
6252,7384,CNC(=O)c1c(I)c(I)c(C(=O)O)c(I)c1I,1683,1,7384
6253,7385,CCNC(=O)c1c(I)c(I)c(C(=O)O)c(I)c1I,587,3,7011
6254,7386,O=C(O)c1c(I)c(I)c(C(=O)NCCO)c(I)c1I,5022,1,7386
6255,7387,CC(O)CNC(=O)c1c(I)c(I)c(C(=O)O)c(I)c1I,1682,2,7387
6256,7388,O=C(O)c1c(I)c(I)c(C(=O)NCC(O)CO)c(I)c1I,1682,2,7387
6257,7389,CN(CCO)C(=O)c1c(I)c(I)c(C(=O)O)c(I)c1I,1681,2,7389
6258,7390,O=C(O)CNC(=O)c1c(I)c(I)c(C(=O)O)c(I)c1I,587,3,7011
6259,7391,O=C(O)CNC(=O)c1c(I)c(I)c(C(=O)NCC(=O)O)c(I)c1I,272,6,7012
6260,7392,CN(CC(=O)O)C(=O)c1c(I)c(I)c(C(=O)N(C)CC(=O)O)c(I)c1I,272,6,7012
6261,7393,O=C(O)c1c(I)c(I)c(C(=O)N(CCO)CCO)c(I)c1I,1681,2,7389
6262,7396,O=c1ccccc(O)c1O,1680,2,1567
6263,7397,CNC(=S)NCCSCc1[nH]cnc1C,5021,1,7397
6264,7399,CCCCCC(C=O)C(O)(C(F)(F)F)C(F)(F)F,5020,1,7399
6265,7400,CC(C)=CC(=O)CC(O)(C(F)(F)F)C(F)(F)Cl,5019,1,7400
6266,7401,CCCCCCCCC(C(=O)c1ccccc1)C(O)(C(F)(F)F)C(F)(F)F,5018,1,7401
6267,7402,O=C(COc1ccccc1)CC(O)(C(F)(F)F)C(F)(F)F,5017,1,7402
6268,7403,OC1CCCC1C(O)(C(F)(F)F)C(F)(F)Cl,960,3,7403
6269,7404,OC1CCCC1C(O)(C(F)(F)F)C(F)(F)F,960,3,7403
6270,7405,OC1CCCCCCCCCCC1C(O)(C(F)(F)F)C(F)(F)F,960,3,7403
6271,7406,CC1=CC(O)C(C(O)(C(F)(F)F)C(F)(F)F)C(C)(C)C1,5016,1,7406
6272,7407,CC(C)C1CCC(C)C(C(O)(C(F)(F)F)C(F)(F)F)C1O,5015,1,7407
6273,7408,OC1c2ccccc2CCC1C(O)(C(F)(F)F)C(F)(F)F,5014,1,7408
6274,7409,O=C1CCCC1C(O)(C(F)(F)F)C(F)(F)Cl,5013,1,7409
6275,7410,CC(C)(C)C(O)CC(O)(C(F)(F)F)C(F)(F)F,5012,1,7410
6276,7411,CCCCCC(CO)C(O)(C(F)(F)F)C(F)(F)F,5011,1,7411
6277,7412,CC(O)CC(O)(C(F)(F)F)C(F)(F)F,5010,1,7412
6278,7413,CC(C)=CC(O)CC(O)(C(F)(F)F)C(F)(F)Cl,1679,2,7413
6279,7414,CC(C)=CC(O)CC(O)(C(F)(F)F)C(F)(F)F,1679,2,7413
6280,7415,OC(CC(O)(C(F)(F)F)C(F)(F)F)c1ccccc1,829,3,7415
6281,7416,Cc1ccc2c(c1)CCCN2C=O,5009,1,7416
6282,7417,OC(CC(O)(C(F)(F)Cl)C(F)(F)Cl)c1ccccc1,1678,1,7417
6283,7418,OC(CC(O)(C(F)(F)F)C(F)(F)F)c1cccc(Cl)c1,1677,2,7418
6284,7419,OC(CC(O)(C(F)(F)F)C(F)(F)F)c1cccc(C(F)(F)F)c1,1677,2,7418
6285,7420,O=[N+]([O-])c1cccc(C(O)CC(O)(C(F)(F)F)C(F)(F)F)c1,1397,2,7420
6286,7421,OC(CC(O)(C(F)(F)F)C(F)(F)F)c1cccs1,1676,2,7421
6287,7430,COc1ccc(C(O)C(C)C(O)(C(F)(F)F)C(F)(F)F)cc1,5008,1,7430
6288,7431,OC(C=Cc1ccccc1)CC(O)(C(F)(F)F)C(F)(F)F,5007,1,7431
6289,7432,OC(COc1ccccc1)CC(O)(C(F)(F)F)C(F)(F)F,5006,1,7432
6290,7433,OC(CC(O)(C(F)(F)Cl)C(F)(F)Cl)c1ccco1,1392,2,7433
6291,7434,OC(CC(O)(C(F)(F)Cl)C(F)(F)Cl)c1cccs1,1676,2,7421
6292,7438,CNCCC=C1c2ccccc2CSc2sccc21,586,2,4196
6293,7439,O=C(O)CSC(SCC(=O)O)c1ccc2c(c1)OCO2,5005,1,7439
6294,7440,O=C1OCCC1=P(c1ccccc1)(c1ccccc1)c1ccccc1,5004,1,7440
6295,7441,CCNC(C)(C)CC,5003,1,7441
6296,7442,C[n+]1ccc(C(C#N)=NO)cc1,5002,1,7442
6297,7443,NCC(O)CN,5001,1,7443
6298,7445,CN1CCN(C2CCCCc3ccccc32)CC1,5000,1,7445
6299,7446,CN(C)CCN(c1ccccc1)C1CCCCc2ccccc21,4999,1,7446
6300,7447,CCN(CC)CCOC(=O)C(CCCc1ccccc1)c1ccccc1,1116,3,754
6301,7448,CC=C1CC2C(OC)Nc3cc(O)c(OC)cc3C(=O)N2C1,4998,1,7448
6302,7449,CCCC(C(=O)OCC)P(=O)(OCC)OCC,4997,1,7449
6303,7450,CC(Cc1ccccc1)N(C)CCCl,4996,1,7450
6304,7452,CC(C)(C)NCC(O)COc1ccccc1OCC1CCCO1,4995,1,7452
6305,7453,COc1ccc(C(O)C(C)N2CCC(CC3CCCCC3)CC2)cc1,1146,2,7453
6306,7454,COc1ccc(C(O)C(C)N2CC=C(Cc3ccccc3)CC2)cc1,4994,1,7454
6307,7455,COc1cc(CNCc2cc(OC)c(OC)c(OC)c2)cc(OC)c1OC,4993,1,7455
6308,7456,Nc1cc(=O)nc2nc[nH]n12,4992,1,7456
6309,7457,O=C(O)c1cccc(-c2nc(-c3ccc(Cl)cc3)cs2)c1,4991,1,7457
6310,7458,COC(=O)c1cc(-c2nc(C)cs2)ccc1OC,585,4,7458
6311,7459,Cc1csc(-c2cc(C(=O)O)ccc2C)n1,4990,1,7459
6312,7460,COc1ccc(-c2nc(C)cs2)cc1C(=O)O,585,4,7458
6313,7461,COc1ccc(-c2nccs2)cc1C(=O)O,4989,1,7461
6314,7462,COc1ccc(-c2nc(-c3ccccc3)cs2)cc1C(=O)O,585,4,7458
6315,7463,Cc1csc(-c2cccc(C(=O)O)c2)n1,4988,1,7463
6316,7464,Cc1csc(-c2ccc(Cl)c(C(=O)O)c2)n1,585,4,7458
6317,7465,O=S(=O)(O)c1ccc(-c2c3nc(c(-c4ccc(S(=O)(=O)O)cc4)c4ccc([nH]4)c(-c4ccc(S(=O)(=O)O)cc4)c4ccc([nH]4)c(-c4ccc(S(=O)(=O)O)cc4)c4nc2C=C4)C=C3)cc1,4987,1,7465
6318,7467,Cc1cc(OCCN(C)C)c(C(C)C)cc1O,959,3,206
6319,7468,Cc1ccccc1OP(=O)(NCC[N+](C)(C)CCCCCC[N+](C)(C)CCNP(=O)(Oc1ccccc1C)Oc1ccccc1C)Oc1ccccc1C,206,7,5500
6320,7469,Cc1cccc(OP(=O)(NCC[N+](C)(C)CCCCCC[N+](C)(C)CCNP(=O)(Oc2cccc(C)c2)Oc2cccc(C)c2)Oc2cccc(C)c2)c1,206,7,5500
6321,7470,Cc1ccc(OP(=O)(NCC[N+](C)(C)CCCCCC[N+](C)(C)CCNP(=O)(Oc2ccc(C)cc2)Oc2ccc(C)cc2)Oc2ccc(C)cc2)cc1,206,7,5500
6322,7471,CCN(CC[N+](C)(C)CCCCCC[N+](C)(C)CCN(CC)P(=O)(Oc1ccccc1C)Oc1ccccc1C)P(=O)(Oc1ccccc1C)Oc1ccccc1C,4986,1,7471
6323,7472,CCNC(=O)c1c(I)c(C(=O)NCC(=O)O)c(I)c(N(CC)C(=O)CC)c1I,958,2,6919
6324,7473,CCNC(=O)c1c(I)c(C(=O)N(C)CC(=O)O)c(I)c(N(CC)C(=O)CC)c1I,385,5,6917
6325,7474,CCNC(=O)c1c(I)c(C(=O)N2CCCC2C(=O)O)c(I)c(N(CC)C(=O)CC)c1I,957,3,7115
6326,7477,CC(C)Cc1cnc(NS(=O)(=O)c2ccc(CC(=O)NC(C)c3ccccc3)cc2)nc1,4985,1,7477
6327,7478,CCCOC(=O)c1ccc(O)cc1,4984,1,7478
6328,7480,CCCCOc1ccc(C(=O)OCCN(CC)CC)cc1N,7,23,94
6329,7481,CCCC1CCCCN1C,4983,1,7481
6330,7483,c1cc[n+]2c(c1)CC[n+]1ccccc1CC2,4982,1,7483
6331,7484,CP(C)(=O)CN1C(=O)CN=C(c2ccccc2)c2cc(Cl)ccc21,4981,1,7484
6332,7485,O=C(O)CCCNC(=O)c1ccccc1,1590,2,7485
6333,7486,O=C(NCc1ccc(Cl)cc1)C(c1ccccc1)N1CCCCC1,1675,2,7319
6334,7487,CCN(CC)C(C(=O)NCc1ccccc1C)c1ccccc1,591,4,7316
6335,7488,CCC(NC1=NCCO1)c1ccccc1,956,3,7488
6336,7489,CCC(NC1=NCCO1)c1cccs1,955,3,7489
6337,7490,c1csc(C(NC2=NCCO2)C2CC2)c1,955,3,7489
6338,7491,CC(NC1=NCCO1)c1ccccc1,956,3,7488
6339,7492,CC(NC1=NCCO1)c1cccs1,955,3,7489
6340,7493,CC(NC(=O)NCCCl)c1ccco1,4980,1,7493
6341,7494,c1ccc(C(NC2=NCCO2)C2CC2)cc1,4979,1,7494
6342,7495,CCCC(CN(C)C)c1cc(Cl)ccc1OCC,4978,1,7495
6343,7496,CCOc1ccc(Cl)cc1C(CN(C)C)C1CCCC1,1674,2,7496
6344,7497,CCOc1ccc(Cl)cc1C(CN(C)C)C1CCCCC1,1674,2,7496
6345,7501,CN1CCN(c2ccc([N+](=O)[O-])cc2C=NN2CCOC2=O)CC1,4977,1,7501
6346,7502,CCOC(=O)Nc1ccc([N+](=O)[O-])cc1[N+](=O)[O-],4976,1,7502
6347,7503,CNCC(O)c1c[nH]c2ccccc12,4975,1,7503
6348,7505,O=C(C=C(C(F)(F)F)C(F)(F)F)c1cccc([N+](=O)[O-])c1,954,2,7505
6349,7506,O=C(C=C(C(F)(F)Cl)C(F)(F)Cl)c1ccccc1,4974,1,7506
6350,7507,O=C(C=C(C(F)(F)F)C(F)(F)F)c1ccccc1[N+](=O)[O-],4973,1,7507
6351,7508,O=C(C=C(C(F)(F)F)C(F)(F)F)c1ccc([N+](=O)[O-])cc1,243,6,7508
6352,7509,O=C(C=C(C(F)(F)F)C(F)(F)F)c1ccc(Cl)c([N+](=O)[O-])c1,4972,1,7509
6353,7510,COc1cc(C(=O)C=C(C(F)(F)F)C(F)(F)F)cc(OC)c1OC,4971,1,7510
6354,7511,O=C(C=C(C(F)(F)F)C(F)(F)F)c1ccc(Cl)cc1,243,6,7508
6355,7512,O=C(C=C(C(F)(F)F)C(F)(F)F)c1ccc(F)cc1,243,6,7508
6356,7513,COc1ccc(C(=O)C=C(C(F)(F)F)C(F)(F)F)cc1F,4970,1,7513
6357,7514,N#Cc1ccc(C(=O)C=C(C(F)(F)F)C(F)(F)F)cc1,243,6,7508
6358,7515,O=C(C=C(C(F)(F)F)C(F)(F)F)c1ccc(-c2ccccc2)cc1,243,6,7508
6359,7516,O=C(C=C(C(F)(F)F)C(F)(F)F)c1cccc2ccccc12,4969,1,7516
6360,7517,O=C(C=C(C(F)(F)F)C(F)(F)F)c1ccco1,1396,2,7517
6361,7518,O=C(C=C(C(F)(F)Cl)C(F)(F)Cl)c1cccs1,4968,1,7518
6362,7519,O=C(C=Cc1ccccc1)C=C(C(F)(F)F)C(F)(F)F,4967,1,7519
6363,7523,CCC(=O)OC1CC(=O)OC(C)CC=CC=CC(O)C(C)CC(CC=O)C(OC2OC(C)C(OC3CC(C)(O)C(OC(=O)CC)C(C)O3)C(N(C)C)C2O)C1OC,195,7,5458
6364,7524,NOCc1csc(N)n1,4966,1,7524
6365,7525,O=C(O)CSCc1ccsc1,4965,1,7525
6366,7527,COc1cccn2c(C(=O)c3ccc(Cl)cc3)c(C)c(CC(=O)O)c12,4964,1,7527
6367,7528,COc1ccn2c(CC(=O)O)c(C)c(C(=O)c3ccc(Cl)cc3)c2c1,1673,2,6610
6368,7529,O=S(OCc1ccccc1)OCc1ccccc1,4963,1,7529
6369,7530,NC(=O)OCC1N=C(N)N2CCC(O)(O)C23NC(N)=NC13,4962,1,7530
6370,7531,O=C1CSC(=S)N1N=Cc1ccccc1O,4961,1,7531
6371,7532,COc1cc(OC)c(C(=O)CCCN2CCOCC2)c(OC)c1,953,3,7532
6372,7533,COc1cc(OC)c(C(=O)CCCN2CCCCC2)c(OC)c1,953,3,7532
6373,7534,COc1cc(OC)c(C(=O)CCCN2CCCC2)c(OC)c1,953,3,7532
6374,7535,N#CCCCN1CCCC1,139,8,1995
6375,7536,O=C(C=C(C(F)(F)Cl)C(F)(F)Cl)c1cccc([N+](=O)[O-])c1,954,2,7505
6376,7537,OC(CNCCNCC(O)COc1ccccc1)COc1ccccc1,1672,2,1740
6377,7538,Nc1nnc(-c2cccnc2)[nH]1,4960,1,7538
6378,7539,CS(=O)(=O)Nc1nc2ccccc2s1,4959,1,7539
6379,7540,CCN(CC)CCCC(=O)c1c(OC)cc(OC)cc1OC,4958,1,7540
6380,7541,CCCCCCCCC(=O)N(C)CCO,4957,1,7541
6381,7542,CC(C)CC(N)C(=O)NCC(O)CC(N)CC(=O)NN(C)CC(=O)O,4956,1,7542
6382,7543,NC(=O)C=CC1=NCCC1,4955,1,7543
6383,7544,O=C(O)c1ccc(I)c(I)c1,1671,2,2501
6384,7552,COc1cc2c3c(c1OC)C(=O)CCC3N(C)CC2,1670,2,5285
6385,7553,NCC(O)C(Cl)(Cl)Cl,4954,1,7553
6386,7554,CCC(N)C(O)C(Cl)(Cl)Cl,4953,1,7554
6387,7556,Cn1c(=O)c2[nH]c(CN)nc2n(C)c1=O,157,8,2332
6388,7557,COC(=O)c1c2oc3c(C(=O)OC)cccc3nc-2cc(N)c1=O,4952,1,7557
6389,7559,COc1ccc2[nH]c3c(c2c1)CCNC3,4951,1,7559
6390,7560,C=CC1=NC(C)(C)CCS1,4950,1,7560
6391,7561,CCOC(=O)C1OC(n2cnc3c(N)ncnc32)C(O)C1O,4949,1,7561
6392,7562,CC(=O)NCCSC(=O)N1c2ccccc2Sc2cccnc21,4948,1,7562
6393,7563,O=C(SCCN1CCN(c2ccccc2)CC1)N1c2ccccc2Sc2cccnc21,4947,1,7563
6394,7564,O=C(SCCN1CCN(CCO)CC1)N1c2ccccc2Sc2ncccc21,4946,1,7564
6395,7565,CSc1cccc2c1Sc1ncccc1N2C(=O)SCCN(C(C)C)C(C)C,1669,2,7565
6396,7566,CC(C)N(CCSC(=O)N1c2cccnc2Sc2c1cccc2C(F)(F)F)C(C)C,1669,2,7565
6397,7567,Cc1ccc(SCC(=O)NCCN(C)C)cc1,1667,2,7567
6398,7568,Nc1c[n+](C(Cc2ccccc2)Cc2ccccc2)no1,4945,1,7568
6399,7569,CCC1OC(=O)CC(O)C(C)C(OC2OC(C)CC(N(C)C)C2O)C(CC=O)CC(C)C(=O)C=CC2(C)OC2C1C,4944,1,7569
6400,7571,COc1cc2cc(c1Cl)N(C)C(=O)CC(OC(=O)C(C)N(C)C(C)=O)C1(C)OC1C(C)C1CC(O)(NC(=O)O1)C(OC)C=CC=C(C)C2,4943,1,7571
6401,7572,CC(CN(C)C)OC(=O)CSc1ccccc1,1668,2,7572
6402,7573,Cc1ccc(SCC(=O)OC(C)CN(C)C)cc1,1668,2,7572
6403,7574,CN(C)CCOC(=O)CSc1ccccc1,952,1,7574
6404,7575,CCN(CC)CCOC(=O)CSc1ccccc1,584,4,7575
6405,7576,O=C(CSc1ccccc1)OCCN1CCCCC1,583,2,7576
6406,7577,O=C(CSc1ccccc1)OCCN1CCOCC1,582,4,7577
6407,7578,CN(C)CCNC(=O)CSc1ccccc1,1667,2,7567
6408,7579,Cc1ccc(SCC(=O)OCCN(C)C)cc1,584,4,7575
6409,7580,CCN(CC)CCOC(=O)CSc1ccc(C)cc1,584,4,7575
6410,7581,Cc1ccc(SCC(=O)OCCN2CCCCC2)cc1,583,2,7576
6411,7582,Cc1ccc(SCC(=O)OCCN2CCOCC2)cc1,582,4,7577
6412,7583,CCN(CC)CCOC(=O)CSc1ccc(Cl)cc1,584,4,7575
6413,7584,O=C(CSc1ccc(Cl)cc1)OCCN1CCCCC1,582,4,7577
6414,7585,O=C(CSc1ccc(Cl)cc1)OCCN1CCOCC1,582,4,7577
6415,7586,Cn1c(=O)c2[nH]c(C3CCCC3)nc2n(C)c1=O,459,4,2018
6416,7587,Oc1ccccc1-c1nc2cc(Cl)ccc2o1,4942,1,7587
6417,7588,Cc1cccc(C)c1C(OCC[N+](C)(C)O)c1c(C)cccc1C,4941,1,7588
6418,7589,OCCN1CCC(c2ccccc2)(c2ccccc2)CC1,4940,1,7589
6419,7590,CCC(C)N1CCC(c2ccccc2)(c2ccccc2)CC1,1666,2,7156
6420,7592,CCCCCN(C)CC(=O)Nc1c(C)cccc1C,57,12,6312
6421,7593,CCCCCCN(C)CC(=O)Nc1c(C)cccc1C,57,12,6312
6422,7594,CCCCCCCN(C)CC(=O)Nc1c(C)cccc1C,57,12,6312
6423,7595,CCOC(=O)N=CC=NC(=O)OCC,4939,1,7595
6424,7596,CC(CCn1cnc2c1c(=O)n(C)c(=O)n2C)NCC(O)c1cc(O)cc(O)c1,4938,1,7596
6425,7597,CCC1(O)CC(OC2CC(N(C)C)C(OC3CC4OC5CC(=O)C(C)OC5OC4C(C)O3)C(C)O2)c2c(cc3c(c2O)C(=O)c2c(O)ccc(O)c2C3=O)C1C(=O)OC,48,13,7597
6426,7598,O=C(Cn1c(=O)sc2ccc(Cl)cc21)N1CCN(CCO)CC1,4937,1,7598
6427,7600,O=C(O)c1c[nH]c2ccc([N+](=O)[O-])cc2c1=O,743,3,7600
6428,7604,NCC1OC(OC2C(CO)OC(OC3C(O)C(N)CC(N)C3OC3OC(CO)C(O)C(O)C3N)C2O)C(N)C(O)C1OC1OC(CO)C(O)C(O)C1O,19,18,182
6429,7605,O=c1oc2ccccc2c(N2CCCCC2)c1Cl,4936,1,7605
6430,7606,O=C(CSC1=NCCN1)c1ccc([N+](=O)[O-])cc1,1457,2,7606
6431,7607,CC1=C2C(=O)C3C(CC=C4CC(OC5OC(CO)C(O)C(O)C5O)CCC43C)C2CCC12OC1CC(C)CNC1C2C,4935,1,7607
6432,7608,C=CCN1CCc2nc(N)sc2CC1,4934,1,7608
6433,7609,Clc1ccc(C2=CSC3=NCCN23)cc1,581,4,4136
6434,7610,OCC(O)COc1cccc2ccccc12,4933,1,7610
6435,7611,OC(COc1cccc2ccccc12)CC1=NCCN1,1380,2,7611
6436,7612,C=C(Br)CN1CCCC1,1657,2,7612
6437,7613,CCCCNc1cc(C(=O)O)cc(S(N)(=O)=O)c1Cc1ccccc1,1665,2,100
6438,7614,CC=C1CC(C)C(O)(CO)C(=O)OCC2=CCN3CCC(OC1=O)C23,951,3,30
6439,7615,CC(C)c1cc(CN2CCOCC2)cc(CN2CCOCC2)c(=O)c1O,962,3,7307
6440,7616,CN(C)C=Nc1ccc(Cl)cn1,4932,1,7616
6441,7618,Cc1cc(C)c(N=CN(C)C)c(C)c1,4931,1,7618
6442,7619,NC(=O)c1ccccc1NCCN1CCN(c2ccccc2)CC1,4930,1,7619
6443,7620,S=C(Nc1ccccn1)NC1CCCCC1,4929,1,7620
6444,7621,CC(=O)OCC(C(=O)NCc1ccccn1)c1ccccc1,4928,1,7621
6445,7623,S=C(CC1=NCCN1)c1ccc(Cl)cc1,4927,1,7623
6446,7624,Cc1ccc2c(c1)C13CCCCC1C(C2)N(C)CC3,196,5,7624
6447,7625,Cc1cccc(NC2=NCCN2)c1C,4926,1,7625
6448,7626,BrC(Br)c1cccc(C(Br)Br)c1,4925,1,7626
6449,7627,COc1ccc(N2C(=O)CC(Cl)C2=O)cc1,4924,1,7627
6450,7628,Cc1cc(C)c(NC(=O)C2CNCCN2)c(C)c1,1664,2,7628
6451,7637,CCCCCCCCCCP(=O)(OCCCC)OCCCC,270,6,880
6452,7638,O=C(Nc1ccccc1)C1CNCCN1,4923,1,7638
6453,7639,Cc1ccccc1NC(=O)N1CCNCC1,4922,1,7639
6454,7640,Cc1cccc(C)c1NC(=O)C1CNCCN1,1664,2,7628
6455,7657,O=C1C(O)=C(CC=C(Cl)Cl)C(=O)c2ccccc21,4921,1,7657
6456,7658,CN(CCc1ccccc1)CCN(C)C(=O)CC1(c2ccccc2)CCCCC1,4920,1,7658
6457,7659,C[N+](C)(C)CCCCCCCCC[N+](C)(C)C,17,18,738
6458,7660,CN1CCNc2ccccc21,4919,1,7660
6459,7663,Cc1ccc(OCC(O)CNC(C)(C)C)c2oc(=O)ccc12,4918,1,7663
6460,7665,CCN(CC)CCOC(=O)C(c1ccccc1)c1cccc(OC)c1,1663,1,7665
6461,7666,CCN(CC)C(=O)c1cccc(C(=O)N(CC)CC)n1,4917,1,7666
6462,7667,CCCOC(=O)C1c2ccc(O)cc2C(O)CN1C,228,6,6319
6463,7668,CCCCOC(=O)C1c2ccc(O)cc2C(O)CN1C,228,6,6319
6464,7669,CC(C)COC(=O)C1c2ccc(O)cc2C(O)CN1C,228,6,6319
6465,7670,OCC12COC(c3ccccc3)N1C(c1ccccc1)OC2,4916,1,7670
6466,7671,CN(CCc1ccccc1)CCN(C)C(=O)N1c2ccccc2Sc2ccccc21,4915,1,7671
6467,7673,CN1C(=O)CSC12CCN(CC1COc3ccccc3O1)CC2,580,4,6501
6468,7674,CN1C(=O)CSC12CCN(CCOC(=O)C1COc3ccccc3O1)CC2,580,4,6501
6469,7675,CC(CN1CCCC1)OC(=O)c1ccccc1,4914,1,7675
6470,7677,CNC1C(O)C(OC2C(N)CC(N)C(OC3OC(CO)C(O)C(O)C3N)C2O)OCC1(C)O,579,2,7677
6471,7678,CC(=O)OCC[N+]1(C)CC1,1646,2,7678
6472,7679,CC(=O)NC1CCC(OC2CCCCC2)CC1,4913,1,7679
6473,7680,CN(C)C=NC1CCC(CC2CCCCC2)CC1,4912,1,7680
6474,7681,OC(Cc1cnccn1)c1ccccc1,4911,1,7681
6475,7682,N#CC(C#N)=Cc1cccc(C(F)(F)F)c1,1662,2,5249
6476,7683,N#CC(C#N)=Cc1ccc(C#N)cc1,4910,1,7683
6477,7684,COc1cccc(C=C(C#N)C#N)c1OC,950,3,2698
6478,7685,COc1cccc(C=C(C#N)C#N)c1O,950,3,2698
6479,7686,Cc1ncsc1CCN1CCOCC1,4909,1,7686
6480,7687,O=C1CCCN1C=C(Cl)Cl,4908,1,7687
6481,7688,CN(C)CCN(O)C1=CCCSc2ccccc21,4907,1,7688
6482,7689,CC(C)NCC(O)COc1ccc2c(c1)CCCCS2,4906,1,7689
6483,7690,CN(C)CCCC1(c2ccccc2)CCCSc2ccccc21,4905,1,7690
6484,7691,CN(C)CCC=C1c2ccccc2Sc2ccc(C(F)(F)F)cc21,16,19,122
6485,7692,CCCCCCCCCCCCCCCCO[PH](=O)OCCCCCCCCCCCCCCCC,4904,1,7692
6486,7693,CCOC(=O)c1cc2cc(CC)ccc2[nH]1,4903,1,7693
6487,7694,N#CC(C#N)=Cc1cc(Cl)ccc1[N+](=O)[O-],4902,1,7694
6488,7695,c1ccc(C2CCN(CCC(c3ccccc3)c3ccccc3)CC2)cc1,417,5,4849
6489,7696,CCOP(=O)(OCC)N1CCOCC1,4901,1,7696
6490,7697,CN(CCN1CCOCC1)C(=O)C(O)(c1ccccc1)c1cccs1,1661,1,7697
6491,7698,CCN(CC)CCN(C)C(=O)C(O)(c1ccccc1)c1cccs1,578,4,2185
6492,7699,CCN(CC)CCNC(=O)C(O)(c1ccccc1)c1cccs1,578,4,2185
6493,7700,CC=CC(=O)NCC(C(C)C)N(O)N=O,4900,1,7700
6494,7702,CC(=O)C1(O)C(O)CC(OC2c3cc4c(c(O)c3C3CC2(C)OC32C=C3CCN=C3N2)C(=O)c2cccc(O)c2C4=O)OC1C,4899,1,7702
6495,7703,OCC1=CC(NC2CC(CO)C(OC3OC(CO)C(O)C(O)C3O)C(O)C2O)C(O)C(O)C1O,577,4,4384
6496,7704,NCCCC(N)CC(=O)NCC1NC(=O)C(CO)NC(=O)C(N)CNC(=O)C(C2CCN=C(N)N2)NC(=O)C(C=NC(N)=O)NC1=O,4898,1,7704
6497,7706,NCCNCCNCCNCCN,4897,1,7706
6498,7707,CCN(CC)c1ccc2c(-c3ccc(C(=O)O)cc3C(=O)O)c3ccc(N(CC)CC)cc3[o+]c2c1,4896,1,7707
6499,7710,c1cn[nH]n1,4895,1,7710
6500,7711,CNC1C(OC2OC(CO)C(N)C(O)C2O)OC2CC(N)C(OC3C(N)CC(N)C(O)C3O)OC2C1O,4894,1,7711
6501,7712,O=C(CN1CCCCC1)NC(c1ccccc1)c1ccccc1,4893,1,7712
6502,7714,O=C1OC(=O)c2c(O)cccc21,4892,1,7714
6503,7721,Clc1ccc2c(c1)OCCC(CN1CCCCC1)=C2c1ccccc1,4891,1,7721
6504,7722,CN(C)CCON=C1CCCOc2cc(Cl)ccc21,190,7,7722
6505,7728,COc1cc2c(cc1OC)CN(C(=N)NCCOc1ccccc1OC)CC2,4890,1,7728
6506,7729,COc1ccc2c(n1)SCC(N)=N2,4889,1,7729
6507,7731,C=CCC1C(=O)N(c2ccccc2)N(c2ccccc2)C1=O,4888,1,7731
6508,7732,O=C(NCCCl)NC1CCC(CC2CCCCC2)CC1,420,5,4615
6509,7733,COc1ccc(P(=O)(Cl)Cl)cc1,4887,1,7733
6510,7735,CC1CC2CCC(O)C2N1C,4886,1,7735
6511,7736,CCOC(=O)CCC[N+](C)(CC)CC,399,5,5208
6512,7737,C[N+]1(C)CCN(Cc2ccccc2Cc2ccccc2)CC1,4885,1,7737
6513,7738,CCSc1nc(=O)cc(N)[nH]1,4884,1,7738
6514,7739,COc1ccc(C(C#N)N(C)C)cc1OC,4883,1,7739
6515,7742,CCOC(=O)C1CN(C)CCC1=O,1660,2,7742
6516,7743,CCOC(=O)C1CN(CC)CCC1=O,1660,2,7742
6517,7744,CCN(CC)C(=O)NC1CC2c3cccc4[nH]cc(c34)CC2N(C)C1,949,3,2801
6518,7745,CC(C)C(NC(=O)C(CCCNC(=N)N)NC(=O)NC(Cc1ccccc1)C(=O)O)C(=O)NC(C=O)CCCNC(=N)N,4882,1,7745
6519,7746,C=CCN1CCC23CCCCC2C1Cc1ccc(OC)cc13,35,6,134
6520,7748,Cc1csc2ncnc(N3CCN(C)CC3)c12,4881,1,7748
6521,7749,CN1CCN(c2ncnc3sccc23)CC1,4880,1,7749
6522,7750,Cn1ccn2cc(-c3ccc(Cl)cc3)cc12,4879,1,7750
6523,7751,COc1ccc(CC[n+]2cc(NC(C)=O)on2)cc1OC,4878,1,7751
6524,7752,COc1ccc(CC[n+]2cc(N)on2)cc1,1659,2,7752
6525,7753,COc1ccc(CC[n+]2cc(N)on2)cc1OC,1659,2,7752
6526,7754,CS(=O)(=O)OCCNP1(=O)OCCCN1CCCl,4877,1,7754
6527,7755,BrCc1ccc2ccccc2c1Br,4876,1,7755
6528,7756,Cc1c(Br)c(=O)[nH]c2ccccc12,4875,1,7756
6529,7757,CC(=O)NC1CCC(CC2CCCCC2)CC1,948,2,7757
6530,7758,CC(C)(C)C1CCC(NC(=O)C(Cl)Cl)CC1,4874,1,7758
6531,7759,O=c1c2ccccc2nc2n1OCC2,4873,1,7759
6532,7760,CC1COn2c1nc1ccccc1c2=O,4872,1,7760
6533,7761,CSc1ccc(SC)nn1,4871,1,7761
6534,7762,CCOC(=O)C1(c2ccccc2)CCC=CC1NC,1658,2,6672
6535,7763,COc1cc2c(cc1OC)C1CC(O)(CCC(C)OC)C(CC(C)C)CN1CC2,4870,1,7763
6536,7764,C=C(Br)CN1CCCCC1,1657,2,7612
6537,7765,CN1C2CCC1CC(OC(=O)C(O)(c1ccccc1)C1CCCC1)C2,576,3,3894
6538,7768,O=C(O)C1CCC(CC2CCCC2)CC1,821,3,7768
6539,7769,O=C(O)c1ccc(CCCC2CCCC2)cc1,4869,1,7769
6540,7771,O=C(O)C1CCC(CC2CCC2)CC1,821,3,7768
6541,7772,O=CNC1CCC(CC2CCCCC2)CC1,4868,1,7772
6542,7773,COC1CCC(O)c2c1oc1c(O)c3c4c(c1c2=O)OCOC4Cc1cc2cc(C)n(N)c(=O)c2c(O)c1-3,4867,1,7773
6543,7774,CCC(=O)c1ccc(-c2ccccc2)cc1,4866,1,7774
6544,7775,O=C(NC1CCCCC1)NC1CCC(CC2CCCCC2)CC1,948,2,7757
6545,7776,CCn1ccn2cc(-c3ccc(C)cc3)cc12,1656,1,7776
6546,7777,c1ccc(-c2cc3n(-c4ccccc4)ccn3c2)cc1,1655,2,7777
6547,7778,Cc1ccc(-c2cc3n(-c4ccccc4)ccn3c2)cc1,1655,2,7777
6548,7779,c1ccc(Cn2ccn3cc(-c4ccccc4)cc23)cc1,374,5,7376
6549,7780,COc1ccc(-c2cc3n(Cc4ccccc4)ccn3c2)cc1,374,5,7376
6550,7781,Nc1ccc(Cl)c(C(=O)O)c1,4865,1,7781
6551,7782,COc1cc(NS(=O)(=O)c2ccc(N)cc2)ncn1,1654,2,493
6552,7783,O=C(c1ccccc1)c1cc(O)cc(O)c1,4864,1,7783
6553,7785,CC(=O)Nc1cc2ccccc2[n+](C)c1,4863,1,7785
6554,7807,C=C1CCOC2(C(O)C(C)(O)CO)NC(=O)C1(O)NC2=O,4862,1,7807
6555,7810,N=C(N)c1ccc(O)cc1,4861,1,7810
6556,7816,COC1=C(C)C(=O)C2=C(C1=O)C(COC(N)=O)C1C3NC3CN21,736,3,7816
6557,7817,CCN(CC)CCCOC(=O)c1cc(OC)c(OC)c(OC)c1,380,5,774
6558,7818,O=C(O)c1cc2cc3c(cc2c2ccccc12)OCO3,4860,1,7818
6559,7819,CCCCCCCCCC1CCC(C(=O)O)CC1,379,5,3005
6560,7820,Cc1nccc2c1[nH]c1ccc([N+](=O)[O-])cc12,4859,1,7820
6561,7836,CCC(C)(C)NCC(O)c1cc(Cl)c(N)c(Cl)c1,4858,1,7836
6562,7841,CCOC(CSC#N)OCC,4857,1,7841
6563,7842,CN(C)C=NN(C)c1ccccc1,4856,1,7842
6564,7843,N#CC(=Cc1ccccc1)[N+](=O)[O-],4855,1,7843
6565,7844,CC(C)(C)NCC(O)c1cc(Cl)c(Cl)s1,4854,1,7844
6566,7846,CC(C(O)c1ccccc1)N(C)C,4853,1,7846
6567,7847,C=CCCCCCCCCC(=O)Cl,4852,1,7847
6568,7848,CCN(CC)CCNC(=O)COc1ccc(Br)cc1,100,9,2161
6569,7851,CC(C)NCC(O)COc1ccccc1C#N,4851,1,7851
6570,7852,ClCc1cnc[nH]1,4850,1,7852
6571,7853,CNCC(=O)N(C)C1C(NC2=NC3C(O)CNC(=O)C3N2)OC(CO)C(OC(N)=O)C1O,901,3,6952
6572,7854,OCC1=CC(NC2CC(CO)C(O)C(O)C2O)C(O)C(O)C1O,4849,1,7854
6573,7855,Nc1ccc(C(=O)OCC2CCCN3CCCCC23)cc1,4848,1,7855
6574,7856,CC(C)C12OC1C1OC13C1(C)CCC4=C(COC4=O)C1CC1OC13C2O,4847,1,7856
6575,7857,CC(C)CC1CCC(C(=O)O)CC1,4846,1,7857
6576,7859,CCCCCCCC1CCC(C(=O)O)CC1,379,5,3005
6577,7860,CCCC(C)CC1CCC(N)CC1,4845,1,7860
6578,7861,NC(=O)C=P(c1ccccc1)(c1ccccc1)c1ccccc1,4844,1,7861
6579,7862,CC(Cc1ccc(O)c(O)c1)(NN)C(=O)O,4843,1,7862
6580,7864,CCCCCCC1CCC(NC(C)=O)CC1,4842,1,7864
6581,7865,CCN(CC)c1nc(N)nc(Cl)n1,4841,1,7865
6582,7869,CC[N+](CC)(CC)CCCC(C(=O)c1ccccc1)c1ccccc1,1653,2,7869
6583,7870,CC[N+](CC)(CC)CCCCC(C(=O)c1ccccc1)c1ccccc1,1653,2,7869
6584,7880,Cn1c(=O)c2c(ncn2CC(=O)OCc2cccnc2)n(C)c1=O,4840,1,7880
6585,7881,CCOc1c(N2CCOCC2)cnn(C)c1=O,4839,1,7881
6586,7882,[C-]#[N+]C(=Cc1ccc(O)cc1)C(=Cc1ccc(O)c(O)c1)[N+]#[C-],947,3,1661
6587,7883,C[N+](C)(C)CCCCCCCCCCCC[N+](C)(C)C,17,18,738
6588,7884,C[N+](C)(C)CCCCCCCCCCCCCCCCCC[N+](C)(C)C,17,18,738
6589,7885,CCN1CC2(C)CCC(O)C34C5CC6C(OC)CC(O)(C(CC23)C14)C5C6O,4838,1,7885
6590,7886,CC1CCCC(C)N1N,4837,1,7886
6591,7887,Cc1c2cc3c(c1O)C(=O)CC(O3)c1ccc(O)c(c1)-c1ccc(O)c(c1)C(=O)OCC1OC(O2)C(O)C(O)C1O,1652,2,7887
6592,7888,Cc1c2cc3c(c1O)C(=O)CC(O3)c1ccc(O)c(c1)-c1cccc(c1O)C(=O)OCC1OC(O2)C(O)C(O)C1O,1652,2,7887
6593,7890,CC=C(C)c1cc(=O)c2c(C)cc3c(c2o1)C(OC)(OC(C)=O)c1c(O)c(C2CC(C)(N(C)C)C(OC(C)=O)C(C)O2)cc(C2CC(N(C)C)C(OC(C)=O)C(C)O2)c1C3=O,4836,1,7890
6594,7893,COC1C(O)CC(=O)OC(C)CC=CC=CC(O)C(C)CC(CC=O)C1OC1OC(C)C(OC2CC(C)(O)C(O)C(C)O2)C(N(C)C)C1O,195,7,5458
6595,7896,NC(=S)N/N=C/CCC/C=N/NC(N)=S,4835,1,7896
6596,7897,CC(C)(C)Sc1nc2ccccc2s1,4834,1,7897
6597,7899,CC(=O)c1cc2cccc(OCC(O)CNC(C)(C)C)c2o1,946,3,7899
6598,7900,CC(=O)c1cc2c(OCC(O)CNC(C)(C)C)cccc2o1,1651,1,7900
6599,7901,CCOC(=O)c1cc2cccc(OCC(O)CNC(C)C)c2o1,946,3,7899
6600,7902,CCC(C)NCC(O)COc1cccc2cc(C(C)=O)oc12,946,3,7899
6601,7903,CCc1cc2c(C(C)=O)ccc(OCC(O)CNC(C)C)c2o1,4833,1,7903
6602,7904,NCCNCCNCc1ccccc1,1650,2,5263
6603,7907,Nc1ncc(S(=O)(=O)c2ccc([N+](=O)[O-])cc2)s1,4832,1,7907
6604,7908,OCc1c(Cl)c(Cl)c(Cl)c(CO)c1Cl,4831,1,7908
6605,7921,COc1cc2c(cc1OC)C1CC(N)CCN1CC2,4830,1,7921
6606,7922,COc1cc2c(cc1OC)C1CC(N)C(C)CN1CC2,1649,2,7922
6607,7923,COc1cc2c(cc1OC)C1CC(N)C(CC(C)C)CN1CC2,1649,2,7922
6608,7925,CC(C)N(CCC(C(N)=O)(c1ccccc1)c1ccccc1)C(C)C,317,5,1924
6609,7927,N=C(N)Cc1ccc([N+](=O)[O-])cc1,4829,1,7927
6610,7928,CCCCNC(=O)c1cc2n(c1C(=O)O)CCc1cc(OC)c(OC)cc1-2,408,5,5327
6611,7929,COc1cc2c(cc1OC)-c1cc(C(=O)NCCN3CCOCC3)c(C(=O)O)n1CC2,408,5,5327
6612,7930,CCCCN(CCCC)CCCNC(=O)c1cc2n(c1C(=O)O)CCc1cc(OC)c(OC)cc1-2,408,5,5327
6613,7931,COc1cc2c(cc1OC)-c1cc(C(=O)N3CCN(C)CC3)c(C(=O)O)n1CC2,4828,1,7931
6614,7932,CCN(CC)CCOC(=O)c1cc2n(c1C(=O)O)CCc1cc(OC)c(OC)cc1-2,408,5,5327
6615,7935,CN(C)C1Cc2ccccc2C1OC(=O)c1ccccc1,4827,1,7935
6616,7937,ClCc1nc2cc(Cl)c(Cl)cc2[nH]1,4826,1,7937
6617,7938,CCn1c(=O)c2c(ncn2C)n(C)c1=O,120,8,2082
6618,7939,COc1cc2c(cc1OC)-c1cc(C(=O)NCc3cccnc3)c(C(=O)O)n1CC2,4825,1,7939
6619,7940,CCC1(C(C)C)C(=O)NC(=S)NC1=O,1189,2,7940
6620,7941,CC1(C)SC2C(NC(=O)C(N)c3ccccc3)C(=O)N2C1C(=O)OC1OC(=O)c2ccccc21,1648,1,7941
6621,7942,Cn1c(=O)c2c(ncn2CC#N)n(C)c1=O,1185,2,7942
6622,7943,CC(=O)c1ccc(N2CCOCC2)cc1,1647,2,6620
6623,7944,CCOC(=O)N1CC2CCC1CC2,4824,1,7944
6624,7945,CCOC(=O)Cc1cccnc1,4823,1,7945
6625,7946,CC(Br)CNC(=O)OCc1ccccc1,4822,1,7946
6626,7947,COc1ccc(C(N)c2nccc3cc(OC)c(OC)cc23)cc1OC,4821,1,7947
6627,7948,COc1ccc(C(NCCc2ccccc2)c2nccc3cc(OC)c(OC)cc23)cc1OC,4820,1,7948
6628,7949,COc1ccc(C(=O)CC2C(=O)CCCC2=O)cc1,4819,1,7949
6629,7950,Cc1ccccc1N1CCN(CCO)CC1,1195,2,7950
6630,7951,Cc1cc(C)n(C(=N)N)n1,4818,1,7951
6631,7952,CC(=O)OCCN(C)CCO,4817,1,7952
6632,7953,CC(=O)OCC[N+]1(C)CC[N+](C)(CCOC(C)=O)CC1,1646,2,7678
6633,7954,c1ccc(CN2CCC(c3ccccc3)(c3ccccc3)CC2)cc1,721,3,7954
6634,7955,O=S(=O)(CI)NC(CO)CO,4816,1,7955
6635,7956,Cn1c(=O)c2[nH]c(N3CCN(CCO)CC3)nc2n(C)c1=O,4815,1,7956
6636,7958,CC(C)(Cc1ccccc1)NP(=O)(O)O,4814,1,7958
6637,7960,O=C1CCCc2ccc([N+](=O)[O-])cc21,4813,1,7960
6638,7961,CC(C)CNCC(=O)NC1(Cc2ccccc2)CCCC1,4812,1,7961
6639,7962,O=C(CN1CCOCC1)NC1(Cc2ccccc2)CCCC1,1644,2,7962
6640,7964,CCN(CC)CCNCC(=O)NC1(Cc2ccccc2)CCCC1,4811,1,7964
6641,7966,N=C(N)NC(CS)C(=O)O,4810,1,7966
6642,7968,c1cc2c(c(NC3=NCCN3)c1)CCC2,1237,2,7968
6643,7969,CCN(CC)CCNc1ccccc1[N+](=O)[O-],925,3,6361
6644,7970,Cc1ccc2ccccc2c1NC1=NCCO1,1354,2,7970
6645,7971,Cc1ccc(NC2=NCCO2)c2c1CCCC2,575,4,7971
6646,7972,COc1ccc(NC2=NCCO2)c2c1CCCC2,575,4,7971
6647,7974,COc1ccc(NC2=NCCO2)c(C)c1,1645,1,7974
6648,7975,c1ccc2c(NC3=NCCO3)cccc2c1,1305,2,7975
6649,7977,COc1ccc(NC2=NCCO2)c2ccccc12,463,4,5953
6650,7978,O=C(CN1CCCCC1)NC1(Cc2ccccc2)CCCC1,1644,2,7962
6651,7980,COc1ccc(C2Sc3ccccc3N(CCN(C)C)C(=O)C2O)cc1,1643,2,601
6652,7982,CCN(CCCl)Cc1ccccc1Br,945,3,7982
6653,7984,ClCCCNCc1ccccc1Br,4809,1,7984
6654,7985,CCN(CCCCl)Cc1ccccc1Br,945,3,7982
6655,7986,CCCN(CCCCl)Cc1ccccc1Br,945,3,7982
6656,7987,CC(C)N(CCCCl)Cc1ccccc1Br,4808,1,7987
6657,7988,CC(C)(C)N(CCCCl)Cc1ccccc1Br,4807,1,7988
6658,7989,COc1ccc(CCC(O)c2c(OCCN3CCCCC3)c(OC)c3occc3c2OC)cc1,29,16,7989
6659,7990,CCN(CC)CCOc1c(C(O)CCc2ccc(OC)cc2)c(OC)c2ccoc2c1OC,29,16,7989
6660,7991,COc1ccc(CCC(O)c2c(OCCN(C(C)C)C(C)C)c(OC)c3occc3c2OC)cc1,29,16,7989
6661,7992,COc1ccc(CCC(O)c2c(OCCN3CCCC3)c(OC)c3occc3c2OC)cc1,29,16,7989
6662,7993,COc1c(C(O)CCc2ccc(Cl)cc2)c(OCCN(C)C)c(OC)c2occc12,76,5,7993
6663,7994,COc1c(C(O)CCc2ccc(O)cc2)c(OCCN(C)C)c(OC)c2occc12,76,5,7993
6664,7995,COc1c(C(O)CCc2ccc(O)cc2)c(OCCN2CCCCC2)c(OC)c2occc12,29,16,7989
6665,7996,COc1cccc(CCC(O)c2c(OCCN(C)C)c(OC)c3occc3c2OC)c1,76,5,7993
6666,7997,COc1c(C(O)CCc2ccccc2O)c(OCCN(C)C)c(OC)c2occc12,76,5,7993
6667,7998,COc1c(C(O)CCc2cccc(O)c2)c(OCCN(C)C)c(OC)c2occc12,76,5,7993
6668,7999,COc1c(C(O)CCc2ccccc2O)c(OCCN2CCCC2)c(OC)c2occc12,29,16,7989
6669,8000,COc1c(C(O)CCc2cccc(O)c2)c(OCCN2CCCC2)c(OC)c2occc12,29,16,7989
6670,8001,COc1c(C(O)CCc2ccc(O)cc2)c(OCCN2CCCC2)c(OC)c2occc12,29,16,7989
6671,8002,COc1c(C(O)CCc2ccccc2O)c(OCCN2CCOCC2)c(OC)c2occc12,29,16,7989
6672,8003,COc1c(C(O)CCc2cccc(O)c2)c(OCCN2CCOCC2)c(OC)c2occc12,29,16,7989
6673,8004,COc1c(C(O)CCc2ccc(O)cc2)c(OCCN2CCOCC2)c(OC)c2occc12,29,16,7989
6674,8005,COc1c(C(O)CCc2ccccc2O)c(OCCN2CCCCC2)c(OC)c2occc12,29,16,7989
6675,8006,COc1c(C(O)CCc2cccc(O)c2)c(OCCN2CCCCC2)c(OC)c2occc12,29,16,7989
6676,8007,COc1c(C(O)CCc2ccccc2O)c(OCCN2CCCCCC2)c(OC)c2occc12,29,16,7989
6677,8008,COc1c(C(O)CCc2cccc(O)c2)c(OCCN2CCCCCC2)c(OC)c2occc12,29,16,7989
6678,8009,COc1c(C(O)CCc2ccc(O)cc2)c(OCCN2CCCCCC2)c(OC)c2occc12,29,16,7989
6679,8010,Cc1ccccc1NC(=O)Cc1ccccc1,4806,1,8010
6680,8012,CN(C)C(=S)Cc1ccccn1,4805,1,8012
6681,8015,CC(C)OC(=O)NNc1ccccc1,4804,1,8015
6682,8016,COc1cc(N)cc(OC)c1,4803,1,8016
6683,8017,N#CC(C#N)Cc1ccccc1Cl,4802,1,8017
6684,8018,O=C(O)c1ccc[n+](O)c1,4801,1,8018
6685,8019,CC(C)NC(C)C(C)c1ccccc1,4800,1,8019
6686,8020,CC(C)NC1CCCCC1c1ccccc1,1642,2,8020
6687,8021,CC(C)NC1CC2CCCCC2CC1c1ccccc1,1642,2,8020
6688,8022,CC(=CC(=O)OCCCCCCCCC(=O)O)CC1OCC(O)(CC2OC2C(C)C(C)O)C(O)C1O,1641,2,207
6689,8023,CCOC(=O)C=C(C)Nc1ccc(Cl)cc1,4799,1,8023
6690,8024,CCCn1c(=O)[nH]c(=O)c2[nH]cnc21,1576,2,8024
6691,8025,C[N+](C)(C)CCCCCCCCCCC[N+](C)(C)C,17,18,738
6692,8026,O=C1NC(C2CCC(Cl)CN2)C(=O)NC1C1CCC(Cl)CN1,4798,1,8026
6693,8027,N#CC(C#N)=CC=Cc1ccccc1[N+](=O)[O-],1092,3,2691
6694,8028,O=C(Cn1cnnn1)NC1C(=O)N2C(C(=O)O)=C(CSc3nncs3)CSC12,1128,3,640
6695,8029,COc1cc2cccnc2c2[nH]cc(C(=O)O)c(=O)c12,4797,1,8029
6696,8030,COc1ccc2c(c1)Sc1cc(OC)c(Cl)cc1N2CCCN(C)C,944,1,8030
6697,8034,CC(=O)OC1C([N+]2(C)CCCCC2)CC2C3CCC4CC(O)C([N+]5(C)CCCCC5)CC4(C)C3CCC21C,59,12,280
6698,8036,CCOC(N)=NC(=N)N,4796,1,8036
6699,8041,COC(=O)C12OCC34C(CC5C(C)=C(O)C(=O)CC5(C)C3C(O)C1O)OC(=O)C(OC(=O)C=C(C)C(C)C)C24,4795,1,8041
6700,8044,CCN(CCCl)CCOc1c(C)cccc1C,1640,2,8044
6701,8045,Cc1cccc(C)c1OCCN(C)CCCCl,4794,1,8045
6702,8046,CCN(CCCCCl)CCOc1c(C)cccc1C,1640,2,8044
6703,8047,CN(C)c1nc(=NP(=O)(N2CC2)N2CC2)c2c(ncn2C)[nH]1,4793,1,8047
6704,8049,CC1CCCC[N+]1(C)CCC(Oc1ccccc1Cl)c1ccccc1,4792,1,8049
6705,8050,NC(=S)NN=C1c2cc(Br)ccc2-c2ccc(Br)cc21,4791,1,8050
6706,8051,O=C(CN1CCCC1)NCc1ccccc1,753,3,8051
6707,8056,C[N+](C)(C)CC(=O)OCC1(c2ccccc2)C(=O)c2ccccc2C1=O,1639,2,8056
6708,8057,COc1ccc(C2(COC(=O)C[N+](C)(C)C)C(=O)c3ccccc3C2=O)cc1,1639,2,8056
6709,8058,N=C(N=C(N)Nc1cccc(C(F)(F)F)c1)NCCCCCCNC(=N)N=C(N)Nc1cccc(C(F)(F)F)c1,4790,1,8058
6710,8060,Oc1ccc2c(c1)C13CCCCC1(O)C(C2)N(CC1CC1)CC3,4789,1,8060
6711,8061,O=C(COc1ccc(Cl)cc1Cl)Nc1nccs1,4788,1,8061
6712,8062,FC(F)(F)C(Cl)(Cl)Br,4787,1,8062
6713,8064,CC1(C)CC(NC(=O)NCCCl)CC(C)(C)N1,4786,1,8064
6714,8065,O=C1c2ccccc2C(=O)C1c1ccccn1,4785,1,8065
6715,8066,CN(C)CCC=C1c2ccccc2CSc2ccsc21,25,15,79
6716,8068,N=C1OCC(c2ccccc2)C2CCCCN12,4784,1,8068
6717,8069,CC1C(c2ccccc2)OC(=N)N1C,4783,1,8069
6718,8070,O=C1C=C(Cl)C(=O)N1c1cccc(Cl)c1,4782,1,8070
6719,8072,COC(=O)c1cc(N)ccc1O,4781,1,8072
6720,8073,CC(O)c1cc(N)cc(C(F)(F)F)c1,4780,1,8073
6721,8075,CN1CCN(CC(=O)c2ccc3c(c2)CCCCC3)CC1,4779,1,8075
6722,8076,CN(CC(=O)c1ccc2c(c1)CCCCC2)Cc1ccccc1,1638,2,8076
6723,8077,CC(C)N(CC(=O)c1ccc2c(c1)CCCCC2)Cc1ccccc1,1638,2,8076
6724,8078,O=C(CN(CCCN1CCOCC1)Cc1ccccc1)c1ccc2c(c1)CCCCC2,4778,1,8078
6725,8079,c1ccc(CNCc2ccco2)cc1,4777,1,8079
6726,8080,c1ccc(CNCCCN2CCOCC2)cc1,4776,1,8080
6727,8081,CC(C)(C)C(C)(C)NCc1ccccc1,4775,1,8081
6728,8082,CN1CCN(CC(O)c2ccc3c(c2)CCCCC3)CC1,4774,1,8082
6729,8088,CCOC(=O)C1=CC2(CC)CCCN3CCc4c(n1c1ccccc41)C32,4773,1,8088
6730,8090,CCC(=O)OC1C(C)OC(OC2C(C)C(=O)OC(CC)C(C)(O)C(O)C(C)C(=O)C(C)CC(C)(OC3OC(C)CC(N(C)C)C3O)C(OC3OC(C)CC(N(C)C)C3O)C2C)CC1(C)OC(C)=O,45,14,293
6731,8091,CCCCCC(C)(C#N)CCCCC,4772,1,8091
6732,8094,Cc1cccc(C)c1NC(=O)CN(C)CCCCCBr,57,12,6312
6733,8095,CNc1nc(Cl)c(SC)c(N2CCN(C)CC2)n1,28,16,8095
6734,8096,NCCOC(c1ccc(F)cc1)c1ccc(F)cc1,4771,1,8096
6735,8099,CN(CCn1cnc2c1c(=O)n(C)c(=O)n2C)Cc1cccnc1,1637,2,4167
6736,8100,CCCSP(SCCC)c1ccccc1,1636,2,2683
6737,8101,CCCCCCCCCCCC[N+](C)(C)CCCCCCCCCC[N+](C)(C)Cc1ccc(Cl)cc1,253,6,4413
6738,8102,CCCCNC(=O)C1C=C2c3cccc4[nH]cc(c34)CC2N(C)C1,269,6,597
6739,8112,CC(=O)OC1CC2CCC3C(CCC4(C)C3CC([N+]3(C)CCCC3)C4OC(C)=O)C2(C)CC1[N+]1(C)CCCC1,59,12,280
6740,8113,CC(=O)OC1CC2CCC3C(CCC4(C)C3CC(OC(C)=O)C4[N+]3(C)CCCC3)C2(C)CC1[N+]1(C)CCCC1,59,12,280
6741,8114,CC(=O)OC1CC2CCC3C(CCC4(C)C3CC(OC(C)=O)C4[N+]3(C)CCCC3)C2(C)CC1[N+]1(C)CCCCC1,59,12,280
6742,8115,CC12CC([N+]3(C)CCCCC3)C(O)CC1CCC1C2CCC2(C)C1CC(O)C2[N+]1(C)CCCCC1,1635,1,8115
6743,8116,CC(=O)OC1CC2CCC3C(CCC4(C)C3CC(OC(C)=O)C4[N+]3(C)CCCCC3)C2(C)CC1[N+]1(C)CCCCC1,59,12,280
6744,8117,CC(=O)OC1CC2CCC3C(CCC4(C)C3CCC4[N+]3(C)CCCC3)C2(C)CC1[N+]1(C)CCCCC1,59,12,280
6745,8118,CC(=O)OC1CC2(C)C(CCC3C2CCC2(C)C3CCC2[N+]2(C)CCCC2)CC1[N+]1(C)CCCC1,59,12,280
6746,8119,CC(=O)OC1CC2(C)C(CCC3C2CCC2(C)C3CCC2[N+]2(C)CCCC2)CC1[N+]1(C)CCCCC1,59,12,280
6747,8121,O=[N+]([O-])c1ccc2c(Cl)[nH]nc2c1,4770,1,8121
6748,8122,O=C(Nc1ccccc1)OCCN1CCCCC1,268,6,5590
6749,8123,CN(C)CCC(C#N)c1ccccc1,4769,1,8123
6750,8124,CCCc1ncc(C(=O)NCCN2CCN(c3ccccc3OC)CC2)s1,943,3,8124
6751,8125,CCCc1ncc(C(=O)N(C)CCN2CCN(c3ccccc3OC)CC2)s1,943,3,8124
6752,8127,C=CC[N+]1(C2CC3C4CCC5CC(OC(C)=O)C([N+]6(C)CCCCC6)CC5(C)C4CCC3(C)C2OC(C)=O)CCCCC1,59,12,280
6753,8128,CC(=O)OC1CC2CCC3C(CCC4(C)C3CCC4[N+]3(C)CCCCC3)C2(C)CC1[N+]1(C)CCCCC1,59,12,280
6754,8131,NCCC(O)C(=O)NC1CC(N)C(OC2OC(CO)C(O)C(N)C2O)C(O)C1OC1OC(CN)C(O)C(O)C1O,135,6,340
6755,8133,CCc1ccccc1NC(=O)CCN(C)CCSC,4768,1,8133
6756,8134,CCc1ccccc1NC(=O)C(C)(C)NCCSC,4767,1,8134
6757,8139,CC1=C(O)C(=O)C=C2C1=CC=C1C2(C)CCC2(C)C3CC(C)C(=O)CC3(C)CCC12C,4766,1,8139
6758,8142,COc1cc2c(c(O)c1OC)CC(=NO)CCC2,942,3,8142
6759,8143,COC(=O)NC1CCCc2cc(OC)c(OC)c(O)c2C1,941,3,8143
6760,8144,CNC1CCCc2cc(OC)c(OC)c(O)c2C1,941,3,8143
6761,8146,COc1cc2c(c(OC)c1OC)CC(=NO)CCC2,942,3,8142
6762,8147,COC(=O)NC1CCCc2cc(OC)c(OC)c(OC)c2C1,1634,1,8147
6763,8148,COc1cc2c(c(OC)c1OC)C1=C(CCC2)N(C)C(=O)CC1,4765,1,8148
6764,8149,CCc1ncc(C(=O)NCCN2CCN(c3ccccc3OC)CC2)s1,943,3,8124
6765,8150,N=C(CSc1ccc(Cl)cc1)NO,180,7,8150
6766,8152,C=CC1=C(C)c2cc3[nH]c(cc4[nH]c(cc5nc(cc1n2)C(C)=C5C=C)c(C)c4CCC(=O)O)c(CCC(=O)O)c3C,1633,2,5898
6767,8154,CCOC(=O)C=CN1CC1,4764,1,8154
6768,8166,CC1N=C(N)CC1c1ccccc1,4763,1,8166
6769,8167,NC(=O)C1N=CN(C2OC(CO)C(O)C2O)C1=O,4762,1,8167
6770,8171,CCN(CC)CCNC(=O)c1cc(S(C)(=O)=O)ccc1OC,4761,1,8171
6771,8172,O=C(COCCOCCOCC(=O)Nc1c(I)cc(I)c(C(=O)O)c1I)Nc1c(I)cc(I)c(C(=O)O)c1I,267,6,1702
6772,8173,c1ccc2c(c1)Nc1cc(N3CCNCC3)nnc1O2,4760,1,8173
6773,8176,CC(C)C12COP(=O)(OC1)OC2,4759,1,8176
6774,8177,CCc1cccc(CC)c1N=CN(C)C,4758,1,8177
6775,8178,CC(C)NC(=S)Sc1ccccc1,4757,1,8178
6776,8180,CC1(C)CC(C(N)=O)(N2CCCCC2)CC(C)(C)N1,4756,1,8180
6777,8181,Cc1c2ccncc2c(C)c2c1[nH]c1ccc(O)cc12,1632,2,1520
6778,8182,O=C(CCCCC(=O)Nc1c(I)c(CN2CCCC2=O)c(I)c(C(=O)O)c1I)Nc1c(I)c(CN2CCCC2=O)c(I)c(C(=O)O)c1I,194,7,6556
6779,8183,O=C(CCOCCOCCC(=O)Nc1c(I)cc(I)c(C(=O)O)c1I)Nc1c(I)cc(I)c(C(=O)O)c1I,267,6,1702
6780,8184,O=C(CCOCCCOCCC(=O)Nc1c(I)cc(I)c(C(=O)O)c1I)Nc1c(I)cc(I)c(C(=O)O)c1I,267,6,1702
6781,8185,CCC(=O)NCc1c(I)c(NC(=O)CCOCCOCCC(=O)Nc2c(I)c(CNC(=O)CC)c(I)c(C(=O)O)c2I)c(I)c(C(=O)O)c1I,5,23,6593
6782,8186,CCC(=O)NCc1c(I)c(NC(=O)CCOCCOCCOCCOCCC(=O)Nc2c(I)c(CNC(=O)CC)c(I)c(C(=O)O)c2I)c(I)c(C(=O)O)c1I,5,23,6593
6783,8187,CCCC(=O)NCc1c(I)c(NC(=O)CCOCCOCCOCCC(=O)Nc2c(I)c(CNC(=O)CCC)c(I)c(C(=O)O)c2I)c(I)c(C(=O)O)c1I,5,23,6593
6784,8188,CCCC(=O)NCc1c(I)c(NC(=O)CCOCCOCCOCCOCCC(=O)Nc2c(I)c(CNC(=O)CCC)c(I)c(C(=O)O)c2I)c(I)c(C(=O)O)c1I,5,23,6593
6785,8189,OC1(Cc2ccccc2)CCNCC1,4755,1,8189
6786,8190,COC(c1cc(C)c(O)c(C)c1)C(C)CO,4754,1,8190
6787,8194,CNC(=O)c1c(I)c(NC(=O)CCOCCOCCOCCC(=O)Nc2c(I)c(C(=O)O)c(I)c(C(=O)NC)c2I)c(I)c(C(=O)O)c1I,65,5,3590
6788,8195,CNC(=O)c1c(I)c(NC(=O)CCOCCOCCOCCOCCC(=O)Nc2c(I)c(C(=O)O)c(I)c(C(=O)NC)c2I)c(I)c(C(=O)O)c1I,65,5,3590
6789,8196,NCCCCNC(=S)S,4753,1,8196
6790,8197,CCCC(=O)NCc1c(I)c(NC(=O)CCOCCOCCC(=O)Nc2c(I)c(CNC(=O)CCC)c(I)c(C(=O)O)c2I)c(I)c(C(=O)O)c1I,5,23,6593
6791,8199,O=C1CCCCCN1c1ccccn1,4752,1,8199
6792,8200,Cc1csc(Cl)c1NC1=NCCN1,1612,2,8200
6793,8201,FC(F)(F)C1(F)C(F)(F)C(F)(F)C(F)(F)C2(F)C(F)(F)C(F)(F)C(F)(F)C(F)(F)C12F,4751,1,8201
6794,8203,NCC1OC(OC2C(N)CC(N)C(OC3OC(COC(N)=O)C(O)C(N)C3O)C2O)C(N)CC1O,1631,1,8203
6795,8206,Nc1ccc2cccc(O)c2c1,4750,1,8206
6796,8207,Cc1ccc(C(=O)N/N=C/c2ccc(Cl)cc2)cc1,4749,1,8207
6797,8208,CCOC(=O)c1c(-c2ccccc2)oc2ccc(O)c(CN(C)C)c12,4748,1,8208
6798,8214,OC(CCCN1CCCCC1)(c1ccc(F)cc1)c1ccc(F)cc1,940,1,8214
6799,8215,Fc1ccc(C(CCCN2CCCCC2)c2ccc(F)cc2)cc1,1630,2,3576
6800,8216,CC(C)CC(NC(=O)NC(C(=O)NC(CCC(N)=O)C(=O)NC(C)C=O)C1CCN=C(N)N1)C(=O)O,4747,1,8216
6801,8217,CN1C2CCC1C1C(O)c3ccccc3C1C2,4746,1,8217
6802,8218,CCNc1cc(C)nc2ncnn12,4745,1,8218
6803,8220,CNC1C(O)C(OC2C(N)CC(N)C(OC3OC(CN)C(O)C(O)C3N)C2O)OCC1(C)O,220,7,166
6804,8221,CNC1C(O)C(OC2C(N)CC(N)C(OC3OC(C(C)N)C(O)C(O)C3N)C2O)OCC1(C)O,579,2,7677
6805,8222,O=S(=O)(O)c1cc(O)ccc1S(=O)(=O)OO,4744,1,8222
6806,8223,NC1C(CO)OC(OC2OC(CO)C(O)C(O)C2O)C(O)C1O,4743,1,8223
6807,8224,CC=CC(C)=CC(C)C(=O)CC(O)CC1CC(=O)NC(=O)C1,1629,2,1852
6808,8225,CN1C2CCC1C1C(=O)c3ccccc3C1C2,4742,1,8225
6809,8227,CNCC1=CCC(N)C(OC2C(N)CC(N)C(OC3OCC(C)(O)C(NC)C3O)C2O)O1,738,3,8227
6810,8235,CCNS(=O)(=O)CCl,4741,1,8235
6811,8236,OCCCN(CCC(c1ccccc1)c1ccccc1)CCC(c1ccccc1)c1ccccc1,641,4,2881
6812,8237,C[N+]1(CCOCC(c2ccccc2)c2ccccc2)CCOCC1,1337,2,8237
6813,8238,NC(=O)CC(O)(c1ccccc1)c1ccccc1,4740,1,8238
6814,8239,CCCCCc1nnc(N)s1,4739,1,8239
6815,8240,COC(=O)c1c(C)ccc(C(C)C)c1OCC(=O)OCCN(C)C,36,15,8240
6816,8241,COC(=O)c1c(C)ccc(C(C)C)c1OCC(=O)OCCN1CCCCC1,193,4,8241
6817,8242,CCOC(=O)c1c(C)ccc(C(C)C)c1OCC(=O)OCCN(C)C,50,5,8242
6818,8243,CCN(CC)CCOC(=O)COc1c(C(C)C)ccc(C)c1C(=O)OC,50,5,8242
6819,8244,COC(=O)c1c(C)ccc(C(C)C)c1OCC(=O)OCCN1CCOCC1,193,4,8241
6820,8245,COC(=O)c1c(C)ccc(C(C)C)c1OCCN(C)C,36,15,8240
6821,8246,CCOC(=O)c1c(C)ccc(C(C)C)c1OCCN(C)C,36,15,8240
6822,8247,CCN(CC)CCOc1c(C(C)C)ccc(C)c1C(=O)OC,36,15,8240
6823,8248,CCOC(=O)c1c(C)ccc(C(C)C)c1OCCN(CC)CC,50,5,8242
6824,8249,COC(=O)c1c(C)ccc(C(C)C)c1OCCN1CCCCC1,193,4,8241
6825,8250,COC(=O)c1c(C)ccc(C(C)C)c1OCCN1CCOCC1,378,2,8250
6826,8251,CCOC(=O)c1c(C)ccc(C(C)C)c1OCCN1CCOCC1,378,2,8250
6827,8252,COC(=O)c1c(C)ccc(C(C)C)c1OCCCN(C)C,36,15,8240
6828,8253,CNCC1CCC(N)C(OC2C(N)CC(N)C(OC3OCC(C)(O)C(NC)C3O)C2O)O1,220,7,166
6829,8255,CCN1C(C)(C)CC(N(Cc2ccccc2)C(C)=O)CC1(C)C,1628,2,8255
6830,8256,CCC(=O)N(Cc1ccccc1)C1CC(C)(C)N(CC)C(C)(C)C1,1628,2,8255
6831,8257,CCCCCCCCCCCCCCCCSCCSCCCCCCCCCCCCCCCC,121,8,4174
6832,8259,CC1=CC(O)C2OC2C1=O,4738,1,8259
6833,8261,CC(=O)N1C=C(C2=NCCCC2)CCC1,4737,1,8261
6834,8262,CC(=O)N1C=C(C2CCCCN2C)CCC1,4736,1,8262
6835,8264,CC12CCC3c4ccc(OC(=O)N(CCCl)CCCl)cc4CCC3C1CCC2OP(=O)(O)O,4735,1,8264
6836,8265,CCOc1cc(NCCCN(C)C)c(=O)n(-c2ccccc2)n1,4734,1,8265
6837,8266,N=C(N)SCCN1C(=O)c2ccccc2C1=O,1627,2,4710
6838,8267,CC(C)C(=O)Oc1cc(OC(=O)C(C)C)cc(C(O)CNC(C)(C)C)c1,4733,1,8267
6839,8270,Cc1c(I)c(O)c(I)c(O)c1I,4732,1,8270
6840,8272,CC(C)=CCCC(C)(OC1OC(CO)C(O)C(O)C1O)C1CCC2(C)C1C(O)CC1C3(C)CCC(O)C(C)(C)C3C(OC3OC(CO)C(O)C(O)C3OC3OC(C)C(O)C(O)C3O)CC12C,1211,2,8272
6841,8273,CCCCCCCCCCCc1ccc(C=C2N=C(c3ccc[nH]3)C=C2OC)[nH]1,4731,1,8273
6842,8276,CN(C)CCCOS(C)(=O)=O,4730,1,8276
6843,8281,O=C(Cl)C=Cc1c(Cl)cccc1Cl,4729,1,8281
6844,8282,CNc1ccccc1C(=O)NN,4728,1,8282
6845,8285,Cc1ccc(C#CC(C)(C)O)cn1,4727,1,8285
6846,8286,Cc1ccc(C#CC2(O)CCCCC2)cn1,4726,1,8286
6847,8288,COC(=O)C1=CCN(C)CC1,4725,1,8288
6848,8289,CNc1ccc2oc(CC3OC4(CCC3C)OC(C(C)C(=O)c3ccc[nH]3)C(C)CC4C)nc2c1C(=O)O,4724,1,8289
6849,8290,CC1OC(n2ccc(NC(=O)c3ccc(NC(=O)C(C)(N)CO)cc3)nc2=O)CC(O)C1OC1OC(C)C(N(C)C)C(O)C1O,1026,3,5356
6850,8291,C[n+]1c(-c2ccc(N)cc2)c2cc(N)ccc2c2ccccc21,440,5,1517
6851,8292,C[n+]1c(Cc2ccccc2)c2cc(N)ccc2c2ccc(N)cc21,4723,1,8292
6852,8293,CC(C)C1Cc2cc(OCC(=O)O)c(Cl)c(Cl)c2C1=O,602,4,6730
6853,8294,CCCC(=O)N1CCCN(c2nc(N)c3cc(OC)c(OC)cc3n2)CC1,4722,1,8294
6854,8295,Clc1ccc(SSC(Cl)(Cl)Cl)cc1,4721,1,8295
6855,8296,ClC(Cl)(Cl)SSc1ccccc1,4720,1,8296
6856,8298,CC(=O)OC1CCCCN(C)C1,4719,1,8298
6857,8299,C=C1C(=O)C2(C)OC2(C)C1C(=O)O,4718,1,8299
6858,8300,CC(=O)C1(O)Cc2c(O)c3c(c(O)c2C(OC2CC(N)C(O)C(C)O2)C1)C(=O)c1c(O)cccc1C3=O,330,5,8300
6859,8301,O=S1(=O)C=C(Cl)C(Cl)=C1,4717,1,8301
6860,8302,N=C(N)c1ccc(CC(N)C(=O)O)cc1,4716,1,8302
6861,8303,CC(C)CP(=O)(CC(C)C)C1CCCCC1,1471,2,8303
6862,8304,CC1OC(CC(=O)O)CC2=C1C(=O)c1c(O)cccc1C2=O,4715,1,8304
6863,8307,CCc1cccc(C(C)C)c1O,540,3,6106
6864,8308,CC(O)CC(O)Cc1ccoc1,4714,1,8308
6865,8309,NCC1OC(OC2C(N)CC(N)C(OC3OC(CO)C(O)C(O)C3O)C2O)C(O)C(O)C1O,19,18,182
6866,8311,CCC1=NCCC1(c1ccccc1)c1ccccc1,4713,1,8311
6867,8317,CC1(C)CSC(C=Cc2ccc(Cl)cc2)=N1,1626,2,8317
6868,8318,COc1ccc(C=CC2=NC(C)(C)CS2)cc1,1626,2,8317
6869,8319,CC1(C)CSC(C=Cc2cccc([N+](=O)[O-])c2)=N1,1624,2,8319
6870,8320,CC1(C)CSC(C=Cc2ccc3c(c2)OCO3)=N1,4712,1,8320
6871,8321,CC1(C)CSC(C=Cc2cccnc2)=N1,4711,1,8321
6872,8322,CC(=O)Nc1ccc(C=CC2=NC(C)(C)CS2)cc1,4710,1,8322
6873,8323,CC1(C)CSC(Cc2ccccc2)=N1,1625,2,8323
6874,8324,COc1ccc(CC2=NC(C)(C)CS2)cc1,1625,2,8323
6875,8325,CC1(C)CSC(C=Cc2ccc([N+](=O)[O-])cc2)=N1,1624,2,8319
6876,8326,CC1(C)Cc2cc(OCC(=O)O)c(Cl)c(Cl)c2C1=O,572,4,8326
6877,8328,CCCOC(=O)c1c(C)ccc(C(C)C)c1OCCN(C)C,36,15,8240
6878,8329,Cc1ccc(C(C)C)c(OCCN(C)C)c1C(=O)OC(C)C,36,15,8240
6879,8330,Cc1ccc(C(C)C)c(OCCN(C)C)c1C(=O)OCC(C)C,36,15,8240
6880,8331,Cc1ccc(C(C)C)c(OCCN(C)C)c1C(=O)OCc1ccccc1,134,1,8331
6881,8332,Cc1ccc(C(C)C)c(OCC(=O)OCCN(C)C)c1C(=O)OC(C)C,50,5,8242
6882,8333,CCOC(=O)c1c(C)ccc(C(C)C)c1OCC(=O)OCCN1CCCCC1,50,5,8242
6883,8334,Cc1ccc(C(C)C)c(OCC(=O)OCCN2CCCCC2)c1C(=O)OC(C)C,193,4,8241
6884,8335,COC(=O)c1c(C)ccc(C(C)C)c1OCC(O)CNC(C)C,266,6,8335
6885,8336,C#CCNCC(O)COc1c(C(C)C)ccc(C)c1C(=O)OC,266,6,8335
6886,8338,CCN(CC)CC(O)COc1c(C(C)C)ccc(C)c1C(=O)OC,266,6,8335
6887,8340,COC(=O)c1c(C)ccc(C(C)C)c1OCC(O)CN1CCN(C)CC1,937,3,8340
6888,8341,COC(=O)c1c(C)ccc(C(C)C)c1OCC(=O)OC(C)CN(C)C,939,1,8341
6889,8342,COC(=O)c1c(C)ccc(C(C)C)c1OCC(=O)OCCCN(C)C,36,15,8240
6890,8343,COC(=O)c1c(C)ccc(C(C)C)c1OCC(N)=O,938,1,8343
6891,8344,CCN(CC)C(=O)COc1c(C(C)C)ccc(C)c1C(=O)OC,192,3,8344
6892,8345,COC(=O)c1c(C)ccc(C(C)C)c1OCC(=O)NCCN(C)C,36,15,8240
6893,8346,CCN(CC)CCNC(=O)COc1c(C(C)C)ccc(C)c1C(=O)OC,192,3,8344
6894,8347,CCN(CC)CCCNC(=O)COc1c(C(C)C)ccc(C)c1C(=O)OC,192,3,8344
6895,8348,Cc1ccc(C(C)C)c(OCC(=O)OCCCN(C)C)c1C(=O)OC(C)C,36,15,8240
6896,8349,CCCOc1c(C(C)C)ccc(C)c1C(=O)O,377,2,8349
6897,8350,Cc1ccc(C(C)C)c(OCCN(C)C)c1C(=O)O,36,15,8240
6898,8351,CC[N+](CC)(CC)CCNC(C)=O,1559,2,8351
6899,8353,O=c1[nH]cc(Cl)cc1O,4709,1,8353
6900,8354,CCCCCCNP(=O)(OCC)OCC,4708,1,8354
6901,8355,C#CCNCC(O)COc1c(C(C)C)ccc(C)c1C(=O)OCC,574,1,8355
6902,8357,CCOC(=O)c1c(C)ccc(C(C)C)c1OCC(=O)OCCCN(C)C,36,15,8240
6903,8358,Cc1ccc(C(C)C)c(OCC(O)CNC(C)C)c1C(=O)OC(C)C,266,6,8335
6904,8359,CCCCOC(=O)c1c(C)ccc(C(C)C)c1OCCN(C)C,36,15,8240
6905,8360,CCOC(=O)c1c(C)ccc(C(C)C)c1OCC(O)CNC,266,6,8335
6906,8361,CCOC(=O)c1c(C)ccc(C(C)C)c1OCC(O)CNC(C)C,266,6,8335
6907,8362,COC(=O)c1c(C)ccc(C(C)C)c1OCC(=O)NCCCN(C)C,36,15,8240
6908,8366,ON=C(c1ccccc1)c1cccs1,4707,1,8366
6909,8367,CSc1nc(N)c(S(=O)(=O)O)c(N)n1,1204,2,8367
6910,8369,CCC(C)(O)C#CCCC[N+](CC)(CC)CC,4706,1,8369
6911,8370,CC[N+](CC)(CC)CCCC#CC(O)c1ccccc1,4705,1,8370
6912,8371,CC[N+](CC)(CC)CCCC#CC1(O)CCCCC1,4704,1,8371
6913,8373,OC1(C#CCCCN2CCCCC2)CCCCC1,4703,1,8373
6914,8375,Cc1ccc(C(C)C)c(OCC(O)CN2CCN(CCO)CC2)c1C(=O)OC(C)C,937,3,8340
6915,8376,CCN(CC)CCOc1c(C(C)C)ccc(C)c1C(=O)O,377,2,8349
6916,8377,COC(=O)c1c(C)ccc(C(C)C)c1OCC(O)CN1CCN(CCO)CC1,937,3,8340
6917,8378,CCCCNc1ccc(C(=O)OCCN(CC)CC)c(OCC)c1,248,4,1463
6918,8379,NCCN1CCc2ccccc2C1,4702,1,8379
6919,8381,C1CCC2(CC1)N=C1CCCCC1C1(CCCCC1)N2,4701,1,8381
6920,8384,COc1ccc(C2=NC(C)(C)CO2)cc1,4700,1,8384
6921,8385,COCC1=NC(C)(C)CO1,4699,1,8385
6922,8386,CCN(CC)CCOC(=O)CC(O)(c1ccccc1)c1ccccc1,1623,1,8386
6923,8388,Cn1c(=O)c2c(nc(CN)n2C)n(C)c1=O,4698,1,8388
6924,8389,CCOC(=O)Cn1c(CN)nc2c1c(=O)n(C)c(=O)n2C,4697,1,8389
6925,8390,CC[N+](C)(CC)CCOC(C)=O,4696,1,8390
6926,8391,CCOP(=O)(Cc1cccc2ccccc12)OCC,4695,1,8391
6927,8392,COc1cc(CC(C)N)c(OC)cc1Br,4694,1,8392
6928,8394,CC[N+](C)(CC)CC(C)OCC[N+](C)(C)C,468,4,8394
6929,8397,CS(=O)(=O)OC(CCN1CCCCC1)(c1ccccc1)c1ccccc1,4693,1,8397
6930,8399,CC1(C)COC(C=Cc2cccc(Cl)c2)=N1,905,3,2314
6931,8400,CC1(C)COC(C=Cc2cccs2)=N1,4692,1,8400
6932,8401,COc1cc(C=CC2=NC(C)(C)CO2)cc(OC)c1OC,4691,1,8401
6933,8402,CC1(C)COC(C=Cc2ccco2)=N1,4690,1,8402
6934,8403,COC(=Cc1ccccc1)C1=NC(C)(C)CO1,4689,1,8403
6935,8405,COc1ccc(CC2=NCCCO2)cc1,4688,1,8405
6936,8406,CC1(C)COC(COc2ccc(Cl)cc2Cl)=N1,4687,1,8406
6937,8407,COc1ccc(CCC2=NC(C)(C)CO2)cc1,4686,1,8407
6938,8410,CN(C)C=Nc1ccc(N(C)C)cc1,573,4,2494
6939,8411,CN=CN(C)c1ccc(Cl)cc1Cl,4685,1,8411
6940,8412,CC=CC=CC1=NCCCC1,4684,1,8412
6941,8413,NCC(N)Cc1c[nH]c2ccccc12,936,3,8413
6942,8414,CNCC(N)Cc1c[nH]c2ccccc12,936,3,8413
6943,8415,CCN(CC)CC(N)Cc1c[nH]c2ccccc12,4683,1,8415
6944,8416,COc1ccc2c(c1)c1c3n2CCN(C)C3=NCC1,4682,1,8416
6945,8417,O=C1NC(c2ccccc2)(c2ccccc2)C(=O)N1SC(Cl)(Cl)Cl,4681,1,8417
6946,8418,COc1ccc(C=C(C2=NC(C)(C)CO2)c2ccc(OC)cc2)cc1,4680,1,8418
6947,8419,COc1ccc2c(c1)C1CC3CCC(C1C2)N3C,4679,1,8419
6948,8421,CCNCC(N)Cc1c[nH]c2ccccc12,936,3,8413
6949,8424,O=S(=O)(Nc1ccccn1)c1ccc(NC(CC(c2ccccc2)S(=O)(=O)O)S(=O)(=O)O)cc1,4678,1,8424
6950,8426,COCCOc1c(OC)cc(Cc2cnc(N)nc2N)cc1OC,1610,2,8426
6951,8427,c1ccc(C23COP(OC2)OC3)cc1,4677,1,8427
6952,8428,COc1cc(CN2CCc3sccc3C2)cc(OC)c1OC,4676,1,8428
6953,8429,O=C(C[n+]1ccc2sccc2c1)c1ccccc1,265,6,8429
6954,8430,COc1ccccc1C(=O)C[n+]1ccc2sccc2c1,4675,1,8430
6955,8431,O=C(C[n+]1ccc2sc(Cl)cc2c1)c1ccccc1,4674,1,8431
6956,8432,O=C(C[n+]1ccc2sccc2c1)c1ccc(O)cc1,265,6,8429
6957,8433,COc1ccc(C(=O)C[n+]2ccc3sccc3c2)cc1,265,6,8429
6958,8434,COc1cccc(C(=O)C[n+]2ccc3sccc3c2)c1,265,6,8429
6959,8435,O=C(C[n+]1ccc2sccc2c1)c1ccc(F)cc1,265,6,8429
6960,8436,c1cc[n+](CCCCCC[n+]2ccccc2)cc1,264,6,1133
6961,8437,CC(C)CC(=O)OC1OC=C(COC2OC(CO)C(O)C(O)C2O)C2CC(O)C(CO)C12,1444,2,8437
6962,8438,CC1(C)COC(=S)N1,4673,1,8438
6963,8440,CC12CCC3C4CCC(=O)C=C4CCC3C1CCC2OC(=O)N(CCCl)N=O,4672,1,8440
6964,8441,CC(C)CCOC(=O)C(NCCN1CCCC1)c1ccccc1,4671,1,8441
6965,8443,CCOC(CCCN1CCC2(CC1)C(=O)N(C)CN2c1ccccc1)(OCC)c1ccc(F)cc1,4670,1,8443
6966,8444,CN1CN(c2ccccc2)C2(CCN(CCCC3(c4ccc(F)cc4)OCCO3)CC2)C1=O,172,7,8444
6967,8446,O=C1NCN(c2ccccc2)C12CCN(CCCC1(c3ccc(F)cc3)OCCO1)CC2,172,7,8444
6968,8447,CCN(CC)c1nc(N(CCO)CCOC)nc2c(N(CC)CC)nc(N(CCO)CCOC)nc12,4669,1,8447
6969,8448,CCN(CCCCCl)CCOC(=O)c1cc(OC)c(OC)c(OC)c1,380,5,774
6970,8449,CCN(CCCl)CCOC(=O)c1cc(OC)c(OC)c(OC)c1,380,5,774
6971,8451,C=CCN1CN(c2ccccc2)C2(CCN(CCCC3(c4ccc(F)cc4)OCCO3)CC2)C1=O,172,7,8444
6972,8452,O=C(NCCCl)NC(C1CC1)C1CC1,4668,1,8452
6973,8453,C1COC(NC(C2CC2)C2CC2)=N1,4667,1,8453
6974,8454,CCC1(C)Cc2cc(OCC(=O)O)c(Cl)c(Cl)c2C1=O,572,4,8326
6975,8455,CC(C)C1(C)Cc2cc(OCC(=O)O)c(Cl)c(Cl)c2C1=O,572,4,8326
6976,8456,CC1(C2CCCC2)Cc2cc(OCC(=O)O)c(Cl)c(Cl)c2C1=O,572,4,8326
6977,8457,C=CCc1cc(CNCCO)c(O)c(OC)c1,191,7,8457
6978,8458,C=CCc1cc(CNCCOC)c(O)c(OC)c1,191,7,8457
6979,8459,C=CCc1cc(CNCCOCC)c(O)c(OC)c1,191,7,8457
6980,8460,C=CCc1cc(CNCCCO)c(O)c(OC)c1,191,7,8457
6981,8461,C=CCc1cc(CNCCCOC)c(O)c(OC)c1,191,7,8457
6982,8462,C=CCc1cc(CNCCCOCC)c(O)c(OC)c1,263,1,8462
6983,8463,C=CCc1cc(CNCC(C)O)c(O)c(OC)c1,191,7,8457
6984,8464,C=CCc1cc(CNC(CC)CO)c(O)c(OC)c1,4666,1,8464
6985,8465,C=CCc1cc(CNCC(O)c2ccccc2)c(O)c(OC)c1,191,7,8457
6986,8466,C=CCc1cc(CN(C)CCO)c(O)c(OC)c1,1622,2,8466
6987,8467,C=CCc1cc(CN(CCO)Cc2cc(CC=C)cc(OC)c2O)c(O)c(OC)c1,1622,2,8466
6988,8471,CC(C)(C)NCC(O)COc1cc(Cl)ccc1Cl,4665,1,8471
6989,8472,CNc1nc2ccccc2[nH]c1=S,4664,1,8472
6990,8475,CCN(CCO)c1cc(C)nc2ncnn12,1621,2,4933
6991,8477,CNC(=O)N1CN(c2ccccc2)C2(CCN(Cc3ccccc3)CC2)C1=O,4663,1,8477
6992,8478,CNC(=O)N1CN(c2ccccc2)C2(CCN(CCCC(=O)c3ccc(F)cc3)CC2)C1=O,41,14,1859
6993,8479,CN1CCC23c4c5ccc(O)c4OC2C([N-][N+]#N)CCC3(O)C1C5,571,4,2526
6994,8480,Cc1ccc(SCc2ccc(N)cc2)cc1,935,3,3994
6995,8481,CCCCCC(C)C#N,4662,1,8481
6996,8486,COc1ccc2sc(N)nc2c1,1620,2,2312
6997,8487,C[N+](C)(C)CCCC(N)=O,934,3,5547
6998,8488,CC(=O)C1(c2cccc(Cl)c2)CCNCC1,415,5,4973
6999,8489,CCCC(=O)C1(c2cccc(Cl)c2)CCNCC1,415,5,4973
7000,8490,CCCCCC1CCC(O)CC1,4661,1,8490
7001,8491,CCCCCCC(=O)OCCN1CCN(CCOC(=O)CCCCCC)CC1,570,1,8491
7002,8492,COC(=O)C1=COC(OC2OC(CO)C(O)C(O)C2O)C2C(O)CN3CCc4c([nH]c5ccccc45)C3CC12,4660,1,8492
7003,8493,CCCCC(=O)C1(c2cccc(Cl)c2)CCNCC1,415,5,4973
7004,8497,CCN(CC)C(=O)c1ccc(CCl)cc1,4659,1,8497
7005,8498,O=[N+]([O-])c1cc(Cc2ccc(Cl)c([N+](=O)[O-])c2)ccc1Cl,4658,1,8498
7006,8499,CCCC(=O)OCCC(SC(CCOC(=O)CCC)=C(C)N(C=O)Cc1cnc(C)nc1N)=C(C)N(C=O)Cc1cnc(C)nc1N,569,2,1727
7007,8500,CCC1Cn2c(nc3ccccc32)O1,4657,1,8500
7008,8502,N#CCc1n[nH]c(N)c1C#N,4656,1,8502
7009,8503,N#CCN1CCCCCC1,933,3,2791
7010,8505,CN1CCN(CCN2C(=O)NC(c3ccccc3)(c3ccccc3)C2=O)CC1,932,3,8505
7011,8506,O=C1NC(c2ccccc2)(c2ccccc2)C(=O)N1CCN1CCN(CCO)CC1,932,3,8505
7012,8507,CN1CCN(CCCN2C(=O)NC(c3ccccc3)(c3ccccc3)C2=O)CC1,932,3,8505
7013,8515,CN(C)CCN1CCCC(c2ccccc2)(c2ccccc2)C1,4655,1,8515
7014,8516,NC(=O)CSCc1ccccc1,4654,1,8516
7015,8518,CN(C)C(=O)N1CN(c2ccccc2)C2(CCN(CCCC3(c4ccc(F)cc4)OCCO3)CC2)C1=O,172,7,8444
7016,8520,CC1C2Cc3ccc(O)cc3C1(C)CCN(C)C2,4653,1,8520
7017,8523,Cc1nc[nH]c1CSCCNc1nc(=O)cc[nH]1,4652,1,8523
7018,8524,O=C(O)C(Cc1ccccc1)NC(=S)S,4651,1,8524
7019,8531,O=C(CCN1CCCCC1)N1CCc2oc3ccccc3c2C1,4650,1,8531
7020,8532,O=C(CCCN1CCc2oc3ccccc3c2C1)c1ccc(F)cc1,4649,1,8532
7021,8536,CN(C)CCCOC(=O)C(O)(c1ccccc1)c1ccccc1,262,2,8536
7022,8537,CCN(CC)CCCOC(=O)C(O)(c1ccccc1)c1ccccc1,262,2,8536
7023,8538,O=C(OCCCN1CCCC1)C(O)(c1ccccc1)c1ccccc1,178,7,3302
7024,8539,CC1CNCCN1c1ccc(Cl)cc1,4648,1,8539
7025,8540,N=C(N)NCc1cccc(Cl)c1,4647,1,8540
7026,8542,CCCn1cnc2c1c(=O)n(CCCCC(C)=O)c(=O)n2C,1608,2,8542
7027,8543,NCC=C(c1ccccc1)c1ccccc1,4646,1,8543
7028,8545,O=C(NCCCN1CCN(CCCNC(=O)Nc2ccc(Br)cc2)CC1)Nc1ccc(Br)cc1,4645,1,8545
7029,8548,NCc1ccc(SCc2ccccc2)cc1,4644,1,8548
7030,8557,COc1ccc2[nH]cc(CCNC3CC3)c2c1,1619,1,8557
7031,8558,CCC1OC2(C)C(O)C(C=CC=CC=Cc3oc(=O)cc(OC)c3C)OC1(C)C2OC(C)=O,4643,1,8558
7032,8559,CC=C(CO)C(=O)OC1C(O)C(C(=O)OC)OC2CC3OC(n4cnc5c(N)ncnc54)C(OC)C3OC21O,931,3,8559
7033,8560,COC(=O)C1OC2CC3OC(n4cnc5c(N)ncnc54)C(OC)C3OC2(O)C(O)C1O,931,3,8559
7034,8567,CN(C)Cc1c(Cl)c(Cl)c(CN(C)C)c(Cl)c1Cl,4642,1,8567
7035,8568,CCN(CC)Cc1c(Cl)c(Cl)c(CN(CC)CC)c(Cl)c1Cl,4641,1,8568
7036,8569,Clc1c(Cl)c(CN2CCCCC2)c(Cl)c(Cl)c1CN1CCCCC1,4640,1,8569
7037,8570,Clc1c(Cl)c(CN2CCOCC2)c(Cl)c(Cl)c1CN1CCOCC1,4639,1,8570
7038,8571,CN1CCN(Cc2c(Cl)c(Cl)c(CN3CCN(C)CC3)c(Cl)c2Cl)CC1,4638,1,8571
7039,8572,CN1CCN(CCC=C2c3cc(Cl)ccc3CSc3sccc32)CC1,416,4,4858
7040,8573,CCN(CC)CCNc1nc(N(C)C)nc(Cl)c1SC,376,5,8573
7041,8574,CCN(CC)CCNc1nc(N(C)c2ccccc2)nc(Cl)c1SC,376,5,8573
7042,8575,CCN(CC)CCNc1nc(N(CC)CC)nc(Cl)c1SC,376,5,8573
7043,8576,CCN(CC)CCNc1nc(N(C)Cc2ccccc2)nc(Cl)c1SC,376,5,8573
7044,8577,CSc1c(Cl)nc(N(C)c2ccccc2)nc1NCCN(C)C,376,5,8573
7045,8578,CSc1c(Cl)nc(N(C)C)nc1NCCN(C)C,930,1,8578
7046,8579,CCOC(=O)CN(C)c1nc(Cl)c(SC)c(NCCN(C)C)n1,1618,2,8579
7047,8580,CSc1c(Cl)nc(N(C)Cc2ccccc2)nc1NCCN(C(C)C)C(C)C,929,1,8580
7048,8581,CSc1c(Cl)nc(N(C)c2ccc(C)cc2)nc1NCCN(C(C)C)C(C)C,4637,1,8581
7049,8582,CCOC(=O)CN(C)c1nc(Cl)c(SC)c(NCCN(C(C)C)C(C)C)n1,1618,2,8579
7050,8583,CSc1c(NCCN(C)C)nc(N(C)C)nc1OCc1cccnc1,4636,1,8583
7051,8584,COc1nc(N(C)c2ccccc2)nc(NCCN(C)C)c1SC,568,4,8584
7052,8585,COc1nc(N(C)Cc2ccccc2)nc(NCCN(C(C)C)C(C)C)c1SC,568,4,8584
7053,8586,C=CCNC(=S)Nc1nnc[nH]1,4635,1,8586
7054,8587,CC(=O)N(C)c1ccc(Nc2cc(C)nc3ccc4[nH]cnc4c23)cc1,4634,1,8587
7055,8589,COc1nc(N(C)c2ccccc2)nc(NCCN(C(C)C)C(C)C)c1SC,568,4,8584
7056,8590,CCNc1nc(Cl)c(SC)c(N2CCN(C)CC2)n1,28,16,8095
7057,8591,CSc1c(Cl)nc(NC(C)C)nc1N1CCN(C)CC1,28,16,8095
7058,8592,CSc1c(Cl)nc(NC(C)(C)C)nc1N1CCN(C)CC1,28,16,8095
7059,8593,COCCCNc1nc(Cl)c(SC)c(N2CCN(C)CC2)n1,189,2,8593
7060,8594,CNc1nc(Cl)c(SC)c(N2CCN(CCO)CC2)n1,28,16,8095
7061,8595,CSc1c(Cl)nc(N2CCCCC2)nc1N1CCN(C)CC1,927,2,8595
7062,8596,CSc1c(Cl)nc(N(C)c2ccccc2)nc1N1CCN(C)CC1,1617,2,8596
7063,8597,CSc1c(Cl)nc(N(C)C(=O)c2ccccc2)nc1N1CCN(C)CC1,1617,2,8596
7064,8598,CCN(CC)c1nc(Cl)c(SC)c(N2CCN(C)CC2)n1,4633,1,8598
7065,8599,CNc1nc(OC)c(SC)c(N2CCN(C)CC2)n1,28,16,8095
7066,8600,C=CCOc1nc(NC)nc(N2CCN(C)CC2)c1SC,926,2,8600
7067,8601,NC1CC(N)C(OC2OC(CO)C(O)C(O)C2N)C(OC2OC(CO)C(O)C2O)C1O,19,18,182
7068,8602,CCN(CC)CC(=O)Nc1cccc(C)c1,81,10,4641
7069,8603,CCN(CC)CC(=O)Nc1cccc(OC)c1,133,3,5348
7070,8604,CCN(CC)CC(=O)Nc1cccc([N+](=O)[O-])c1,1452,2,8604
7071,8605,CCN(CC)CC(=O)Nc1cccc(Cl)c1,81,10,4641
7072,8606,CCN(CC)CC(=O)Nc1cccc(Br)c1,81,10,4641
7073,8607,N#CC(C#N)=Cc1c2ccccc2cc2ccccc12,1373,2,8607
7074,8610,O=C(CN1CCOCC1)N(CCOc1ccccc1)c1ccccc1,261,6,6722
7075,8611,Cc1ccccc1N(CCOc1ccccc1)C(=O)CN1CCOCC1,261,6,6722
7076,8612,Cc1ccc(OCCN(C(=O)CN2CCOCC2)c2ccccc2)cc1,261,6,6722
7077,8613,COc1ccccc1N(CCOc1ccc(C)cc1)C(=O)CN1CCCCC1,1616,1,8613
7078,8614,Cc1ccccc1N(CCOc1ccc(Cl)cc1)C(=O)CN1CCCCC1,261,6,6722
7079,8615,Cc1ccccc1N(CCOc1ccc(Cl)cc1)C(=O)CN1CCOCC1,261,6,6722
7080,8616,O=C1N(Cl)C(=O)C(c2ccc(Cl)cc2)(c2ccc(Cl)cc2)N1Cl,1460,2,8616
7081,8617,CCN(CC)CCON=C1CCCOc2ccc(Cl)cc21,190,7,7722
7082,8618,Clc1ccc2c(c1)C(=NOCCN1CCOCC1)CCCO2,190,7,7722
7083,8619,Clc1ccc2c(c1)C(=NOCCN1CCCC1)CCCO2,190,7,7722
7084,8620,CN(C)CCCON=C1CCCOc2ccc(Cl)cc21,190,7,7722
7085,8621,COc1ccc2c(c1)C(=NOCCN(C)C)CCCO2,190,7,7722
7086,8622,CCN(CC)CCON=C1CCCOc2ccc(Br)cc21,1615,1,8622
7087,8623,CN(C)CCON=C1CCCOc2ccc(Cl)cc21,190,7,7722
7088,8624,CC(=O)NC(CCS)C(=O)O,1141,3,63
7089,8625,CCN(CC)c1nc2nc(C)c(C)nc2n1C,1614,2,8625
7090,8626,Cc1nc2nc(NC(C)C)n(C)c2nc1C,4632,1,8626
7091,8628,COc1ccc(CCNc2nc3nc(C)c(C)nc3n2C)cc1OC,4631,1,8628
7092,8629,CCN(CC)CCNc1nc2nc(C)c(C)nc2n1C,4630,1,8629
7093,8630,Cc1nc2nc(N(CCO)CCO)n(C)c2nc1C,1614,2,8625
7094,8631,Cc1nc2nc(N3CCN(CCO)CC3)n(C)c2nc1C,4629,1,8631
7095,8632,c1cnc2[nH]c(CN3CCOCC3)nc2n1,4628,1,8632
7096,8633,CC(C)NCC(O)COc1cccc2cc(C(C)O)oc12,1613,1,8633
7097,8637,Cc1ncc(CNC(=O)N(CCCl)N=O)c(N)n1,4627,1,8637
7098,8638,CCN(CC)CC1=NC(CC)(CC)c2ccccc2O1,4626,1,8638
7099,8639,NC1CC(N)C(OC2OCC(O)C(O)C2O)C(O)C1OC1OC(CO)C(O)C(O)C1N,19,18,182
7100,8640,CNC1C(O)COC(OC2C(N)CC(N)C(OC3OC(CN)C(O)C(O)C3O)C2O)C1O,4625,1,8640
7101,8641,CCCCCCCCCCCCCCCCCCCCCC(=O)Nc1ccn(C2OC(CO)C(O)C2O)c(=O)n1,4624,1,8641
7102,8642,Cc1cc(C)nc(SCC(=O)O)n1,4623,1,8642
7103,8643,CCN(CC)CCn1c(=O)c(Cc2ccc(OC)cc2)nc2ccccc21,294,6,3443
7104,8645,CC(C)C(=O)Nc1cccc(O)c1,4622,1,8645
7105,8646,CCCCC(=O)Nc1cccc(O)c1,567,4,5948
7106,8647,CCCCCC(=O)Nc1cccc(O)c1,567,4,5948
7107,8648,CCC(C)(C)C(=O)Nc1cccc(O)c1,1536,2,8648
7108,8649,CCCC(Cl)C(=O)Nc1cccc(O)c1,4621,1,8649
7109,8651,CC(C)=CC(=O)Nc1cccc(O)c1,4620,1,8651
7110,8652,CCCCCCCOc1ccccc1NC(=O)OCCN1CCCCC1,402,3,5589
7111,8653,CCCCCCCCCCCC(=O)Nc1ccc(SC#N)cc1,4619,1,8653
7112,8654,Cc1ccc(C)c(C(O)(C(=O)OCCN2CCCC2)c2ccccc2)c1,178,7,3302
7113,8655,Cc1ccc(C)c(C(O)(C(=O)OCCCN2CCCC2)c2ccccc2)c1,928,1,8655
7114,8656,O=C1c2c(Cl)c(Cl)c(Cl)c(Cl)c2C(=O)N1Nc1ccccc1,4618,1,8656
7115,8657,Oc1ccc2[nH]cc(CC3CCNCC3)c2c1,1081,3,2963
7116,8659,COC(=O)Cc1nccc2ccccc12,4617,1,8659
7117,8660,Cc1ccc(C(=O)c2ccc(OCC(=O)O)c(Cl)c2Cl)s1,4616,1,8660
7118,8661,O=C(O)COc1ccc(C(=O)c2ccco2)c(Cl)c1Cl,4615,1,8661
7119,8662,CSc1c(Cl)nc(N)nc1N1CCN(C)CC1,28,16,8095
7120,8663,CSc1c(Cl)nc(NC2CCCCC2)nc1N1CCN(C)CC1,28,16,8095
7121,8664,CSc1c(Cl)nc(N2CCOCC2)nc1N1CCN(C)CC1,927,2,8595
7122,8665,CSc1c(Cl)nc(N2CCN(C)CC2)nc1N1CCN(C)CC1,28,16,8095
7123,8666,CSc1c(Cl)nc(NCCO)nc1N1CCN(C)CC1,28,16,8095
7124,8667,CNc1nc(Cl)c(SC)c(N2CCNCC2)n1,28,16,8095
7125,8668,CCCOc1nc(NC)nc(N2CCN(C)CC2)c1SC,926,2,8600
7126,8669,CCN(CC)CCOc1cc2c(nn1)Oc1ccccc1N2C,4614,1,8669
7127,8670,C[n+]1ccc2cc3c(c4c2c1C(=O)c1ccccc1-4)OCO3,4613,1,8670
7128,8671,COc1cc2c(cc1OC)-c1c(OC)c(OC)cc3cc[n+](C)c(c13)C2=O,4612,1,8671
7129,8672,CSc1c(COCCN(C)C)nc(N(C)c2ccccc2)nc1NCCN(C(C)C)C(C)C,568,4,8584
7130,8674,O=C(c1ccccc1)c1ccc(Cl)c([N+](=O)[O-])c1,4611,1,8674
7131,8678,CCN(CC)CCCNC(c1ccccc1)c1ccccc1,4610,1,8678
7132,8679,c1ccc(C(NCCCN2CCOCC2)c2ccccc2)cc1,4609,1,8679
7133,8686,COc1ccc(OCC2CN(C)CCC2c2ccccc2)cc1,4608,1,8686
7134,8687,CCN(CC)CCNc1ccc([N+](=O)[O-])cc1[N+](=O)[O-],925,3,6361
7135,8691,C=CCN1CCc2cc(OC)c(OC)cc2C1C,1441,2,8691
7136,8692,CC1=CC(=O)CC2(O)C3=C(C=CC12O)C(=O)c1c(O)cccc1C3=O,4607,1,8692
7137,8695,C1=C2CCCNC2C2CC1C1CCCCN1C2,4606,1,8695
7138,8697,CC(=O)OC1C2OC2C2=CC(=O)C3(CC2(C)C1C)OC3(C)C=O,4605,1,8697
7139,8698,N#[N+][N-]C1CCC2C3Cc4ccc(O)c5c4C2(CCN3CC2CC2)C1O5,395,5,1372
7140,8702,Cc1cccc(Cl)c1NC1=NCCN1,1612,2,8200
7141,8703,C#CCOP(=O)(OC)OC,4604,1,8703
7142,8704,CC1C2Cc3ccc(O)cc3C1(C)CCN2CCCC(=O)c1ccc(F)cc1,4603,1,8704
7143,8705,CCNC1CC(N)C(OC2OC(CN)=CCC2N)C(O)C1OC1OCC(C)(O)C(NC)C1O,738,3,8227
7144,8706,CCCn1c(=O)c2c(ncn2CCCCC(C)O)n(C)c1=O,4602,1,8706
7145,8707,N=C(N)c1cccc([N+](=O)[O-])c1,4601,1,8707
7146,8709,CC1OC=C(C(=O)OCCN2CCCCC2)C2CC3c4[nH]c5ccccc5c4CCN3CC12,658,4,3247
7147,8710,CC1(C)SC2C(NC(=O)CSCC(N)C(=O)O)C(=O)N2C1C(=O)O,1611,1,8710
7148,8711,OCC1COc2cc3ccccc3cc2O1,924,2,2518
7149,8719,CCCCCCCCCCCC[N+]1(CC)CCCCC1,32,15,4992
7150,8720,CCCCCCCCCCCCCC[N+]1(CC)CCCCC1,32,15,4992
7151,8721,CCCCCCCCCCCCCCC[N+]1(CC)CCCCC1,32,15,4992
7152,8722,CCCCCCCCCCCCCCCC[N+]1(CC)CCCCC1,32,15,4992
7153,8723,CCCCCCCCCCCCCCCCCC[N+]1(CC)CCCCC1,32,15,4992
7154,8724,CCCCCCCCCCCC[N+]1([O-])CCCCC1,4600,1,8724
7155,8725,COc1cc(Cc2cnc(N)nc2N)cc(OC)c1Br,1610,2,8426
7156,8726,c1ccc(OCc2ccc(CCCN3CCOCC3)cc2)cc1,91,10,5625
7157,8727,O=C(CCC(=O)OCC[n+]1cccc2ccccc21)OCC[n+]1cccc2ccccc21,4599,1,8727
7158,8728,O=C1NC2(CCCCC2)C(=O)N1CCN(CCCl)CCCl,4598,1,8728
7159,8730,CN(CC(=CC(=O)O)C(=O)OCc1ccc(S(C)(=O)=O)cc1)Cc1ccccc1,4597,1,8730
7160,8731,OC1(c2ccc(Cl)cc2)CCN(CCCC2(c3ccc(F)cc3)OCCO2)CC1,4596,1,8731
7161,8732,CCCCCC(C)=C(C)c1cc(OC)cc(OC)c1,4595,1,8732
7162,8733,O=C(c1ccc(F)cc1)N1CCN(CCO)CC1,4594,1,8733
7163,8734,CN(C)C(=O)N1CCN(CCCC(=O)c2ccc(F)cc2)CC1,42,14,2269
7164,8735,CCC(=O)N1CCN(CCCC(=O)c2ccc(F)cc2)CC1,42,14,2269
7165,8736,CCCCCCCC(=O)N1CCN(CCCC(=O)c2ccc(F)cc2)CC1,566,2,6647
7166,8739,NC1C=CC(c2ccccc2)(c2ccccc2)C1,4593,1,8739
7167,8746,CN(C)C1CCC(c2ccccc2)(c2ccccc2)CC1,1562,2,8746
7168,8747,CC(C)(N)C(c1ccccc1)c1ccccc1,4592,1,8747
7169,8748,CC(C)(N)CCC(c1ccccc1)c1ccccc1,1609,2,8748
7170,8749,CC(C)(N)CCCC(c1ccccc1)c1ccccc1,1609,2,8748
7171,8750,CNC(C)(C)C(c1ccccc1)c1ccccc1,4591,1,8750
7172,8751,CNC(C)(C)CC(c1ccccc1)c1ccccc1,923,3,8751
7173,8752,CNC(C)(C)CCC(c1ccccc1)c1ccccc1,923,3,8751
7174,8753,CNC(C)(C)CCCC(c1ccccc1)c1ccccc1,923,3,8751
7175,8754,CN(C)C(C)(C)C(c1ccccc1)c1ccccc1,4590,1,8754
7176,8755,CN(C)C(C)(C)CC(c1ccccc1)c1ccccc1,922,3,8755
7177,8756,CN(C)C(C)(C)CCC(c1ccccc1)c1ccccc1,922,3,8755
7178,8757,CN(C)C(C)(C)CCCC(c1ccccc1)c1ccccc1,922,3,8755
7179,8758,CC1(N)CCC(c2ccccc2)(c2ccccc2)CC1,4589,1,8758
7180,8759,CNC1(C)CCC(c2ccccc2)(c2ccccc2)CC1,4588,1,8759
7181,8761,NC1C=CC(c2ccccc2)(c2ccccc2)C=C1,4587,1,8761
7182,8763,CN(C)C1(C)CCC(c2ccccc2)(c2ccccc2)CC1,4586,1,8763
7183,8764,CCN(CC)CCNc1ccc(Cl)cc1N,4585,1,8764
7184,8765,Cc1c(Br)c(O)c(O)c(Br)c1Br,751,3,8765
7185,8766,c1ccc(C2(c3ccccc3)CCC3NC3C2)cc1,4584,1,8766
7186,8774,CNC(=O)Oc1ccccc1NC(=O)OC,4583,1,8774
7187,8775,CCc1ccc(C(=O)C(C)CN2CCCCC2)cc1,4582,1,8775
7188,8776,ON=Cc1ccc(Cl)cc1Cl,4581,1,8776
7189,8777,CN(C)C(=O)Nc1nnc[nH]1,4580,1,8777
7190,8778,Cc1cc2nncn2c(=O)[nH]1,4579,1,8778
7191,8779,CCOCCS(=O)(=O)c1c(Cl)c(Cl)c(C#N)c(Cl)c1Cl,4578,1,8779
7192,8780,O=c1ccc(S(=O)(=O)O)ccc1O,4577,1,8780
7193,8781,C=CCN1CCC23c4c5ccc(O)c4OC2C([N-][N+]#N)CCC3C1C5,395,5,1372
7194,8782,CCCCN(CCCC)CCNc1nc(-c2ccccc2)no1,4576,1,8782
7195,8783,CCc1cccc(NC(=O)CN(CC)CC)c1,81,10,4641
7196,8785,CCCCCC(O)C=CC1C2CC(CO2)C1CC=CCCCC(=O)O,698,4,141
7197,8786,CCC1OC(=O)C(C)C(OC2CC(C)(OC)C(O)C(C)O2)C(C)C(OC2OC(C)CC(N(C)C)C2O)C(C)(O)CC(C)C(NS(=O)(=O)c2ccc(Cl)cc2)C(C)C(O)C1(C)O,45,14,293
7198,8787,CCC1OC(=O)C(C)C(OC2CC(C)(OC)C(O)C(C)O2)C(C)C(OC2OC(C)CC(N(C)C)C2O)C(C)(O)CC(C)C(NS(=O)(=O)c2ccc(C)cc2)C(C)C(O)C1(C)O,45,14,293
7199,8788,CCC1OC(=O)C(C)C(OC2CC(C)(OC)C(O)C(C)O2)C(C)C(OC2OC(C)CC(N(C)C)C2O)C(C)(O)CC(C)C(NS(=O)(=O)c2ccc(Br)cc2)C(C)C(O)C1(C)O,45,14,293
7200,8789,COc1ccc(CCN(C)CCCC2(c3ccc(OC)c(OC)c3)S(=O)(=O)CCCS2(=O)=O)cc1OC,4575,1,8789
7201,8790,CCC1OC(=O)C(C)C(OC2CC(C)(OC)C(O)C(C)O2)C(C)C(OC2OC(C)CC(N(C)C)C2O)C(C)(O)CC(C)C(NS(=O)(=O)c2ccc(NC(C)=O)cc2)C(C)C(O)C1(C)O,45,14,293
7202,8791,CC(=NC(c1ccccc1)c1ccccc1)N(C)C,4574,1,8791
7203,8792,CCCCn1c(=O)c2c(ncn2CCC(C)=O)n(CCCC)c1=O,1608,2,8542
7204,8795,C#CCNC(=O)Nc1ccc(Cl)cc1,4573,1,8795
7205,8798,Cc1cc(C)c(C)c(NC(=O)CN2CCCC2)c1C,921,3,8798
7206,8799,Cc1cc(C)c(C)c(NC(=O)CN2CCOCC2)c1C,921,3,8798
7207,8800,Cc1cc(C)c(C)c(NC(=O)CN2CCCCC2)c1C,921,3,8798
7208,8801,Cc1cc(C)c(C)c(NC(=O)CNC(C)C)c1C,4572,1,8801
7209,8802,CCN(CC)CC(=O)Nc1c(C)c(C)cc(C)c1C,920,3,1726
7210,8803,Cc1cc(C)c(C)c(NC(=O)CN(C)C)c1C,920,3,1726
7211,8804,CCCCCCCCC(=O)N1CC(C)OC(C)C1,4571,1,8804
7212,8806,c1ccc(-c2cccc(-c3cccc(CCCCCCc4cccc(-c5cccc(-c6ccccn6)n5)n4)n3)n2)nc1,919,3,8806
7213,8807,C(=CCCc1cccc(-c2cccc(-c3ccccn3)n2)n1)CCc1cccc(-c2cccc(-c3ccccn3)n2)n1,919,3,8806
7214,8808,c1ccc(-c2cccc(-c3cccc(CCCCCCCc4cccc(-c5cccc(-c6ccccn6)n5)n4)n3)n2)nc1,919,3,8806
7215,8813,CCCCCCCC(=O)c1ccc(NC(C)=O)cc1,4570,1,8813
7216,8814,CCCN(CCC)C(=O)C(Cc1ccc(OCCN(CC)CC)cc1)NC(=O)c1ccccc1,4569,1,8814
7217,8815,O=C(OC1CCCNC1)C(O)(c1ccccc1)c1ccccc1,4568,1,8815
7218,8816,CCN(CC)c1nc(OC2CCN(C)CC2)c(SC)c(OC2CCN(C)CC2)n1,918,3,8816
7219,8817,CSc1c(OC2CCN(C)CC2)nc(N(C)c2ccccc2)nc1OC1CCN(C)CC1,565,4,8817
7220,8818,CSc1c(OC2CCN(C)CC2)nc(N(C)c2cccc(C(F)(F)F)c2)nc1OC1CCN(C)CC1,565,4,8817
7221,8819,CSc1c(OC2CCN(C)CC2)nc(N2CCCCC2)nc1OC1CCN(C)CC1,916,3,8819
7222,8820,CSc1c(OC2CCN(C)CC2)nc(N(C)Cc2ccccc2)nc1OC1CCN(C)CC1,565,4,8817
7223,8821,CCN(CC)c1nc(Cl)c(SC)c(OC2CCN(C)CC2)n1,918,3,8816
7224,8822,CCN(CC)c1nc(OC)c(SC)c(OC2CCN(C)CC2)n1,918,3,8816
7225,8823,CSc1c(OCCN(C(C)C)C(C)C)nc(N2CCOCC2)nc1OC1CCN(C)CC1,916,3,8819
7226,8824,CSc1c(OCCCN(C)C)nc(N(C)c2ccccc2)nc1OCCCN(C)C,4567,1,8824
7227,8825,CSc1c(OCCCN(C)C)nc(N2CCOCC2)nc1OCCCN(C)C,4566,1,8825
7228,8826,CCN(CC)c1nc(OCCCN(C)C)c(SC)c(OCCCN(C)C)n1,917,3,8826
7229,8827,CCN(CC)c1nc(OCCN(C)C)c(SC)c(OCCN(C)C)n1,917,3,8826
7230,8828,CCN(CC)c1nc(OCCN(C(C)C)C(C)C)c(SC)c(OCCN(C(C)C)C(C)C)n1,917,3,8826
7231,8829,CSc1c(Cl)nc(N(C)c2ccc(C)cc2)nc1OCCN(C(C)C)C(C)C,4565,1,8829
7232,8830,OC(CCNC1CCCCC1)COc1cccc2ccccc12,4564,1,8830
7233,8831,CC(C)NCCC(O)COc1cccc2ccccc12,4563,1,8831
7234,8834,CC(C)NCCC(O)COc1cccc(Cl)c1Cl,4562,1,8834
7235,8835,CSc1c(OC2CCN(C)CC2)nc(N2CCOCC2)nc1OC1CCN(C)CC1,916,3,8819
7236,8836,COc1ccc(N(C)c2nc(OC3CCN(C)CC3)c(SC)c(OC3CCN(C)CC3)n2)cc1OC,565,4,8817
7237,8838,C=C1C(=CC=C2CCCC3(C)C2CCC3C(C)CCC(O)C(C)C)CC(O)CC1O,4561,1,8838
7238,8839,CC[N+](C)(CC)CCOC(=O)CC(O)(c1ccccc1)c1ccccc1,1607,2,8839
7239,8840,CC[N+](CC)(CC)CCOC(=O)CC(O)(c1ccccc1)c1ccccc1,1607,2,8839
7240,8841,c1ccc2c(c1)Nc1ccccc1-n1ccnc1-2,4560,1,8841
7241,8842,CCCCCCCCCCC[N+]1(CC)CCCCC1,32,15,4992
7242,8843,CN1C2CCC1C1Cc3ccccc3C1C2,4559,1,8843
7243,8847,Cc1ccc(NC2=NCCN2)c(Cl)c1,4558,1,8847
7244,8848,c1cc2c(c(N3CCNCC3)c1)CCCC2,4557,1,8848
7245,8849,COc1ccc(CC2=NCCc3cc(OC)c(OC)cc32)cc1OC,305,6,2048
7246,8855,CCCCC(=O)C1(c2cccc(Cl)c2)CCN(CCCN2CCN(C)CC2)CC1,75,11,8855
7247,8856,O=C(O)C1(Sc2ccccc2)CCCC1,4556,1,8856
7248,8858,CCC1(O)CC(OC2CC(N(C)C)C(OC3CC4OC5CC(=O)C(C)OC5OC4C(C)O3)C(C)O2)c2c(cc3c(c2O)C(=O)c2c(O)cccc2C3=O)C1C(=O)OC,48,13,7597
7249,8859,CN1CC=CC=C1C=NO,4555,1,8859
7250,8860,O=C(C[n+]1ccc2sccc2c1)c1ccc(Cl)cc1,265,6,8429
7251,8861,C=CC(=O)Nc1ccc(C(=O)NCCN(CC)CC)cc1,4554,1,8861
7252,8862,CN(C)CCN(C)n1cc(-c2ccccc2)c2ccccc21,4553,1,8862
7253,8868,CN1C2=C(C(=O)C(c3ccccc3)c3ccccc3)CCC2=Cc2ccccc21,4552,1,8868
7254,8869,CN(C)CCC(=O)C1=C2C(=Cc3ccccc3N2C)CC1,915,1,8869
7255,8870,CN1CCN(CCC(=O)C2=C3C(=Cc4ccccc4N3C)CC2)CC1,914,3,8870
7256,8871,CN(C)CC(=O)C1=C2C(=Cc3ccccc3N2C)CC1,914,3,8870
7257,8872,CN1CCN(CC(=O)C2=C3C(=Cc4ccccc4N3C)CC2)CC1,914,3,8870
7258,8873,Cc1nnc(C(CCN2CC3CCC2CC3)(c2ccccc2)c2ccccc2)o1,4551,1,8873
7259,8885,CCCCCCCCCCCCCCC(C)(C)C(=O)NC(CCCCN)C(=O)NC(CCCCN)C(=O)OC,4550,1,8885
7260,8887,CCc1nn(CCCN2CCN(c3cccc(Cl)c3)CC2)c(=O)n1CC,4549,1,8887
7261,8888,NC(C(=O)O)c1ccc(C=O)c(O)c1,4548,1,8888
7262,8889,NNC(=O)c1cc(Cl)nc(Cl)c1,4547,1,8889
7263,8890,C1CCN(P2OCCO2)CC1,4546,1,8890
7264,8891,C=NN1C(C)(C)CCCC1(C)C,4545,1,8891
7265,8895,CC(C)NC1=CC(=O)c2ccccc2C1=O,4544,1,8895
7266,8896,Cc1cnc(N2CCCC2)n1-c1ccccc1,4543,1,8896
7267,8897,CC(C)(C)N1CCC(c2ccccc2)(c2ccccc2)CC1,1182,2,8897
7268,8898,CC(=O)C(=Cc1ccc(Cl)c(Cl)c1)C(C)=O,1391,2,8898
7269,8902,COc1cc(C=C(C#N)[N+](=O)[O-])ccc1O,4542,1,8902
7270,8903,C[N+](C)(C)CC(O)C[N+](C)(C)C,4541,1,8903
7271,8907,OCC1OC(Oc2cc(OC3OC(CO)C(O)C(O)C3O)c(I)c(OC3OC(CO)C(O)C(O)C3O)c2I)C(O)C(O)C1O,4540,1,8907
7272,8908,CN(C)C1CCc2ccccc2C1OCc1ccccc1,4539,1,8908
7273,8909,Nc1ncnc2c1ncn2C1OC2CC3OC(C(=O)O)C(O)C(O)C3(O)OC2C1O,931,3,8559
7274,8910,CNC(=O)c1c(I)c(NC(C)=O)c(I)c(OC2OC(CO)C(O)C(O)C2O)c1I,4538,1,8910
7275,8911,COc1cc2c3c(c1O)C1(C=CC(O)CC1)CC3N(C)CC2,4537,1,8911
7276,8912,CN(C)CCCN1c2ccccc2C=Cc2ccccc21,4536,1,8912
7277,8913,N#CC(C#N)=CC1=CCN2CCC=C3CCCC1=C32,4535,1,8913
7278,8914,CCCN1Cc2ccccc2-c2ccccc2C1,375,5,8914
7279,8915,CCCCN1Cc2ccccc2-c2ccccc2C1,375,5,8914
7280,8916,c1ccc(CN2Cc3ccccc3-c3ccccc3C2)cc1,4534,1,8916
7281,8917,FC(F)(F)C(F)(F)c1nc2ccc(Cl)cc2[nH]1,913,3,3957
7282,8919,O=C(NCCCl)NC1CCCc2ccccc21,795,3,8919
7283,8920,CCCCCCCCNC(=O)c1ccc(O)c(OC)c1,4533,1,8920
7284,8921,CCCCCCCCC=CCCCCCCCC(=O)NCc1ccc(O)c(OC)c1,237,6,16
7285,8922,CCCCOC(=O)CN=C=S,4532,1,8922
7286,8925,COC(=O)Sc1nc2ccccc2nc1SC(=O)OC,4531,1,8925
7287,8926,N#Cc1ccc(N)c2ccccc12,4530,1,8926
7288,8927,C=CCN1CCC23c4c5ccc(O)c4OC2C([N-][N+]#N)CCC3(O)C1C5,571,4,2526
7289,8928,CCCOc1c(C)cc(C(=O)CCN2CCCCC2)cc1Cl,564,4,8928
7290,8929,CCCCCOc1c(C)cc(C(=O)CCN2CCCCC2)cc1Cl,564,4,8928
7291,8930,CCCCCCOc1c(C)cc(C(=O)CCN2CCCCC2)cc1Cl,564,4,8928
7292,8931,CCCCOc1c(C)cc(C(=O)CCN2CCCCC2)cc1Cl,564,4,8928
7293,8936,CC(=O)OC1CC[S+](C)CC1,4529,1,8936
7294,8937,CC(C)N1CCC(N(C(=O)Cc2ccccc2)c2ccc(Cl)cc2)CC1,4528,1,8937
7295,8938,Cc1csc(NS(=O)(=O)c2ccc(N)cc2)n1,4527,1,8938
7296,8939,CC(=O)N(C)CC(O)c1cccc(O)c1,4526,1,8939
7297,8940,CC(=O)C1(O)Cc2c(O)c3c(c(O)c2C(OC2CC(N)C(O)C(C)O2)C1)C(=O)c1ccccc1C3=O,330,5,8300
7298,8942,COC1OC(CNC(=O)N(CCCl)N=O)C(O)C(O)C1O,4525,1,8942
7299,8943,CNC(=O)c1c(I)c(C(=O)NCC(=O)Nc2c(I)c(C(=O)O)c(I)c(C(=O)NCCO)c2I)c(I)c(N(C)C(C)=O)c1I,4524,1,8943
7300,8948,CCN1CCC2(CC1)C(=O)Nc1ccccc12,4523,1,8948
7301,8949,CCN1CCC2(CC1)C(=O)Nc1c(C)cccc12,4522,1,8949
7302,8950,Cc1cc(=O)n(CCOc2ccc3ccccc3c2)[nH]1,4521,1,8950
7303,8951,CNC(=NC1(C)CCCCC1)NC,4520,1,8951
7304,8952,CSc1ccccc1NC1=NCCN1,4519,1,8952
7305,8953,C=CCOC(=O)C1=CCCN(C)C1,600,4,51
7306,8954,OCC1(c2ccccc2)CCCC1,875,3,3203
7307,8955,O=C(O)c1cc(Cl)c(O)c(Cl)c1O,4518,1,8955
7308,8956,CC1(O)CCCCCCC1,4517,1,8956
7309,8958,CCC(=O)C1(c2cccc(Cl)c2)CCN(CCCN2CCN(C)CC2)CC1,75,11,8855
7310,8960,CCCCCCCCCCCCN1CCCCCC1=O,4516,1,8960
7311,8962,COc1cc2ccnc(Cc3cccc(OC)c3OC)c2cc1OC,4515,1,8962
7312,8963,CC(=O)CCc1ccc(OC2OC(COC(=O)c3cc(O)c(O)c(O)c3)C(O)C(O)C2O)cc1,4514,1,8963
7313,8964,CN(C)CCC(=O)c1ccc2c(c1)oc(=O)n2C,4513,1,8964
7314,8965,Cn1c(=O)oc2cc(C(=O)CCN3CCCCC3)ccc21,912,3,8965
7315,8966,Cn1c(=O)oc2cc(C(=O)CCN3CCOCC3)ccc21,912,3,8965
7316,8967,CN1CCN(CCC(=O)c2ccc3c(c2)oc(=O)n3C)CC1,912,3,8965
7317,8968,CC(C)C(N)C(=O)NC(C(=O)O)C1CC(NC(=N)N)C2CN21,4512,1,8968
7318,8969,O=C(NNC1OC(C(=O)O)C(O)C(O)C1O)c1ccncc1,4511,1,8969
7319,8970,O=C(O)CCCNC(=O)CCCCC1CCSS1,1606,2,616
7320,8971,CCc1cccc2cc(C(O)CNC(C)(C)C)oc12,4510,1,8971
7321,8972,O=c1n(CC2CO2)c(=O)n(CC2CO2)c(=O)n1CC1CO1,1439,2,8972
7322,8973,CCC12CCCN3CCc4c(n(c5ccccc45)C(C(N)=O)C1)C32,1605,2,8973
7323,8974,CCC12CCCN3CCc4c(n(c5ccccc45)C(C(=O)NC4CC4)C1)C32,1605,2,8973
7324,8976,CN1CCNC(=O)C1=O,4509,1,8976
7325,8977,CCN1CCNC(=O)C1=O,487,4,8977
7326,8978,CCCN1CCNC(=O)C1=O,487,4,8977
7327,8979,CCCCCCCCN1CCNC(=O)C1=O,487,4,8977
7328,8981,CCC(=O)C(CCN1CCC(n2c(=O)[nH]c3ccccc32)CC1)(c1ccccc1)c1ccccc1,4508,1,8981
7329,8982,C=CCNc1nc(Cl)c(SC)c(N2CCN(C)CC2)n1,28,16,8095
7330,8983,CCCCCNc1nc(Cl)c(SC)c(N2CCN(C)CC2)n1,28,16,8095
7331,8984,CCCCCCNc1nc(Cl)c(SC)c(N2CCN(C)CC2)n1,189,2,8593
7332,8985,CSc1c(Cl)nc(NCc2ccccc2)nc1N1CCN(C)CC1,563,1,8985
7333,8986,CCCNc1nc(Cl)c(SC)c(N2CCN(C)CC2)n1,28,16,8095
7334,8987,CCCCNc1nc(Cl)c(SC)c(N2CCN(C)CC2)n1,28,16,8095
7335,8988,COc1ccc(Nc2nc(Cl)c(SC)c(N3CCN(C)CC3)n2)cc1,4507,1,8988
7336,8990,COC(=Cc1ccc(O)cc1)C(=O)OCC1=C(C(=O)O)N2C(=O)C(NC(=O)CCCC(N)C(=O)O)(OC)C2SC1,734,3,7350
7337,8991,C[S+](C)CCC[S+](C)C,4506,1,8991
7338,8992,Cc1cc2c(cc1[N+](=O)[O-])OCCO2,4505,1,8992
7339,8993,CC(C)NCCCC(=O)c1ccc(F)cc1,4504,1,8993
7340,8994,C=CCN(CC=C)CCCC(=O)c1ccc(F)cc1,4503,1,8994
7341,8995,O=C(CCCNC1=NCCN1)c1ccc(F)cc1,4502,1,8995
7342,8996,O=C(CCCNC1CCCC1)c1ccc(F)cc1,1604,2,8996
7343,8997,O=C(CCCNC1CCCCC1)c1ccc(F)cc1,1604,2,8996
7344,8998,CN(CCCC(=O)c1ccc(F)cc1)C1CCCCC1,4501,1,8998
7345,8999,O=C(CCCN1CCCCCC1)c1ccc(F)cc1,42,14,2269
7346,9000,O=C(CCCN1CCCC1)c1ccccc1,42,14,2269
7347,9001,Cc1ccc(C(=O)CCCN2CCCC2)cc1,42,14,2269
7348,9002,CSc1ccc(C(=O)CCCN2CCCC2)cc1,42,14,2269
7349,9003,CS(=O)(=O)c1ccc(C(=O)CCCN2CCCC2)cc1,911,1,9003
7350,9004,O=C(CCCN1CCCC1)c1ccc(-c2ccccc2)cc1,42,14,2269
7351,9005,O=C(CCCN1CCCC1)c1ccc2ccccc2c1,910,1,9005
7352,9007,O=C(CCCN1CCCC1=O)c1ccc(F)cc1,4500,1,9007
7353,9009,CN1CCN(C2=NS(=O)(=O)c3cc(Cl)ccc3N2)CC1,4499,1,9009
7354,9010,CN(C)C(=O)Nc1c(Cl)cc(Cl)cc1Cl,4498,1,9010
7355,9011,COc1ccc(C=C2C(=O)NC(=S)NC2=O)cc1OC,1510,2,9011
7356,9012,NC1C(C=O)=CC=CC1O,4497,1,9012
7357,9013,Clc1ccc(-c2cc3n(Cc4ccccc4)ccn3c2)cc1,374,5,7376
7358,9014,Brc1ccc(-c2cc3n(CCc4ccccc4)ccn3c2)cc1,4496,1,9014
7359,9015,CCCCN(C)CC(=O)Nc1c(C)cccc1C,57,12,6312
7360,9017,CCC(COCCOc1c(I)cc(I)c(NC(C)=O)c1I)C(=O)O,373,4,9017
7361,9018,CCCCOc1ccccc1OCCN(C(C)C)C(C)C,1603,1,9018
7362,9019,CC(C)COc1ccccc1OCCN(C(C)C)C(C)C,909,3,9019
7363,9020,CCN(CC)CCOc1ccccc1OCC(C)C,909,3,9019
7364,9021,CCN(CC)CCCOc1ccccc1OCC(C)C,909,3,9019
7365,9022,CCCCOc1ccccc1OCCN1CCCCC1,1602,1,9022
7366,9023,OCCC1CCN(CCC=C2c3ccc(F)cc3Sc3ccc(C(F)(F)F)cc32)CC1,4495,1,9023
7367,9026,O=C(O)CC(NC(=O)CP(=O)(O)O)C(=O)O,4494,1,9026
7368,9028,Cc1cc(O)c(CN2CCOCC2)cc1C,4493,1,9028
7369,9029,O=c1[nH]c2ccccc2n1C1=CCN(Cc2ccccc2)CC1,4492,1,9029
7370,9032,CC#CC[N+](C)(C)C,4491,1,9032
7371,9035,CCC1(O)CC(OC2CC(N(C)C)C(O)C(C)O2)c2c(cc3c(c2O)C(=O)c2c(O)cccc2C3=O)C1C(=O)OC,48,13,7597
7372,9036,CCCCC1C(=O)OC(C)C(NC(=O)c2cccc(NC=O)c2O)C(=O)OC(C)C1O,756,3,1534
7373,9039,CCC(=O)NC1C(CO)OC(OC(C(O)CN)C(N)C(O)CO)C(O)C1O,4490,1,9039
7374,9040,NC(c1ccccc1)C(O)(c1ccccc1)c1ccccc1,4489,1,9040
7375,9042,CC(C)NC(=S)Nc1ccccn1,323,5,1965
7376,9043,CCN(CC)CCN(c1ccccn1)c1ccccn1,4488,1,9043
7377,9044,CNC(C)C1CCC(N)C(OC2C(N)C(O)C(N)C(OC3OCC(C)(O)C(NC)C3O)C2O)O1,908,1,9044
7378,9045,Cc1cccc(C)c1NC(=O)CN(C)CCN(C)CCCC(c1ccc(F)cc1)c1ccc(F)cc1,1601,2,9045
7379,9046,Cc1cccc(C)c1NC(=O)CN(C)CCCN(C)CCCC(c1ccc(F)cc1)c1ccc(F)cc1,1601,2,9045
7380,9047,CN(C)CCOc1ccc(Cl)cc1Cc1ccccc1,1600,2,956
7381,9048,CN1CCCCC1C(CO)(c1ccccc1)c1ccccc1,4487,1,9048
7382,9049,CC(=O)CCCN1CCCCC1,744,3,9049
7383,9053,c1csc(C(=C2CN3CCC2CC3)c2cccs2)c1,4486,1,9053
7384,9054,CC1CCC(C(C)C)C([N+](C)(C)C)C1,4485,1,9054
7385,9055,CN1CCN(CCN2c3ccccc3Sc3ccccc32)CC1,39,15,230
7386,9057,CN1CCCCC1Cn1c2ccccc2c2ccccc21,372,5,9057
7387,9058,CN1CCC(Cn2c3ccccc3c3ccccc32)CC1,371,5,9058
7388,9059,CN1CCCCC1CCn1c2ccccc2c2ccccc21,372,5,9057
7389,9061,CN1CCCC(Cn2c3ccccc3c3ccccc32)C1,371,5,9058
7390,9062,N=C1SCC(=O)N1c1ccc(Br)cc1,4484,1,9062
7391,9063,C#CC(CC)(CC)N1CC(OC(=O)NCCC)C1,188,7,9063
7392,9064,C#CC(CC)(CC)N1CC(OC(=O)Nc2cccc3ccccc23)C1,703,3,9064
7393,9065,C#CC(CC)(CC)N1CC(OC(=O)Nc2cccc(C)c2)C1,703,3,9064
7394,9066,C#CC(CC)(CC)N1CC(OC(=O)NCCCC)C1,188,7,9063
7395,9067,C#CC(C)(C)N1CC(OC(=O)NCCC)C1,1599,1,9067
7396,9068,C#CC(CC)(CC)N1CC(OC(=O)NCC=C)C1,188,7,9063
7397,9069,C#CC(CC)(CC)N1CC(OC(=O)NCC)C1,188,7,9063
7398,9070,C#CC(CC)(CC)N1CC(OC(=O)NC(C)(C)C)C1,188,7,9063
7399,9071,C#CC1(N2CC(OC(=O)NC(C)C)C2)CCCCC1,907,3,9071
7400,9072,C#CC1(N2CC(OC(=O)NC)C2)CCCCC1,907,3,9071
7401,9073,C#CC1(N2CC(OC(=O)NCCC)C2)CCCCC1,907,3,9071
7402,9074,C#CC(CC)(CC)N1CC(OC(=O)NC2CCCCC2)C1,188,7,9063
7403,9075,C#CC(CC)(CC)N1CC(OC(=O)NC(C)C)C1,188,7,9063
7404,9076,CC(C)NNC(=O)C(N)CCC(=O)O,4483,1,9076
7405,9077,CNCCCC1(C#N)c2ccccc2CCc2ccccc21,1598,2,2322
7406,9080,Cc1cc(N)c(C)c(C(=O)O)c1,4482,1,9080
7407,9081,c1ccc2c(c1)CNNC2,4481,1,9081
7408,9082,CCOC(=O)C1(c2ccccc2)CCN(CCC(=O)c2ccccc2)CC1,11,21,298
7409,9083,CCCCCCCCCCSCCSCCCCCCCCCC,121,8,4174
7410,9085,COC(=O)C1(C)CCC2(C(=O)O)CCC3(C)C(=CCC4C5(C)CC(O)C(OC6OCC(O)C(O)C6O)C(C)(CO)C5CCC43C)C2C1,1560,2,9085
7411,9086,Cc1cc(C)c(C(C)C)c(O)c1C(C)C,4480,1,9086
7412,9087,CCCC(=O)c1c(O)cc(OC)c(CC2C(=O)C(=C(O)CCC)C(=O)C(C)(C)C2=O)c1O,4479,1,9087
7413,9088,COc1ccc(CNc2cc(C(O)CNC(C)(C)C)ccc2O)cc1,4478,1,9088
7414,9089,Cc1cc(-c2ccccc2)nnc1N(C)N,4477,1,9089
7415,9092,O=C1c2ccccc2C(=O)N1c1nc2ccccc2s1,4476,1,9092
7416,9093,Cc1cc(N(C)C(=N)N(C)C(=N)N)no1,4475,1,9093
7417,9094,CCc1cc(N(C(=N)N)C(=N)N)no1,4474,1,9094
7418,9095,CNC(=N)N(C(=N)N)c1cc(C)on1,1594,2,9095
7419,9096,Cc1conc1N(C(=N)N)C(=N)N,4473,1,9096
7420,9097,N=C(N)N(C(=N)N)c1ccon1,4472,1,9097
7421,9098,Cc1onc(NC(=N)N(C)C(=N)N)c1C,4471,1,9098
7422,9099,Cc1conc1N(C)C(=N)N(C)C(=N)N,4470,1,9099
7423,9100,CCCCN(C(=N)N)C(=N)Nc1cc(C)on1,4469,1,9100
7424,9101,Cc1cc(NC(N)=NC(=N)N2CCN(C)CC2)no1,1597,2,9101
7425,9102,Cc1cc(NC(N)=NC(=N)N2CCOCC2)no1,1597,2,9101
7426,9103,Cc1noc(C)c1N(C(=N)N)C(=N)N,4468,1,9103
7427,9104,Cc1noc(N(C(=N)N)C(=N)N)c1C,4467,1,9104
7428,9105,CCCCN(C(=N)N)C(=N)Nc1onc(C)c1C,4466,1,9105
7429,9107,Cc1ccc(NC(=O)NCCCl)cc1NC(=O)NCCCl,509,3,9107
7430,9108,CN(C)CCCOc1ccc2c(c1)CCCCC2,1596,2,9108
7431,9109,CN(C)CCOc1ccc2c(c1)CCCCC2,1596,2,9108
7432,9110,COc1ccc(CCCNCCCN2Cc3cc(OC)c(OC)cc3C2=O)cc1OC,4465,1,9110
7433,9112,OC(C1=CN2CCC1CC2)(c1ccccc1)c1ccccc1,4464,1,9112
7434,9114,C[N+]1(CCC#N)CCN(c2ccccc2)CC1,260,6,9114
7435,9115,Cc1ccccc1N1CC[N+](C)(CCC#N)CC1,260,6,9114
7436,9117,Cc1ccc(N2CC[N+](C)(CCC#N)CC2)cc1,260,6,9114
7437,9118,C[N+]1(CCC#N)CCN(c2ccccc2Cl)CC1,260,6,9114
7438,9119,C[N+]1(CCC#N)CCN(c2cccc(Cl)c2)CC1,260,6,9114
7439,9120,C[N+]1(CCC#N)CCN(c2cccc(C(F)(F)F)c2)CC1,260,6,9114
7440,9121,Cc1ccccc1N1CC[N+](C)(CCC(N)=O)CC1,4463,1,9121
7441,9122,Cc1cccc(N2CC[N+](C)(CCC(N)=O)CC2)c1,906,3,9122
7442,9123,Cc1ccc(N2CC[N+](C)(CCC(N)=O)CC2)cc1,906,3,9122
7443,9124,C[N+]1(CCC(N)=O)CCN(c2cccc(Cl)c2)CC1,906,3,9122
7444,9125,CCOC(=O)CC[N+]1(C)CCN(c2ccccc2F)CC1,1595,2,9125
7445,9126,CCOC(=O)CC[N+]1(C)CCN(c2ccccc2Cl)CC1,1595,2,9125
7446,9128,CC1(C)COC(C=Cc2ccccc2)=N1,905,3,2314
7447,9130,NC(CCC(=O)O)C(=O)NCCc1c[nH]c2ccc(O)cc12,904,3,3419
7448,9131,NC(CCC(=O)NCCc1c[nH]c2ccc(O)cc12)C(=O)NCCc1c[nH]c2ccc(O)cc12,904,3,3419
7449,9132,NC(=O)CCC(C(=O)O)N(CCc1c[nH]c2ccc(O)cc12)C(=O)C(N)CCC(=O)O,4462,1,9132
7450,9133,CCC1OC(=O)C(C)C(OC2CC(C)(OC)C(O)C(C)O2)C(C)C(OC2OC(C)CC(N(C)C)C2O)C(C)(O)CC(C)C(NS(=O)(=O)c2ccc(I)cc2)C(C)C(O)C1(C)O,45,14,293
7451,9134,CCC1OC(=O)C(C)C(OC2CC(C)(OC)C(O)C(C)O2)C(C)C(OC2OC(C)CC(N(C)C)C2O)C(C)(O)CC(C)C(NS(=O)(=O)c2ccc(F)cc2)C(C)C(O)C1(C)O,45,14,293
7452,9135,CCC(=O)Nc1ccc(S(=O)(=O)NC2C(C)CC(C)(O)C(OC3OC(C)CC(N(C)C)C3O)C(C)C(OC3CC(C)(OC)C(O)C(C)O3)C(C)C(=O)OC(CC)C(C)(O)C(O)C2C)cc1,45,14,293
7453,9136,CCC1OC(=O)C(C)C(OC2CC(C)(OC)C(O)C(C)O2)C(C)C(OC2OC(C)CC(N(C)C)C2O)C(C)(O)CC(C)C(NS(=O)(=O)c2ccccc2C)C(C)C(O)C1(C)O,45,14,293
7454,9137,CCN(CC)CC(=O)N(CCOc1ccccc1C)c1ccc(C)cc1,4461,1,9137
7455,9138,CCN(CC)CC(=O)N(CCOc1ccc(Cl)cc1)c1ccccc1C,4460,1,9138
7456,9139,O=C(O)C1(Nc2ccccc2)CCN(Cc2ccccc2)CC1,4459,1,9139
7457,9140,CCc1ccc(S(=O)(=O)NC2C(C)CC(C)(O)C(OC3OC(C)CC(N(C)C)C3O)C(C)C(OC3CC(C)(OC)C(O)C(C)O3)C(C)C(=O)OC(CC)C(C)(O)C(O)C2C)cc1,45,14,293
7458,9141,Cc1cc(N(C(=N)N)C(=N)N)no1,1594,2,9095
7459,9142,O=C(O)c1cc(O)c(O)c(Br)c1,1593,2,59
7460,9146,N#[N+][N-]C1CCC2(O)C3Cc4ccc(O)c5c4C2(CCN3CC2CC2)C1O5,571,4,2526
7461,9147,O=P(Cl)(Oc1ccccc1)c1ccccc1,4458,1,9147
7462,9150,CCCN1CCc2cccc3c2C1Cc1ccc(OC(C)=O)c(OC(C)=O)c1-3,623,4,5506
7463,9151,CCOC(=O)Oc1ccc2c(c1OC(=O)OCC)-c1cccc3c1C(C2)N(C)CC3,623,4,5506
7464,9152,CN(C)C(=O)Oc1ccc2c(c1OC(=O)N(C)C)-c1cccc3c1C(C2)N(C)CC3,623,4,5506
7465,9153,CCC[N+]1(C)CCc2cccc3c2C1Cc1ccc(O)c(O)c1-3,4457,1,9153
7466,9154,CCCCCCCCCCCC(=O)OC[n+]1ccn(C)c1,4456,1,9154
7467,9155,CC1CCCC(C)N1CCCC(O)(c1ccccc1)c1ccccn1,4455,1,9155
7468,9156,CC(C)(C)C12COP(=O)(OC1)OC2,4454,1,9156
7469,9158,CC(C)(C)NCC(O)COc1cccc2c1CCN(C=O)C2,4453,1,9158
7470,9160,CN(C)CCON=C1CCc2cc3c(cc21)CCC3,4452,1,9160
7471,9161,CCCCCc1cc(O)c(C(=O)O)c(O)c1,4451,1,9161
7472,9162,CCCCCCCCCCCCCC(=O)NCCN,4450,1,9162
7473,9163,COc1cc([N+](=O)[O-])c2nc(C)ccc2c1[N+](=O)[O-],4449,1,9163
7474,9165,c1ccc2c(c1)CN1CCCC1=N2,4448,1,9165
7475,9166,Nc1c(CC(=O)O)cccc1C(=O)c1ccccc1,4447,1,9166
7476,9168,COc1ccc(CCN=CN(C)C)cc1OC,4446,1,9168
7477,9170,CNc1nc(Cl)c(Br)c(N2CCN(C)CC2)n1,28,16,8095
7478,9171,CC(C)Nc1nc(N2CCN(C)CC2)nc(Cl)c1Br,4445,1,9171
7479,9172,CC(C)Nc1nc(Cl)c(Br)c(N2CCN(C)CC2)n1,903,1,9172
7480,9173,CN1CCN(c2nc(N)nc(Cl)c2Br)CC1,4444,1,9173
7481,9174,Cc1ccc(N(C)c2nc(Cl)c(Br)c(N3CCN(C)CC3)n2)cc1,4443,1,9174
7482,9178,CC(C)C1CCC(C(=O)O)CC1,4442,1,9178
7483,9179,C=CCNC(=S)Sc1ccccc1,1531,2,9179
7484,9180,CCOC(=O)C(C#N)=Cc1ccc(N(CC)CC)cc1,4441,1,9180
7485,9182,COc1ccc(S(N)(=O)=O)cc1C(=O)NC1CN2CCC1CC2,1592,2,9182
7486,9183,COc1ccc(S(N)(=O)=O)cc1C(=O)NCCC1CN2CCC1CC2,1592,2,9182
7487,9184,Oc1ccc[n+](Cc2ccccc2)c1,4440,1,9184
7488,9185,CCCCN(CCCC)CCCOc1ccc(C(=O)c2c(CC)cc3ccccn23)cc1,4439,1,9185
7489,9186,CNCCCCOc1ccccc1Cc1ccccc1,4438,1,9186
7490,9188,CC(=O)C1(c2cccc(Cl)c2)CCN(CCCN2CCCCC2)CC1,75,11,8855
7491,9189,CCC(=O)C1(c2cccc(Cl)c2)CCN(CCCN2CCCCC2)CC1,75,11,8855
7492,9190,CCCC(=O)C1(c2cccc(Cl)c2)CCN(CCCN2CCCCC2)CC1,75,11,8855
7493,9191,CCCCC(=O)C1(c2cccc(Cl)c2)CCN(CCCN2CCCCC2)CC1,75,11,8855
7494,9192,CC(=O)C1(c2cccc(Cl)c2)CCN(CCCN2CCOCC2)CC1,259,1,9192
7495,9193,CCC(=O)C1(c2cccc(Cl)c2)CCN(CCCN2CCOCC2)CC1,75,11,8855
7496,9194,CCCC(=O)C1(c2cccc(Cl)c2)CCN(CCCN2CCOCC2)CC1,75,11,8855
7497,9195,CCCCC(=O)C1(c2cccc(Cl)c2)CCN(CCCN2CCOCC2)CC1,75,11,8855
7498,9196,CC(=O)C1(c2cccc(Cl)c2)CCN(CCCN2CCN(C)CC2)CC1,75,11,8855
7499,9197,CCCC(=O)C1(c2cccc(Cl)c2)CCN(CCCN2CCN(C)CC2)CC1,75,11,8855
7500,9198,CC1SCC(C(=O)NC(Cc2cnc[nH]2)C(=O)N2CCCC2C(N)=O)NC1=O,784,3,6438
7501,9199,CCc1ccccc1N=CN(C)C,4437,1,9199
7502,9200,CN(C)C=Nc1ccc2c(c1)OCO2,4436,1,9200
7503,9201,COc1cc(OC)c(N=CN(C)C)cc1Cl,4435,1,9201
7504,9211,NC1=NC(=O)N(C2OC(CO)C(O)C2O)CN1,4434,1,9211
7505,9212,CC(C[N+](C)(C)C)OC(=O)c1ccccc1,1515,2,9212
7506,9213,CN(C)CCCOc1nn(-c2ccccc2)cc1-c1ccccc1,33,15,9213
7507,9214,Cc1ccc(-c2cn(-c3ccccc3)nc2OCCCN(C)C)cc1,33,15,9213
7508,9215,COc1ccc(-c2cn(-c3ccccc3)nc2OCCCN(C)C)cc1,33,15,9213
7509,9216,COc1ccc(-c2cn(-c3ccc(OC)cc3)nc2OCCCN(C)C)cc1,33,15,9213
7510,9217,COc1ccc(-n2cc(-c3ccc(Cl)cc3)c(OCCCN(C)C)n2)cc1,33,15,9213
7511,9218,COc1ccc(-n2cc(-c3ccc(C)cc3)c(OCCCN(C)C)n2)cc1,33,15,9213
7512,9219,COc1ccc(-c2cn(-c3ccc(Cl)cc3)nc2OCCCN(C)C)cc1,33,15,9213
7513,9220,CNCCOc1nn(-c2ccccc2)cc1-c1ccccc1,562,2,9220
7514,9221,CNCCCOc1nn(-c2ccccc2)cc1-c1ccccc1,562,2,9220
7515,9222,COc1cc(N)c(Cl)cc1S(=O)(=O)NCCCN1CCOCC1,471,4,9222
7516,9223,COc1ccc(Cl)cc1S(=O)(=O)NCCN(C)C,902,2,9223
7517,9224,CC(C)C#CC(O)(C(=O)OC1CN2CCC1CC2)c1ccccc1,64,12,3064
7518,9225,C=C(C)C#CC(O)(C(=O)OC1CCN(C)CC1)c1ccccc1,69,11,5161
7519,9226,CC(N)C(=O)NC(CC(N)=O)C(=O)NC(C=CCP(=O)(O)O)C(=O)O,1591,2,9226
7520,9227,CC(N)C(=O)NC(CC(=O)O)C(=O)NC(C=CCP(=O)(O)O)C(=O)O,1591,2,9226
7521,9240,CCC(NC(C)C)C(O)c1ccc(O)c2[nH]c(=O)ccc12,4433,1,9240
7522,9242,O=C(O)CCCNC(=O)c1cccnc1,1590,2,7485
7523,9244,COC(=O)C(CCC(N)=O)Nc1c(C)n(C)n(-c2ccccc2)c1=O,4432,1,9244
7524,9253,CCP(=O)(CC)Oc1ccccc1,4431,1,9253
7525,9259,COC(=O)c1ccc(C)[n+](C)c1,4430,1,9259
7526,9260,N#CC(C#N)=Cc1ccncc1,4429,1,9260
7527,9261,O=C(O)c1ccc2nc3ccccc3c(=O)n2c1,107,9,9261
7528,9262,Cc1ccc2nc3ccc(C(=O)O)cn3c(=O)c2c1,107,9,9261
7529,9263,O=C(O)c1ccc2nc3ccc(Cl)cc3c(=O)n2c1,107,9,9261
7530,9264,COc1ccc2nc3ccc(C(=O)O)cn3c(=O)c2c1,107,9,9261
7531,9265,O=C(O)c1ccc2nc3cc4ccccc4cc3c(=O)n2c1,107,9,9261
7532,9268,BrC=C(Br)CBr,4428,1,9268
7533,9269,CCOC(=O)c1ccc(N=CN(C)C)cc1,752,3,9269
7534,9276,Cc1nc[nH]c1CSCCNc1nc(=O)c(Cc2ccc(Cl)cc2)c[nH]1,10,21,9276
7535,9277,Cc1nc[nH]c1CSCCNc1nc(=O)c(Cc2cccc(Cl)c2)c[nH]1,10,21,9276
7536,9278,COc1ccc(Cc2c[nH]c(NCCSCc3[nH]cnc3C)nc2=O)cc1,10,21,9276
7537,9279,COc1cccc(Cc2c[nH]c(NCCSCc3[nH]cnc3C)nc2=O)c1,10,21,9276
7538,9280,Cc1nc[nH]c1CSCCNc1nc(=O)c(Cc2ccc3c(c2)OCO3)c[nH]1,10,21,9276
7539,9282,O=C(NCCN1CCCC1)C(c1ccccc1)c1ccccc1,4427,1,9282
7540,9283,CCOC(C(=O)NCCN1CCCC1)(c1ccccc1)c1ccccc1,4426,1,9283
7541,9284,CCN(CC)CCNC(C)=O,4425,1,9284
7542,9285,NN1CCCCC1,4424,1,9285
7543,9288,CC(=O)C(=Cc1ccccn1)C(C)=O,4423,1,9288
7544,9289,Nc1ccc(CCN2CCC34CCCCC3C2Cc2ccc(O)cc24)cc1,2,42,424
7545,9290,CSCCC(NC(=O)C(N)Cc1ccc(O)cc1)C(=O)NCC(=O)NC(Cc1ccccc1)C(=O)N1CCCC1C(N)=O,4422,1,9290
7546,9291,CC1c2c[nH]c3cccc(c23)SC1C(=O)O,4421,1,9291
7547,9294,CCCCCCCCCCSCCCCSCCCCCCCCCC,121,8,4174
7548,9297,CC(C)(Oc1ccc(Cl)cc1)C(=O)NC(=O)NCN1CCOCC1,4420,1,9297
7549,9298,COc1cc2c(C)c(C(=O)N3CCN(C)CC3)oc2c(OC)c1OC,4419,1,9298
7550,9299,CCN(CC)CCOC(=O)c1oc2c(OC)c(OC)c(OC)cc2c1C,4418,1,9299
7551,9305,CCCCCCCCCC[N+](C)(C)Cc1ccccc1,253,6,4413
7552,9306,OC(CCC(O)(c1ccccc1)c1ccccc1)(c1ccccc1)c1ccccc1,4417,1,9306
7553,9307,CC1(C)SC2C(NC(=O)C(NC(=O)c3c[nH]c4cccnc4c3=O)c3ccccc3)C(=O)N2C1C(=O)O,4416,1,9307
7554,9309,NC(=O)N=C(N)Cc1c(Cl)cccc1Cl,4415,1,9309
7555,9310,c1c2c(cc3c1CCNC3)CCC2,4414,1,9310
7556,9311,CN1CCc2cc3c(cc2C1)CCC3,4413,1,9311
7557,9314,Cc1nnc(SCC2=C(C(=O)O)N3C(=O)C(NC(=O)Cn4cc(Cl)c(=O)c(Cl)c4)C3SC2)s1,1128,3,640
7558,9315,NNc1ccc(-c2ccccc2)cc1,1589,2,1023
7559,9317,CN(C)C(=S)SCC#CCSC(=S)N(C)C,4412,1,9317
7560,9318,CC(C)(C)NC1=NCCO1,4411,1,9318
7561,9320,CC12CCC3C(CC4(O)C5CCN4CCC35C)C1CC1OC(=O)CC12,4410,1,9320
7562,9327,CN1CC(O)C2N=C(NC3OC(CO)C(OC(N)=O)C(O)C3N(C)C(=O)CN)NC2C1=O,901,3,6952
7563,9328,O=C(NCCCl)NCc1ccccc1,4409,1,9328
7564,9329,c1ccc(C2(c3ccccc3)CCNCC2)cc1,4408,1,9329
7565,9330,CN=C(NC)SCCN,4407,1,9330
7566,9331,N=C(Nc1cccc2ccccc12)SCCN,4406,1,9331
7567,9332,CNC(=O)Oc1cccc2ccc[n+](C)c12,4405,1,9332
7568,9333,CN(C)CCN(Cc1ccsc1Br)c1ccccn1,1588,2,9333
7569,9334,CN(C)CCN(Cc1ccsc1Cl)c1ccccn1,1588,2,9333
7570,9335,CN(C)CCCC1=CC(C)(C)N(C)C(C)(C)C1,4404,1,9335
7571,9336,CCC1=CC(C)(C)N(C)C(C)(C)C1,4403,1,9336
7572,9339,CC1CCCCN1C(C)CCC(=O)O,4402,1,9339
7573,9340,COc1cc2c(cc1Br)CC1C3CCCCC23CCN1C,1587,1,9340
7574,9341,COc1ccc2c(c1)C13CCCCC1C(C2)N(CCc1ccc(OC)c(OC)c1)CC3,35,6,134
7575,9342,COc1ccc(CCN2CCC34CCCCC3C2Cc2ccc(OC)cc24)cc1,35,6,134
7576,9343,COc1ccc2c(c1)C13CCCCC1C(C2O)N(C)CC3,4401,1,9343
7577,9344,CCC1(O)CC(OC2CC(N(C)C)C(OC3CC(O)C(OC4CC(O)C(O)C(C)O4)C(C)O3)C(C)O2)c2c(cc3c(c2O)C(=O)c2c(O)ccc(O)c2C3=O)C1C(=O)OC,48,13,7597
7578,9345,CC(C)NCCCNc1c2ccccc2nc2cccc([N+](=O)[O-])c12,214,7,3882
7579,9346,O=C(OC[N+]12CCC(CC1)CC2)C(c1ccccc1)c1ccccc1,4400,1,9346
7580,9347,ClCC1CC2CCN1CC2,4399,1,9347
7581,9348,CCN(CC)CCOC(=O)C1CC2CCN1CC2,4398,1,9348
7582,9349,CCN(CC)CCCC(C)NCC1CC2CCN1CC2,4397,1,9349
7583,9350,CCN(CC)CCNCC1C(CCO)C2CCN1CC2,4396,1,9350
7584,9351,CCN(CC)CCCC(C)NCC1C(CCO)C2CCN1CC2,4395,1,9351
7585,9352,OCC1CC2CCN1CC2,4394,1,9352
7586,9353,CN(C)CC1C2CC[N+](C)(CC2)C1CN(C)C,4393,1,9353
7587,9354,C[N+](C)(C)CCOC(=O)C1C[N+]2(C)CCC1CC2,1047,3,4517
7588,9355,CC[N+](C)(CC)CCOC(=O)CC1C[N+]2(C)CCC1CC2,1047,3,4517
7589,9356,CC[N+](C)(CC)CCOC(=O)C1CC2CC[N+]1(C)CC2=O,662,4,2988
7590,9357,COC(=O)C1C[N+]2(CCOCC[N+]34CCC(CC3)C(C(=O)OC)C4)CCC1CC2,4392,1,9357
7591,9358,CC1C[N+]2(CCOCC[N+]34CCC(CC3)C(C)C4)CCC1CC2,1586,2,9358
7592,9359,C(C[N+]12CCC(CC1)CC2)OCC[N+]12CCC(CC1)CC2,4391,1,9359
7593,9361,CC1C[N+]2(COC[N+]34CCC(CC3)C(C)C4)CCC1CC2,1586,2,9358
7594,9363,C1C[N+]2(COC[N+]34CCC(CC3)CC4)CCC1CC2,4390,1,9363
7595,9364,Cc1c2nc3ccccc3c-2ccn1CCCCCC[N+](C)(C)C,1585,2,9364
7596,9365,Cc1c2c(cc[n+]1CCCCC[N+](C)(C)C)[nH]c1ccccc12,257,6,9365
7597,9366,Cc1c2nc3ccccc3c-2ccn1CCC[N+](C)(C)C,1585,2,9364
7598,9368,C[N+](C)(C)CCC[n+]1cccc2[nH]c3ccccc3c21,4389,1,9368
7599,9369,C[N+](C)(C)CCC[n+]1ccc2[nH]c3ccccc3c2c1,4388,1,9369
7600,9370,C#CCN1CCC23CCCCC2C1Cc1ccc(OC)cc13,35,6,134
7601,9371,C=CCOc1ccc2c(c1)C13CCCCC1C(C2)N(C)CC3,900,1,9371
7602,9372,CCCOc1ccc2c(c1)C13CCCCC1C(C2)N(C)CC3,196,5,7624
7603,9373,C=CCN1CCC23CCCCC2C1Cc1ccc(OC(=O)N(C)C)cc13,561,2,9373
7604,9374,C=CCN1CCC23CCCCC2C1Cc1ccc(OP(=O)(O)O)cc13,561,2,9373
7605,9375,Nc1cccc(CCN2CCC34CCCCC3C2Cc2ccc(O)cc24)c1,2,42,424
7606,9376,Oc1ccc2c(c1)C13CCCCC1C(C2)N(Cc1ccccc1)CC3,2,42,424
7607,9378,CC=CCN1CCC23CCCCC2C1Cc1ccc(O)cc13,2,42,424
7608,9380,Oc1ccc2c(c1)C13CCCCC1C(C2)N(CC=Cc1ccccc1)CC3,2,42,424
7609,9381,Oc1ccc2c(c1)C13CCCCC1C(C2)N(CCC1=CCCCC1)CC3,2,42,424
7610,9382,CCN(CC)CCN1CCC23CCCCC2C1Cc1ccc(O)cc13,2,42,424
7611,9383,COc1ccc(CCN2CCC34CCCCC3C2Cc2ccc(O)cc24)cc1OC,2,42,424
7612,9384,CN(C)c1ccc(CCN2CCC34CCCCC3C2Cc2ccc(O)cc24)cc1,2,42,424
7613,9385,Cc1cc2c(cc1O)C13CCCCC1C(C2)N(C)CC3,196,5,7624
7614,9386,CCC(=CCN1CCC23CCCCC2C1Cc1ccc(O)cc13)CC,2,42,424
7615,9387,CCCCCCN1CCC23CCCCC2C1Cc1ccc(O)cc13,2,42,424
7616,9388,Oc1ccc2c(c1)C13CCCCC1C(C2)NCC3,4387,1,9388
7617,9389,Oc1ccc2c(c1)C13CCCCC1C(C2)N(CC(O)c1ccccc1)CC3,2,42,424
7618,9390,OCCOCCN1CCC23CCCCC2C1Cc1ccc(O)cc13,2,42,424
7619,9391,COc1ccc(CC(O)N2CCC34CCCCC3C2Cc2ccc(O)cc24)cc1,1584,1,9391
7620,9392,Oc1ccc(CCN2CCC34CCCCC3C2Cc2ccc(O)cc24)cc1,2,42,424
7621,9393,CC(C)CCN1CCC23CCCCC2C1Cc1ccc(O)cc13,2,42,424
7622,9394,COCC(C)=CCN1CCC23CCCCC2C1Cc1ccc(O)cc13,2,42,424
7623,9395,COc1ccc(CCN2CCC34CCCCC3C2Cc2ccc(O)cc24)c(C)c1,2,42,424
7624,9396,COc1ccc(C(=O)CN2CCC34CCCCC3C2Cc2ccc(O)cc24)cc1,187,2,9396
7625,9397,COc1cccc(CCN2CCC34CCCCC3C2Cc2ccc(O)cc24)c1,2,42,424
7626,9398,C=C1C2CC3OC(=O)C=CC=CC(=O)OCCC(C)C(O)C(=O)OCC4(CCC(C)=CC4O2)C13C,486,4,4819
7627,9399,CC(C)CN1CCC23CCCCC2C1Cc1ccc(O)cc13,2,42,424
7628,9400,Cc1c2[n+](CCCCC[n+]3c4c(C)n(C)ccc-4c4ccccc43)c3ccccc3c-2ccn1C,4386,1,9400
7629,9401,Cc1cc(O)cc2c1CC1C3CCCCC23CCN1C,1583,1,9401
7630,9402,OCCCN1CCC23CCCCC2C1Cc1ccc(O)cc13,2,42,424
7631,9403,COc1ccc(CCN2CCC34CCCCC3C2Cc2ccc(O)cc24)cc1,2,42,424
7632,9404,CCC(=O)C(CCN1CCOCC1)(c1ccccc1)c1ccccc1,876,3,872
7633,9405,CCC(=O)C(c1ccccc1)(c1ccccc1)C(C)CN1CCCC1,4385,1,9405
7634,9407,Cn1cc(NC(=O)c2cc(NC(=N)CNC(=N)N)cn2C)cc1C(=O)NCCC(N)=O,755,3,1770
7635,9408,CN1CCC23CCCCC2C1Cc1ccccc13,196,5,7624
7636,9410,O=C1NC(=O)C(=CC=CC=CC2C(=O)NC(=O)NC2=O)C(=O)N1,4384,1,9410
7637,9411,CN(C)CCOC(=O)CCc1ccccc1,4383,1,9411
7638,9412,CCC(C)Oc1ccc(C(=O)CCN2CCCCC2)cc1,40,14,152
7639,9413,CCOc1ccc(C(=O)CCN2CCCCC2)cc1,40,14,152
7640,9414,CCCCCCCOc1ccc(C(=O)CCN2CCCCC2)cc1,40,14,152
7641,9415,CCCCN1CCCCC1CN1c2ccccc2Sc2ccccc21,4382,1,9415
7642,9417,CN(CCCN1c2ccccc2Sc2ccc(Cl)cc21)C1CCCC1,26,17,272
7643,9418,C=CCN(CC=C)CCCN1c2ccccc2Sc2ccc(C(F)(F)F)cc21,1582,1,9418
7644,9419,CCN1CCC(N2c3ccccc3Sc3ccccc32)CC1,560,3,9419
7645,9422,CN1CCC(N2c3ccccc3Sc3ccccc32)CC1,560,3,9419
7646,9423,CCCN1CCCC(CN2c3ccccc3Sc3ccccc32)C1,4381,1,9423
7647,9424,O=C(CN1CCCC1)N1c2ccccc2Sc2ccccc21,200,7,6904
7648,9425,Cc1cc2nc3ccc(N)cc3[o+]c2cc1N(C)C,4380,1,9425
7649,9426,CN(CCCCCCN(C)C1c2ccccc2-c2ccccc21)C1c2ccccc2-c2ccccc21,4379,1,9426
7650,9427,O=C(CN1CCCCC1)c1c[nH]c2ccccc12,1581,2,7092
7651,9428,COc1ccc2[nH]cc(C(=O)CN3CCCCC3)c2c1,4378,1,9428
7652,9429,Cn1cc(CCC2CCNCC2)c2ccccc21,1580,2,2978
7653,9430,c1ccc2c(CCC3CCNCC3)c[nH]c2c1,1082,3,2962
7654,9431,COC(=O)C(F)(Br)C(F)(F)C(F)(F)F,4377,1,9431
7655,9432,CCN(CC)CCCC(=O)O,1579,2,1048
7656,9434,COC(=O)CCCN1CCOCC1,370,5,6015
7657,9435,CCC(C(=O)OCCCN1CCCCC1C)c1ccccc1,1578,1,9435
7658,9437,CN1C(C)(C)CNCC1(C)C,4376,1,9437
7659,9438,CN1C(C)(C)CC(Br)CC1(C)C,4375,1,9438
7660,9439,CC(CCC(N)=O)N1CCCCC1,4374,1,9439
7661,9440,COC(=O)CCCN1CCCCC1,370,5,6015
7662,9441,C#CC1=CC(C)(C)N(C)C(C)(C)C1,4373,1,9441
7663,9442,CC1=CC(C)(C)NC(C)(C)C1,4372,1,9442
7664,9443,CC1=CCCC(C)(C)N1C,4371,1,9443
7665,9445,C=C(C)CN1CCC23CCCCC2C1Cc1ccc(O)cc13,2,42,424
7666,9446,CC(=O)CN1CCC23CCCCC2C1Cc1ccc(O)cc13,2,42,424
7667,9447,O=C(CN1CCC23CCCCC2C1Cc1ccc(O)cc13)c1ccc2c(c1)OCO2,187,2,9396
7668,9448,Oc1ccc2c(c1)C13CCCCC1C(C2)N(CCc1ccc2c(c1)OCO2)CC3,2,42,424
7669,9449,O=[N+]([O-])c1ccc(CCN2CCC34CCCCC3C2Cc2ccc(O)cc24)cc1,2,42,424
7670,9451,CCCCCN1CCC23CCCCC2C1Cc1ccc(O)cc13,2,42,424
7671,9452,O=C(CN1CCC23CCCCC2C1Cc1ccc(O)cc13)c1ccccc1,2,42,424
7672,9453,O=C(CCCCN1CCC23CCCCC2C1Cc1ccc(O)cc13)c1ccccc1,2,42,424
7673,9454,CC(=O)Oc1ccc2c(c1)C13CCCCC1C(C2)N(CCc1ccccc1)CC3,35,6,134
7674,9455,Oc1ccc2c(c1)C13CCCCC1C(C2)N(CCOc1ccccc1)CC3,2,42,424
7675,9456,Oc1ccc2c(c1)C13CCCCC1C(C2)N(CCCc1ccccc1)CC3,2,42,424
7676,9457,Oc1ccc2c(c1)C13CCCCC1C(C2)N(CC#Cc1ccccc1)CC3,106,1,9457
7677,9458,CN1CCC(CCN2CCC34CCCCC3C2Cc2ccc(O)cc24)CC1,2,42,424
7678,9459,Oc1ccc2c(c1)C13CCCCC1C(C2)N(CCC1CCNCC1)CC3,2,42,424
7679,9460,CCCN1CCC23CCCCC2C1Cc1ccc(O)cc13,2,42,424
7680,9461,Oc1ccc2c(c1)C13CCCCC1C(C2)N(CCc1cccs1)CC3,2,42,424
7681,9462,Cc1ccc(CCN2CCC34CCCCC3C2Cc2ccc(O)cc24)cc1,2,42,424
7682,9463,CN1CCC23c4c5c(Br)cc(O)c4OC2C(=O)C=CC3C1C5,4370,1,9463
7683,9465,C=CC[N+]1(C)CCC23CCCCC2C1Cc1ccc(O)cc13,4369,1,9465
7684,9468,Cc1cccc[n+]1CC(=O)CCc1ccc(C(=O)C[n+]2ccccc2C)cc1,899,3,5761
7685,9469,Cc1ccc[n+](CC(=O)CCc2ccc(C(=O)C[n+]3cccc(C)c3)cc2)c1,898,3,4879
7686,9470,Cc1cccc[n+]1CC(=O)c1ccc(C(=O)C[n+]2ccccc2C)cc1,899,3,5761
7687,9471,Cc1ccc[n+](CC(=O)c2ccc(C(=O)C[n+]3cccc(C)c3)cc2)c1,898,3,4879
7688,9476,CN(CCC=C1c2ccccc2Sc2ccc(Cl)cc21)C1CCCC1,16,19,122
7689,9477,CN(C)CC=C1c2ccccc2Sc2ccc(Cl)cc21,16,19,122
7690,9479,OCCCN1CCN(CCC=C2c3ccccc3Sc3ccc(Cl)cc32)CC1,52,13,395
7691,9480,COC(=O)CCN1CCN(CCC=C2c3ccccc3Sc3ccc(Cl)cc32)CC1,52,13,395
7692,9481,Clc1ccc2c(c1)C(=CCCN1CCNCC1)c1ccccc1S2,52,13,395
7693,9482,Clc1ccc2c(c1)C(=CCCN1CCCCC1)c1ccccc1S2,52,13,395
7694,9483,Clc1ccc2c(c1)C(=CCCN1CCCC1)c1ccccc1S2,52,13,395
7695,9484,CN(C)CCC=C1c2cc(Br)ccc2Sc2ccc(Br)cc21,258,1,9484
7696,9485,CN(C)CCC=C1c2cc(Cl)ccc2Sc2ccc(Cl)cc21,16,19,122
7697,9486,OCCN1CCN(CCC=C2c3cc(Cl)ccc3Sc3ccc(Cl)cc32)CC1,52,13,395
7698,9487,CN(C)CCC=C1c2ccccc2Sc2ccc(F)cc21,16,19,122
7699,9488,CN(C)CCC=C1c2ccccc2Sc2ccc(I)cc21,16,19,122
7700,9489,COc1ccc2c(c1)C(=CCCN(C)C)c1ccccc1S2,16,19,122
7701,9490,CNCCC=C1c2ccccc2Sc2ccc(OC)cc21,1577,1,9490
7702,9491,COc1ccc2c(c1)Sc1ccccc1C2=CCCN1CCN(C)CC1,897,3,512
7703,9492,CN1CCN(CCC=C2c3ccccc3Sc3ccccc32)CC1,897,3,512
7704,9493,CCN(CC)CCCC(=O)OC,895,3,6017
7705,9494,Cc1cccc(C(=O)Oc2cccc([N+](C)(C)C)c2)c1,132,8,5284
7706,9496,CC[N+]1(CCCCCCCCCC[N+]2(CC)CCCCC2)CCCCC1,32,15,4992
7707,9497,C[N+]1(CCCCCCCCCC[N+]2(C)CCCCC2)CCCCC1,71,11,3056
7708,9498,C[N+]1(C)CCC(CC[N+]2(C)CCOCC2)CC1,896,3,9498
7709,9499,C[N+]1(C)CCC(CC[N+]2(C)CCCC2)CC1,896,3,9498
7710,9500,CC(C)NNCS(=O)(=O)O,4368,1,9500
7711,9501,Cc1c(O)c(Br)c(Br)c(O)c1Br,751,3,8765
7712,9502,CNC(=O)Oc1ccccc1C[N+](C)(C)C,4367,1,9502
7713,9503,CN(C)C(=O)Oc1ccc(OC(=O)N(C)C)cc1,1473,2,9503
7714,9505,CC1CC(C)(C)NC(C)(C)C1,4366,1,9505
7715,9506,CC[N+](C)(CC)CCC[n+]1ccc2c([nH]c3ccccc32)c1C,257,6,9365
7716,9507,Cc1c2[nH]c3ccccc3c2cc[n+]1CCCCCCCCCC[N+](C)(C)C,257,6,9365
7717,9508,Cc1c2[nH]c3ccccc3c2cc[n+]1CCC[N+](C)(C)Cc1ccccc1,257,6,9365
7718,9509,Cc1c2c(cc[n+]1CCC[N+]1(C)CCCC1)c1ccccc1n2C,4365,1,9509
7719,9511,CC[N+](CC)(CC)CCC[n+]1ccc2c([nH]c3ccccc32)c1C,257,6,9365
7720,9515,CC(C)Cn1c(=O)[nH]c(=O)c2[nH]cnc21,1576,2,8024
7721,9516,Cc1c2c(cc[n+]1CCC[N+](C)(C)C)c1ccccc1n2C,4364,1,9516
7722,9517,CCC[N+](C)(C)CCC1CC[N+](C)(CCC)CC1,4363,1,9517
7723,9518,C[N+]1(CCC[N+]2(C)CCCCC2)CCCCC1,71,11,3056
7724,9519,C[N+]1(C)CCC(CC[N+]2(C)CCCCC2)CC1,896,3,9498
7725,9520,CCC(=O)OC1(c2ccccc2)CCN(Cc2ccccc2)CC1,559,4,2217
7726,9521,CC1CCCCN1CCCOC(=O)c1ccc(Br)cc1,4,26,9521
7727,9522,CCCC=NOCCOC(=O)c1cccc(OC)c1OCCCC,4362,1,9522
7728,9523,CCC(C)Oc1ccc(C(=O)OCCCN2CCCCC2C)cc1,4,26,9521
7729,9525,CC1CCN(CC(C)C(C)OC(=O)c2ccccc2)CC1,4361,1,9525
7730,9526,CC1CCN(CC(C)(C)COC(=O)c2ccccc2)CC1,882,2,9526
7731,9527,CCOc1ccc(C(=O)OCCCN2CCCCC2C)cc1,4,26,9521
7732,9528,CCCCCCOc1ccc(C(=O)OCCCN2CCCCC2C)cc1,4,26,9521
7733,9529,CCCCCCC1CCCCN1CCCOC(=O)c1ccccc1,890,3,9529
7734,9530,CC1CCCCN1CCCOC(=O)c1cccc(O)c1,4,26,9521
7735,9531,CC1CCCCN1CCCOC(=O)c1ccc(O)cc1,4,26,9521
7736,9532,CC1CCCCN1CCCOC(=O)c1ccccc1I,4,26,9521
7737,9533,CC1CCCCN1CCCOC(=O)c1ccc(I)cc1,4,26,9521
7738,9534,CC(C)COc1ccc(C(=O)OCCCN2CCCCC2C)cc1,4,26,9521
7739,9535,CC(C)CCc1ccc(C(=O)OCCCN2CCCCC2C)cc1,4,26,9521
7740,9536,CC(C)Oc1ccc(C(=O)OCCCN2CCCCC2C)cc1,4,26,9521
7741,9537,CC(C)c1ccc(C(=O)OCCCN2CCCCC2C)cc1,4,26,9521
7742,9538,CC(C)C1CCCCN1CCCOC(=O)c1ccccc1,558,1,9538
7743,9539,COc1ccc(C(=O)OCCCN2CCCCC2C)cc1,4,26,9521
7744,9540,CCCC(O)(C(=O)OC1CCCN(CC)C1)c1ccccc1,702,2,9540
7745,9541,CN1CCCC(OC(=O)C(O)(c2ccccc2)c2cccs2)C1,321,5,2990
7746,9546,C=CCOc1ccc(C(=O)OCCCN2CCCCC2C)cc1,4,26,9521
7747,9547,CCCCN(CCCC)CCOCCCOC(=O)c1ccc(N)cc1,186,6,248
7748,9548,CCN(CC)CCOCCCOC(=O)c1ccc(N)cc1,186,6,248
7749,9549,CN(C)CCOCCCOC(=O)c1ccc(N)cc1,186,6,248
7750,9550,CCCN(CCC)CCOCCCOC(=O)c1ccc(N)cc1,186,6,248
7751,9551,CC1CCCCN1CCCOC(=O)c1ccc(OCc2ccccc2)cc1,4,26,9521
7752,9553,CCOC(=O)CCCN(CC)CC,895,3,6017
7753,9554,ClCCN(CCCl)CCN(CCCl)CCCl,1575,2,1630
7754,9555,CC=C[N+]1(C)c2ccccc2CCc2ccccc21,4360,1,9555
7755,9556,C=CCN1Cc2cc(Cl)ccc2-c2ccc(Cl)cc2C1,4359,1,9556
7756,9557,c1ccc2c(c1)CN(C1CCCCC1)Cc1ccccc1-2,4358,1,9557
7757,9558,CN1CCN(CCCN2c3cc(Cl)ccc3C=Cc3ccc(Cl)cc32)CC1,4357,1,9558
7758,9559,CCN(CC)CCN1c2ccccc2C=Cc2ccccc21,4356,1,9559
7759,9560,CCN(CC)C(C)CN1c2ccccc2CCc2ccccc21,4355,1,9560
7760,9561,CCN(CC)CCN1Cc2ccccc2-c2ccccc2C1,375,5,8914
7761,9562,CCN1Cc2ccccc2-c2ccccc2C1,375,5,8914
7762,9563,OCCN1Cc2ccccc2-c2ccccc2C1,375,5,8914
7763,9564,CC(C)N1Cc2ccccc2-c2ccccc2C1,1492,2,9564
7764,9565,CC(CN1c2ccccc2C=Cc2ccccc21)N(C)C,4354,1,9565
7765,9566,CCCCC(C)Oc1ccc(C(=O)OCCCN2CCCCC2C)cc1,49,1,9566
7766,9567,Cc1c2[nH]c3ccccc3c2cc[n+]1CCCCCC[n+]1ccc2c([nH]c3ccccc32)c1C,257,6,9365
7767,9569,COc1ccc2c(c1)CCN(C)C2CCc1ccc([N+](=O)[O-])cc1,1574,2,9569
7768,9570,CN1CCc2cc3c(cc2C1CCc1ccc([N+](=O)[O-])cc1)OCO3,1574,2,9569
7769,9571,COc1cc2c(cc1OC)C(CCc1cc(Cl)cc(Cl)c1OC)N(C)CC2,557,4,9571
7770,9572,COc1cc2c(cc1OC)C(CCc1cccc(Cl)c1Cl)N(C)CC2,557,4,9571
7771,9573,COc1cc2c(cc1OC)C(CCc1c(Cl)cccc1Cl)N(C)CC2,557,4,9571
7772,9575,COc1cc2c(cc1OC)C(CCc1ccccc1[N+](=O)[O-])N(C)CC2,4353,1,9575
7773,9580,COc1cc2c(cc1OC)C(CCc1cc(Cl)c(Cl)cc1Cl)N(C)CC2,557,4,9571
7774,9585,CCN1CCc2cc(OC)c(OC)cc2C1CCc1ccc(Cl)cc1,4352,1,9585
7775,9596,CC1CCCCN1CCCOC(=O)C=Cc1ccccc1,4351,1,9596
7776,9597,CCCCNCCc1c[nH]c2ccccc12,185,7,2001
7777,9598,c1ccc(CN(CCc2c[nH]c3ccccc23)Cc2ccccc2)cc1,894,1,9598
7778,9599,CC(C)CNCCc1c[nH]c2ccccc12,185,7,2001
7779,9600,CC(C)NCCc1c[nH]c2ccccc12,893,1,9600
7780,9601,c1ccc(CNCCc2c[nH]c3ccccc23)cc1,185,7,2001
7781,9602,Clc1ccc(CNCCc2c[nH]c3ccccc23)cc1,860,2,9602
7782,9603,CCN(CC)CCc1c[nH]c2ccccc12,159,8,811
7783,9604,CC(C)CN(CCc1c[nH]c2ccccc12)CC(C)C,159,8,811
7784,9605,CCNCCc1c[nH]c2ccccc12,185,7,2001
7785,9607,CCCNCCc1c[nH]c2ccccc12,185,7,2001
7786,9608,CCOc1c(OC)cccc1C(=O)OCCN1CCCCC1,204,7,6120
7787,9609,C[N+]1(CCCCC[N+]2(C)CCCCC2)CCCCC1,71,11,3056
7788,9612,CN(C)c1c2ccccc2nc2cccc([N+](=O)[O-])c12,4350,1,9612
7789,9614,CC(=O)Oc1cc(CC(NC(C)C)OC(C)=O)cc(OC(C)=O)c1,4349,1,9614
7790,9615,CC[N+](CC)(CC)CCCCCCc1ccc([N+](CC)(CC)CC)cc1,368,5,9615
7791,9616,CC[N+](CC)(CC)CCCCCc1ccc([N+](CC)(CC)CC)cc1,368,5,9615
7792,9617,CC[N+](CC)(CC)CCCc1ccc([N+](CC)(CC)CC)cc1,368,5,9615
7793,9618,C[N+](C)(C)Cc1ccc([N+](C)(C)C)cc1,4348,1,9618
7794,9619,C[N+](C)(C)CCCCc1ccc([N+](C)(C)C)cc1,369,5,6736
7795,9620,C[N+](C)(C)CCCCCCc1ccc([N+](C)(C)C)cc1,369,5,6736
7796,9621,C[N+](C)(C)CCCCCc1ccc([N+](C)(C)C)cc1,369,5,6736
7797,9622,C[N+](C)(C)CCCc1ccc([N+](C)(C)C)cc1,369,5,6736
7798,9623,C[N+](C)(CCC[N+](C)(C)C1c2ccccc2-c2ccccc21)C1c2ccccc2-c2ccccc21,1573,2,9623
7799,9624,CC[N+](C)(CC)CCCC[N+](C)(CC)CC,315,5,9624
7800,9625,CC[N+](C)(C)CCSCC[N+](C)(C)CC,4347,1,9625
7801,9626,CC[N+](CC)(CC)CCSCC[N+](CC)(CC)CC,4346,1,9626
7802,9627,Cc1ccc(C(=O)Oc2cccc([N+](C)(C)C)c2)cc1,132,8,5284
7803,9628,CC[N+](CC)(CC)CCc1ccc([N+](CC)(CC)CC)cc1,368,5,9615
7804,9629,CC[N+](CC)(CC)CCCCc1ccc([N+](CC)(CC)CC)cc1,368,5,9615
7805,9630,CC(NC1=NCCO1)c1ccco1,4345,1,9630
7806,9631,CC(C)COc1ccc(C(=O)CCN2CCCCC2)cc1,40,14,152
7807,9632,CC(C)CCOc1ccc(C(=O)CCN2CCCCC2)cc1,40,14,152
7808,9633,CC(C)Oc1ccc(C(=O)CCN2CCCCC2)cc1,40,14,152
7809,9634,CCCCCOc1ccc(C(=O)CCN2CCCCC2)cc1,40,14,152
7810,9636,C[N+](C)(CCCCCCCCCC[N+](C)(C)C1c2ccccc2-c2ccccc21)C1c2ccccc2-c2ccccc21,1573,2,9623
7811,9638,CC(CN1c2ccccc2CCc2ccccc21)[N+](C)(C)C,4344,1,9638
7812,9639,C[N+](C)(C)c1cc(O)ccc1O,4343,1,9639
7813,9640,CC(C)[N+](C)(C)c1cccc(O)c1,4342,1,9640
7814,9641,Cc1cc(C)c([N+](C)(C)C)cc1O,4341,1,9641
7815,9642,Cc1ccc([N+](C)(C)C)c(C)c1O,4340,1,9642
7816,9643,COc1cc([N+](C)(C)C)cc(C)c1C,4339,1,9643
7817,9644,CC[N+](C)(C)CCOCC[N+](CC)(CC)CC,1288,2,9644
7818,9645,CNC(=O)Oc1cccc(CN(C)C)c1,1572,2,9645
7819,9646,CNC(=O)Oc1ccc(CN(C)C)cc1,1572,2,9645
7820,9647,c1ccc(OCCC[P+](c2ccccc2)(c2ccccc2)c2ccccc2)cc1,4338,1,9647
7821,9648,CNCC(OC(C)=O)c1cccc(OC(C)=O)c1,4337,1,9648
7822,9649,CC(C)N(COC(=O)C(O)(c1ccccc1)c1ccccc1)C(C)C,4336,1,9649
7823,9650,CN(C)CCSc1nc2ccccc2[nH]1,741,3,5424
7824,9651,CC[N+](C)(C)CCC[N+]1(CC)Cc2cccc3cccc(c23)C1,4335,1,9651
7825,9652,C[N+]1(CCC[N+]2(C)Cc3cccc4cccc(c34)C2)CCCC1,1571,2,9652
7826,9653,C[N+](C)(C)CCC[N+]1(C)Cc2cccc3cccc(c23)C1,1571,2,9652
7827,9654,CC[N+](CC)(CCCCCC[N+](CC)(CC)CCN1c2ccccc2Sc2ccccc21)CCN1c2ccccc2Sc2ccccc21,727,3,9654
7828,9655,Oc1c(Br)cc(Cc2ccccc2)c(O)c1Br,4334,1,9655
7829,9656,Cc1c(O)c(Br)cc(Br)c1O,747,3,9656
7830,9657,Cc1c(Cl)c(O)cc(O)c1Cl,4333,1,9657
7831,9658,Cc1c(Cl)c(O)c(Cl)c(O)c1Cl,4332,1,9658
7832,9659,CC1OC(CC(=O)O)CC2=C1C(=O)c1c(O)c3c(c(O)c1C2=O)C1CC(O)C3(O)C(C)O1,4331,1,9659
7833,9660,O=C(O)c1ccc2nc3ccccn3c(=O)c2c1,4330,1,9660
7834,9661,O=c1c2cc(-c3nn[nH]n3)ccc2nc2ccccn12,4329,1,9661
7835,9662,NC(=O)CNC(=O)CN1CCCC1=O,1570,2,4133
7836,9664,CN(C)C(=O)Oc1cccc2c1[N+](C)(C)CCC2,4328,1,9664
7837,9666,CC(C=C(c1cccs1)c1cccs1)c1ccccn1,4327,1,9666
7838,9667,CC(C)(C)N(CCCl)CCCl,4326,1,9667
7839,9669,CNC(=O)CCC[N+](C)(C)C,4325,1,9669
7840,9670,CC1CCCCN1CCCOC(=O)c1cccnc1,4,26,9521
7841,9672,CCCC/C=N/CCOC(=O)c1cccc(OC)c1OC,4324,1,9672
7842,9673,CC[N+]1(CCCCCC[N+]2(CC)CCOCC2)CCOCC1,4323,1,9673
7843,9674,C[N+]1(CCCCCC[N+]2(C)CCOCC2)CCOCC1,184,7,9674
7844,9675,C[N+]1(CCCCC[N+]2(C)CCOCC2)CCOCC1,184,7,9674
7845,9676,C[N+]1(CCCC[N+]2(C)CCOCC2)CCOCC1,184,7,9674
7846,9677,C[N+]1(CCCCCCCCCC[N+]2(C)CCOCC2)CCOCC1,184,7,9674
7847,9678,C[N+]1(CCCCCCCCCCCC[N+]2(C)CCOCC2)CCOCC1,184,7,9674
7848,9679,C[N+]1(CCCCCCCCC[N+]2(C)CCOCC2)CCOCC1,184,7,9674
7849,9680,C[N+]1(CCCCCCC[N+]2(C)CCOCC2)CCOCC1,184,7,9674
7850,9681,Cc1ccc([N+](C)(C)C)cc1O,892,3,9681
7851,9682,Cc1cc(Cl)ccc1OCC(=O)OCCN(C)C,310,6,746
7852,9683,CN(C)CCOC(=O)COc1ccc(Cl)cc1Cl,310,6,746
7853,9684,CC(=O)Oc1c(Br)c(C)c(Br)c(OC(C)=O)c1Br,4322,1,9684
7854,9685,CC(C(=O)OCCC1CCCCN1)c1ccc(-c2ccccc2)cc1,4321,1,9685
7855,9691,CCCCCC1(CCCCC)OC(=O)NC1=O,650,4,3643
7856,9692,CCCCC1(CCCC)OC(=O)NC1=O,650,4,3643
7857,9693,CCC1(CC)OC(=O)NC1=O,650,4,3643
7858,9694,CC(C)CC1(CC(C)C)OC(=O)NC1=O,4320,1,9694
7859,9695,CC(C)C1(C(C)C)OC(=O)NC1=O,4319,1,9695
7860,9706,C[N+](C)(C)c1cccc(OC(=O)c2ccccc2[N+](=O)[O-])c1,4318,1,9706
7861,9708,CC(=O)Nc1c[n+](CCC[N+](C)(C)C)cc2ccccc12,4317,1,9708
7862,9709,COc1cc2cc[n+](CCC[N+](C)(C)C)cc2cc1OC,1569,2,4893
7863,9710,C[N+]1(CCCC[n+]2ccc3ccccc3c2)CCCC1,887,3,9710
7864,9711,C[N+]1(CCC[n+]2ccc3ccccc3c2)CCCC1,887,3,9710
7865,9712,Cc1c2ccccc2cc[n+]1CCC[N+](C)(C)C,4316,1,9712
7866,9713,Cc1cc2ccccc2c[n+]1CCC[N+](C)(C)C,4315,1,9713
7867,9714,c1cc[n+](CCC[n+]2ccc3ccccc3c2)cc1,4314,1,9714
7868,9719,C[N+](C)(C)CCCN1CCc2ccccc2C1,4313,1,9719
7869,9720,CC[N+](CC)(CC)CCC[n+]1ccc2ccccc2c1,659,4,3241
7870,9721,C[N+](C)(C)CCCCC[n+]1ccc2ccccc2c1,659,4,3241
7871,9723,CN(C)CCC=C1c2cc(Cl)ccc2Sc2ccc(Br)cc21,16,19,122
7872,9724,OCCN1CCN(CCC=C2c3cc(Cl)ccc3Sc3ccc(Br)cc32)CC1,52,13,395
7873,9726,CCCCOC1CC1[N+](C)(C)C,4312,1,9726
7874,9727,C[N+](C)(C)c1cccc(OC(=O)c2ccc(Cl)cc2)c1,132,8,5284
7875,9728,C[N+](C)(C)c1cccc(OC(=O)c2cccc(Cl)c2)c1,132,8,5284
7876,9729,CC[N+](C)(CC)c1cccc(C(=O)Oc2ccccc2)c1,4311,1,9729
7877,9730,C[N+](C)(C)c1ccccc1OC(=O)c1ccccc1,4310,1,9730
7878,9731,C[N+](C)(C)c1ccc(OC(=O)c2ccccc2)cc1,132,8,5284
7879,9732,C[N+](C)(C)Cc1ccccc1OC(=O)c1ccccc1,4309,1,9732
7880,9733,C[N+](C)(C)c1cccc(OC(=O)c2ccccc2)c1,132,8,5284
7881,9734,C[N+](C)(Cc1ccccc1)c1cccc(O)c1,1558,2,9734
7882,9735,CC(=O)Oc1c(C)cc(C)cc1[N+](C)(C)C,4308,1,9735
7883,9736,C[N+](C)(C)c1cccc(OC(=O)c2ccc(N)cc2)c1,132,8,5284
7884,9737,C[N+](C)(C)CCCCN1CC2CCCC(C2)C1,891,3,9737
7885,9738,C[N+](C)(C)CCN1CC2CCCC(C2)C1,891,3,9737
7886,9739,C[N+](C)(C)CCCN1CC2CCCC(C2)C1,891,3,9737
7887,9740,C[N+]1(CCC[n+]2cccc3c4ccccc4ccc32)CCCC1,1566,2,9740
7888,9742,CC1N(C)C2CCC(C2)C1(C)C,4307,1,9742
7889,9744,CC1NC2CCC(C2)C1(C)C,4306,1,9744
7890,9745,OCC(CO)(CO)COc1ccccc1,4305,1,9745
7891,9746,Cc1cccc(OCC(CO)(CO)CO)c1,4304,1,9746
7892,9747,Cc1ccccc1OCC(CO)(CO)CO,1568,2,4059
7893,9748,Cc1ccc(OCC(CO)(CO)CO)cc1,4303,1,9748
7894,9749,C[N+](C)(CCO)CC(=O)CCc1ccc(C(=O)C[N+](C)(C)CCO)cc1,886,2,9749
7895,9750,CN(CC[N+](C)(C)C)CC[N+](C)(C)C,4302,1,9750
7896,9751,CC[N+](CC)(CC)CCOC(C)C[N+](CC)(CC)CC,726,3,9751
7897,9752,CC(C[N+](C)(C)C)OCC[N+](C)(C)C,468,4,8394
7898,9753,CNC(=O)Oc1cc([N+](C)(C)C)ccc1C,4301,1,9753
7899,9755,CC1CCN(C(C)CCOC(=O)c2ccccc2)CC1,4300,1,9755
7900,9756,CC1CCCCN1CCCCOC(=O)c1ccccc1,4,26,9521
7901,9757,CC1CCCCN1CCCCCCOC(=O)c1ccccc1,4,26,9521
7902,9758,CC1CCCCN1CCCCCOC(=O)c1ccccc1,4,26,9521
7903,9759,CC=CCCC1CCCCN1CCCOC(=O)c1ccccc1,890,3,9529
7904,9760,CCCCCOc1ccc(C(=O)OCCCN2CCCCC2C)cc1,4,26,9521
7905,9761,CCCCCC1CCCCN1CCCOC(=O)c1ccccc1,890,3,9529
7906,9762,CC1CCCCN1CCCOC(=O)c1ccc(OCCc2ccccc2)cc1,4,26,9521
7907,9763,CC1CCCCN1CCCOC(=O)c1ccc(-c2ccccc2)cc1,4,26,9521
7908,9764,CCCOc1ccc(C(=O)OCCCN2CCCCC2C)cc1,4,26,9521
7909,9765,O=C(O)c1ccc(NS(=O)(=O)Cc2ccccc2)cc1,1567,2,3509
7910,9767,C[N+](C)(C)c1cc(O)cc([N+](C)(C)C)c1,884,3,9767
7911,9768,C[N+](C)(C)c1ccc(O)cc1,1068,3,999
7912,9769,C[N+]1(CCC[n+]2cc3ccccc3c3ccccc32)CCCC1,1566,2,9740
7913,9770,C[N+](C)(C)CC[N+]1(C)CC2CCCC(C2)C1,889,1,9770
7914,9771,C[N+](C)(C)CCC[N+]1(C)CC2CCCC(C2)C1,256,6,9771
7915,9772,C[N+]1(CCC[N+]2(C)CC3CCCC(C3)C2)CCOCC1,256,6,9771
7916,9773,C[N+]1(CCCC[N+]2(C)CC3CCCC(C3)C2)CCCC1,256,6,9771
7917,9774,C[N+]1(CC[N+]2(C)CC3CCCC(C3)C2)CCCC1,256,6,9771
7918,9775,C[N+]1(CCC[N+]2(C)CC3CCCC(C3)C2)CCCC1,256,6,9771
7919,9776,C[N+](C)(C)CCCC[N+]1(C)CC2CCCC(C2)C1,256,6,9771
7920,9777,CC(=O)c1ccc2c(c1)C(=CCCN(C)C)c1ccccc1S2,16,19,122
7921,9778,CC(=O)C1(c2cccc(O)c2)CCN(C)CC1,888,2,1418
7922,9779,CCOC(C(=N)N)c1ccccc1,4299,1,9779
7923,9780,CCN(CC)c1cccc(OC(=O)NC)c1,4298,1,9780
7924,9781,CC[N+](C)(C)CC(C)OCC[N+](CC)(CC)CC,726,3,9751
7925,9782,C[N+](C)(C)CCCCCC[n+]1ccc2ccccc2c1,659,4,3241
7926,9783,C[N+]1(CCC[n+]2ccc3ccccc3c2)CCOCC1,887,3,9710
7927,9784,CN(C)CCC[n+]1ccc2ccccc2c1,4297,1,9784
7928,9785,C[N+](C)(C)CCC[n+]1cc(Br)c2ccccc2c1,4296,1,9785
7929,9786,C[N+](C)(CCO)CC(=O)c1ccc(C(=O)C[N+](C)(C)CCO)cc1,886,2,9749
7930,9787,CC1C2CCC(C2)C(C)(C)N1C,4295,1,9787
7931,9789,CC(=O)NC(CC(C)[N+](C)(C)C)(c1ccccc1)c1ccccc1,4294,1,9789
7932,9790,Cc1nc[nH]c1CSCCNc1nc(=O)c(Cc2ccncc2)c[nH]1,10,21,9276
7933,9791,Cc1nc[nH]c1CSCCNc1nc(=O)c(Cc2ccccn2)c[nH]1,10,21,9276
7934,9792,Cc1nc[nH]c1CSCCNc1nc(=O)c(Cc2cccnc2)c[nH]1,10,21,9276
7935,9793,O=c1nc(NCCSCc2ncccc2Br)[nH]cc1Cc1ccccn1,255,4,9793
7936,9794,Cc1nc[nH]c1CSCCNc1nc(=O)c(Cc2nccs2)c[nH]1,10,21,9276
7937,9795,O=c1nc(NCCSCc2ncccc2Br)[nH]cc1Cc1cccnc1,255,4,9793
7938,9797,O=C(CN1CCNCC1)NC1CCCCC1,4293,1,9797
7939,9798,CC(C)=CCCC(C)=CCCC(=CCCC(C)=CCO)CO,4292,1,9798
7940,9800,NC(COc1ccc2c(c1)OCO2)COc1ccc2c(c1)OCO2,4291,1,9800
7941,9801,CCCCC(C)(C)C(O)C=CC1C(O)CC(=O)C1CCCCC=CC(=O)OC,4290,1,9801
7942,9802,CCC1(O)CC(OC2CC(N(C)C)C(OC3CC(O)C(OC4CCC(O)C(C)O4)C(C)O3)C(C)O2)c2c(cc3c(c2O)C(=O)c2c(O)cccc2C3=O)C1C(=O)OC,48,13,7597
7943,9803,Clc1c(Cl)c(Cl)c(OC2CCCCC2)c(Cl)c1Cl,4289,1,9803
7944,9805,CN1C2CCC(OC(=O)C(O)(c3ccccc3)C3CCCCC3)C1CC2,160,7,9805
7945,9807,C=C(C)C(O)(C(=O)OC1CCC2CCC1N2C)c1ccccc1,160,7,9805
7946,9810,CN1C2CCC(OC(=O)C(O)(c3cccs3)C3CCCCC3)C1CC2,1565,1,9810
7947,9814,O=C(OC1CCC2CCC1N2)C(O)(c1ccccc1)c1ccccc1,4288,1,9814
7948,9815,CCC1(O)CC(OC2CC(N(C)C)C(OC3CC(O)C(OC4CCC(O)C(C)O4)C(C)O3)C(C)O2)c2c(cc3c(c2O)C(=O)c2c(O)ccc(O)c2C3=O)C1C(=O)OC,48,13,7597
7949,9816,O=C(Nc1ccncc1)c1cccnc1,1564,2,4451
7950,9817,CC(C)=CCOc1ccc(C=CC(=O)c2ccc(OCC=C(C)C)cc2OCC(=O)O)cc1,4287,1,9817
7951,9818,CCCCCCOC(=O)C=C(CC(=O)OCCCCCC)C(=O)OCCCCCC,4286,1,9818
7952,9819,COC(=O)c1cccc(C)c1NC(=O)NCCCl,149,8,4621
7953,9821,CCCN(CCC)CCc1cccc(O)c1,4285,1,9821
7954,9822,CCOc1ccc(NC(=O)c2ccccc2O)cc1,4284,1,9822
7955,9826,O=C(O)c1ccccc1Nc1cc(Cl)ccc1C(=O)O,1563,1,9826
7956,9827,NC1CC(c2ccccc2)(c2ccccc2)C1,4283,1,9827
7957,9828,CNC1CC(c2ccccc2)(c2ccccc2)C1,1038,3,4755
7958,9829,CN(C)C1CC(c2ccccc2)(c2ccccc2)C1,1562,2,8746
7959,9831,COC(=O)C1OC(Oc2[nH]c(=O)ncc2F)C(O)C(O)C1O,4282,1,9831
7960,9834,CNC(=N)NC(=O)Nc1c(C)cccc1C,4281,1,9834
7961,9835,C1=Cc2cccc(OCC3CNCCO3)c2C1,4280,1,9835
7962,9838,CSC(=N)Nc1cccc2ccccc12,4279,1,9838
7963,9840,CCN(CC)CCOc1c(C)cc(C(=O)CC(c2ccccc2)c2ccccc2)cc1C,4278,1,9840
7964,9841,CC(CN(C)C)Nc1c2ccccc2nc2cccc([N+](=O)[O-])c12,214,7,3882
7965,9845,O=c1[nH]oc2c1CCNC2,4277,1,9845
7966,9847,C#CC1(N2CC(OC(=O)Nc3cccc4ccccc34)C2)CCCCC1,4276,1,9847
7967,9849,Cc1nc2cccc3c2n1CCC3=O,4275,1,9849
7968,9850,O=C1CCn2c(Cc3ccccc3)nc3cccc1c32,4274,1,9850
7969,9852,Cc1nc2cccc3c2n1CCC3=NO,4273,1,9852
7970,9853,CCOC(CNCc1cc(C)c2[nH]c3ccccc3c2c1C)OCC,4272,1,9853
7971,9854,NC(=O)CNC(=O)N(CCCl)N=O,1561,2,92
7972,9859,CC(O)CN1CCc2c3n(c4ccccc24)C(=O)CCC31,4271,1,9859
7973,9861,CN1CCSC1=NCNC(=O)c1ccccc1,4270,1,9861
7974,9862,CN1CCSC1=NC(=O)c1cccnc1,4269,1,9862
7975,9863,CC(=O)NCC(=O)N=C1SCCN1C,4268,1,9863
7976,9864,CN1CCSC1=NC(=O)CCC(=O)O,1508,2,9864
7977,9865,COc1cccc(=O)c(O)c1,4267,1,9865
7978,9870,NCC1=CCC(c2ccccc2)(c2ccccc2)CC1,4266,1,9870
7979,9871,CC1OC(OC2CC(O)(C(=O)O)Cc3c(O)c4c(c(O)c32)C(=O)c2c(O)cccc2C4=O)CC(N)C1O,330,5,8300
7980,9873,CCN(CC)CCCN(C)S(=O)(=O)c1cc(Cl)c(N)cc1OC,166,7,9873
7981,9874,COC(=O)C1(C)CCC2(C(=O)O)CCC3(C)C(=CCC4C5(C)CC(O)C(OC6COC(OC7OC(CO)C(O)C(O)C7O)C(O)C6O)C(C)(CO)C5CCC43C)C2C1,1560,2,9085
7982,9876,c1ccc(CNC2=NCCO2)cc1,4265,1,9876
7983,9877,NC1CC(O)C(CO)OC1OC1C(N)CC(N)C(OC2OC(CO)C(O)C(N)C2O)C1O,19,18,182
7984,9878,Cc1nc[nH]c1CSCCNC(=N)NCCCc1cnc[nH]1,4264,1,9878
7985,9882,COc1ccc(CC(C)(C)OC(=O)C(C)N)cc1,4263,1,9882
7986,9883,CCNC(=O)Nc1c(OCCN2CCCCC2)c(OC)c2occc2c1OC,1,42,9883
7987,9884,CNC(=O)Nc1c(OCCN(C)C)c(OC)c2occc2c1OC,1,42,9883
7988,9885,CCN(CC)CCOc1c(NC(=O)NC)c(OC)c2ccoc2c1OC,1,42,9883
7989,9886,CNC(=O)Nc1c(OCCN2CCCCCC2)c(OC)c2occc2c1OC,1,42,9883
7990,9887,CNC(=O)Nc1c(OCCN2CCCCCCC2)c(OC)c2occc2c1OC,1,42,9883
7991,9888,CNC(=O)Nc1c(OCCCN2CCCCC2)c(OC)c2occc2c1OC,1,42,9883
7992,9889,CNC(=O)Nc1c(OCCN2CCN(C)CC2)c(OC)c2occc2c1OC,1,42,9883
7993,9890,COc1c(NC(=O)N(C)C)c(OCCN2CCCCC2)c(OC)c2occc12,1,42,9883
7994,9891,CNCCOc1c(NC(=O)NC)c(OC)c2ccoc2c1OC,1,42,9883
7995,9892,CNC(=O)Nc1c(OCCNC2CCCCC2)c(OC)c2occc2c1OC,1,42,9883
7996,9893,COc1c(NC(C)=O)c(OCCN2CCCCCC2)c(OC)c2occc12,1,42,9883
7997,9894,COc1c(NC(C)=O)c(OCCN2CCCCCCC2)c(OC)c2occc12,1,42,9883
7998,9895,CNC(=O)Nc1c(OCCNC(C)C)c(OC)c2occc2c1OC,1,42,9883
7999,9897,CNC(=O)Nc1c(OCCN2CCCCC2)c(OC)c2occc2c1OC,1,42,9883
8000,9899,COc1c(NC(C)=O)c(OCCN2CCCCC2)c(OC)c2occc12,1,42,9883
8001,9900,COc1c(NC(C)=O)c(OCCN2CCN(C)CC2)c(OC)c2occc12,1,42,9883
8002,9901,COc1c(NC(C)=O)c(OCCN(C)C)c(OC)c2occc12,74,4,9901
8003,9905,CN=C(C[N+](=O)[O-])NCCSCc1ccc(CN(C)C)o1,4262,1,9905
8004,9907,CC[N+](C)(C)CCNC(C)=O,1559,2,8351
8005,9908,C[N+](C)(C)Cc1ccc(CO)o1,4261,1,9908
8006,9909,C[N+](C)(C)Cc1ccc(CCl)o1,4260,1,9909
8007,9910,COc1ccc(C[N+](C)(C)C)o1,4259,1,9910
8008,9911,CC(=O)N(O)CCCP(=O)(O)O,4258,1,9911
8009,9916,N=C(N)Nc1nn[nH]n1,4257,1,9916
8010,9917,CCN(CC)CCCN1c2ccccc2N(C)C(=O)c2ccc(C)nc21,4256,1,9917
8011,9918,CCC(=CN1CCCC1)CC,4255,1,9918
8012,9919,CCC1(O)CC(OC2CC(N(C)C)C(OC3CC(O)C(OC4CCC(=O)C(C)O4)C(C)O3)C(C)O2)c2c(cc3c(c2O)C(=O)c2c(O)ccc(O)c2C3=O)C1C(=O)OC,48,13,7597
8013,9920,CCOC(=O)C=CS(=O)(=O)c1ccc(Cl)cc1,4254,1,9920
8014,9925,CCSC(CC)(CC)C(N)=O,4253,1,9925
8015,9926,COC(C(=O)OCCN(C)C)(c1ccccc1)c1ccccc1,18,18,790
8016,9931,CN(C)C(=O)Oc1ccc2ccccc2c1C[N+](C)(C)Cc1ccccc1,885,3,9931
8017,9932,CN(C)C(=O)Oc1ccc(C(C)(C)C)cc1C[N+](C)(C)C,1556,2,9932
8018,9933,CCC(CC)c1cc(Cl)c(OCCOCC[N+](C)(C)Cc2ccc(Cl)cc2)c(C(CC)CC)c1,4252,1,9933
8019,9934,Cc1cc(OCCOCC[N+](C)(C)Cc2ccc(Cl)cc2)cc(C)c1Cl,4251,1,9934
8020,9935,CCC(C)(C)c1ccc(OCCOCC[N+](C)(C)Cc2ccc(Cl)cc2)c(Cl)c1,4250,1,9935
8021,9936,Cc1cc(OCCOCC[N+](C)(C)Cc2ccc(Cl)cc2)c(C(C)C)cc1Cl,4249,1,9936
8022,9937,CC[N+](CC)(CCCCCCCCCC[N+](CC)(CC)C1c2ccccc2-c2ccccc21)C1c2ccccc2-c2ccccc21,1197,2,9937
8023,9938,CN(C)C(=O)Oc1cccnc1C[N+](C)(Cc1ccccc1)Cc1ccccc1,44,14,9938
8024,9939,CCCC[N+](C)(CCCC)Cc1ncccc1OC(=O)N(C)C,44,14,9938
8025,9940,CC[N+](C)(CC)Cc1ncccc1OC(=O)N(C)C,44,14,9938
8026,9941,CNCC(=O)c1c(OC)cc(OC)cc1OC,4248,1,9941
8027,9942,COc1cc(NC(=O)CN2CCN(CC(=O)c3c(OC)cc(OC)cc3OC)CC2)cc(OC)c1,4247,1,9942
8028,9945,COCCN(CC(=O)O)C(=O)C(CCCNC(=N)N)NS(=O)(=O)c1ccc2cc(OC)c(OC)cc2c1,4246,1,9945
8029,9946,C[N+](C)(C)c1ccc(O)c(O)c1,892,3,9681
8030,9947,C[N+](C)(C)c1cc(O)cc(O)c1,884,3,9767
8031,9948,CN(C)C(=O)Oc1cc(OC(=O)N(C)C)cc([N+](C)(C)C)c1,695,3,449
8032,9949,CC(C)[N+](C)(Cc1cccc(OC(=O)N(C)C)n1)C(C)C,4245,1,9949
8033,9950,CC[N+](C)(C)c1cc(C)cc(O)c1,4244,1,9950
8034,9951,CC[N+](C)(C)c1cc(O)ccc1C,4243,1,9951
8035,9952,CC[N+](C)(C)c1ccc(C)c(O)c1,892,3,9681
8036,9953,C[N+](C)(Cc1ccc([N+](=O)[O-])cc1)c1cccc(O)c1,1558,2,9734
8037,9954,O=C(OCCN1CCN(CCOC(=O)C2CCCCCC2)CC1)C1CCCCCC1,367,5,9954
8038,9955,Cc1ccccc1C(=O)OCCN1CCN(CCOC(=O)c2ccccc2C)CC1,4242,1,9955
8039,9956,CCCCC(=O)OCCN1CCN(CCOC(=O)CCCC)CC1,99,9,3172
8040,9957,O=C(OCCN1CCN(CCOC(=O)C2CC2)CC1)C1CC1,367,5,9954
8041,9958,O=C(OCCN1CCN(CCOC(=O)C2CCC2)CC1)C1CCC1,367,5,9954
8042,9959,O=C(OCCN1CCN(CCOC(=O)C2CCCC2)CC1)C1CCCC1,367,5,9954
8043,9960,O=C(OCCN1CCN(CCOC(=O)C2CCCCC2)CC1)C1CCCCC1,367,5,9954
8044,9961,Cc1cccc(C(=O)OCCN2CCN(CCOC(=O)c3cccc(C)c3)CC2)c1,1557,2,9961
8045,9962,Cc1ccc(C(=O)OCCN2CCN(CCOC(=O)c3ccc(C)cc3)CC2)cc1,1557,2,9961
8046,9963,Cc1cc(O)c(C(C)C)cc1[N+](C)(C)C,4241,1,9963
8047,9964,COc1ccc([N+](C)(C)C)cc1O,4240,1,9964
8048,9965,COc1cc(O)cc([N+](C)(C)C)c1,4239,1,9965
8049,9966,COc1ccc(O)cc1[N+](C)(C)C,4238,1,9966
8050,9967,COc1cccc([N+](C)(C)C)c1OC(=O)N(C)C,1553,2,9967
8051,9968,CN(C)C(=O)Oc1ccc2ccccc2c1C[N+](C)(C)C,885,3,9931
8052,9969,CN(C)C(=O)Oc1ccccc1OC[N+](C)(C)C,4237,1,9969
8053,9970,CN(C)C(=O)Oc1cc([N+](C)(C)C)ccc1N=Nc1ccccc1,865,3,9970
8054,9971,CN(C)C(=O)Oc1ccccc1[N+](C)(C)C,4236,1,9971
8055,9972,CC[N+](CC)(CC)Cc1ncccc1OC(=O)N(C)C,44,14,9938
8056,9973,CC(=O)Oc1cccnc1C[N+](C)(C)C,44,14,9938
8057,9974,C[N+](C)(C)Cc1ncccc1OC(=O)c1ccccc1,44,14,9938
8058,9975,CC(C)N(C(=O)Oc1cccnc1C[N+](C)(C)C)C(C)C,44,14,9938
8059,9976,CN(C)C(=O)Oc1cccnc1C[N+](C)(C)C,44,14,9938
8060,9977,Cc1ccc(N(C)C(=O)Oc2cccnc2C[N+](C)(C)C)cc1,44,14,9938
8061,9978,CN(C)C(=O)Oc1ccc(C(C)(C)CC(C)(C)C)cc1C[N+](C)(C)C,1556,2,9932
8062,9979,Cc1cc(O)cc([N+](C)(C)C)c1,884,3,9767
8063,9980,Cc1ccc(O)cc1[N+](C)(C)C,4235,1,9980
8064,9981,CN(C)C(=O)Sc1cccc([N+](C)(C)C)c1,4234,1,9981
8065,9982,CC[N+](C)(CC)CCCCC[N+](C)(CC)CC,315,5,9624
8066,9983,CCSCC1(CC)C(=O)NC(=S)NC1=O,1555,2,1101
8067,9984,CCCCCC(C)C1(CC)C(=O)NC(=S)NC1=O,1554,2,9984
8068,9985,CCCCC(C)C1(CC)C(=O)NC(=S)NC1=O,1554,2,9984
8069,9986,CP(=O)(F)OCCCCc1ccc2ccc3cccc4ccc1c2c34,4233,1,9986
8070,9987,Cc1cccc([N+](C)(C)C)c1OC(=O)N(C)C,1553,2,9967
8071,9988,C[N+](C)(C)c1cc(O)cc(-c2ccccc2)c1,4232,1,9988
8072,9989,CC(=O)Nc1cccc(C(=O)O)c1,883,3,9989
8073,9990,CCCCCCC(=O)Nc1c(I)c(NC(C)=O)c(I)c(C(=O)O)c1I,43,12,1166
8074,9991,CCCCCC(=O)Nc1c(I)c(NC(C)=O)c(I)c(C(=O)O)c1I,43,12,1166
8075,9992,CCCCCCCC(=O)Nc1c(I)c(NC(C)=O)c(I)c(C(=O)O)c1I,43,12,1166
8076,9993,CCCCC(=O)Nc1c(I)c(NC(C)=O)c(I)c(C(=O)O)c1I,43,12,1166
8077,9996,Nc1c(I)cc(I)c(C(=O)O)c1I,4231,1,9996
8078,9998,O=CNc1c(I)c(NC=O)c(I)c(C(=O)O)c1I,1552,1,9998
8079,10000,CCCCCC1CCN(CCCOC(=O)c2ccccc2)CC1,538,4,10000
8080,10005,CC(C)C1CCN(CCCOC(=O)c2ccccc2)CC1,538,4,10000
8081,10009,CC(C)(CNC1CCCC1)OC(=O)c1ccccc1,1537,2,10009
8082,10012,CCCC(=O)Nc1c(I)c(NC(=O)CCC)c(I)c(C(=O)O)c1I,5,23,6593
8083,10013,CCCCCC(=O)Nc1c(I)c(NC(=O)CCCCC)c(I)c(C(=O)O)c1I,5,23,6593
8084,10014,CCCCOc1ccc(C(=O)OCC(C)(C)CN2CCC(C)CC2)cc1,882,2,9526
8085,10022,CCCCOc1ccc(C(=O)OCCCN2CCC(C)CC2)cc1,538,4,10000
8086,10024,ClCCN(Cl)CCCl,4230,1,10024
8087,10032,CCCCC(=O)Nc1c(I)c(NC(=O)CCCC)c(I)c(C(=O)O)c1I,43,12,1166
8088,10034,CC(C)N(C(=O)Oc1cccnc1CN(C)C)C(C)C,881,1,10034
8089,10035,CN(C)C(=O)Oc1ccccc1CN,4229,1,10035
8090,10036,CN(C)C(=O)Oc1ccccc1N,4228,1,10036
8091,10037,CN(Cc1ccccc1)Cc1ncccc1OC(=O)N(C)C,556,1,10037
8092,10038,CCN(CC)Cc1ncccc1OC(=O)N(C)C,44,14,9938
8093,10039,CN(C)Cc1c(OC(=O)N(C)C)ccc2ccccc12,885,3,9931
8094,10040,CN(C)Cc1ncccc1OC(=O)N(C)C,44,14,9938
8095,10041,CN(C)C(=O)Oc1cccc(N(C)C)c1,1551,2,5671
8096,10042,CN(C)C(=O)Oc1cc(N(C)C)ccc1N=Nc1cccnc1,4227,1,10042
8097,10043,CN(C)C(=S)SS(=O)C(C)(C)C,4226,1,10043
8098,10044,CN(C)C(=O)Oc1ccccc1NC(=N)N,4225,1,10044
8099,10045,CNCc1ncccc1OC(=O)N(C)C,44,14,9938
8100,10046,CN(C)C(=O)Oc1ccccc1C1CCCCN1C,4224,1,10046
8101,10047,CN(C)C(=O)Oc1ccc(N(C)c2ccccn2)cc1,4223,1,10047
8102,10048,CN(C)C(=O)Oc1cccnc1CN1CCCCC1,4222,1,10048
8103,10049,CCCCC1(C(C)CC)C(=O)NC(=S)NC1=O,880,3,10049
8104,10051,CCC(C)C1(CC(C)C)C(=O)NC(=S)NC1=O,880,3,10049
8105,10052,CCC(C)C1(C)C(=O)NC(=S)NC1=O,4221,1,10052
8106,10053,CCCC1(C(C)CC)C(=O)NC(=S)NC1=O,880,3,10049
8107,10054,CCCCSCCC1(CC)C(=O)NC(=O)NC1=O,4220,1,10054
8108,10057,O=S(=O)(CCc1ccncc1)c1ccccc1,366,5,10057
8109,10058,CCc1ccc(S(=O)(=O)CCc2ccncc2)cc1,366,5,10057
8110,10059,CCOc1ccc(S(=O)(=O)CCc2ccncc2)cc1,366,5,10057
8111,10060,O=S(=O)(CCc1ccncc1)c1ccc(Cl)cc1,366,5,10057
8112,10061,O=S(=O)(CCc1ccncc1)c1ccc(Br)cc1,366,5,10057
8113,10062,CC(=O)Nc1ccc(S(=O)(=O)CCc2ccncc2)cc1,4219,1,10062
8114,10063,O=[N+]([O-])c1cccc(S(=O)(=O)CCc2ccncc2)c1,4218,1,10063
8115,10064,Cc1ccc(S(=O)(=O)CCc2ccncc2)cc1[N+](=O)[O-],4217,1,10064
8116,10065,O=S(=O)(CCc1ccccn1)c1ccccc1,879,3,10065
8117,10066,Cc1ccc(S(=O)(=O)CCc2ccccn2)cc1,879,3,10065
8118,10067,Cc1ccc(S(=O)(=O)CCc2ccccn2)c(C)c1,879,3,10065
8119,10068,CNCCS(=O)(=O)c1ccc(OC)cc1,4216,1,10068
8120,10069,CCCCNCCS(=O)(=O)c1ccc(OC)cc1,4215,1,10069
8121,10070,COc1ccc(S(=O)(=O)CCNCc2ccccc2)cc1,1550,2,10070
8122,10071,COc1ccc(S(=O)(=O)CCNCCc2ccccc2)cc1,1550,2,10070
8123,10072,COc1ccc(S(=O)(=O)CCN(C)C)cc1,4214,1,10072
8124,10073,COc1ccc(S(=O)(=O)CCN2CCCCC2)cc1,555,4,10073
8125,10074,COc1ccc(S(=O)(=O)CCN2CCOCC2)cc1,555,4,10073
8126,10075,Cc1ccc(S(=O)(=O)CCN2CCOCC2)cc1,555,4,10073
8127,10076,COc1ccc(S(=O)(=O)CCN2CCN(CCS(=O)(=O)c3ccc(OC)cc3)CC2)cc1,555,4,10073
8128,10077,CC(=O)Nc1cc(NC(C)=O)cc(C(=O)O)c1,883,3,9989
8129,10079,CCCCCCCCNC(=S)Nc1ccccn1,554,2,6054
8130,10080,CN(C)C=NCc1ccco1,4213,1,10080
8131,10081,CN(C)C=Nc1cccc2cccnc12,4212,1,10081
8132,10083,CCCCOc1c(CCN(CCOC(=O)Nc2ccccc2)CCOC(=O)Nc2ccccc2)cccc1OC,553,4,6746
8133,10085,CN1CCCCC1Cn1c2ccccc2c2ccc(Cl)cc21,372,5,9057
8134,10086,CC1CCC(Cn2c3ccccc3c3ccccc32)N(C)C1,4211,1,10086
8135,10087,CC1CCCC(Cn2c3ccccc3c3ccccc32)N1C,4210,1,10087
8136,10088,CCN1CCCC(Cn2c3ccccc3c3ccccc32)C1,371,5,9058
8137,10089,CCN1CCC(Cn2c3ccccc3c3ccccc32)CC1,878,1,10089
8138,10090,COc1ccc2c3ccccc3n(C3CCCN(C)C3)c2c1,1549,2,10090
8139,10091,COc1ccc2c(c1)c1ccccc1n2CC1CCCCN1C,372,5,9057
8140,10092,COc1ccc2c3ccccc3n(CC3CCCN(C)C3)c2c1,371,5,9058
8141,10093,COc1ccc2c3ccccc3n(CC3CCN(C)CC3)c2c1,877,1,10093
8142,10094,Cc1ccc2c(c1)c1ccccc1n2CC1CCCCN1C,372,5,9057
8143,10095,CN1CCC(n2c3ccccc3c3ccccc32)CC1,4209,1,10095
8144,10096,CN1CCCC(n2c3ccccc3c3ccccc32)C1,1549,2,10090
8145,10097,CN1CCC(CCn2c3ccccc3c3ccccc32)CC1,1548,1,10097
8146,10098,CCCN1CCCC(Cn2c3ccccc3c3ccccc32)C1,371,5,9058
8147,10099,BrCc1ccccc1C[P+](c1ccccc1)(c1ccccc1)c1ccccc1,4208,1,10099
8148,10102,CCC(=O)C(CCN1CCCCC1)(c1ccccc1)c1ccccc1,876,3,872
8149,10104,CN(C)C(=O)Oc1c(C[N+]2(C)CCCCC2)ccc2ccccc12,1547,2,10104
8150,10105,CN(C)C(=O)Oc1ccc2ccccc2c1C[N+]1(C)CCCCC1,1547,2,10104
8151,10106,C[N+]1(c2ccc(O)cc2)CCCCC1,4207,1,10106
8152,10107,CN(C)C(=O)Oc1ccc([N+]2(C)CCCCC2)cc1,4206,1,10107
8153,10108,CN(C)C(=O)Oc1cccnc1C[N+]1(C)CCCCC1,4205,1,10108
8154,10112,CN1CC[N+](C)(c2cccc(OC(=O)N(C)C)c2)CC1,4204,1,10112
8155,10114,CN1CCN(CC(=O)c2c3c(cc4c2CCC4)CCC3)CC1,4203,1,10114
8156,10115,C#CCNC1CCCCC1,1490,2,10115
8157,10118,Clc1ccc(-c2nc3ccccc3[nH]2)cc1Cl,4202,1,10118
8158,10119,CCN1C(=O)CCC1CNC(=O)c1cc(S(N)(=O)=O)ccc1OC,4201,1,10119
8159,10121,Cc1cccc(OCC2=NCCN2)c1C,1546,2,5925
8160,10122,c1cc2c(c(OCC3=NCCN3)c1)CCC2,1379,2,10122
8161,10124,CC(C)[n+]1cccc2cccc(O)c21,4200,1,10124
8162,10125,c1ccc(CNc2ccccn2)cc1,4199,1,10125
8163,10126,CN(C)C(=O)Oc1cccc2c1ccc[n+]2C,4198,1,10126
8164,10127,CN(C)C(=O)Oc1ccc2ccc[n+](C)c2c1,4197,1,10127
8165,10128,C[N+]1(C)CCCc2cccc(O)c21,4196,1,10128
8166,10131,O=C(O)CCCCCCn1cc(I)c(=O)c(I)c1,254,6,5081
8167,10132,O=C(O)CCn1cc(I)c(=O)c(I)c1,254,6,5081
8168,10133,CN(C)C(=O)Oc1ccc[n+](C)c1Cl,731,3,10133
8169,10134,CCN(CC)CC[n+]1cccc(OC(=O)N(C)C)c1,105,9,1671
8170,10135,C[n+]1cccc(OC(=O)c2ccccc2)c1,4195,1,10135
8171,10136,CN(Cc1ccccc1)C(=O)Oc1ccc[n+](C)c1,1545,2,4980
8172,10137,CN(C(=O)Oc1ccc[n+](C)c1)c1ccc(Cl)cc1,4194,1,10137
8173,10138,CCN(CC)C(=O)Oc1ccc[n+](C)c1,4193,1,10138
8174,10139,CN(C)C(=S)Oc1ccc[n+](C)c1,4192,1,10139
8175,10140,C[n+]1cccc(OC(=O)N2CCCCC2)c1,4191,1,10140
8176,10141,CC(=O)OCc1ccc[n+](C)c1,1544,2,10141
8177,10142,CN(C)C(=O)OCc1ccc[n+](C)c1,1544,2,10141
8178,10143,CN(C)C(=O)Oc1ccc(N=Nc2ccccc2)[n+](C)c1,4190,1,10143
8179,10144,CN(C)C(=O)Oc1ccc(-[n+]2ccccc2)cc1,4189,1,10144
8180,10145,CN(C)C(=O)Oc1ccc([N+](C)=c2ccccn2C)cc1,4188,1,10145
8181,10146,CN(C)C(=O)Sc1ccc[n+](C)c1,4187,1,10146
8182,10148,Cc1ccc(OC(=O)N(C)C)c[n+]1C,4186,1,10148
8183,10149,c1ccc(Cc2cc[n+]3ccncc3c2)cc1,4185,1,10149
8184,10150,CN(C)C(=N)Nc1c(Cl)cccc1Cl,4184,1,10150
8185,10152,COc1ccc(N/C(=N/c2c(Cl)cccc2Cl)N(C)C)cc1,4183,1,10152
8186,10154,CN(C)C(=Nc1c(Cl)cccc1Cl)N1CCCCC1,808,3,10154
8187,10155,CN(C)C(=Nc1c(Cl)cccc1Cl)N1CCOCC1,808,3,10154
8188,10157,CC(C)(C)C12COP(OC1)OC2,4182,1,10157
8189,10159,O=P12OCC(C3CCCC3)(CO1)CO2,552,4,2529
8190,10160,O=P12OCC(C3CCC3)(CO1)CO2,552,4,2529
8191,10161,O=P12OCC(C3CC3)(CO1)CO2,552,4,2529
8192,10165,CCC12COP(=S)(OC1)N(C)C2,4181,1,10165
8193,10166,CCC12CN(C)P(=S)(N(C)C1)N(C)C2,4180,1,10166
8194,10168,O=C(CC1CNCCO1)Nc1c(Cl)cccc1Cl,4179,1,10168
8195,10169,O=C(CN(CCO)CCO)Nc1c(Cl)cccc1Cl,1543,1,10169
8196,10170,CN1CCN(CC(=O)Nc2c(Cl)cccc2Cl)CC1,4178,1,10170
8197,10171,NCC(=O)Nc1c(Cl)cccc1Cl,4177,1,10171
8198,10173,O=C(CN1CCOCC1)Nc1c(Cl)cc(Cl)cc1Cl,4176,1,10173
8199,10174,CCN(CC)CC(=O)Nc1c(Cl)cc([N+](=O)[O-])cc1Cl,249,6,5371
8200,10176,CCN(CC)CC(=O)Nc1c(Cl)cc(N)cc1Cl,249,6,5371
8201,10177,CCN(CC)CC(=O)Nc1c(Cl)cc(N(C)C)cc1Cl,249,6,5371
8202,10178,CCN(CC)CC(=O)Nc1c(Cl)cc(NCc2ccccc2)cc1Cl,1542,1,10178
8203,10179,CCN(CC)CC(=O)Nc1c(Cl)cc(OCc2ccccc2)cc1Cl,290,6,5187
8204,10180,CCN(CC)CC(=O)Nc1c(Cl)cc(OC)cc1Cl,249,6,5371
8205,10181,c1ccc(C(OCCN2CCCC2)c2ccccc2)cc1,709,3,10181
8206,10182,CN1CC(CNS(=O)(=O)N2CCCC2)C=C2c3cccc4c3c(cn4C)CC21,365,5,10182
8207,10183,CN1CC(CNS(=O)(=O)N2CCCCC2)C=C2c3cccc4c3c(cn4C)CC21,365,5,10182
8208,10184,CN1CC(CNS(=O)(=O)N2CCCCC2)C=C2c3cccc4[nH]cc(c34)CC21,365,5,10182
8209,10185,CN1CC(CNS(=O)(=O)N2CCCCCC2)C=C2c3cccc4[nH]cc(c34)CC21,365,5,10182
8210,10187,CN1CC(CNS(=O)(=O)N2CCOCC2)C=C2c3cccc4[nH]cc(c34)CC21,365,5,10182
8211,10188,CN1CC(CNS(=O)(=O)N2CCOCC2)CC2c3cccc4[nH]cc(c34)CC21,4175,1,10188
8212,10191,C=C1C2CC3(C1OC(C)=O)C1CC4C5(C)CCC(OC(C)=O)C4(C1N(CC)C5)C3CC2=O,4174,1,10191
8213,10193,O=C(O)c1cc(Cl)c(O)cc1O,4173,1,10193
8214,10194,O=C(COc1ccc(Cl)cc1Cl)Nc1nnc[nH]1,4172,1,10194
8215,10195,O=C(O)CNC(=O)c1cccc(NC(=O)CS)c1,4171,1,10195
8216,10198,OC(CN1CCN(c2cccc(C(F)(F)F)c2)CC1)CN1CCN(c2cccc(C(F)(F)F)c2)CC1,1541,2,10198
8217,10200,O=C(CN1CCN(c2cccc(C(F)(F)F)c2)CC1)CN1CCN(c2cccc(C(F)(F)F)c2)CC1,1541,2,10198
8218,10202,CCN1CC(=O)N(C)C1=S,4170,1,10202
8219,10203,CCC1OC(C(C)=CC(C)C=CC2C(C)C2C=CC2OC(CC(=O)O)CC(O)C2O)CC=C1C,4169,1,10203
8220,10204,O=C(O)COc1cc(Cl)cc(Cl)n1,4168,1,10204
8221,10205,O=C1CN(/N=C/c2ccc(-c3ccc(Cl)c(Cl)c3)o2)C(=O)N1,291,6,4810
8222,10206,Cc1cc(C)c(CN2CCCCC2)c(O)c1,4167,1,10206
8223,10207,O=C(O)CCc1nc(-c2ccc(O)cc2)c(-c2ccccc2)o1,719,3,546
8224,10208,CCc1ccc2c(c1)C(=CCCN(C)C)c1ccccc1CS2,25,15,79
8225,10209,CC(C)c1ccc2c(c1)C(=CCCN(C)C)c1ccccc1CS2,25,15,79
8226,10210,CCCCc1ccc2c(c1)C(=CCCN(C)C)c1ccccc1CS2,25,15,79
8227,10211,Cc1cccc2c1SCc1ccccc1C2=CCCN(C)C,25,15,79
8228,10212,CN(C)CCC=C1c2cc(Cl)ccc2CSc2ccc(Cl)cc21,416,4,4858
8229,10217,c1ccc(C2(NC3=NCCO3)CCCCC2)cc1,4166,1,10217
8230,10218,c1ccc2c(c1)CCc1ccccc1C2CCN1CCOCC1,4165,1,10218
8231,10219,OC(CC(O)(C(F)(F)F)C(F)(F)F)CC(O)(C(F)(F)F)C(F)(F)F,4164,1,10219
8232,10223,N=C(N)NCc1ccc2ccccc2n1,4163,1,10223
8233,10227,CC(=O)OCC[N+]1(C)CC[N+](C)(CCCC(c2ccc(F)cc2)c2ccc(F)cc2)CC1,4162,1,10227
8234,10228,CNC(=O)C=CC1=CC2C(O)Nc3c(ccc(C)c3O)C(=O)N2C1,4161,1,10228
8235,10229,CC(C)(C)NCC(O)CSc1nc(-c2ccc(C(N)=O)s2)cs1,4160,1,10229
8236,10230,CCCCCCC[N+](CC)(CC)CCCCc1ccc(Cl)cc1,4159,1,10230
8237,10231,CCCCCCCCCCCCCC[N+](C)(C)Cc1ccccc1,253,6,4413
8238,10233,CCOC(=O)C1OC(C2(C)OC3(OC4(C=CC3O)OC(C(C)C(=O)C(C)C(O)C(C)CC(C)c3ccc(CC)c(O)c3C(=O)O)C(C)CC4C)C(C)C2OC)CC1O,4158,1,10233
8239,10235,CCN1CCCC1CNS(=O)(=O)c1cc(Cl)c(N)cc1OC,4157,1,10235
8240,10236,OCC1(c2ccccc2)CCCCC1,875,3,3203
8241,10237,Cc1ccc2nc3ccc(C(=O)O)cc3c(=O)n2c1,107,9,9261
8242,10238,CC(C)c1ccc2nc3ccc(C(=O)O)cc3c(=O)n2c1,1540,1,10238
8243,10239,CCOc1ccc2nc3ccc(C(=O)O)cn3c(=O)c2c1,107,9,9261
8244,10240,CC(C)Oc1ccc2nc3ccc(C(=O)O)cn3c(=O)c2c1,107,9,9261
8245,10241,CCN1C(=O)C(=CC=CC=C2SC(C(=O)O)=C(C)N2C)SC1=S,4156,1,10241
8246,10242,CC[N+](CC)(CCOc1c(C)cc(C(=O)CC(c2ccccc2)c2ccccc2)cc1C)Cc1ccccc1,4155,1,10242
8247,10247,COc1ccc(-n2nc(NN)c3ccccc3c2=O)cc1,4154,1,10247
8248,10249,O=C(O)CCCCCCCn1ccnc1,1192,2,10249
8249,10250,O=[N+]([O-])c1ccc2c(c1)S(=O)c1ccccc1-2,4153,1,10250
8250,10252,CCN1CCN(CCCCNC(=O)N(CCCl)N=O)C(=O)C1=O,58,12,10252
8251,10253,CCN1CCN(CCCCCCNC(=O)N(CCCl)N=O)C(=O)C1=O,58,12,10252
8252,10254,CN1CCN(CCNC(=O)N(CCCl)N=O)C(=O)C1=O,58,12,10252
8253,10255,CCN1CCN(CCNC(=O)N(CCCl)N=O)C(=O)C1=O,58,12,10252
8254,10256,CCN1CCN(CNC(=O)N(CCCl)N=O)C(=O)C1=O,58,12,10252
8255,10257,CCN1CCN(NC(=O)N(CCCl)N=O)C(=O)C1=O,58,12,10252
8256,10258,CCCCCCCCN1CCN(CCCNC(=O)N(CCCl)N=O)C(=O)C1=O,58,12,10252
8257,10259,CN1CCN(CCCNC(=O)N(CCCl)N=O)C(=O)C1=O,58,12,10252
8258,10260,CCCN1CCN(CCCNC(=O)N(CCCl)N=O)C(=O)C1=O,58,12,10252
8259,10261,CCCCCCN1CCN(CCCNC(=O)N(CCCl)N=O)C(=O)C1=O,58,12,10252
8260,10262,CCN1CCN(CCCNC(=O)N(CCCl)N=O)C(=O)C1=O,58,12,10252
8261,10263,CCc1c(C)cc(C)c(CC)c1O,4152,1,10263
8262,10264,CCSC1(SCC)C2(CCCCC2)C(=O)C12CCCCC2,4151,1,10264
8263,10265,CC1=C(C)CC(C#N)(C#N)C(C#N)(C#N)C1,4150,1,10265
8264,10267,CCC1(CC)SCCNC1=O,4149,1,10267
8265,10271,O=[N+]([O-])c1cc2c(ccc3ccccc32)o1,4148,1,10271
8266,10272,CC(C)(C)C(NC(=O)C(CC(N)=O)NC(=O)C(NC(=N)N)c1cc(O)c(CO)c(O)c1)C(=O)NC(CCCCN)C(=O)NC(CC(=O)O)C(=O)NC(CCCNC(=N)N)C(=O)O,4147,1,10272
8267,10273,CCN(CC)CCOC(=O)C1(c2cccc(OC)c2)CCCC1,70,11,108
8268,10274,CCN(CC)CCOC(=O)C1(c2ccc(OC)cc2)CCCC1,70,11,108
8269,10275,O=C(OCCCN1CCCCC1)C1(c2ccccc2)CCCC1,1539,2,6374
8270,10276,CCN(CC)CCOC(=O)C1(c2ccccc2C)CCCC1,70,11,108
8271,10277,CCN(CC)CCOC(=O)C1(c2ccc(C)cc2)CCCC1,70,11,108
8272,10279,COc1ccc(C(=S)NCCCN(C)C)cc1OC,316,4,10279
8273,10280,COc1cc(C(=S)NCCCN(C)C)cc(OC)c1OC,364,3,10280
8274,10281,CC(C)COc1ccc(C(=S)NCCN2CCOCC2)cc1,20,5,10281
8275,10282,CC(C)COc1ccc(C(=S)NCCN2CCCCC2)cc1,6,23,10282
8276,10283,CC(C)COc1ccc(C(=S)NCCN2CCCC2)cc1,6,23,10282
8277,10284,CC(C)CCOc1ccc(C(=S)NCCN2CCOCC2)cc1,46,3,10284
8278,10285,CCCOc1ccc(C(=S)NCCN2CCOCC2)cc1,6,23,10282
8279,10286,CCCOc1ccc(C(=S)NCCN2CCCCC2)cc1,6,23,10282
8280,10287,CCCCOc1ccc(C(=S)NCCN(C)C)cc1,37,15,5104
8281,10288,CCCCOc1ccc(C(=S)NCCN2CCOCC2)cc1,6,23,10282
8282,10289,CCN(CC)CCNC(=S)c1ccc(Cl)cc1,551,1,10289
8283,10290,CCN(CC)CCCNC(=S)c1ccc(Cl)cc1,37,15,5104
8284,10291,CCN(CC)CCNC(=S)c1cc(OC)c(OC)c(OC)c1,364,3,10280
8285,10292,CCOc1cc(C(=S)NCCCN(CC)CC)cc(OCC)c1OCC,874,1,10292
8286,10293,CCN(CC)CCNC(=S)c1ccc(OC)c(OC)c1,316,4,10279
8287,10299,CCOc1cc2c(cc1OCC)C(Cc1ccc(OC(C)C)c(OC(C)C)c1)=NCC2,305,6,2048
8288,10300,CCOc1ccc(CC2=NCCc3cc(OC(C)C)c(OC(C)C)cc32)cc1OCC,305,6,2048
8289,10301,CCCOc1ccc(CC2=NCCc3cc(OCC)c(OCC)cc32)cc1OCCC,305,6,2048
8290,10302,CCCOc1cc2c(cc1OCCC)C(Cc1ccc(OCC)c(OCC)c1)=NCC2,305,6,2048
8291,10305,CNC1CC(N)C(OC2OCC(C)(O)C(NC)C2O)C(O)C1OC1OC(CN)CCC1N,220,7,166
8292,10308,CCC(Cc1c(I)cc(I)c(NC=O)c1I)C(=O)O,98,9,279
8293,10309,CCCCCC(=O)Nc1c(I)cc(I)c(CC(CC)C(=O)O)c1I,98,9,279
8294,10310,CCC(=O)Nc1c(I)cc(I)c(CC(CC)C(=O)O)c1I,98,9,279
8295,10311,CCCCC(=O)Nc1c(I)cc(I)c(CC(CC)C(=O)O)c1I,98,9,279
8296,10312,COP(=O)(OC)OCCn1cnc2c1c(=O)n(C)c(=O)n2C,363,5,10312
8297,10313,CCOP(=O)(OCC)OCCn1cnc2c1c(=O)n(C)c(=O)n2C,363,5,10312
8298,10314,Cn1c(=O)c2c(ncn2CCOP2(=O)OCCCO2)n(C)c1=O,873,1,10314
8299,10315,Cn1c(=O)c2c(ncn2CCOP2(=O)OCC(C)(C)CO2)n(C)c1=O,868,3,10315
8300,10318,CCOP(=O)(OCCn1cnc2c1c(=O)n(C)c(=O)n2C)OCCn1cnc2c1c(=O)n(C)c(=O)n2C,363,5,10312
8301,10319,Cn1c(=O)c2c(ncn2CCOP(=O)(OCCn2cnc3c2c(=O)n(C)c(=O)n3C)OCC[N+](C)(C)C)n(C)c1=O,363,5,10312
8302,10320,CCCCSC1=NCCS1,4146,1,10320
8303,10321,CC(=O)c1c(C)cc(O)c2c(O)c3c(O)cccc3c(-c3c4c(c(O)c5c(O)cccc35)C(=O)CC(C)(O)C4C(C)=O)c12,4145,1,10321
8304,10322,COc1cccc(=O)c(O)c1OC,4144,1,10322
8305,10323,O=C(Oc1ccc[n+](Cc2ccccc2)c1)N1CCOCC1,4143,1,10323
8306,10324,CCCCCC[n+]1cccc(OC(=O)N(C)C)c1,105,9,1671
8307,10325,CN(C)C(=O)Oc1ccc[n+](CCO)c1,105,9,1671
8308,10326,CC(C)[n+]1cccc(OC(=O)N(C)C)c1,4142,1,10326
8309,10327,COc1ccc(C[n+]2cccc(OC(=O)N(C)C)c2)cc1,872,2,10327
8310,10328,C=C(C)C[n+]1cccc(OC(=O)N(C)C)c1,105,9,1671
8311,10329,CN(C)C(=O)Oc1ccc[n+](Cc2ccc([N+](=O)[O-])cc2)c1,872,2,10327
8312,10330,CCCCC[n+]1cccc(OC(=O)N(C)C)c1,105,9,1671
8313,10331,CN(C)C(=O)Oc1ccc[n+](CCc2ccccc2)c1,105,9,1671
8314,10332,CCC[n+]1cccc(OC(=O)N(C)C)c1,105,9,1671
8315,10334,C=CC[n+]1cccc(OC(=O)N(C)C)c1,105,9,1671
8316,10339,N#CC(C#N)=Cc1ccc([N+](=O)[O-])o1,4141,1,10339
8317,10342,CN(C)CCCN1CCCCc2ncccc21,4140,1,10342
8318,10343,CN1C(=O)C(c2cc(Cl)c(O)c(Cl)c2)NC(=O)C2NC(=O)C(c3cc(Cl)c(O)c(Cl)c3)NC(=O)C(NC(=O)C(=O)c3cc(Cl)c(O)c(Cl)c3)Cc3c[nH]c4cc(ccc34)-c3cc2cc(c3O)Oc2ccc(cc2)CC1C(=O)NC(C(=O)O)c1ccc(O)cc1,4139,1,10343
8319,10344,COC1(NC(=O)C2SC(=C(C(N)=O)C(=O)O)S2)C(=O)N2C(C(=O)O)=C(CSc3nnnn3C)CSC21,4138,1,10344
8320,10347,CN(C)C(=O)Oc1cc(N(C)C)ccc1N=Nc1ccc[n+](C)c1,4137,1,10347
8321,10351,CN(C(=O)Oc1cccnc1C[N+](C)(C)C)c1ccc(Br)cc1,44,14,9938
8322,10352,CCN(CC)Cc1ncccc1OC(=O)N(C)c1ccccc1,1538,1,10352
8323,10360,CC(C)(CNC1CCCC1)OC(=O)c1ccc(N)cc1,1537,2,10009
8324,10365,COc1c(O)c2c(c3cc(C(=O)N4CCc5c4c(O)c(OC)c4[nH]c(C(=O)N6CC7CC78C6=CC(=O)c6[nH]cc(C)c68)cc54)[nH]c13)CCN2C(N)=O,4136,1,10365
8325,10366,C#CCN(CC#C)C(=O)Nc1ccc(Cl)cc1,4135,1,10366
8326,10367,CC1=NC(C(N)=O)C(=O)N1,4134,1,10367
8327,10368,CC1(C)CC(=O)N(CCCN2CCN(c3ccccc3)CC2)C(=S)N1,871,3,10368
8328,10369,CC1(C)CC(=O)N(CCCN2CCN(c3ccccc3)CC2)C(=O)N1,871,3,10368
8329,10370,CC1(C)CC(=O)N(CCN2CCN(c3ccccc3)CC2)C(=O)N1,871,3,10368
8330,10372,CCCC(C)(C)C(=O)Nc1cccc(O)c1,1536,2,8648
8331,10373,CSCc1cccnc1,870,1,10373
8332,10374,Cn1c(=O)c2c(ncn2CC2OCCO2)n(C)c1=O,4133,1,10374
8333,10375,CN(C)N=Nc1ccc(C(=O)O)cc1,4132,1,10375
8334,10376,COc1ccc(CCN(C)CCCn2nc(C)c3cc(OC)c(OC)cc3c2=O)cc1OC,4131,1,10376
8335,10379,CCOC(=O)CC(C(=O)OCC)C(OCC)OCC,4130,1,10379
8336,10380,CCC(C)N(C(=O)N(CCCl)N=O)C1OC(CO)C(OC2OC(CO)C(O)C(O)C2O)C(O)C1O,4129,1,10380
8337,10381,O=C(OCCl)c1ccc(Cl)cc1Cl,4128,1,10381
8338,10382,O=C(Nc1ccccc1)Nc1ccc([N+](=O)[O-])cc1[N+](=O)[O-],869,3,2017
8339,10383,Cc1c(Cl)cccc1NCN1C(=O)CCC1=O,4127,1,10383
8340,10384,O=C(Nc1ccc([N+](=O)[O-])cc1)C(c1ccccc1)c1ccccc1,4126,1,10384
8341,10385,Cn1c(=O)c2c(ncn2CCNP2(=O)OCCCO2)n(C)c1=O,868,3,10315
8342,10386,Cn1c(=O)c2c(ncn2CCNP2(=O)OCC(C)(C)CO2)n(C)c1=O,868,3,10315
8343,10387,CN(CCn1cnc2c1c(=O)n(C)c(=O)n2C)P1(=O)OCCCO1,1535,2,10387
8344,10388,CCN(CCn1cnc2c1c(=O)n(C)c(=O)n2C)P1(=O)OCCCO1,1535,2,10387
8345,10392,CCOP(=O)(NCCn1cnc2c1c(=O)n(C)c(=O)n2C)NCCn1cnc2c1c(=O)n(C)c(=O)n2C,363,5,10312
8346,10393,CCCOP(=O)(NCCn1cnc2c1c(=O)n(C)c(=O)n2C)NCCn1cnc2c1c(=O)n(C)c(=O)n2C,1534,1,10393
8347,10394,COc1cc(Cc2c[nH]c(NCCSCc3[nH]cnc3C)nc2=O)cc(OC)c1OC,10,21,9276
8348,10395,COc1ccc(Cc2c[nH]c(NCCSCc3[nH]cnc3C)nc2=O)cc1OC,10,21,9276
8349,10396,Cc1nc[nH]c1CSCCNc1nc(=O)c(Cc2cccc(O)c2)c[nH]1,10,21,9276
8350,10397,Cc1nc[nH]c1CSCCNc1nc(=O)c(Cc2ccc(O)cc2)c[nH]1,10,21,9276
8351,10398,COc1ccccc1Cc1c[nH]c(NCCSCc2[nH]cnc2C)nc1=O,10,21,9276
8352,10399,COC12C(COC(N)=O)C3=C(C(=O)C(C)=C(Nc4ccc(O)cc4)C3=O)N1CC1NC12,9,22,659
8353,10400,CCCCCCCCCCCCCC1=NCCN1,4125,1,10400
8354,10406,C=CCN1CCN(c2cc3c(cc2F)c(=O)c(C(=O)O)cn3CC)CC1,450,3,227
8355,10407,C=CC(C)(CCC=C(C)C)c1ccc2c3c(c[nH]c13)CC(CO)NC(=O)C(C(C)C)N2C,4124,1,10407
8356,10408,CN(C(=O)CNC1CCCCC1)c1ccc(Cl)cc1C(=O)c1ccccc1,4123,1,10408
8357,10409,CN(CCO)CC(=O)N(C)c1ccc(Cl)cc1C(=O)c1ccccc1,4122,1,10409
8358,10410,CN(C(=O)CN1CCOCC1)c1ccc(Cl)cc1C(=O)c1ccccc1,4121,1,10410
8359,10411,C=C(C)CNCC(=O)Nc1ccc(Cl)cc1C(=O)c1ccccc1,4120,1,10411
8360,10412,COc1cc2c(cc1O)C(Cc1ccc(O)c(Oc3ccc(CC4c5cc(OC)c(OC)cc5CCN4C)cc3)c1)N(C)CC2,1533,2,631
8361,10413,COc1cc2[nH]c3c(c2cc1OC)CCN1CC2C(C)OC=C(C(=O)NN)C2CC31,867,2,3584
8362,10414,O=C(O)c1ccc2nc3ccc(Br)cc3c(=O)n2c1,107,9,9261
8363,10415,CCN1CC2(COC)C(O)CC(OC)C34C5CC6(O)C(OC)CC(OC(C)=O)(C5C6OC(=O)c5ccc(OC)cc5)C(C(OC)C23)C14,119,9,24
8364,10416,CN(C)C(=O)NCc1ccco1,4119,1,10416
8365,10417,CCCCC(C)CC(O)C=CC1C(O)CC(=O)C1CC(=O)CCCCC(=O)OC,4118,1,10417
8366,10418,C=CCN1CCN(C(c2ccccc2)c2ccccc2)CC1,4117,1,10418
8367,10419,CCOC(=O)C1(c2ccc(O)cc2)CCN(C)CC1,11,21,298
8368,10420,NCCc1c[nH]c2ccc(-c3c[nH]c4ccccc34)cc12,445,5,1330
8369,10425,O=[N+]([O-])c1ccc(N/N=C/C(Cl)(Cl)Cl)c([N+](=O)[O-])c1,4116,1,10425
8370,10427,CC(=O)OC1(C#N)CCCCCC1,866,3,3420
8371,10429,CC1(C(=O)O)CCC2(C)CCC3(C)C(=CC(=O)C4C5(C)CCC(OC6OC(C(=O)O)C(O)C(O)C6OC6OC(C(=O)O)C(O)C(O)C6O)C(C)(C)C5CCC43C)C2C1,4115,1,10429
8372,10435,Cc1cc(OCCN(C)C)nc(C)n1,1532,2,10435
8373,10436,CCN(CC)CCOc1cc(C)nc(C)n1,1532,2,10435
8374,10438,CCCCOCOC(=Cn1ccnc1)c1ccc(Cl)cc1Cl,4114,1,10438
8375,10439,Nc1cc(Cl)nc(N)n1,4113,1,10439
8376,10440,Cc1nc[nH]c1CSCCNc1nc(=O)c(Cc2cccs2)c[nH]1,10,21,9276
8377,10441,Cc1ccc(Cc2c[nH]c(NCCSCc3ncccc3Br)nc2=O)cn1,10,21,9276
8378,10442,C=CCOc1ccccc1Cc1ccccc1OCC=C,4112,1,10442
8379,10443,CNCC1CC(O)C(O)C(OC2C(N)CC(NC(=O)C(O)CCN)C(OC3OC(CO)C(O)C(N)C3O)C2O)O1,135,6,340
8380,10446,O=S(=O)(CCCl)Cc1ccc(Cl)cc1,4111,1,10446
8381,10447,OCCSCc1ccc(Cl)cc1,4110,1,10447
8382,10449,c1cc(C2CCCCC2)ccc1NC1=NCCN1,4109,1,10449
8383,10452,CCOC=C(C#N)C(=O)O,4108,1,10452
8384,10453,CCN1CCCC1CNC(=O)c1cc(S(=O)(=O)CC)c(N)cc1OC,1428,2,10453
8385,10462,N=C1C=CC2(O)CC(Cl)CN12,4107,1,10462
8386,10464,CN1CC=C2C(=C(c3ccccc3)c3ccccc32)C1,4106,1,10464
8387,10466,Cc1ccc(S(=O)(=O)NC2=NCC(=CCN3CCOCC3)S2)cc1,183,7,10466
8388,10467,CCN(CC)CC=C1CN=C(NS(=O)(=O)c2ccc(C)cc2)S1,183,7,10466
8389,10468,Cc1ccc(S(=O)(=O)NC2=NCC(=CCN3CCCC3)S2)cc1,183,7,10466
8390,10469,O=S(=O)(NC1=NCC(=CCN2CCCCC2)S1)c1ccc(Cl)cc1,183,7,10466
8391,10470,O=S(=O)(NC1=NCC(=CCN2CCOCC2)S1)c1ccc(Cl)cc1,183,7,10466
8392,10471,CCN(CC)CC=C1CN=C(NS(=O)(=O)c2ccc(NC(C)=O)cc2)S1,550,2,10471
8393,10472,CC(=O)Nc1ccc(S(=O)(=O)NC2=NCC(=CCN3CCCC3)S2)cc1,183,7,10466
8394,10473,O=S(=O)(Nc1ncc(CCN2CCCC2)s1)c1ccc(Cl)cc1,548,4,10473
8395,10474,CC(=O)Nc1ccc(S(=O)(=O)Nc2ncc(CCN3CCOCC3)s2)cc1,548,4,10473
8396,10475,CN(C)CCc1cnc(NS(=O)(=O)c2ccc(N)cc2)s1,549,4,10475
8397,10476,CCN(CC)CCc1cnc(NS(=O)(=O)c2ccc(N)cc2)s1,549,4,10475
8398,10477,Cc1ccc(S(=O)(=O)Nc2ncc(CCN3CCOCC3)s2)cc1,548,4,10473
8399,10478,CN(C)CCc1cnc(NS(=O)(=O)c2ccc(Cl)cc2)s1,549,4,10475
8400,10479,Cc1ccc(S(=O)(=O)Nc2ncc(CCN(C)C)s2)cc1,549,4,10475
8401,10480,Nc1ccc(S(=O)(=O)NC2=NCC(=CCN3CCCC3)S2)cc1,183,7,10466
8402,10481,Nc1ccc(S(=O)(=O)Nc2ncc(CCN3CCCC3)s2)cc1,548,4,10473
8403,10482,O=NN(CCCl)C(=O)NCCN1CCNC(=O)C1=O,58,12,10252
8404,10484,CCCOc1ccc(C(=S)NCCN2CCCC2)cc1,6,23,10282
8405,10485,CC(C)Oc1ccc(C(=S)NCCN2CCCC2)cc1,6,23,10282
8406,10486,CN(C)C(=O)Oc1cc(N(C)C)ccc1N=Nc1ccc(S(=O)(=O)O)cc1,865,3,9970
8407,10487,CCCCOc1ccc(C(=S)NCCN2CCCC2)cc1,6,23,10282
8408,10488,CC(C)CCOc1ccc(C(=S)NCCN2CCCC2)cc1,6,23,10282
8409,10489,CCCCOc1ccc(C(=S)NCCN2CCCCC2)cc1,6,23,10282
8410,10490,CCC[N+](C)(CCC)Cc1ncccc1OC(=O)N(C)C,44,14,9938
8411,10492,C=CCNC(=S)Sc1ccc(Cl)cc1,1531,2,9179
8412,10493,CCN(CC)CC=C1CN=C(NS(=O)(=O)c2ccc(N)cc2)S1,550,2,10471
8413,10494,CN(C)C(=O)Oc1cc(N(C)C)ccc1N=Nc1ccc([N+](C)(C)C)cc1,865,3,9970
8414,10495,N#CC(C#N)=CC(c1ccccc1)c1ccccc1,1188,2,10495
8415,10496,Clc1ccccc1CNC1=NCCS1,4105,1,10496
8416,10498,CCN1CCN(c2cc(-c3ccccc3)c3ccccc3n2)CC1,4104,1,10498
8417,10499,CCN(CC)CC(=O)NC1c2ccccc2-c2ccccc21,1530,2,10499
8418,10500,CCN(CC)CC(=O)NCc1ccccc1-c1ccccc1,4103,1,10500
8419,10503,CCN(CC)CC(=O)NC1c2ccccc2CCc2ccccc21,1530,2,10499
8420,10504,CN(C)CC(=O)NCc1ccccc1,547,4,10504
8421,10505,CCCN(CCC)CC(=O)NCc1ccccc1,547,4,10504
8422,10506,CCCCN(CCCC)CC(=O)NCc1ccccc1,547,4,10504
8423,10508,CCN(CC)CC(=O)NCc1ccccc1,547,4,10504
8424,10509,O=C(CN1CCOCC1)NCc1ccccc1,753,3,8051
8425,10510,Cc1cc(O)c(C(C)(C)C)cc1[N+](=O)[O-],4102,1,10510
8426,10511,CCN(CC)CCn1ccc2ccccc21,4101,1,10511
8427,10512,O=[N+]([O-])c1cc(-c2cccnc2)n[nH]1,4100,1,10512
8428,10514,CNCC1CCC(N)C(OC2C(N)CC(OC)C(N(C)C(=O)CN)C2O)O1,1529,2,10514
8429,10515,CNCC1CCC(N)C(OC2C(N)CC(OC)C(NC)C2O)O1,1529,2,10514
8430,10516,O=C(O)c1cc(Br)c(Br)c(O)c1O,4099,1,10516
8431,10517,C#CCN(C)Cc1ccc(OC)c2oc(=O)c(-c3ccccc3)cc12,4098,1,10517
8432,10518,C=C(Br)CNCc1ccccc1,1528,2,10518
8433,10519,C=C(Br)CNCCc1ccccc1,1528,2,10518
8434,10520,CC(C)(ON=C(C(=O)NC1C(=O)N2C(C(=O)O)=C(C[n+]3ccccc3)CSC12)c1csc(N)n1)C(=O)O,235,5,114
8435,10522,c1ccc(C(OCCN2CCN3Cc4[nH]c5ccccc5c4CC3C2)c2ccccc2)cc1,4097,1,10522
8436,10523,CNCCOc1cc(C)c(O)cc1C(C)C,959,3,206
8437,10524,COc1ccccc1CCC(C)(C)NCC(O)c1ccc(O)cc1,4096,1,10524
8438,10525,O=c1nc(NCCSCc2nccs2)[nH]cc1Cc1cccnc1,255,4,9793
8439,10526,Cc1nc[nH]c1CSCCNc1nc(=O)c(Cc2ccc3c(c2)OCCO3)c[nH]1,10,21,9276
8440,10527,CN(C)C(=O)Nc1cccc2c(NC(=O)N(C)C)cccc12,4095,1,10527
8441,10529,CCn1cc(C(=O)O)c(=O)c2cc3occc3nc21,4094,1,10529
8442,10530,CCn1cc(C(=O)O)c(=O)c2cc3c(nc21)CCO3,4093,1,10530
8443,10531,COc1cccc2c1C(=O)c1c(O)c3c(c(O)c1C2=O)CC(O)(C(=O)CO)CC3OC1CC(O)C(O)C(C)O1,864,2,241
8444,10532,CN(CCO)CC1COc2ccccc2O1,4092,1,10532
8445,10533,C[N+](C)(C)CCC=C1c2ccccc2CSc2ccccc21,25,15,79
8446,10534,CN(C)CCC=C1c2ccccc2CSc2ccc(O)cc21,25,15,79
8447,10535,CCN(CC)CCN=C1c2ccccc2CSc2ccc(C)cc21,4091,1,10535
8448,10536,CN(C)CCCOC(=O)c1ccccc1CSc1ccc(N)cc1,418,5,4724
8449,10540,CS(=O)(=O)c1ccc(C(O)C(CF)NC(=O)C(Cl)Cl)cc1,1527,2,509
8450,10541,C#CCN1CCC23c4c5ccc(O)c4OC2C(=O)CCC3(O)C1C5,122,8,608
8451,10545,COC(=O)c1c(C)nc(C)c(C(=O)O)c1-c1ccccc1[N+](=O)[O-],1256,2,10545
8452,10550,CCCOc1nc(N)c2ncn(C3CCCCC3)c2n1,4090,1,10550
8453,10551,N#CC(C#N)=CN1CCCCC1,815,3,10551
8454,10552,N#CC(C#N)=CN1CCCC1,815,3,10551
8455,10554,COC(=O)C1C2CC3c4[nH]c5cc(OC)ccc5c4CCN3CC2CC(OC(=O)C=Cc2ccc(O)c(OC)c2)C1OC,158,8,253
8456,10556,O=C(O)CS(=O)c1ccc(Cl)cc1Cl,4089,1,10556
8457,10557,N=C(Cc1ccccc1)SCC(=O)O,4088,1,10557
8458,10558,O=C(COc1ccccc1)OCC(=O)c1ccc(Br)cc1,4087,1,10558
8459,10559,CC(=O)CC(=O)NC(C)CCC(C)C,4086,1,10559
8460,10560,CCCNC(=S)Sc1ccccc1,4085,1,10560
8461,10561,Cc1ccc(NC(=O)OCc2ccccc2)cc1NC(=O)OCc1ccccc1,4084,1,10561
8462,10562,CCCCSC(=O)N/C=C/NC(=O)SCCCC,1526,2,10562
8463,10563,CCCCCCCCCCCCSC(=O)N/C=C/NC(=O)SCCCCCCCCCCCC,1526,2,10562
8464,10564,Cc1ccccc1SC(=O)N/C=C/NC(=O)Sc1ccccc1C,4083,1,10564
8465,10565,O=C(N/C=C/NC(=O)Oc1ccc(Cl)cc1Cl)Oc1ccc(Cl)cc1Cl,1525,2,10565
8466,10566,CCCCC(CC)COC(=O)N/C=C/NC(=O)OCC(CC)CCCC,4082,1,10566
8467,10567,O=C(N/C=C/NC(=O)OCc1ccc([N+](=O)[O-])cc1)OCc1ccc([N+](=O)[O-])cc1,4081,1,10567
8468,10568,O=C(N/C=C/NC(=O)Oc1cc(Cl)c(Cl)cc1Cl)Oc1cc(Cl)c(Cl)cc1Cl,1525,2,10565
8469,10569,O=C(N/C=C/NC(=O)Oc1c(I)cc(I)cc1I)Oc1c(I)cc(I)cc1I,4080,1,10569
8470,10570,CCCCCCCCCCCCCCCCCC(=O)OC(=O)N/C=C/NC(=O)OC(=O)CCCCCCCCCCCCCCCCC,4079,1,10570
8471,10571,O=C(CI)OC(=O)N/C=C/NC(=O)OC(=O)CI,1524,2,10571
8472,10572,O=C(CCI)OC(=O)N/C=C/NC(=O)OC(=O)CCI,1524,2,10571
8473,10573,O=C(COc1ccccc1)OC(=O)N/C=C/NC(=O)OC(=O)COc1ccccc1,4078,1,10573
8474,10574,O=C(N/C=C/NC(=O)OC(=O)C(Cl)(Cl)Cl)OC(=O)C(Cl)(Cl)Cl,4077,1,10574
8475,10575,CCCCCCCCCCCCOC(=O)N/C=C/NC(=O)OCCCCCCCCCCCC,4076,1,10575
8476,10576,CC(OC(=O)Nc1ccccc1)C(=O)O,4075,1,10576
8477,10577,O=C(Nc1ccc(Cl)cc1)OC(=C(OC(=O)Nc1ccc(Cl)cc1)c1ccccn1)c1ccccn1,4074,1,10577
8478,10578,CCN(CC)CCOC(=O)Nc1cccc(Cl)c1,434,4,3027
8479,10579,O=C(Nc1ccc(Cl)cc1)OCC(I)=CI,4073,1,10579
8480,10580,N=C(NOC(=O)Nc1ccc(Cl)cc1)C(Cl)(Cl)Cl,1521,2,10580
8481,10581,O=C(Nc1cc(Cl)ccc1Cl)OCCS,1523,2,2633
8482,10582,Cc1ccccc1N(C)C(=O)OC(C)C,4072,1,10582
8483,10583,CNC(=O)Oc1cccc(NC(=S)SC)c1,1522,1,10583
8484,10584,CCOc1ccc(NC(=O)OC(C)C)cc1,4071,1,10584
8485,10585,CCOc1ccc(NC(=O)ONC(=N)C(Cl)(Cl)Cl)cc1,1521,2,10580
8486,10586,C=CCOC(=O)Nc1cccc(O)c1,297,6,4034
8487,10587,CC(C)CCOC(=O)Nc1cccc(O)c1,297,6,4034
8488,10588,CC(C)CCN(C(=O)OC(C)C)c1ccccc1,4070,1,10588
8489,10589,COc1ccc(NC(=O)OCCS)cc1,4069,1,10589
8490,10590,COc1ccc(NC(=O)SCCO)cc1,4068,1,10590
8491,10591,Cc1ccc(NC(=O)OCC#CCSC#N)cc1,863,3,4740
8492,10592,CC#CCOC(=O)Nc1ccc(SC#N)cc1,4067,1,10592
8493,10593,CCN(CC)CCOC(=S)Nc1ccccc1,434,4,3027
8494,10594,Cc1ccc(SCC(N)=O)cc1,4066,1,10594
8495,10595,O=C(NCCN(CCNC(=O)C(Cl)(Cl)Cl)C(=O)C(Cl)(Cl)Cl)C(Cl)(Cl)Cl,4065,1,10595
8496,10596,N=C(Cc1ccc([N+](=O)[O-])cc1)NOC(=O)c1ccccc1,4064,1,10596
8497,10597,CC(=O)Nc1ccc(C(=O)Nc2c(N)n(C)c(=O)n(C)c2=O)cc1,4063,1,10597
8498,10598,CC(=O)Nc1ccc(NC(=O)CCl)cc1NC(=O)CCl,1520,2,10598
8499,10599,CC(=O)Nc1ccc(NC(=O)CI)cc1NC(=O)CI,1520,2,10598
8500,10600,N#CC(C(=O)Nc1ccccc1)=P(c1ccccc1)(c1ccccc1)c1ccccc1,4062,1,10600
8501,10601,O=C(CI)Nc1ccc(Br)cc1Br,4061,1,10601
8502,10602,CNCC(=O)Nc1c(Cl)cccc1Cl,4060,1,10602
8503,10603,O=C(CC1CCCN1)Nc1c(Cl)cccc1Cl,4059,1,10603
8504,10604,CC(=O)N(c1ccccc1)c1nc(/C=N/Nc2ccc([N+](=O)[O-])cc2[N+](=O)[O-])cs1,4058,1,10604
8505,10605,O=C(CI)Nc1c(Cl)cc(Cl)cc1Cl,1519,2,6079
8506,10606,O=C(O)CS(=O)(=O)c1nc2ccccc2[nH]1,4057,1,10606
8507,10607,COC(=O)CSCCCl,4056,1,10607
8508,10608,O=C(O)COc1c(Cl)ccc2ccccc12,4055,1,10608
8509,10609,Cc1ccc([N+](C)(C)C)s1,4054,1,10609
8510,10610,CCCCCCCCCCCCCCCCCC[N+](C)(C)C,17,18,738
8511,10611,CC[N+](CC)(CCCNC(=O)C(=O)NCCC[N+](CC)(CC)Cc1ccc(Cl)cc1)Cc1ccc(Cl)cc1,4053,1,10611
8512,10612,C[N+](C)(C)CC=NO,4052,1,10612
8513,10613,C#CC[N+](CC#C)(CC#C)CC#C,4051,1,10613
8514,10614,CC[N+](CC)(CC)c1ccc(C)cc1,4050,1,10614
8515,10615,C[N+](C)(C)CCC1OC(CC[N+](C)(C)C)OC(CC[N+](C)(C)C)O1,4049,1,10615
8516,10616,CN(CSc1ccccc1)c1ccc(CSc2ccccc2)cc1,1518,2,2013
8517,10617,CS(=O)(=O)c1ccc(N=C(Cl)C(Cl)(c2ccccc2)c2ccccc2)cc1,4048,1,10617
8518,10618,O=[N+]([O-])c1ccc(N=C(Cl)C(Cl)(c2ccccc2)c2ccccc2)cc1,4047,1,10618
8519,10619,COCCN=Cc1ccc(N(C)C)cc1,4046,1,10619
8520,10620,O=S=Nc1cc(Cl)c(Cl)cc1Cl,4045,1,10620
8521,10621,O=[N+]([O-])c1ccc(NC(Nc2ccc([N+](=O)[O-])cc2Cl)C(Cl)(Cl)Cl)c(Cl)c1,4044,1,10621
8522,10623,CC[N+](C)(CC)CCN1C(=O)c2ccccc2S1(=O)=O,4043,1,10623
8523,10624,O=[N+]([O-])c1cccc(NCSc2ccc(Cl)cc2)c1,1517,2,3902
8524,10628,CN(CC(=O)C(C#N)c1ccccc1)c1ccccc1,4042,1,10628
8525,10629,CC(C)CC(C)(C)NCC#N,4041,1,10629
8526,10630,Cc1ccccc1NC(=O)CI,4040,1,10630
8527,10631,CCCN(CCC)CCCNc1c2c(nc3c(Cl)cccc13)CCCC2,4039,1,10631
8528,10632,COc1cccc2c(=O)c3ccccc3[nH]c12,4038,1,10632
8529,10633,COc1ccc2c(c1)C(=O)C1CCCCC1=N2,4037,1,10633
8530,10634,CCCCS(=O)(=O)C=CC(=O)OCC,1516,2,10634
8531,10635,CCOC(=O)C=CS(=O)(=O)CC,1516,2,10634
8532,10636,O=C(O)C=CI,4036,1,10636
8533,10637,CCOC(=O)C=CS(=O)c1ccccc1,4035,1,10637
8534,10638,NC1NCNC2NCNC12,4034,1,10638
8535,10639,Fc1ccc(Nc2ncnc3nc[nH]c23)cc1,4033,1,10639
8536,10640,COc1ccccc1Nc1ncnc2nc[nH]c12,4032,1,10640
8537,10641,CCCCCCCCCCCCCCCC[N+](C)(C)CC#CCCl,4031,1,10641
8538,10642,C[N+](C)(C)C(C#N)c1ccc(Cl)cc1,4030,1,10642
8539,10643,C[N+](C)(C)CCS(=O)(=O)c1ccc(Cl)cc1,4029,1,10643
8540,10644,C[N+](C)(C)CCCNC(=O)Nc1ccc(Cl)cc1,4028,1,10644
8541,10645,C[N+](C)(C)CC1CC1,4027,1,10645
8542,10646,CC[N+](C)(CC)CC(=O)Nc1ccc(Cl)c(Cl)c1,4026,1,10646
8543,10648,CC[N+](C)(CC)c1cccc(C)c1,4025,1,10648
8544,10649,CCCCCCCCCCCCCCCCCC[N+](C)(C)Cc1cc(=O)c(O)co1,4024,1,10649
8545,10650,C[N+](C)(C)CCCN1C(=O)COC1=O,4023,1,10650
8546,10651,CC1(C[N+](C)(C)C)COC(c2ccccc2)(c2ccccc2)OC1,4022,1,10651
8547,10652,CCCCCCCCCCCCc1ccc(C[N+](C)(C)C)cc1,4021,1,10652
8548,10654,CCN(C(=O)C[N+](C)(CC)CC)c1ccccc1,4020,1,10654
8549,10655,CC[N+](C)(CC)CC(=O)NCc1ccco1,4019,1,10655
8550,10656,CC[N+](CC)(CC)CC#CCCC[N+](CC)(CC)CC,4018,1,10656
8551,10657,C[N+](C)(C)CC(OC(=O)c1ccccc1)c1ccccc1,1515,2,9212
8552,10658,CC(O)C(=O)NCCC[N+](C)(C)C,4017,1,10658
8553,10659,O=C(Nc1ccc2c(c1Cl)Cc1ccccc1-2)C(F)(F)F,4016,1,10659
8554,10660,Cn1c(=O)c2c(nc(N/N=C/C(Cl)Cl)n2C)n(C)c1=O,4015,1,10660
8555,10661,NCCNC(=O)Cc1cccc2ccccc12,4014,1,10661
8556,10662,O=C(NCCSCc1ccccc1)C(Cl)(Cl)Cl,4013,1,10662
8557,10663,Cc1ccc(SC(Sc2ccc(C)cc2)C(N)=O)cc1,4012,1,10663
8558,10664,CC(=O)Nc1c(Cl)cc2c3c(cccc13)-c1ccccc1-2,4011,1,10664
8559,10665,O=C(CCl)NCCc1ccccn1,1514,2,10665
8560,10666,CCOCCN(Cc1ccc(Cl)cc1Cl)C(=O)C(Cl)Cl,4010,1,10666
8561,10667,CC(=O)Nc1cc(Cl)cc2c1-c1ccc(Cl)cc1C2,4009,1,10667
8562,10668,CN(C)C(=O)CI,4008,1,10668
8563,10669,CCCN(CCC)C(=O)CI,4007,1,10669
8564,10670,CC(=O)N(c1ccccn1)c1ccccn1,4006,1,10670
8565,10671,O=C(CI)NCCc1ccccn1,1514,2,10665
8566,10672,O=C1NC(=S)NC(=O)C1=Cc1ccccn1,4005,1,10672
8567,10673,CN(C)c1ccc(C=NO)c(Cl)c1,4004,1,10673
8568,10674,Clc1ccc(C=NNc2nc3ccccc3s2)c(Cl)c1,4003,1,10674
8569,10676,COc1ccc(C=NNc2ccc(C(C#N)=C(C#N)C#N)cc2)cc1OC,1480,2,10676
8570,10677,COc1cc(C=NO)cc(I)c1O,1247,2,10677
8571,10678,COc1cc(C=NNC(N)=O)cc(I)c1O,4002,1,10678
8572,10679,O=Cc1c(Cl)cc(Cl)c(O)c1Cl,4001,1,10679
8573,10680,ON=Cc1c(Cl)cc(Cl)c(O)c1Cl,4000,1,10680
8574,10681,COc1ccc(C=NNc2nc3c([nH]2)c(=O)n(C)c(=O)n3C)cc1,3999,1,10681
8575,10682,ON=Cc1cccc(C(F)(F)F)c1,3998,1,10682
8576,10683,ON=Cc1ccccc1C(F)(F)F,3997,1,10683
8577,10684,ON=Cc1ccc(C(F)(F)F)cc1,3996,1,10684
8578,10685,CCCCOc1ccccc1C(=O)NCCN(CC)CC,89,8,10685
8579,10686,CCCCOc1cccc(C)c1C(=O)NCCN1CCCC1,15,18,4231
8580,10687,CCCCOc1cccc(C(=O)NCCN2CCCC2)c1,1513,1,10687
8581,10688,CCCCOc1ccc(C(=O)NCCN2CCCC2)cc1,6,23,10282
8582,10689,CCCCOc1ccccc1C(=O)NCCCN1CCCC1,15,18,4231
8583,10690,O=C(NC(O)C(Cl)(Cl)Cl)c1ccc(Cl)c(Cl)c1,3995,1,10690
8584,10691,Cc1ccc(C(=O)NCCN2CCCC2)c(C)c1,3994,1,10691
8585,10692,CCOc1ccccc1C(=O)NCCN1CCCC1,15,18,4231
8586,10693,COc1ccccc1C(=O)NCCN1CCCC1,15,18,4231
8587,10694,Cc1ccncc1CNC(=O)c1ccccc1,3993,1,10694
8588,10695,CCCOc1ccccc1C(=O)NCCN1CCCC1,15,18,4231
8589,10696,CC(C)CC(N=C(NC(CC(C)C)C(=O)O)c1ccccc1)C(=O)O,3992,1,10696
8590,10699,CC[N+](C)(C1CCCCC1)C1CCCCC1,3991,1,10699
8591,10700,O=C(CCCCC(=O)Nc1cccc(Cl)c1)Nc1cccc(Cl)c1,1512,2,5345
8592,10701,C=CC[N+](C)(C)c1ccccc1,3990,1,10701
8593,10702,CCCC[N+](CC)(CC)CCCNC1=CC(=O)C(NCCC[N+](CC)(CC)CCCC)=CC1=O,362,5,1299
8594,10703,CC[N+](CC)(CCCNC1=CC(=O)C(NCCC[N+](CC)(CC)Cc2ccccc2OC)=CC1=O)Cc1ccccc1OC,1511,1,10703
8595,10704,CC[N+](C)(C)CCCNC1=CC(=O)C(NCCC[N+](C)(C)CC)=CC1=O,362,5,1299
8596,10705,CCCCCCCCCC[N+](C)(C)CCBr,1021,3,4443
8597,10706,CCCCN=C=NCCC[N+](C)(C)C,3989,1,10706
8598,10707,CC[N+](CC)(CC)CC#CC[N+](CC)(CC)CC,3988,1,10707
8599,10708,CC[N+](C)(CC)CC(=O)Nc1ccccc1,3987,1,10708
8600,10709,CC[N+](C)(CC)CCC(=O)Nc1ccc(C(=O)OC)c(O)c1,131,7,4438
8601,10710,CCOC(=O)c1ccc(NC(=O)CC[N+](C)(C)C)cc1O,131,7,4438
8602,10711,COC(=O)c1ccc(NC(=O)CC[N+](C)(C)C)cc1O,131,7,4438
8603,10712,CC[N+](C)(CC)CCOC(=O)c1ccc(NC(=O)C[N+](C)(CC)CC)cc1O,361,2,10712
8604,10713,CCOC(=O)c1ccc(NC(=O)C[N+](C)(CC)CC)cc1O,361,2,10712
8605,10714,CC1CN1C(=O)Nc1ccc(Cl)cc1,3986,1,10714
8606,10715,CNC(=O)N1CC1C,3985,1,10715
8607,10716,O=C(C=CC(=O)N1CC1)N1CC1,3984,1,10716
8608,10717,C[N+]1(CCc2ccco2)CC2CCC(CC2)C1,3983,1,10717
8609,10719,NC(=S)NNC1(O)C(=O)NC(=O)NC1=O,3982,1,10719
8610,10720,COc1cc(C=C2C(=O)NC(=S)NC2=O)cc(I)c1O,3981,1,10720
8611,10721,COc1cc(C=C2C(=O)NC(=S)NC2=O)ccc1O,1510,2,9011
8612,10722,O=S(=O)(Nc1ncnc(-c2ccccc2)n1)c1ccccc1,3980,1,10722
8613,10723,O=[N+]([O-])c1ccc(S(=O)(=O)OCC(Br)(Br)Br)cc1,1509,2,10723
8614,10724,O=[N+]([O-])c1ccc(S(=O)(=O)OCC(Cl)(Cl)Cl)cc1,1509,2,10723
8615,10725,Cc1cc(N)c(S)cc1C,3979,1,10725
8616,10726,COc1cc(C=Nc2ccc(-c3ccc(N)cc3)cc2)ccc1O,3978,1,10726
8617,10727,CCn1c(C)nc2cc(N)ccc21,3977,1,10727
8618,10728,C(#CCSc1nc2ccccc2[nH]1)CSc1nc2ccccc2[nH]1,3976,1,10728
8619,10729,Cc1cc2nc(CS)[nH]c2cc1C,3975,1,10729
8620,10730,Oc1ccc(NCn2c(=S)[nH]c3ccccc32)cc1,3974,1,10730
8621,10731,N#CCn1c(=O)n(CC#N)c2ccccc21,3973,1,10731
8622,10732,O=C(c1ccccc1)N(c1ccc(Cl)cc1)c1ccccc1Cl,3972,1,10732
8623,10733,O=C(Nc1cc(Cl)ccc1Cl)c1ccc(Cl)c(Cl)c1,3971,1,10733
8624,10740,O=[N+]([O-])C=Cc1cc(Cl)ccc1[N+](=O)[O-],3970,1,10740
8625,10741,CC(=O)Nc1c(Cl)cc([N+]#N)cc1Cl,3969,1,10741
8626,10742,CN1CCSC1=NC(=O)CN,1508,2,9864
8627,10743,CCNC(=O)N=C1SCCN1C,3968,1,10743
8628,10744,CN1CCSC1=NS(=O)(=O)O,3967,1,10744
8629,10745,Cn1c[n+](CCCl)c2ccccc21,3966,1,10745
8630,10746,N#[N+]c1ccccc1[N+](=O)[O-],3965,1,10746
8631,10747,O=C1c2ccccc2S(=O)(=O)N1CCN1CCOCC1,3964,1,10747
8632,10748,CCCCN(CCCC)CCN1C(=O)c2ccccc2S1(=O)=O,862,3,10748
8633,10749,CCN(CC)CCN1C(=O)c2ccccc2S1(=O)=O,862,3,10748
8634,10750,CCN(CC)CCCN1C(=O)c2ccccc2S1(=O)=O,862,3,10748
8635,10751,c1ccc(CN2COc3ccc4c(c3C2)CN(Cc2ccccc2)CO4)cc1,3963,1,10751
8636,10752,CN1COc2cc3c(cc2C1)OCN(C)C3,3962,1,10752
8637,10754,CC(=O)Nc1cc(C)cc(C(=O)O)c1C,3961,1,10754
8638,10755,O=C(NNC(=O)c1cccc(Br)c1)c1ccccc1,1108,3,1844
8639,10756,CCCCOc1ccccc1C(=O)OCCN1CCCC1,15,18,4231
8640,10758,CCN(CC)CCCCCOC(=O)c1ccccc1,360,4,5554
8641,10760,CCN(CC)CCOC(=O)c1ccc(NCc2c(CO)cnc(C)c2O)cc1,3960,1,10760
8642,10761,CCOC(=O)c1ccc(N=Cc2ccccc2OC)cc1,3959,1,10761
8643,10762,CCOC(=O)c1ccc(N=Cc2cccc([N+](=O)[O-])c2)cc1,3958,1,10762
8644,10763,O=C(Nc1ccccc1)Nc1cccc(C(=O)O)c1,883,3,9989
8645,10764,Cc1cc([N+](=O)[O-])c(C)cc1C#N,3957,1,10764
8646,10765,CCOC(=O)c1ccc2c(c1)Nc1cc3ccccc3cc1N2,3956,1,10765
8647,10766,O=C(OCCN1CCOCC1)c1cc2cc([N+](=O)[O-])ccc2oc1=O,1506,2,10766
8648,10769,CCCCCCCCCCCCCCCCCCNC1=C(Cl)C(=O)C(NCCCCCCCCCCCCCCCCCC)=C(Cl)C1=O,3955,1,10769
8649,10770,O=C1C(Cl)=C(N2CCOCC2)C(=O)C(Cl)=C1N1CCOCC1,3954,1,10770
8650,10771,O=S(=O)(Cl)c1cccc2nsnc12,3953,1,10771
8651,10772,S=P1(c2ccccc2)Nc2cc(Cl)ccc2S1,3952,1,10772
8652,10773,Cc1ccc2c(c1)SP(=S)(c1ccccc1)N2,3951,1,10773
8653,10774,Cc1ccc(OP2(=O)Sc3ccccc3N2C)cc1,3950,1,10774
8654,10776,CS(=O)(=O)N(c1nc2ccccc2s1)S(C)(=O)=O,3949,1,10776
8655,10777,ClCC#CCSc1nc2ccccc2s1,3948,1,10777
8656,10778,CCCCCSc1nc2ccccc2s1,3947,1,10778
8657,10779,Oc1ccc(NCn2c(=S)sc3ccccc32)cc1,3946,1,10779
8658,10780,c1ccc2oc(C3CCCCC3c3nc4ccccc4o3)nc2c1,3945,1,10780
8659,10781,Oc1cccc2oc(=S)[nH]c12,3944,1,10781
8660,10782,CC[n+]1c(C=CN(C(C)=O)c2ccccc2)oc2ccccc21,3943,1,10782
8661,10783,CCCCOc1ccccc1C(=O)OCCN(CC)CC,7,23,94
8662,10784,O=C(O)c1ccccc1C(=O)N1CCOCC1,1507,2,5767
8663,10785,O=C(OCCN1CCOCC1)c1cc2ccccc2oc1=O,1506,2,10766
8664,10786,CCS(=O)(=O)C=CS(=O)(=O)CC,3942,1,10786
8665,10787,CNc1ccc2c(c1)Cc1ccccc1-2,3941,1,10787
8666,10788,Nc1c(Br)cc2c(c1Br)Cc1c-2cc(Br)c(N)c1Br,3940,1,10788
8667,10789,OCc1cccc2c1Cc1ccccc1-2,3939,1,10789
8668,10790,O=[N+]([O-])c1ccc2c(c1)Cc1c-2cc(Br)c(O)c1Br,3938,1,10790
8669,10791,O=CNc1c(Br)cc2c(c1Br)Cc1cc([N+](=O)[O-])ccc1-2,3937,1,10791
8670,10792,CCN(Cc1ccccc1)CC(O)c1ccc(Cl)cc1,3936,1,10792
8671,10793,Cc1ccc(C(C)(O)C2(C)CC2)cc1,1505,2,10793
8672,10794,CC1(C(C)(O)c2ccc(F)cc2)CC1,1505,2,10793
8673,10795,C=CCN(CC=C)Cc1cc([N+](=O)[O-])ccc1OC,3935,1,10795
8674,10796,CCOCCNCc1ccc(Cl)cc1Cl,3934,1,10796
8675,10797,CCOCCNCc1ccc(Cl)c(Cl)c1,3933,1,10797
8676,10798,NCc1ccc(Cl)cc1Cl,3932,1,10798
8677,10799,NCc1c([N+](=O)[O-])cc([N+](=O)[O-])cc1[N+](=O)[O-],3931,1,10799
8678,10800,CCSCCN=Cc1ccc(Cl)cc1,3930,1,10800
8679,10802,N=C(N=C(N)N)Nc1ccc(C(=O)c2ccccc2)cc1,3929,1,10802
8680,10803,Cc1cc2c3c(coc3c1-c1c(C)cc3c4c(coc14)C(=O)C(O)=C3C(C)C)C(=O)C(O)=C2C(C)C,3928,1,10803
8681,10804,CC(C)N(CCOC(=O)c1cc(Cl)cc(-c2ccccc2)c1O)C(C)C,3927,1,10804
8682,10805,CCN(CC)C(=S)N(C(=S)N(CC)CC)c1ccc(N(CC)CC)cc1,3926,1,10805
8683,10806,CN(C)C(=O)N(C)C(=O)N(C)c1cccc(Cc2cccc(N(C)C(=O)N(C)C(=O)N(C)C)c2)c1,3925,1,10806
8684,10807,COC(=O)CCCc1ccc(NC(=O)C(F)(F)F)cc1,3924,1,10807
8685,10808,N#CCCCNc1ccccc1,3923,1,10808
8686,10809,CC(=O)C(C#N)(Cc1ccccc1)c1ccccc1,3922,1,10809
8687,10810,CCC(C#N)C(N)=O,3921,1,10810
8688,10812,CCC(C)(Br)C(=O)c1ccc(-c2ccc([N+](=O)[O-])cc2)cc1,3920,1,10812
8689,10813,Cn1c(=O)c2c(nc(OC3CCCCCC3)n2C)n(C)c1=O,546,4,10813
8690,10814,Cn1c(=O)c2c(nc(CC3CCCC3)n2C)n(C)c1=O,3919,1,10814
8691,10815,Cn1c(=O)c2c(nc(OC3CCCC3)n2C)n(C)c1=O,546,4,10813
8692,10816,Cn1c(=O)c2c(nc(OC3CCC=CO3)n2C)n(C)c1=O,3918,1,10816
8693,10817,CC(C)CCSc1nc2c(c(=O)n(C)c(=O)n2C)n1C,739,3,10817
8694,10818,CC1CCCC(Oc2nc3c(c(=O)n(C)c(=O)n3C)n2C)C1,546,4,10813
8695,10819,CC1CCC(Oc2nc3c(c(=O)n(C)c(=O)n3C)n2C)CC1,546,4,10813
8696,10820,CCCCCCCCCSc1nc2c(c(=O)n(C)c(=O)n2C)n1C,739,3,10817
8697,10821,CC=Cc1nc2c(c(=O)n(C)c(=O)n2C)n1C,3917,1,10821
8698,10822,S=C(SCC#CCSC(=S)N(c1ccccc1)c1ccccc1)N(c1ccccc1)c1ccccc1,3916,1,10822
8699,10823,CCOC(=S)NC(=O)c1ccc(Br)cc1,3915,1,10823
8700,10824,CCN(CC)C(=O)Oc1ccc(C(C)=O)cc1,3914,1,10824
8701,10825,OC(=S)N(c1ccccc1)c1ccccc1Cc1ccccc1,1504,2,10825
8702,10826,OCCc1ccccc1N(C(O)=S)c1ccccc1,1504,2,10825
8703,10827,N#CCCN(CCN(CCC#N)C(=S)S)C(=S)S,3913,1,10827
8704,10828,CCCCCCCNC(=S)OCC,3912,1,10828
8705,10829,O=C(Nc1cccc2ccccc12)SCCO,3911,1,10829
8706,10830,CCC(=O)n1ccc2ccccc21,3910,1,10830
8707,10831,CCCCCCOC(=O)C(C)OC(=O)C(C)O,3909,1,10831
8708,10832,CC(C)OCCCNC(=O)C=CC(=O)O,3908,1,10832
8709,10833,CCCCCCCC(Cl)C(Cl)CN1C(=O)C=CC1=O,3907,1,10833
8710,10834,CCOC(=O)C(NC(=O)CCc1c[nH]c2c(N)cccc12)C(=O)OCC,3906,1,10834
8711,10835,O=C(O)C(=Cc1ccc(O)c(Br)c1)C(=O)O,3905,1,10835
8712,10836,O=C(O)C(=Cc1cc(Cl)c(O)c(Cl)c1)C(=O)O,3904,1,10836
8713,10837,O=C(O)C(Cc1cc(I)c(Oc2ccc(O)c(I)c2)c(I)c1)C(=O)O,3903,1,10837
8714,10838,CCOC(=O)C(=NN(C)C)C(=O)OCC,3902,1,10838
8715,10839,N#CC(C#N)C#CC1CCCCC1,3901,1,10839
8716,10840,CC(Cc1ccccc1)C(C#N)C#N,3900,1,10840
8717,10841,N#CC(C#N)=C1C2(CCCCC2)C(=O)C12CCCCC2,3899,1,10841
8718,10842,O=C(O)C(=Cc1ccc(O)c(Cl)c1)C(=O)O,3898,1,10842
8719,10844,CC(C)N(C(=O)Nc1cccc(OC(=O)NC(C)(C)C)c1)C(C)C,63,12,3316
8720,10848,CCCCCCCCCCS(=O)(=O)CCCCS(=O)(=O)CCCCCCCCCC,252,6,10848
8721,10850,O=C(OCCCl)Oc1c(Cl)cc([N+](=O)[O-])cc1[N+](=O)[O-],3897,1,10850
8722,10852,CCC(CO)N=Cc1ccc(N(C)C)cc1,3896,1,10852
8723,10853,COC(CC(C)=NN(C)C)OC,3895,1,10853
8724,10854,O=C(CI)OCC(I)=C(I)COC(=O)CI,3894,1,10854
8725,10855,CC(=O)OCC(I)=C(I)COC(C)=O,3893,1,10855
8726,10857,O=C(OCC#CCOC(=O)c1c(Cl)ccc(Cl)c1Cl)c1c(Cl)ccc(Cl)c1Cl,3892,1,10857
8727,10858,O=C(C#CCc1ccccc1)c1ccccc1,3891,1,10858
8728,10859,CCC(Cl)(CC)C(=O)NCc1ccccc1,3890,1,10859
8729,10860,CCOC(=O)CC(C)(N)NC(N)=O,3889,1,10860
8730,10861,CCOC(=O)C(=Cc1c2ccccc2cc2ccccc12)C(C)=O,3888,1,10861
8731,10862,CCC(C)(Cl)C(=O)O,3887,1,10862
8732,10863,CCOC(=O)C(C#N)C(C)(c1ccccc1)c1ccccc1,3886,1,10863
8733,10864,O=C(O)C(CCS)(c1ccccc1)c1ccccc1,3885,1,10864
8734,10865,O=C1c2c(I)c(I)c(I)c(I)c2C(=O)N1Nc1ccccc1,3884,1,10865
8735,10866,O=C1c2cccc([N+](=O)[O-])c2C(=O)N1SC(Cl)(Cl)Cl,3883,1,10866
8736,10868,Cc1ccc(C#CCN2CCCCC2)cn1,3882,1,10868
8737,10869,NNC(=O)c1cc(Cl)ccn1,3881,1,10869
8738,10870,CCOCC[n+]1ccc(C)cc1,3880,1,10870
8739,10871,c1ccc(NC2=NCC(Nc3ccccc3)=NC2)cc1,3879,1,10871
8740,10872,CN1C(C)(C)CN(CCCl)CC1(C)C,3878,1,10872
8741,10873,OCCN1CCN(CCCCN2c3ccccc3Sc3ccc(Cl)cc32)CC1,97,9,463
8742,10877,ClCCNC1=NCCO1,3877,1,10877
8743,10879,CCCCCCCCCCS(=O)(=O)CCCCCS(=O)(=O)CCCCCCCCCC,252,6,10848
8744,10880,FC(F)(CN(CCCl)CCCl)C(F)(F)C(F)(F)CN(CCCl)CCCl,3876,1,10880
8745,10881,COc1ccc(C=CC(CC(NO)c2ccc(OC)cc2)=NO)cc1,3875,1,10881
8746,10883,O=C(O)CN(C(=O)Nc1ccccc1)c1ccccc1,3874,1,10883
8747,10884,NC(=S)NNC(=S)S,3873,1,10884
8748,10885,Cc1c(C#N)ccc2c3c([nH]c12)CCCC3,3872,1,10885
8749,10886,CC(=O)c1ccc(OC(=O)Oc2ccc(C(C)=O)cc2)cc1,3871,1,10886
8750,10887,COC(=S)SCc1ccc(CSC(=S)OC)cc1,3870,1,10887
8751,10889,CCN(CC)CCOC(=O)c1cccc2c(=O)c(C)c(C)oc12,1503,2,10889
8752,10890,Cc1oc2c(C(=O)OCCN(C)C)cccc2c(=O)c1C,1503,2,10889
8753,10891,Cc1oc2c(C(=O)OCCN3CCOCC3)cccc2c(=O)c1C,3869,1,10891
8754,10892,COc1ccc2c(=O)c(C)c(C)oc2c1N1CCOCC1,3868,1,10892
8755,10895,C[N+]1(Cc2ccccc2)CCC(C#N)(c2ccccc2)CC1,3867,1,10895
8756,10896,CC[N+]1(CN2CCCCC2)CCCCC1,3866,1,10896
8757,10897,COC(=O)C=C(Oc1ccc(Cl)cc1Cl)C(=O)OC,3865,1,10897
8758,10898,CC(C)C(=O)C(C)(C)C(=O)N1CCN(C(=O)C(C)(C)C(=O)C(C)C)CC1,1499,2,10898
8759,10899,COC(=O)c1ccc(NC(=O)CC[N+]2(C)CCCCC2)cc1O,1502,1,10899
8760,10900,O=P(Oc1ccc(Cl)cc1Cl)(Oc1ccc(Cl)cc1Cl)c1ccccc1,1497,2,10900
8761,10901,C=CCOP(=O)(CCC)OCC=C,3864,1,10901
8762,10902,CCCCCCCCCCCCCP(=O)(OCC)OCC,270,6,880
8763,10904,CCP1(=O)Nc2ccc(Cl)cc2N1,3863,1,10904
8764,10905,CCCCN[P+](Cc1ccccc1)(NCCCC)c1ccccc1,3862,1,10905
8765,10906,CCCCN(CCCC)[P+](CCCC)(N(CCCC)CCCC)N(CCCC)CCCC,3861,1,10906
8766,10907,CN(C)[P+](Cc1ccc(CCl)cc1)(N(C)C)N(C)C,1500,2,10907
8767,10908,CN(C)c1ccc([P+](Cc2ccc(Cl)cc2Cl)(c2ccc(N(C)C)cc2)c2ccc(N(C)C)cc2)cc1,545,4,2585
8768,10909,CSc1ccc([P+](Cc2ccc(Cl)cc2Cl)(c2ccc(SC)cc2)c2ccc(SC)cc2)cc1,545,4,2585
8769,10910,Cc1ccc([P+](Cc2ccc(Cl)cc2Cl)(c2ccc(C)cc2)c2ccc(C)cc2)cc1,545,4,2585
8770,10911,ClC(Cl)[P+](N1CCCCC1)(N1CCCCC1)N1CCCCC1,3860,1,10911
8771,10912,CCCC[P+](CCCC)(CCCC)Cc1ccc(C)cc1C,3859,1,10912
8772,10913,CN(C)[P+](CCCCCC[P+](N(C)C)(N(C)C)N(C)C)(N(C)C)N(C)C,1496,2,10913
8773,10914,CCCCN(CCCC)[P+](C)(N(CCCC)CCCC)N(CCCC)CCCC,3858,1,10914
8774,10915,CCCC[P+](CCCC)(CCCC)Cc1ccc([N+](=O)[O-])cc1,3857,1,10915
8775,10916,c1ccc([P+](CCCC[P+](c2ccccc2)(c2ccccc2)c2ccccc2)(c2ccccc2)c2ccccc2)cc1,1501,2,2328
8776,10917,CN(C)[P+](Cc1ccc(C[P+](N(C)C)(N(C)C)N(C)C)cc1)(N(C)C)N(C)C,1500,2,10907
8777,10919,CCN(CC)C(=S)N1CCCCC1,3856,1,10919
8778,10920,CCN(CC)CCOC(=O)N1CCCCC1,3855,1,10920
8779,10922,CCSc1ccccc1N(C)CCCN1CCCCC1,544,4,10922
8780,10923,CC(C)Sc1ccccc1N(C)CCCN1CCCCC1,544,4,10922
8781,10924,CSc1ccccc1N(C)CCCN1CCCCC1,544,4,10922
8782,10926,CC(C)C(=O)C(C)(C)C(=O)N1CCCCC1,1499,2,10898
8783,10927,NC(=O)C(=Cc1ccccc1)SCc1ccccc1,3854,1,10927
8784,10928,Cc1ccc(SC(=Cc2ccccc2)C(N)=O)cc1,3853,1,10928
8785,10930,CSc1ccc(C(CNC(C)=O)=C(C#N)C#N)cc1,3852,1,10930
8786,10931,Cc1cc(N=O)cc(Cl)c1O,3851,1,10931
8787,10932,Oc1ccc(Cl)cc1CN=CCCCC/C=N/Cc1cc(Cl)ccc1O,3850,1,10932
8788,10934,O=C(O)c1ccccc1N=Cc1c[nH]c2ccccc12,861,3,6089
8789,10935,O=C(O)c1ccccc1NCn1c(=S)sc2ccccc21,3849,1,10935
8790,10936,Cc1c(C(=S)NN2C(C)CCCC2C)c(=O)n(-c2ccccc2)n1C,3848,1,10936
8791,10937,Cc1c(NC(=S)N2CCC(C)CC2)c(=O)n(-c2ccccc2)n1C,1498,2,10937
8792,10938,Cc1c(NC(=S)N2CCOCC2)c(=O)n(-c2ccccc2)n1C,1498,2,10937
8793,10939,Cc1ccc(S(=O)(=O)NC(CCCNC(=N)N)C(=O)O)cc1,3847,1,10939
8794,10947,O=C1SCCC1NP(=O)(OCc1ccccc1)OCc1ccccc1,3846,1,10947
8795,10948,O=P(Oc1cc(Cl)c(Cl)cc1Cl)(Oc1cc(Cl)c(Cl)cc1Cl)c1ccccc1,1497,2,10900
8796,10949,CN(C)[P+](CCCCCCCCCC[P+](N(C)C)(N(C)C)N(C)C)(N(C)C)N(C)C,1496,2,10913
8797,10955,OCCN1CC2CCCC1O2,3845,1,10955
8798,10956,COCCCN1CC2CCCC1O2,1495,2,3673
8799,10976,O=C1ON(c2ccccc2)C(c2ccccc2)N1c1cccc(Cl)c1,3844,1,10976
8800,10977,CC(C)(C)OC(=O)C1CCCC2(CC2)O1,3843,1,10977
8801,10978,C1CSCCO1,3842,1,10978
8802,10980,CC1(C)C(OC(=O)C(Cl)(Cl)Cl)C(C)(C)C1OC(=O)C(Cl)(Cl)Cl,3841,1,10980
8803,10981,CC1(C)C(=NNC(N)=O)C(C)(C)C1=NNC(N)=O,3840,1,10981
8804,10983,CN(C)CCCn1c2c(c3ccccc31)CCCCC2,1494,2,414
8805,10984,COc1ccc(C(C#N)=C2C=CC(=NO)C(Cl)=C2)cc1,1493,2,10984
8806,10985,COc1ccc(C(C#N)=C2C=CC(=NO)C(C)=C2)cc1,1493,2,10984
8807,10986,C=CCOP(=O)(OCC=C)C1(Cl)C(Cl)=C(Cl)C(=O)C(Cl)=C1Cl,3839,1,10986
8808,10987,CCOC(=O)C(C#N)=C(CC)C1CCCCC1,3838,1,10987
8809,10988,CN(C)C(=N)Nc1ccc(Cl)cc1,3837,1,10988
8810,10989,N=C(N)NCCC1Cc2ccccc2N1,3836,1,10989
8811,10990,CCCCCCCN=NCCCCCC,3835,1,10990
8812,10991,CCN(CC)C(=S)SCCCCCCC(=O)O,3834,1,10991
8813,10992,CC(C)(Br)C(Br)C(=O)C(Br)C(C)(C)Br,3833,1,10992
8814,10996,CC1(C)C(=NNC(N)=S)C(C)(C)C1=NNC(N)=S,3832,1,10996
8815,10997,N=C(N)N=NCCCl,3831,1,10997
8816,10998,CN(C)CCCc1c[nH]c2ccccc12,159,8,811
8817,10999,Cc1cc2c(cc1C)C(=O)C(=O)N2,3830,1,10999
8818,11000,CCOCCN=Cc1c[nH]c2ccccc12,3829,1,11000
8819,11001,N=C(CCO)c1c[nH]c2ccccc12,3828,1,11001
8820,11002,SCCNCCc1c[nH]c2ccccc12,185,7,2001
8821,11003,COc1ccc(CNCCc2c[nH]c3ccccc23)cc1,860,2,9602
8822,11005,Cc1[nH]c2ccc(Cl)cc2c1CCC(=O)O,859,3,11005
8823,11006,Cc1ccc2[nH]c(C)c(CCC(=O)O)c2c1,859,3,11005
8824,11007,CCOC(=O)CCc1c(C)[nH]c2ccc(C)cc12,859,3,11005
8825,11009,C(=Nc1cccnc1)c1c[nH]c2ccccc12,143,8,6085
8826,11010,C(=Nc1ccncc1)c1c[nH]c2ccccc12,143,8,6085
8827,11011,O=CN1CCc2ccc([N+](=O)[O-])cc21,3827,1,11011
8828,11012,NCCc1c[nH]c2ccc(OC(=O)Nc3cccc(Cl)c3)cc12,858,3,11012
8829,11013,CNC(=O)Oc1ccc2[nH]cc(CCN)c2c1,858,3,11012
8830,11014,NCCc1c[nH]c2ccc(OC(=O)Nc3ccccc3)cc12,858,3,11012
8831,11015,CCN(CC)CCN1CC2CCCCC2C1,3826,1,11015
8832,11016,CC(C)N1Cc2ccccc2C1,1492,2,9564
8833,11017,CN1CCN(CCCN2CC3CC=CCC3C2)CC1,3825,1,11017
8834,11018,CCN(CC)CCN1CC2CC=CCC2C1,3824,1,11018
8835,11020,CCOC(=O)c1ccc(NC(=O)CC[N+]2(C)CCOCC2)cc1O,115,3,4649
8836,11021,COC(=O)c1ccc(NC(=O)C[N+]2(C)CCOCC2)cc1O,1491,1,11021
8837,11022,C[N+]1(CCCNC(=O)Nc2ccc(Cl)cc2)CCOCC1,3823,1,11022
8838,11023,CCCCCCN=Cc1c(O)c(O)cc2c(C(C)C)c(C)c(-c3c(C)c(C(C)C)c4cc(O)c(O)c(C=NCCCCCC)c4c3O)c(O)c12,3822,1,11023
8839,11024,CC(Cl)CN1COc2ccc3c4c(ccc3c2C1)OCN(CC(C)Cl)C4,3821,1,11024
8840,11025,c1cc2c3c(ccc2c2c1OCN(C1CCCCC1)C2)OCN(C1CCCCC1)C3,3820,1,11025
8841,11027,O=C1C(Cl)=C(SCc2ccccc2)C(=O)c2ccccc21,3819,1,11027
8842,11028,O=C1C=C(NC(CO)(CO)CO)C(=O)c2ccccc21,3818,1,11028
8843,11029,O=C1C(Cl)=C(CCO)C(=O)c2ccccc21,3817,1,11029
8844,11030,CC(C)CCNC1=C(Cl)C(=O)c2ccccc2C1=O,3816,1,11030
8845,11035,O=C(C[n+]1ccc2ccccc2c1)c1ccccc1,3815,1,11035
8846,11036,O=S1(=O)CCCN1C1CCCCC1,3814,1,11036
8847,11037,CCCCCCCCCCCCN1CCCS1(=O)=O,3813,1,11037
8848,11038,COc1ccc(N2CCCS2(=O)=O)cc1,3812,1,11038
8849,11039,CCC(CC)N1CCCS1(=O)=O,3811,1,11039
8850,11040,CC(C)(C)CC(C)(C)N1CCCS1(=O)=O,3810,1,11040
8851,11041,S=C=Nc1cccc2c(N=C=S)cccc12,3809,1,11041
8852,11042,O=C1C2CC=CCC2C(=O)N1CCCN1CCOCC1,1487,2,11042
8853,11043,CN(c1nc(Nc2ccccc2)nc(N(C)C2CCCCC2)n1)C1CCCCC1,3808,1,11043
8854,11044,C(#CCNC1CCCCC1)CNC1CCCCC1,1490,2,10115
8855,11045,CC(C)(CNC1CCCCC1)[N+](=O)[O-],3807,1,11045
8856,11046,CC(=O)OC1(C#N)CCCC1,866,3,3420
8857,11058,CN(C)c1ccc(C=NCCCO)cc1,1489,2,6837
8858,11060,O=C1c2ccccc2C(=O)N1CC(O)CN1C(=O)c2ccccc2C1=O,3806,1,11060
8859,11061,CCNCC(C)(C)O,3805,1,11061
8860,11062,OC(OCC(F)(F)F)(C(F)(F)F)C(F)(F)F,3804,1,11062
8861,11070,CCC(=O)Nc1ccc(OS(=O)(=O)N(C)C)cc1,3803,1,11070
8862,11074,N#CCCN(CCC#N)Cc1ccc2c(O)c(CN(CCC#N)CCC#N)ccc2c1O,3802,1,11074
8863,11075,N#CCCN(CCC#N)Cc1c(O)c(O)c(CN(CCC#N)CCC#N)c2ccccc12,3801,1,11075
8864,11077,O=C(CCN1CCCCC1)c1cc(Cl)ccc1Cl,3800,1,11077
8865,11078,CCOC(=O)C1CCN(CCCN2c3ccccc3Sc3ccc(Cl)cc32)CC1,1488,1,11078
8866,11079,N=C(NOC(=O)Nc1cccc2ccccc12)C(Cl)(Cl)Cl,3799,1,11079
8867,11081,O=C(NNC(=O)c1cccc2ccccc12)c1ccccc1Br,3798,1,11081
8868,11082,COc1ccc(C(=O)N=NC(=O)c2cccc3ccccc23)cc1,3797,1,11082
8869,11083,O=C(CCCCCCCCC(=O)CC1NCCc2ccccc21)CC1NCCc2ccccc21,3796,1,11083
8870,11084,COc1ccc(C(=O)C(C2NCCc3ccccc32)C(c2ccccc2)C2NCCc3ccccc32)cc1,3795,1,11084
8871,11086,O=C(O)C(Cc1ccc(O)c([N+](=O)[O-])c1)N1C(=O)c2ccccc2C1=O,3794,1,11086
8872,11087,O=C(O)C1CC=CCC1C(=O)C(Cl)(Cl)Cl,3793,1,11087
8873,11088,CN1CCN(CCCN2C(=O)C3CC=CCC3C2=O)CC1,1487,2,11042
8874,11089,O=C(C=CC(=O)Sc1ccccc1)Sc1ccccc1,3792,1,11089
8875,11090,O=[N+]([O-])c1ccc(C=NN=Cc2ccco2)o1,3791,1,11090
8876,11091,O=[N+]([O-])c1ccc(C=NN=Cc2ccccc2[N+](=O)[O-])o1,3790,1,11091
8877,11092,COc1cc(C2=C(C(C)=O)C(=O)OC2)ccc1O,3789,1,11092
8878,11093,O=C1OCCC1=Cc1ccc(OCc2ccccc2)cc1,3788,1,11093
8879,11095,O=[N+]([O-])c1ccc(OCC2CCCO2)c([N+](=O)[O-])c1,3787,1,11095
8880,11096,CCOc1occ2cnc(C)c(O)c12,1486,2,11096
8881,11097,Cc1ncc2coc(OCCO)c2c1O,1486,2,11096
8882,11100,O=C(C=CC(=O)Oc1ccc2ccccc2c1)Oc1ccc2ccccc2c1,3786,1,11100
8883,11101,CC(Cl)C(C)N(C)C,3785,1,11101
8884,11103,N=C(N)SCCC(=O)Nc1ccccc1,3784,1,11103
8885,11105,CCCCCCSCSC(=N)N,1485,2,11105
8886,11108,CCCCCSCSC(=N)N,1485,2,11105
8887,11109,CCCNC(=O)Nc1ccc2c(c1)Cc1cc([N+](=O)[O-])ccc1-2,3783,1,11109
8888,11110,CC(=Nc1ccccc1)N(C(=O)Nc1cccc([N+](=O)[O-])c1)c1ccccc1,3782,1,11110
8889,11111,CC(=Nc1ccccc1)N(C(=O)Nc1ccc(N=Nc2ccccc2)cc1)c1ccccc1,1484,2,11111
8890,11112,CC(=Nc1ccccc1)N(C(=O)Nc1ccc(C)cc1)c1ccccc1,1484,2,11111
8891,11113,CCCCNC(=O)NCCCN1CCN(CCCNC(=O)NCCCC)CC1,3781,1,11113
8892,11114,CCCNC(=S)Nc1ccccn1,323,5,1965
8893,11115,CN(C)C(=O)N/C=C/NC(=O)N(C)C,3780,1,11115
8894,11116,O=C1N(c2ccc(Br)cc2)C(=O)N1c1ccc([N+](=O)[O-])cc1,1483,2,6717
8895,11117,CC(C)C(=O)C(C)(C)C(=O)NCCNC(=O)C(C)(C)C(=O)C(C)C,1482,2,6463
8896,11118,CCC(CC)(CC#N)c1ccccc1,3779,1,11118
8897,11119,CCCCSc1nc2[nH]c(=O)[nH]c(=O)c2[nH]1,857,3,11119
8898,11120,CCSc1nc2[nH]c(=O)[nH]c(=O)c2[nH]1,857,3,11119
8899,11121,CCCCCCCSc1nc2[nH]c(=O)[nH]c(=O)c2[nH]1,857,3,11119
8900,11122,COC(=O)C1C(OC)C(=NO)CC2CN3CCc4c([nH]c5cc(OC)ccc45)C3CC21,158,8,253
8901,11123,c1ccc(Sc2ccncc2)cc1,3778,1,11123
8902,11124,c1ccc(CCN2CCCCC2)nc1,3777,1,11124
8903,11125,C=CCN1CC=CCC1,3776,1,11125
8904,11126,Brc1ccc[n+](Cc2ccccc2)c1,3775,1,11126
8905,11127,C[n+]1ccc(N(CCCl)CCCl)cc1,3774,1,11127
8906,11128,NC(=O)c1ccc[n+](CCCl)c1,62,12,2559
8907,11129,CCOC(=O)c1ccc[n+](CCCl)c1,3773,1,11129
8908,11130,C[n+]1ccc(Sc2ccccc2)cc1,3772,1,11130
8909,11131,Cc1ncc(CSSCc2cnc(C)c(O)c2CN)c(CN)c1O,96,10,482
8910,11132,Cc1ncc(CSSCc2cnc(C)c(O)c2CCl)c(CCl)c1O,96,10,482
8911,11133,Cc1ncc(CSSCc2cnc(C)c(O)c2C)c(C)c1O,96,10,482
8912,11135,Nc1c(Cl)ncnc1NCCc1ccccc1,3771,1,11135
8913,11137,C[n+]1c(Sc2ccccc2)ccc2ccccc21,3770,1,11137
8914,11138,C(=CN1CCCc2ccccc21)C=[N+]1CCCc2ccccc21,3769,1,11138
8915,11140,CNC(=O)Oc1c(Cl)c(C(Cl)(Cl)Cl)nc2ccccc12,3768,1,11140
8916,11145,COc1cc(OC)c2nccnc2c1N,3767,1,11145
8917,11146,CNc1nc2ccccc2nc1SCc1ccc(Cl)cc1,3766,1,11146
8918,11147,Clc1ccc2c(c1)NCCN2,3765,1,11147
8919,11148,CCN1CCNc2ccccc21,3764,1,11148
8920,11149,S=c1[nH]c2ccccc2nc1NCc1ccccc1,3763,1,11149
8921,11150,CCCCN1CC(=O)Nc2ccccc21,3762,1,11150
8922,11151,O=c1[nH]c2ccccc2nc1C(Cl)(Cl)Cl,3761,1,11151
8923,11153,CC(Cl)CN(Cc1cc(Cl)c(O)cc1O)CC(C)Cl,3760,1,11153
8924,11154,Cc1cc(O)c(C(=O)O)c(O)c1Cl,3759,1,11154
8925,11155,Cc1c(Cl)c(O)c(C(=O)O)c(O)c1Cl,3758,1,11155
8926,11156,CC(=O)NN1C(=O)CSC1=S,3757,1,11156
8927,11157,CC(=O)Nc1ccc(C=C2SC(=S)NC2=O)cc1,3756,1,11157
8928,11159,O=C1NC(=S)SC1=Cc1c[nH]c2ccccc12,3755,1,11159
8929,11160,COc1ccccc1C=C1SC(=S)NC1=O,3754,1,11160
8930,11161,COc1cc(C(C)=C2SC(=S)NC2=O)cc(OC)c1OC,3753,1,11161
8931,11162,C=C1SC(=S)N(c2ccc(N3C(=O)C(=C)SC3=S)cc2)C1=O,3752,1,11162
8932,11163,O=C1N=C(NO)SC1=Cc1ccc2c(c1)OCO2,3751,1,11163
8933,11164,C1CCC2CN(CCCN3CCOCC3)CC2C1,3750,1,11164
8934,11168,CN(C)N1CCC2(CCC(C(C)(C)C)CC2)CC1,3749,1,11168
8935,11169,ON=C(CCCN1CCC2(CCCCC2)CC1)c1ccc(F)cc1,3748,1,11169
8936,11172,COC(=O)C(C#N)=C(N=CC=CC=CC(C#N)C(=O)OC)c1ccccc1,3747,1,11172
8937,11173,O=[N+]([O-])c1cc(C=NN2CCCCCC2)ccc1Cl,3746,1,11173
8938,11174,Cc1c(-c2c(C)c(C(C)C)c3cc(O)c(O)c(C(=N)Cc4ccccc4)c3c2O)c(O)c2c(C(=N)Cc3ccccc3)c(O)c(O)cc2c1C(C)C,3745,1,11174
8939,11175,CN(C)CCOc1ccc(-c2nc3c(N)nc(N)nc3nc2N)cc1,759,3,11175
8940,11176,Nc1nc(N)c2nc(-c3ccc(OCCN4CCCCC4)cc3)c(N)nc2n1,758,3,11176
8941,11178,COc1cccc(C(C)=C2SC(=S)NC2=O)c1,1481,2,5896
8942,11183,CC1(C(=O)O)CCC(C(=O)Nc2ccccc2)C1(C)C,3744,1,11183
8943,11185,CCC(c1nc2c([nH]1)c(=O)n(C)c(=O)n2C)c1nc2c([nH]1)c(=O)n(C)c(=O)n2C,3743,1,11185
8944,11186,CCCCCCCSc1nc2c([nH]1)c(=O)n(C)c(=O)n2C,3,28,3325
8945,11188,CC(C)Nc1nc2c([nH]1)c(=O)n(C)c(=O)n2C,3742,1,11188
8946,11189,Cn1c(=O)c2[nH]c(C=Cc3ccc4c(c3)OCO4)nc2n(C)c1=O,3741,1,11189
8947,11190,CC1CCN(N=Nc2nc3c([nH]2)c(=O)n(C)c(=O)n3C)CC1,3740,1,11190
8948,11191,Cn1c(=O)c2[nH]c(Cc3ccccc3[N+](=O)[O-])nc2n(C)c1=O,3739,1,11191
8949,11193,CCCSc1nc2c([nH]1)c(=O)n(C)c(=O)n2C,182,2,11193
8950,11199,CC1=NS(=O)(=O)NC(C)(C)C1,3738,1,11199
8951,11200,NC(=O)CSc1nnc(SCC(N)=O)s1,3737,1,11200
8952,11202,N=c1nc(N)n2c(=O)nc(N)n12,3736,1,11202
8953,11203,N#CSCCN,3735,1,11203
8954,11204,N#CSC1CCCCCCC1SC#N,3734,1,11204
8955,11205,CCN(CC)C(=O)CSC#N,3733,1,11205
8956,11206,N#CSCC(=O)N(c1ccccc1)c1ccccc1,3732,1,11206
8957,11207,CCN(CC)C(=S)SC#N,3731,1,11207
8958,11208,N#CSCI,3730,1,11208
8959,11209,COc1ccc([N+](=O)[O-])cc1CSC#N,3729,1,11209
8960,11210,N#CSCc1ccc(Oc2ccccc2)cc1,1478,2,11210
8961,11211,C[N+]1(C)CCS(=O)(=O)CC1,3728,1,11211
8962,11212,N#CSC1C=CS(=O)(=O)C1,3727,1,11212
8963,11214,O=C(C[S+]1CCCC1)c1ccc(-c2ccccc2)cc1,3726,1,11214
8964,11215,C[S+]1C(C)(C)CCCC1(C)C,3725,1,11215
8965,11216,CCN(CC)CCNc1ccc(OC)c2sc3ccccc3c(=O)c12,856,3,306
8966,11217,Cc1ccc(NCCN2CCCCCC2)c2c(=O)c3ccccc3sc12,3724,1,11217
8967,11218,Cc1ccc(NCc2ccccn2)c2c(=O)c3ccccc3sc12,3723,1,11218
8968,11219,Cc1ccc(C=NNc2ccc(C(C#N)=C(C#N)C#N)cc2)cc1,1480,2,10676
8969,11220,COc1cc(C)ccc1Cl,3722,1,11220
8970,11221,COc1cc(C=NNS(=O)(=O)c2ccc(C)cc2)cc(I)c1O,3721,1,11221
8971,11222,CCCCOc1cccc(C)c1C(=O)OCCN1CCCC1,543,2,11222
8972,11224,O=C1NC(=S)NC(=O)C1=Cc1ccccc1C(=O)O,3720,1,11224
8973,11227,CCCC[S+](Cc1ccccc1)Cc1ccccc1,3719,1,11227
8974,11228,CC[S+](Cc1ccccc1)Cc1ccccc1,1479,2,11228
8975,11229,c1ccc(C[S+](Cc2ccccc2)Cc2ccccc2)cc1,1479,2,11228
8976,11234,CCOC(=O)CC(NCCS)C(=O)OCC,3718,1,11234
8977,11235,C=C(CC(=O)OCC(=O)c1ccc(Br)cc1)C(=O)OCC(=O)c1ccc(Br)cc1,3717,1,11235
8978,11236,C=C1CC(=O)N(c2ccc(OC)cc2)C1=O,3716,1,11236
8979,11238,C=C1CC(=O)N(c2cccc(C)c2)C1=O,3715,1,11238
8980,11239,CN(C)S(=O)(=O)Oc1ccccc1N,3714,1,11239
8981,11240,Ic1ccc(Sc2ccc(I)cc2)cc1,3713,1,11240
8982,11241,O=[N+]([O-])c1cccc(SC2CCCCC2Cl)c1,3712,1,11241
8983,11242,C#CCSc1c(Cl)c(Cl)c(Cl)c(Cl)c1Cl,3711,1,11242
8984,11243,CCCCS(CCCC)=NS(=O)(=O)c1ccccc1,3710,1,11243
8985,11244,Nc1ccc(S(=O)(=O)c2ccc(Nc3nccs3)cc2)cc1,3709,1,11244
8986,11245,C=CS(=O)(=O)Cc1ccc(Cl)cc1,3708,1,11245
8987,11246,O=[N+]([O-])c1ccc(S(=O)(=O)C2CCCCC2Cl)c([N+](=O)[O-])c1,3707,1,11246
8988,11247,CC(C)CC[S+](C)C,3706,1,11247
8989,11249,C=CS(=O)Cc1ccccc1,3705,1,11249
8990,11251,O=P(c1ccccc1)(c1cccc(Cl)c1)C(O)C(Cl)(Cl)Cl,3704,1,11251
8991,11252,N#Cc1ccc2c(c1)N(CCCN1CCN(CCOCCO)CC1)c1ccccc1S2,218,4,396
8992,11253,OCCN=Cc1ccc(Cl)c(Cl)c1,3703,1,11253
8993,11254,OCCSc1ccc(Cl)cc1Cl,3702,1,11254
8994,11255,CCCCCCC(C)(C)SCCO,3701,1,11255
8995,11256,C#CC1(OC(O)C(Br)(Br)Br)CCCCC1,3700,1,11256
8996,11257,OCCN=Cc1cccs1,3699,1,11257
8997,11258,N#CC(C#N)=C(C#N)c1cccn1Cc1ccccc1,3698,1,11258
8998,11259,Clc1cccc(Cl)c1COCc1c(Cl)cccc1Cl,3697,1,11259
8999,11260,N#CSCc1ccc(Oc2ccc(CSC#N)cc2)cc1,1478,2,11210
9000,11261,C1CCC[N+]2(CC1)CCC[N+]1(CCCCC1)CC2,1477,2,3779
9001,11263,CCCCCOCc1cc(O)cc2c1C(=O)Oc1cc(O)c(C(=O)O)c(CCCCC)c1O2,3696,1,11263
9002,11264,N#[N+]c1cccc2oc(=O)c3ccccc3c12,3695,1,11264
9003,11265,CC1CCC2(OC1)OC1CC3C4CC(C)C5(O)CC(O)CCC5(C)C4CCC3(C)C1C2C,3694,1,11265
9004,11281,N#CC(=Cc1ccc(Cl)cc1)c1ccc(C(=O)O)cc1,3693,1,11281
9005,11283,O=C(Nc1ccccc1)OC1CCCC12CC2,3692,1,11283
9006,11285,CCC(COCOCC(CC)[N+](=O)[O-])[N+](=O)[O-],3691,1,11285
9007,11286,Clc1c(Cl)c(Cl)c(CSCSCc2c(Cl)c(Cl)c(Cl)c(Cl)c2Cl)c(Cl)c1Cl,3690,1,11286
9008,11287,CN(C)C(Cl)(Cl)Nc1ccc(Cl)cc1,1476,2,11287
9009,11288,CN(C)C(Cl)(Cl)Nc1ccccc1,1476,2,11287
9010,11292,CN1CCCCC1CCC1CCc2ccccc2Cc2ccccc21,3689,1,11292
9011,11301,Cc1cc(N(CCCl)CCCl)ccc1C#N,3688,1,11301
9012,11302,N#Cc1ccc(C=NCCCCCCN=Cc2ccc(C#N)cc2)cc1,3687,1,11302
9013,11303,N/N=c1/nc[nH]c(N)n1,3686,1,11303
9014,11304,Nc1nc(N)nc(-c2cc3ccccc3o2)n1,3685,1,11304
9015,11305,CCNc1nc(NCC)nc(OC(C)C)n1,3684,1,11305
9016,11306,c1ccc(C2NC(c3ccccn3)NC(c3ccccn3)N2)nc1,3683,1,11306
9017,11307,CC(C)NN,3682,1,11307
9018,11308,COc1cccc(C(=O)NNC(=O)c2cccc3ccccc23)c1,358,5,11308
9019,11309,CC(=N[N+](C)(C)C)c1ccc(O)cc1O,3681,1,11309
9020,11310,NC(N)=NNC(=O)CCc1ccc(C=O)cc1,3680,1,11310
9021,11311,CN(C)OC(=O)C(Cl)(Cl)Cl,3679,1,11311
9022,11312,ONCc1cccs1,3678,1,11312
9023,11313,Cc1cccc(-n2cnc3c(=O)nc[nH]c32)c1,3677,1,11313
9024,11314,COC(=O)c1cncn1Cc1ccccc1,3676,1,11314
9025,11315,CC1CCN(c2[nH]cnc2[N+](=O)[O-])CC1,3675,1,11315
9026,11316,COc1ccccc1CN1CCN(Cc2ccccc2OC)C1c1ccc(N(CCCl)CCCl)cc1C,3674,1,11316
9027,11317,Clc1ccc(C2N(c3ccccc3)CCN2c2ccccc2)cc1,3673,1,11317
9028,11318,CCCCN1CCN(CCCC)C1CCC,3672,1,11318
9029,11319,Clc1ccc(C2N(c3ccccc3)CCN2c2ccccc2)c(Cl)c1,3671,1,11319
9030,11320,CCN1CCN(CC)C1c1ccccc1,3670,1,11320
9031,11321,O=[N+]([O-])c1cccc(C2N(c3ccccc3)CCN2c2ccccc2)c1,3669,1,11321
9032,11322,CC(=O)N=C1NC(=O)C(=Cc2ccc([N+](=O)[O-])cc2)N1C,3668,1,11322
9033,11325,Cc1ccc(NC(=S)Nc2c(C)n(C)n(-c3ccccc3)c2=O)nc1,80,10,11325
9034,11326,Cc1ccnc(NC(=S)Nc2c(C)n(C)n(-c3ccccc3)c2=O)c1,80,10,11325
9035,11327,Cc1cccc(NC(=S)Nc2c(C)n(C)n(-c3ccccc3)c2=O)n1,80,10,11325
9036,11328,CCCCCOc1ccc(NC(=S)Nc2c(C)n(C)n(-c3ccccc3)c2=O)cc1,80,10,11325
9037,11329,Cc1c(NC(=S)Nc2ccccn2)c(=O)n(-c2ccccc2)n1C,80,10,11325
9038,11330,N#CCCN(CCC#N)C(=O)Nc1ccc(Cl)cc1,3667,1,11330
9039,11331,O=C(NCCBr)Nc1ccc(Cl)cc1,1070,3,3401
9040,11332,COc1ccc(NC(=O)NCCBr)cc1,3666,1,11332
9041,11333,CCOC(CNC(=S)Nc1cccc(Br)c1)OCC,3665,1,11333
9042,11334,CCN(CC)CCNC(=S)Nc1cccc(Br)c1,679,4,1842
9043,11335,S=C(NCCN1CCOCC1)Nc1cccc(Br)c1,1475,2,5946
9044,11336,S=C(Nc1cccc(Br)c1)Nc1nnc[nH]1,3664,1,11336
9045,11337,CCCCNC(=S)Nc1ccc(N(C)C)cc1,3663,1,11337
9046,11338,CC(C)(C)NC(=O)Nc1cccc(OC(=O)NC(C)(C)C)c1,63,12,3316
9047,11339,O=C(NCCCl)Nc1cccc2ccccc12,124,8,11339
9048,11340,CCN(CC)CCNC(=S)Nc1cccc(Cl)c1,679,4,1842
9049,11341,O=C(NCCCN1CCOCC1)Nc1ccc(Cl)cc1,3662,1,11341
9050,11342,N#Cc1ccc(NC(=O)NN2CCCCCC2)cc1,3661,1,11342
9051,11343,O=C(Nc1cc(Cl)ccc1Cl)NN1CCCCCC1,3660,1,11343
9052,11344,C#CCN(C(=S)Nc1ccc(Cl)c(Cl)c1)C(C)C,3659,1,11344
9053,11345,CCN(CC)C(=O)Nc1cccc(OC(=O)NC(C)(C)C)c1,63,12,3316
9054,11346,CCN(CC)C(=O)Nc1cccc(OC(=O)N(C)C)c1,359,3,5391
9055,11347,CCN(CC)C(=O)Nc1cccc(OC(=O)NC)c1,359,3,5391
9056,11348,CCc1nnc(CC)n1NC(N)=O,3658,1,11348
9057,11349,CN(C)C(=O)Nc1ccc([N+](=O)[O-])cc1[N+](=O)[O-],3657,1,11349
9058,11350,CN(C)C(=O)Nc1cccc(OC(=O)NCc2ccccc2)c1,216,7,3314
9059,11351,CCCCCCCCN(CCCCCCCC)C(=O)Oc1cccc(NC(=O)N(C)C)c1,3656,1,11351
9060,11352,O=C(NCCCCCCNC(=O)NS(=O)(=O)c1ccccc1)NS(=O)(=O)c1ccccc1,3655,1,11352
9061,11353,O=C(O)c1nnn(Cc2ccccc2)c1C(=O)O,3654,1,11353
9062,11354,Clc1ccc(C=Nc2nnc[nH]2)c(Cl)c1,3653,1,11354
9063,11359,CC(=O)Nc1ccc(C=NNC(=S)NCCCN2CCN(CCCNC(=S)N/N=C/c3ccc(NC(C)=O)cc3)CC2)cc1,3652,1,11359
9064,11363,O=C(O)C1=C2C(=O)Nc3cccc(c32)C2(C1)C(=O)Nc1ccccc12,3651,1,11363
9065,11365,CCC(COC(=O)Nc1ccccc1)(COC(=O)Nc1ccccc1)[N+](=O)[O-],3650,1,11365
9066,11367,O=S(=O)(CCCBr)NC1CCCCC1,3649,1,11367
9067,11368,CC(C)(C)CC(C)(C)NS(=O)(=O)CCCBr,3648,1,11368
9068,11369,CC(C)(CO)NCc1ccc(Cl)c(Cl)c1,3647,1,11369
9069,11370,CCN(CC)CC(O)CNc1c2ccc([N+](=O)[O-])cc2nc2cc(OC)c(OC)cc12,3646,1,11370
9070,11371,CC(Cc1ccccc1)n1cnc2c(Cl)ncnc21,3645,1,11371
9071,11372,Fc1cccc(CSc2ncnc3nc[nH]c23)c1,3644,1,11372
9072,11373,Cc1ccccc1Oc1ncnc2nc[nH]c12,3643,1,11373
9073,11374,FC(F)(F)COc1ncnc2nc[nH]c12,3642,1,11374
9074,11377,COc1ncc(C(Cl)Cl)nc1Cl,3641,1,11377
9075,11378,Cc1nccnc1SC1CCCCC1,3640,1,11378
9076,11379,CCCCCCSc1nccnc1C,3639,1,11379
9077,11381,NNC(=O)c1cc(=O)[nH][nH]1,3638,1,11381
9078,11382,c1ccc(N=NC(N=Nc2ccccc2)=P(c2ccccc2)(c2ccccc2)c2ccccc2)cc1,3637,1,11382
9079,11384,CCCCOc1ccc2ccccc2c1OP(=O)(OCCCC)OCCCC,3636,1,11384
9080,11385,CCCCOP(=O)(OCCCC)OC(=C(F)F)C(F)(F)Cl,3635,1,11385
9081,11387,CCCCOP(=O)(OCCCC)OC(C#N)CCC,3634,1,11387
9082,11389,CCCCOP(=O)(OCCCC)OCC(I)=CI,3633,1,11389
9083,11393,CCCCOP(=O)(OCCCC)SC(P(=O)(OCCCC)OCCCC)P(=O)(OCCCC)OCCCC,3632,1,11393
9084,11394,COP(=S)(OC)Oc1ccccc1NC(=O)N(C)C,3631,1,11394
9085,11395,CCOCCSP(SCCOCC)SCCOCC,3630,1,11395
9086,11396,Cn1c(=O)c2ccccc2c(=O)n1C(=O)CI,3629,1,11396
9087,11397,O=C(CI)n1c(=O)c2ccccc2c(=O)n1-c1ccccc1,3628,1,11397
9088,11398,COc1ccc(Cc2nn(CCN(C)C)c(=O)c3ccccc23)cc1,1474,2,4611
9089,11399,CC(C)(C)C1CCC(OC(=O)c2c(Cl)c(Cl)c(Cl)c(Cl)c2C(=O)O)CC1,3627,1,11399
9090,11405,CCCCCCCCc1cc(Cl)c(O)c(Cl)c1,3626,1,11405
9091,11406,CN(C)CCCc1ccc(O)cc1,3625,1,11406
9092,11407,CCOc1ccc(OC(=O)N(C)C)cc1,1473,2,9503
9093,11408,O=C(Oc1ccccc1I)c1cc(I)c(I)c(I)c1,3624,1,11408
9094,11409,O=C(Nc1ccc(Cl)c(Cl)c1)Oc1c(Cl)cc(Cl)c(Cl)c1[N+](=O)[O-],455,4,4788
9095,11410,O=C1N=C(SCC(=O)N2c3ccccc3Sc3ccccc32)SC1=Cc1ccccc1,1472,2,11410
9096,11411,CCN1c2ccccc2S(=O)(=O)c2c(C(=O)O)cccc21,3623,1,11411
9097,11412,CCN1c2ccccc2Sc2c(C(=O)NN)cccc21,3622,1,11412
9098,11413,O=C1N=C(SCC(=O)N2c3ccccc3Sc3ccccc32)SC1=Cc1ccc(Cl)cc1,1472,2,11410
9099,11416,CCCCCCP(=O)(CCCC)CCCCCC,90,10,1903
9100,11417,CCCCCP(=O)(CCCC)CCCCC,90,10,1903
9101,11418,CCCP(=O)(CCC)C1CCCCC1,542,4,5342
9102,11419,CC(C)CP(=O)(CC(C)C)C1CCCC1,1471,2,8303
9103,11420,CCCCCCc1cccc(O)c1CCCCCC,3621,1,11420
9104,11423,CCCCCCCCCCCCCCCCS(=O)(=O)CCS(=O)(=O)CCCCCCCCCCCCCCCC,252,6,10848
9105,11424,CCCCCCCCCCCCCCS(=O)(=O)CCS(=O)(=O)CCCCCCCCCCCCCC,252,6,10848
9106,11425,NC1(CNCc2ccccc2)COC(c2ccccc2)OC1,3620,1,11425
9107,11426,NC1COC(c2ccc(Cl)cc2)OC1,3619,1,11426
9108,11427,CCC1(N)COC(c2ccc(Cl)cc2)OC1,1031,3,5230
9109,11428,CC1(N=Cc2ccccc2)COCOC1,3618,1,11428
9110,11431,CC1(C)OCC(CSc2c(Cl)c(Cl)c(Cl)c(Cl)c2Cl)O1,3617,1,11431
9111,11432,OCC1COC(c2ccc(Cl)cc2)O1,3616,1,11432
9112,11433,Cc1ccc(S(=O)(=O)OCC2OC(C)(C)OC2C)cc1,3615,1,11433
9113,11434,CCCCCNCCCCC,855,3,1088
9114,11435,NC(=O)NN=C1C2(CCCCC2)C(=O)C12CCCCC2,3614,1,11435
9115,11436,CCCCCCCCCCCCCCSCCSCCCCCCCCCCCCCC,121,8,4174
9116,11437,CCCCCCCCCCSCCCCCSCCCCCCCCCC,121,8,4174
9117,11438,CCCCOP(=O)(OCCCC)C(CCC)OP1SCCS1,3613,1,11438
9118,11439,CCCCN(CCCC)P1SCCS1,3612,1,11439
9119,11441,Cc1ncc2c(c1O)CSSC2,3611,1,11441
9120,11442,CSc1nc2ccccc2c(=O)n1-c1ccccc1,971,3,5486
9121,11443,O=c1nc(C(Br)(Br)Br)[nH]c2ccccc12,3610,1,11443
9122,11444,Nc1c(Cl)c(C(Cl)(Cl)Cl)nc2ccccc12,3609,1,11444
9123,11445,Nc1nc2ccccc2c(Cl)c1Cl,3608,1,11445
9124,11446,CCOC(=O)c1c[nH]c2c(Cl)cccc2c1=O,3607,1,11446
9125,11447,CCOC(=O)c1ccc2ncccc2c1,3606,1,11447
9126,11448,CCOC(=O)c1c(C)[nH]c2ccccc2c1=O,3605,1,11448
9127,11449,Cc1cc(CO)c(O)c2ncccc12,3604,1,11449
9128,11450,c1ccc(Sc2ccc3ccccc3n2)cc1,3603,1,11450
9129,11451,O=[N+]([O-])c1ccc2c(c1)NCCC2,1470,2,5618
9130,11452,C[n+]1c(C=Cc2ccccc2)ccc2cccc(O)c21,3602,1,11452
9131,11454,CCCCCCCCCCCCS(=O)(=O)CCS(=O)(=O)CCCCCCCCCCCC,252,6,10848
9132,11456,CCOC(=O)n1c(=O)sc(-c2ccccc2)c(CC)c1=O,3601,1,11456
9133,11457,CC1=NC(C)(C)CCS1,3600,1,11457
9134,11462,O=C1NC(=O)C(=Cc2ccc(C=C3SC(=O)NC3=O)cc2)S1,1469,2,3043
9135,11466,O=C1CSC(=Nc2cc(Cl)cc(Cl)c2)N1,1468,2,5795
9136,11467,CC(=O)N(C=CC1=[N+](C)CCS1)c1ccccc1,3599,1,11467
9137,11468,c1sc[n+](C2CCCCC2)c1NC1CCCCC1,3598,1,11468
9138,11469,COc1ccc(-c2nc3sc(-c4ccc(OC)cc4)nc3s2)cc1,3597,1,11469
9139,11470,CCCCCCCCCCS(=O)(=O)CCS(=O)(=O)CCCCCCCCCC,252,6,10848
9140,11472,CSc1nc2ccccc2n1C,3596,1,11472
9141,11476,O=C(O)C1C2OC3C(OC(=O)C31)C2Cl,3595,1,11476
9142,11477,O=Cc1cc([N+](=O)[O-])cc(CI)c1O,1467,2,5136
9143,11478,CCOC(=O)c1ccc(NC(=O)CC[N+](C)(CC)CC)cc1O,151,3,4425
9144,11480,NC(=S)NNC(=O)c1ccccc1N,1466,2,6907
9145,11481,CN(C)C(=O)NNC(=O)c1ccc(Cl)cc1,3594,1,11481
9146,11482,Nc1c2c(=O)[nH]c(=O)cc-2[nH]n1-c1ccccc1,3593,1,11482
9147,11483,CC(C)COC(=O)Oc1ccc(=O)[nH]n1,3592,1,11483
9148,11485,CN(C)N=Cc1ccncc1,3591,1,11485
9149,11486,Nc1ccc(N=Nc2ccccc2Cl)c(N)n1,1465,2,11486
9150,11487,Nc1ccc(N=Nc2cc(Cl)ccc2Cl)c(N)n1,1465,2,11486
9151,11488,O=C1c2ccncc2C(=O)N1c1cccc2ccccc12,3590,1,11488
9152,11491,c1cncc(CSSCc2cccnc2)c1,798,2,11491
9153,11492,CCOc1cccnc1[N+](=O)[O-],3589,1,11492
9154,11493,CCSCc1cnc(C)c(O)c1CO,96,10,482
9155,11494,COCCNc1ccc([N+](=O)[O-])cn1,3588,1,11494
9156,11497,OCSCc1c(Cl)c(Cl)c(Cl)c(Cl)c1Cl,3587,1,11497
9157,11498,CC(=S)OC(c1ccccc1)(c1ccccc1)c1ccccc1,3586,1,11498
9158,11499,Clc1ccccc1C(N1CCOCC1)N1CCOCC1,1464,2,7374
9159,11500,c1ccc(-c2cc(CCN3CCOCC3)c(-c3ccccc3)o2)cc1,3585,1,11500
9160,11501,Cc1ccc(C(=O)C=C(C(=O)c2ccc(C)cc2)N2CCOCC2)cc1,3584,1,11501
9161,11503,CC(CC(=S)N1CCOCC1)CC(C)(C)C,3583,1,11503
9162,11504,CCSc1ccccc1N(C)CCCN1CCN(C)CC1,544,4,10922
9163,11507,OCCCN1CCN(CCCN2c3ccccc3Sc3ccc(Cl)cc32)CC1,97,9,463
9164,11508,C1CSC(=[N+]2CC[N+](=C3SCCS3)CC2)S1,3582,1,11508
9165,11509,CCCCCCP(=O)(CCCC)CCCC,90,10,1903
9166,11510,CCCCCCCCCC[PH](=O)CCCCCCCCCC,1463,2,2792
9167,11511,O=P(c1ccccc1)(N1CCCC1)N1CCCC1,1462,2,6913
9168,11512,CCCCCCP(=O)(CCCCC)CCCCC,90,10,1903
9169,11513,O=P(c1cccc(C(F)(F)F)c1)(c1cccc(C(F)(F)F)c1)c1cccc(C(F)(F)F)c1,3581,1,11513
9170,11514,CCCCCP(=S)(CCCC)CCCCC,3580,1,11514
9171,11515,CCCCN(CCCC)CP(=S)(CN(CCCC)CCCC)CN(CCCC)CCCC,3579,1,11515
9172,11517,N#CCCP(CCC#N)CCCCP(CCC#N)CCC#N,3578,1,11517
9173,11518,CCCCP(=O)(CCCC)Oc1cccc([N+](=O)[O-])c1,322,3,4062
9174,11519,CCCCP(=O)(CCCC)Oc1cccc(C)c1,1461,2,4148
9175,11523,CC(C)OP(C1CCCC1)C1CCCC1,3577,1,11523
9176,11524,CCCCOP(N1CCCCC1)N1CCCCC1,3576,1,11524
9177,11525,C=CCOP(=O)(Cc1ccccc1)OCC=C,3575,1,11525
9178,11526,CCCCOP(=O)(CCBr)OCCCC,270,6,880
9179,11527,CCCCOP(=O)(Cc1ccc(Cl)cc1)OCCCC,854,3,3035
9180,11528,O=P(Oc1cccc(C(F)(F)F)c1)(Oc1cccc(C(F)(F)F)c1)c1ccc(Oc2cccc(Cl)c2)cc1,3574,1,11528
9181,11531,CCCCOP(=O)(Cc1ccc(Cl)c(Cl)c1)OCCCC,854,3,3035
9182,11532,CCCCOP(=O)(CSCC)OCCCC,3573,1,11532
9183,11537,CCOP(=O)(OCC)C(O)C(C)C,3572,1,11537
9184,11538,CCOP(=O)(OCC)OC(=C(F)F)C(F)(F)P(=O)(OCC)OCC,3571,1,11538
9185,11539,Clc1cccc(C=NCCCCCCN=Cc2cccc(Cl)c2)c1,3570,1,11539
9186,11540,C(=NCCCCCCN=Cc1cccc2c1OCO2)c1cccc2c1OCO2,3569,1,11540
9187,11541,O=C(O)CCC(=O)C=Cc1cccc2ccccc12,3568,1,11541
9188,11542,O=C(O)CCC(=O)C=Cc1cccc([N+](=O)[O-])c1,3567,1,11542
9189,11543,Cc1ccc(C2(c3ccc(C)cc3)C(=O)N(Cl)C(=O)N2Cl)cc1,1460,2,8616
9190,11544,COc1ccc(C2NC(=O)NC2=O)cc1OC,3566,1,11544
9191,11546,CC(=O)NNC(=O)c1ccc(Br)cc1,3565,1,11546
9192,11547,O=C(NNC(=O)c1cccc(F)c1)c1cccc(F)c1,358,5,11308
9193,11548,O=C(NNC(=O)c1cccc2ccccc12)c1cccc(F)c1,358,5,11308
9194,11549,O=C(NNC(=O)c1cccc2ccccc12)c1ccc(F)cc1,358,5,11308
9195,11550,C1=NCCN1CN(Cc1ccccc1)c1ccccc1,3564,1,11550
9196,11551,CCCCCCCCCC1=NC(C)(C)CN1C(C)C,1459,2,11551
9197,11552,CCCCCCCCCCCC1=NC(C)(C)CN1C(C)C,1459,2,11551
9198,11553,CCCCCCCCCC1=NC(C)(C)CN1c1ccccc1,1458,2,3521
9199,11554,CCCCCCCCCC1=NC(C)(C)CN1CCO,853,3,11554
9200,11555,CCCCCCCCCC1=NC(C)(C)CN1C(C)(C)CO,3563,1,11555
9201,11556,CCCCCCCCCC1=NC(C)(C)CN1CC(C)O,853,3,11554
9202,11557,CCCCCCCCCCCC1=NC(C)(C)CN1CC(C)O,853,3,11554
9203,11558,c1ccc2c(CC3=NCCN3)c[nH]c2c1,3562,1,11558
9204,11559,O=C(CSC1=NCCN1)c1ccccc1,1457,2,7606
9205,11560,Brc1ccc(C2=CSC3=NCCN23)cc1,581,4,4136
9206,11562,Cc1cc(C)c2[nH]cc(CC(=O)O)c2c1,3561,1,11562
9207,11563,COc1ccc2[nH]c(C)c(CCN)c2c1,1191,2,11563
9208,11564,CN(C)NC(=O)c1cc2cc(OCc3ccccc3)ccc2[nH]1,3560,1,11564
9209,11565,COC(=O)n1cc(N2CCCC2)c2ccccc21,3559,1,11565
9210,11566,CN(C)c1ccc(C=C2C=Nc3ccccc32)cc1,3558,1,11566
9211,11567,CN(C)CCCCc1c[nH]c2ccccc12,159,8,811
9212,11568,NC(=O)c1cnccc1C=Cc1ccccc1,3557,1,11568
9213,11569,CCCCCCCCC(=O)Nc1ncnc2nc[nH]c12,3556,1,11569
9214,11578,Cc1c(C(=O)O)[nH]c(=S)[nH]c1=S,1456,2,11578
9215,11579,Cc1c(C(=O)O)[nH]c(=O)[nH]c1=S,1456,2,11578
9216,11580,Fc1nc(F)c(Cl)c(C(F)(F)F)n1,3555,1,11580
9217,11581,COc1nc(Cl)nc(C(Cl)(Cl)Cl)c1Cl,3554,1,11581
9218,11582,CS(=O)(=O)c1nc(N)c(S(N)(=O)=O)c(N)n1,3553,1,11582
9219,11583,Nc1nc(=O)[nH]c(N)c1S(=O)(=O)O,3552,1,11583
9220,11584,Clc1nc(Cl)c(Cl)c(C(Cl)(Cl)Cl)n1,3551,1,11584
9221,11585,CSc1nc(N)c2c(n1)N(C)C=NS2(=O)=O,3550,1,11585
9222,11586,Cn1c2c(c(=O)n(C)c1=O)S(=O)(=O)NC=N2,3549,1,11586
9223,11587,O=C(O)c1[nH]c(Br)c(Br)c1Br,3548,1,11587
9224,11588,CCCN=Cc1ccc[nH]1,3547,1,11588
9225,11598,O=C(Nc1ccccc1Cl)N1CCC2N(C(=O)Nc3ccccc3Cl)CCC3N(C(=O)Nc4ccccc4Cl)CCC1N23,3546,1,11598
9226,11600,CCCCSc1nc2c(c(=O)[nH]c(=O)n2C)n1C,852,3,11600
9227,11601,CCCCCCCCSc1nc2c(c(=O)[nH]c(=O)n2C)n1C,852,3,11600
9228,11602,CCCSc1nc2c(c(=O)[nH]c(=O)n2C)n1C,852,3,11600
9229,11603,C=CCc1nc2c([nH]1)c(=O)n(C)c(=O)n2C,157,8,2332
9230,11604,Cn1c(=O)c2[nH]c(CCCCc3nc4ccccc4[nH]3)nc2n(C)c1=O,3545,1,11604
9231,11605,CCCCSc1nc2c([nH]1)c(=O)n(C)c(=O)n2C,3,28,3325
9232,11606,Cn1c(=O)c2[nH]c(CC=Cc3ccccc3)nc2n(C)c1=O,3544,1,11606
9233,11608,Cn1c(=O)c2[nH]c(CCC3CCCC3)nc2n(C)c1=O,157,8,2332
9234,11609,Cn1c(=O)c2[nH]c(SC3CCCC3)nc2n(C)c1=O,851,3,3846
9235,11610,Cn1c(=O)c2[nH]c(SCCC(C)(C)C)nc2n(C)c1=O,182,2,11193
9236,11613,CCCC(=O)OCc1ccccn1,1455,2,2069
9237,11614,CCCCNC(=O)c1cccnc1C(=O)O,3543,1,11614
9238,11624,CCOC(=O)C(N)Cc1cc(I)c(O)c(I)c1,3542,1,11624
9239,11625,Cn1c(N)c(OS(C)(=O)=O)c(=O)n(C)c1=O,3541,1,11625
9240,11626,Cc1cc(Cl)cc(CN(C)Cn2c(=O)cc[nH]c2=O)c1O,3540,1,11626
9241,11627,C=CCNC(=S)Nc1ccc(N(CC)CC)cc1,3539,1,11627
9242,11628,C=CCNC(=S)Nc1ccccc1C=O,1039,3,4745
9243,11629,C=CCNC(=S)Nc1cccc([N+](=O)[O-])c1,3538,1,11629
9244,11630,C=CCNC(=S)NS(=O)(=O)c1ccccc1,3537,1,11630
9245,11631,Cc1c(NC(=S)NC2CCCCC2)c(=O)n(-c2ccccc2)n1C,80,10,11325
9246,11632,Cc1cc(C)nc(NC(=S)Nc2c(C)n(C)n(-c3ccccc3)c2=O)c1,80,10,11325
9247,11633,CCOc1ccc(NC(=S)Nc2c(C)n(C)n(-c3ccccc3)c2=O)cc1,80,10,11325
9248,11634,COc1ccc(NC(=S)Nc2c(C)n(C)n(-c3ccccc3)c2=O)cc1,80,10,11325
9249,11637,O=C1NC(=S)NC(=O)C1=Cc1ccc2c(c1)OCO2,3536,1,11637
9250,11638,CSc1nc(N)c2c(n1)NCNS2(=O)=O,3535,1,11638
9251,11639,CCCC(=NOCC)C1C(=O)CC(CC(C)SCC)CC1=O,3534,1,11639
9252,11643,CN(C)N1C(=O)C2C3C=CC(C3)C2C1=O,3533,1,11643
9253,11644,CC(C)=CCc1c(O)cc(O)c2c(=O)c(-c3ccc(O)cc3O)coc12,3532,1,11644
9254,11646,CN(C)C(=O)Sc1ccc[n+](Cc2ccccc2)c1,3531,1,11646
9255,11649,O=C(O)c1ccc(OCCn2ccnc2)cc1,3530,1,11649
9256,11656,CCNCCCN1C(=O)CC2(CCCc3ccccc32)C1=O,3529,1,11656
9257,11669,CC(CN1C(=O)CC2(CCCc3ccccc32)C1=O)N(C)C,251,6,11669
9258,11670,CC(CN(C)C)N1C(=O)CC2(CCCc3ccccc32)C1=O,541,4,11670
9259,11671,CCN(CC)C(C)CN1C(=O)CC2(CCCc3ccccc32)C1=O,251,6,11669
9260,11680,CC(CCN1C(=O)CC2(CCCc3ccccc32)C1=O)N(C)C,251,6,11669
9261,11681,CCN(CC)C(C)CCN1C(=O)CC2(CCCc3ccccc32)C1=O,251,6,11669
9262,11682,CCC(CN1C(=O)CC2(CCCc3ccccc32)C1=O)N(C)C,357,1,11682
9263,11683,CCC(CN1C(=O)CC2(CCCc3ccccc32)C1=O)N(CC)CC,251,6,11669
9264,11684,CCC(CN(C)C)N1C(=O)CC2(CCCc3ccccc32)C1=O,541,4,11670
9265,11685,CCC(CN(CC)CC)N1C(=O)CC2(CCCc3ccccc32)C1=O,541,4,11670
9266,11691,CCN(CC)CC(C)N1C(=O)CC2(CCCc3ccccc32)C1=O,541,4,11670
9267,11692,COc1ccc(Cl)cc1S(=O)(=O)CCN1CCOCC1,1454,2,11692
9268,11693,COc1ccc(Cl)cc1S(=O)(=O)CCCN1CCCC1,1454,2,11692
9269,11694,CCC(=O)SCC(C)C(=O)N1CCCC1C(=O)NC(Cc1ccccc1)C(=O)O,1453,2,73
9270,11696,CC(C)C(=O)C(C)(C)CN1CCCC1,3528,1,11696
9271,11697,Cn1cc(C=[N+]2CCCC2)c2ccccc21,3527,1,11697
9272,11699,Cc1cc(SCc2ccccc2)cc(C)[o+]1,3526,1,11699
9273,11700,Cc1cc(N2CCOCC2)cc(C)[o+]1,3525,1,11700
9274,11701,Cc1cc(N2CCCCC2)cc(C)[o+]1,3524,1,11701
9275,11702,CCOC(=O)C1(O)c2ccccc2NC(=S)N1CC(Br)CBr,3523,1,11702
9276,11704,O=c1c2ccccc2nc(SCc2ccccc2Cl)n1-c1ccccc1,3522,1,11704
9277,11706,CCCCC(C)CC(O)C=CC1C(O)CC(=O)C1CCCCC=CC(=O)O,3521,1,11706
9278,11708,CC(=Cc1ccc(Cc2cccnc2)cc1)C(=O)O,3520,1,11708
9279,11711,CCCc1nc(NC(=N)N)oc1CCC,3519,1,11711
9280,11712,O=C(O)COc1c(I)cc(I)cc1I,3518,1,11712
9281,11713,CN1CC(CC(C#N)C(N)=O)CC2c3cccc4[nH]cc(c34)CC21,3517,1,11713
9282,11714,CCN(C)CC(=O)Nc1c(C)cccc1C,57,12,6312
9283,11715,CCCc1cccc(C(C)C)c1O,540,3,6106
9284,11716,C=C(C)C(=O)C(=CC(=O)O)OC,3516,1,11716
9285,11721,CCN(CC)CC(=O)Nc1ccc(OC)cc1,81,10,4641
9286,11722,CCN(CC)CC(=O)Nc1ccc(Cl)cc1,81,10,4641
9287,11723,CCN(CC)CC(=O)Nc1ccc(Br)cc1,81,10,4641
9288,11724,CCN(CC)CC(=O)Nc1ccc([N+](=O)[O-])cc1,1452,2,8604
9289,11725,CCN(CC)CC(=O)Nc1ccc(N(C)C)cc1,81,10,4641
9290,11727,Cc1cc(=O)c(C(=O)NC(C(=O)NC2C(=O)N3C(C(=O)O)=C(CSc4nnnn4C)CSC23)c2ccc(O)cc2)c[nH]1,1451,2,724
9291,11728,COc1ccc2[nH]c3c(C)c4ccnc(NCCCN5CCN(CCCN)CC5)c4cc3c2c1,3515,1,11728
9292,11729,C[N+](C)(C)CCOCCCl,233,6,5079
9293,11730,C[N+](C)(C)CCOCCBr,233,6,5079
9294,11731,C[N+](C)(C)CCOCCI,233,6,5079
9295,11734,COc1ccc2c(c1OC)C13CCN(C)C(C2)C1CCC(=O)C3,680,4,1925
9296,11735,CCc1ccc(O)c(C(C)C)c1,3514,1,11735
9297,11736,CCc1cc(C(C)C)c(O)c(C(C)C)c1,3513,1,11736
9298,11743,CC(C)c1cccc(C2CC2)c1O,1450,2,11743
9299,11747,CC(C)c1cccc(C2CCCCC2)c1O,1450,2,11743
9300,11750,Cc1c(C(C)C)ccc(C(C)C)c1O,442,5,1462
9301,11751,CCCCc1c(C)ccc(C(C)C)c1O,3512,1,11751
9302,11753,N=C(N)CCNC(=O)C1CCC(N)C1,3511,1,11753
9303,11755,CNCCc1ccc(OC(=O)C(C)C)c(OC(=O)C(C)C)c1,3510,1,11755
9304,11756,Cc1cc2oc3n[nH]nc3c(=O)c2cc1C,3509,1,11756
9305,11758,Cc1nnc(NC(=O)NCCCl)s1,3508,1,11758
9306,11759,CCCOc1ccc(/N=C/SCNC(=O)OC)c([N+](=O)[O-])c1,3507,1,11759
9307,11760,CNc1cc(OC)c(C(=O)NC2CCN(Cc3ccccc3)C2C)cc1Cl,3506,1,11760
9308,11761,CCn1cc(C(=O)O)c(=O)c2cc(F)c(N3CCN(C)CC3)c(F)c21,245,6,160
9309,11763,CCN=C1OC(c2ccccc2)C2CCCCN12,250,6,11763
9310,11764,CCCCN=C1OC(c2ccccc2)C2CCCCN12,250,6,11763
9311,11765,c1ccc(CN=C2OC(c3ccccc3)C3CCCCN23)cc1,250,6,11763
9312,11766,c1ccc(CCN=C2OC(c3ccccc3)C3CCCCN23)cc1,250,6,11763
9313,11767,c1ccc(N=C2OC(c3ccccc3)C3CCCCN23)cc1,250,6,11763
9314,11768,c1ccc(C2OC(=NCC3CCCCC3)N3CCCCC23)cc1,250,6,11763
9315,11769,CN=C1OC(c2cccc(C)c2)C2CCCCN12,850,2,11769
9316,11770,CN=C1OC(c2cccc(OC)c2)C2CCCCN12,850,2,11769
9317,11771,CN=C1OC(c2ccc(Cl)cc2)C2CCCCN12,3505,1,11771
9318,11773,CCN(CC)CCOc1ccc(C(=O)OC(C)C)cn1,1449,2,5484
9319,11774,CCN(CC)CCOc1ccc(C(=O)NC2CCCCC2)cn1,3504,1,11774
9320,11775,c1ccc(CCc2nccc3ccccc23)nc1,3503,1,11775
9321,11776,C[n+]1ccc(SCC2=C(C(=O)O)N3C(=O)C(NC(=O)C(=NOCC(=O)O)c4csc(N)n4)C3SC2)cc1,101,9,113
9322,11778,COc1cc2c(cc1O)C(Cc1ccc(O)cc1)[N+](C)(C)CC2,3502,1,11778
9323,11780,CCC1(O)CC(OC2CC(N(C)C)C(OC3CC(O)C(OC4CCC(=O)C(C)O4)C(C)O3)C(C)O2)c2c(cc3c(c2O)C(=O)c2c(O)cccc2C3=O)C1C(=O)OC,48,13,7597
9324,11793,COC1(NC(=O)CSCC(N)C(=O)O)C(=O)N2C(C(=O)O)=C(CSc3nnnn3C)CSC21,1448,2,688
9325,11796,CC1C(c2ccccc2)N=C(N)N1C,3501,1,11796
9326,11804,CCN(CC)CCCN1C(=O)CC2(Cc3ccccc3C2)C1=O,3500,1,11804
9327,11806,COC(=O)C(C)(C)N1CCCCC1,3499,1,11806
9328,11807,c1ccc2c(c1)CCC1C2N=C2SCCN21,3498,1,11807
9329,11808,c1ccc2c(c1)CCC1N=C3SCCN3C21,3497,1,11808
9330,11809,CC(C)(CCn1c(=O)[nH]c2ccccc21)NCC(O)COc1cccc2ccccc12,3496,1,11809
9331,11810,CC1SC2=NC3c4ccccc4CCC3N2C1(O)c1ccccc1,3495,1,11810
9332,11812,CC(NC(=S)S)C(=O)O,3494,1,11812
9333,11813,CC(C)CC(NC(=S)S)C(=O)O,3493,1,11813
9334,11814,CSCCC(NC(=S)S)C(=O)O,1447,2,2137
9335,11815,O=C(O)CC(NC(=S)S)C(=O)O,1446,2,11815
9336,11816,O=C(O)CCC(NC(=S)S)C(=O)O,1446,2,11815
9337,11817,COc1ccc(N=C=S)cc1N=C=S,3492,1,11817
9338,11818,CN(C(=O)CC(=O)N(C)c1c(I)c(C(=O)NC(CO)CO)c(I)c(C(=O)NC(CO)CO)c1I)c1c(I)c(C(=O)NC(CO)CO)c(I)c(C(=O)NC(CO)CO)c1I,3491,1,11818
9339,11819,COc1c(NC(C)=O)c(OCCNC(C)C)c(OC)c2occc12,74,4,9901
9340,11820,COc1c(NC(C)=O)c(OCCNC2CCCCC2)c(OC)c2occc12,74,4,9901
9341,11821,COc1c(NC(C)=O)c(OCCN2CCOCC2)c(OC)c2occc12,1,42,9883
9342,11822,COc1c(NC=O)c(OCCN2CCCCC2)c(OC)c2occc12,1,42,9883
9343,11823,COc1c(NC(=O)C(F)(F)F)c(OCCN2CCCCC2)c(OC)c2occc12,1,42,9883
9344,11824,COc1c(NC(=O)C(C)C)c(OCCN2CCCCC2)c(OC)c2occc12,1,42,9883
9345,11825,COc1c(NC(=O)C2CCCCC2)c(OCCN2CCCCC2)c(OC)c2occc12,1,42,9883
9346,11826,COC(=O)Nc1c(OCCN2CCCCC2)c(OC)c2occc2c1OC,1,42,9883
9347,11827,CCOC(=O)Nc1c(OCCN2CCCCC2)c(OC)c2occc2c1OC,1,42,9883
9348,11828,COc1c(NC(=O)OC(C)C)c(OCCN2CCCCC2)c(OC)c2occc12,1,42,9883
9349,11829,COc1c(NC(N)=O)c(OCCN2CCCCC2)c(OC)c2occc12,1,42,9883
9350,11830,CNCCOc1c(NC(C)=O)c(OC)c2ccoc2c1OC,74,4,9901
9351,11831,CNC(=O)Nc1c(OCCCCN2CCCCC2)c(OC)c2occc2c1OC,1,42,9883
9352,11832,CNC(=O)Nc1c(OCCN2CCOCC2)c(OC)c2occc2c1OC,1,42,9883
9353,11833,CCCNC(=O)Nc1c(OCCN2CCCCC2)c(OC)c2occc2c1OC,1,42,9883
9354,11834,COc1c(NC(=O)NC(C)C)c(OCCN2CCCCC2)c(OC)c2occc12,1,42,9883
9355,11835,CCCCNC(=O)Nc1c(OCCN2CCCCC2)c(OC)c2occc2c1OC,1,42,9883
9356,11836,COc1c(NC(=O)NC(C)(C)C)c(OCCN2CCCCC2)c(OC)c2occc12,1,42,9883
9357,11837,COc1c(NC(=O)Nc2ccccc2)c(OCCN2CCCCC2)c(OC)c2occc12,1,42,9883
9358,11838,CNS(=O)(=O)Nc1c(OCCN2CCCCC2)c(OC)c2occc2c1OC,1,42,9883
9359,11839,CNC(=S)Nc1c(OCCN2CCCCC2)c(OC)c2occc2c1OC,1,42,9883
9360,11840,CNC(=O)N(C)c1c(OCCN2CCCCC2)c(OC)c2occc2c1OC,1,42,9883
9361,11842,CNC(=O)Nc1cc2ccoc2cc1OCCN1CCCCC1,1445,1,11842
9362,11843,CCOc1c(NC(=O)NC)c(OCCN2CCCCC2)c(OC)c2occc12,1,42,9883
9363,11844,CNC(=O)Nc1c(OCCN2CCCCC2)c(OC)c2occc2c1OC(C)C,1,42,9883
9364,11845,CNC(=O)Nc1c(OC)c(OC)c2occc2c1OCCN1CCCCC1,1,42,9883
9365,11846,CNC(=O)Nc1c(OC)ccc(OC)c1OCCN1CCCCC1,3490,1,11846
9366,11847,CCCN(CCC)CCOc1c(NC(=O)NC)c(OC)c2ccoc2c1OC,1,42,9883
9367,11848,CNC(=O)Nc1c(OCCN2CCCCC2)cc2occc2c1OC,1,42,9883
9368,11849,CCOC1OC2CC=C3CCN(C)C3C2c2cc(OC)c(OC)cc21,3489,1,11849
9369,11860,C[N+](C)(C)NCCC(=O)O,3488,1,11860
9370,11862,CCC1(O)CC(OC2CC(N(C)C)C(OC3CC(O)C(OC4CCC(=O)C(C)O4)C(C)O3)C(C)O2)c2c(O)c3c(c(O)c2C1C(=O)OC)C(=O)c1c(O)ccc(O)c1C3=O,48,13,7597
9371,11863,CCC1(O)CC(OC2CC(N(C)C)C(OC3CC(O)C(OC4CCC(=O)C(C)O4)C(C)O3)C(C)O2)c2c(O)c3c(c(O)c2C1O)C(=O)c1cccc(O)c1C3=O,48,13,7597
9372,11864,CCC1(O)CCc2c(O)c3c(c(O)c2C1OC1CC(N(C)C)C(OC2CC(O)C(OC4CCC(=O)C(C)O4)C(C)O2)C(C)O1)C(=O)c1cccc(O)c1C3=O,48,13,7597
9373,11865,O=C(N1CCOCC1)C1(c2ccccc2)CCCC1,799,3,11865
9374,11878,CCN(CC)C(C)CCN1C(=O)CC2(CCCc3cc(OC)ccc32)C1=O,251,6,11669
9375,11879,CC(C)CC(=O)OC1OC=C(CO)C2CC(O)C(CO)C12,1444,2,8437
9376,11881,CCOC(=O)c1c(C)n(C)c2ccc(OCC3CO3)cc12,1443,2,11881
9377,11882,CCOC(=O)c1c(C)n(-c2ccccc2)c2ccc(OCC3CO3)cc12,1443,2,11881
9378,11889,COc1ccc(-c2cc3c(n2-c2ccccc2)CCCC3=O)cc1,3487,1,11889
9379,11890,COc1ccc(-c2cc3c(n2C(C)C)CCCC3=O)cc1,3486,1,11890
9380,11891,c1ccc(-c2cc3c(OCC4CO4)cccc3n2-c2ccccc2)cc1,1442,2,11891
9381,11892,COc1ccc(-c2cc3c(OCC4CO4)cccc3n2-c2ccccc2)cc1,1442,2,11891
9382,11901,CCC1(O)CC(OC2CC(N(C)C)C(OC3CC(O)C(OC4CCC(=O)C(C)O4)C(C)O3)C(C)O2)c2c(O)c3c(c(O)c2C1C(=O)OC)C(=O)c1ccccc1C3=O,48,13,7597
9383,11902,CC(O)C(=O)NC(C)C(=O)NC(CCC(=O)NC(CCCC(N)C(=O)O)C(=O)NCC(=O)O)C(=O)O,3485,1,11902
9384,11903,Cc1ccc(Cc2c[nH]c(NCCSCc3[nH]cnc3C)nc2=O)cn1,10,21,9276
9385,11909,CCN(CC)CCOC(C(=O)Nc1c(C)cccc1C)c1ccccc1,3484,1,11909
9386,11910,CC(C)CCNC(=O)C(CC(C)C)NC(=O)C1OC1C(=O)O,3483,1,11910
9387,11913,N#CSCC=CCl,3482,1,11913
9388,11914,CCN(C(C)=O)c1c(I)c(NC(=O)CCS(=O)(=O)CCC(=O)Nc2c(I)c(C(=O)O)c(I)c(N(CC)C(C)=O)c2I)c(I)c(C(=O)O)c1I,3481,1,11914
9389,11919,CN=C(C[N+](=O)[O-])NCCSCc1csc(CN(C)C)n1,3480,1,11919
9390,11921,CCCCCNCC(N)=O,3479,1,11921
9391,11923,O=C1CCC(=O)OCCOCCOC(=O)CCC(=O)OCCOCCO1,1175,2,11923
9392,11924,CNCC1CCC(N)C(OC2C(N)C(O)C(N)C(OC3OCC(C)(O)C(NC)C3O)C2O)O1,220,7,166
9393,11925,CCC(F)(F)C(F)(F)C(F)(F)C(F)(F)C(F)(F)C(F)(F)C(F)(F)C(F)(F)F,3478,1,11925
9394,11926,O=[N+]([O-])c1cccc2nc3ccccc3c(NCCN(CCO)CCO)c12,214,7,3882
9395,11927,CCN1CC2(COC)C(OC(C)=O)CC(OC)C34C5CC6(O)C(OC)C(O)C(OC(C)=O)(C5C6OC(=O)c5ccccc5)C(C(OC)C23)C14,119,9,24
9396,11928,Cc1cccc(C)c1NC(=O)CN1CCCC1=O,3477,1,11928
9397,11930,O=C(O)COc1ccc(I)cc1I,718,3,11930
9398,11931,CC1CN(C(=O)Nc2ccc(Cl)cc2)CC(C)O1,3476,1,11931
9399,11932,CCCN1CCc2cc(OC)c(OC)cc2C1C,1441,2,8691
9400,11933,COc1cc2c(cc1OC)C(C)N(C(=O)C(C)C)CC2,3475,1,11933
9401,11935,COc1ccc(-c2nc3ncccc3[nH]2)c(OC)c1,3474,1,11935
9402,11937,CC(C)=CCCC(C)=CCCC(C)=CCCC(C)=CCCC(C)=CCCC(C)=CCCC(C)=CCCC(C)=CCCC(C)=CCCC(C)=CCN,1440,2,1077
9403,11938,CCC1(O)CCc2c(O)c3c(c(O)c2C1OC1CC(N(C)C)C(OC2CC(O)C(OC4CCC(O)C(C)O4)C(C)O2)C(C)O1)C(=O)c1cccc(O)c1C3=O,849,1,11938
9404,11939,CCC1(O)CC(OC2CC(N(C)C)C(OC3CC(O)C(OC4CCC(=O)C(C)O4)C(C)O3)C(C)O2)c2c(cc3c(c2O)C(=O)c2c(O)ccc(O)c2C3=O)C1O,48,13,7597
9405,11941,COc1ccc(Cl)cc1N=Nc1ncc[nH]1,3473,1,11941
9406,11942,CCCN1CC(NC(=O)N(CC)CC)CC2c3cccc4[nH]cc(c34)CC21,949,3,2801
9407,11943,CCN(CC)CCOC(=O)Nc1c(C)cc(C)cc1C,3472,1,11943
9408,11944,O=c1n(CC2CO2)c(=O)n(CC2CO2)n1CC1CO1,1439,2,8972
9409,11946,Cc1ccc2c(c1NC1=NCCO1)CCCC2,1438,1,11946
9410,11947,Cc1cc(NC2=NCCO2)c2c(c1C)CCCC2,575,4,7971
9411,11948,Cc1cc(C)c(NC2=NCCO2)cc1C,3471,1,11948
9412,11949,c1cc2c(c(NC3=NCCO3)c1)CCC2,1333,2,11949
9413,11950,Cc1ccc(NC2=NCCO2)c2c1CCC2,575,4,7971
9414,11951,Cc1cccc(C)c1CNC1=NCCO1,848,3,11951
9415,11952,Cc1cccc(CNC2=NCCO2)c1C,848,3,11951
9416,11953,CC1OC=C(C(=O)O)C2CC3c4[nH]c5ccccc5c4CCN3CC12,658,4,3247
9417,11954,CCN(CC)CC(=O)Nc1ccccc1Cl,156,8,1796
9418,11955,CCN(CC)CC(=O)Nc1c(Cl)cc(Cl)cc1Cl,249,6,5371
9419,11958,O=C(CN1CCN(CCO)CC1)N1CCCC(c2ccc(F)cc2)c2ccc(F)cc21,847,3,11958
9420,11959,CCC(=O)OCCN1CCN(CC(=O)N2CCCC(c3ccc(F)cc3)c3ccc(F)cc32)CC1,847,3,11958
9421,11960,OCCN1CCN(CCN2CCCC(c3ccc(F)cc3)c3ccc(F)cc32)CC1,847,3,11958
9422,11962,COc1cc2c(oc(=O)c3cc(C)cc(OC)c32)c2c(C3OC(C)C(O)C(O)C3O)ccc(O)c12,1437,2,11962
9423,11963,C=Cc1cc(OC)c2c(c1)c(=O)oc1c2cc(OC)c2c(O)ccc(C3OC(C)C(O)C(O)C3O)c21,1437,2,11962
9424,11964,COC1(NC(=O)C(C)NC(=O)CCC(N)C(=O)O)CN(S(=O)(=O)O)C1=O,3470,1,11964
9425,11965,Cc1cccc(Cl)c1NC(=O)OCCN1CCCC1,830,2,11965
9426,11966,CC[N+](C)(CC)CCCCCC[N+](C)(CC)CCCCCC[N+](C)(CC)CCCCCC[N+](C)(CC)CC,315,5,9624
9427,11967,CCC[N+](CC)(CC)CCCCCC[N+](CC)(CCC)CCCCCC[N+](CC)(CCC)CCCCCC[N+](CC)(CC)CCC,54,12,2102
9428,11968,CC[S+](CCCCCC[N+](CC)(CC)CCCCCC[N+](CC)(CC)CC)CCCCCC[N+](CC)(CC)CCCCCC[N+](CC)(CC)CC,3469,1,11968
9429,11969,CC[N+](CC)(CC)CCCCCC[N+](CC)(CC)CCCCCCCC[N+](CC)(CC)CCCCCC[N+](CC)(CC)CC,54,12,2102
9430,11970,CC[N+](CC)(CC)CCCCCCCC[N+](CC)(CC)CCCCCCCC[N+](CC)(CC)CCCCCCCC[N+](CC)(CC)CC,54,12,2102
9431,11971,CC[N+](CC)(CC)CCCCCC[N+](CC)(CC)CCCCCCCCCC[N+](CC)(CC)CCCCCC[N+](CC)(CC)CC,54,12,2102
9432,11972,CC[N+](CC)(CC)CCCCCCCC[N+](CC)(CC)CCCCCC[N+](CC)(CC)CCCCCCCC[N+](CC)(CC)CC,54,12,2102
9433,11973,CC[N+](CC)(CC)CCCCCCCCCC[N+](CC)(CC)CCCCCC[N+](CC)(CC)CCCCCCCCCC[N+](CC)(CC)CC,54,12,2102
9434,11974,COC(=O)c1ccc(OCC(O)CNC(C)C)c(OC)c1,401,5,5729
9435,11975,CN1CCC(Oc2ccc(N)cc2)(c2ccccc2)CC1,3468,1,11975
9436,11976,CCCCOc1ccccc1C(=O)NCCCN,89,8,10685
9437,11977,CCOc1ccccc1C(=O)NCCCN,89,8,10685
9438,11978,CC(C)Oc1ccccc1C(=O)NCCCN,89,8,10685
9439,11979,COc1ccccc1C(=O)NCCCN,89,8,10685
9440,11980,CCCOc1ccccc1C(=O)NCCCN,89,8,10685
9441,11981,CCOc1ccccc1C(=O)NCCCN(CCO)CCO,181,3,11981
9442,11982,CC(C)CCOc1ccccc1C(=O)NCCCN(CCO)CCO,181,3,11981
9443,11983,CCCCOc1ccccc1C(=O)NCCCN(CCO)CCO,89,8,10685
9444,11985,CCCCOc1ccccc1C(=O)NCCCN(CC)CC,89,8,10685
9445,11986,CCCCOc1ccccc1C(=O)NCCCN1CCOCC1,15,18,4231
9446,11987,CCOc1ccccc1C(=O)NCCCN1CCOCC1,539,1,11987
9447,11988,O=S(=O)(O)c1ccc(-n2ccc(-c3ccccc3)n2)cc1,3467,1,11988
9448,11989,CCCOc1ccccc1C(=O)NCCCN(CCO)CCO,181,3,11981
9449,11990,CCN(CC)CCOC1=C(Cc2ccccc2)C(=O)OC1,3466,1,11990
9450,11991,CN(C)CCN(C1=C(Cc2ccccc2)C(=O)OC1)c1ccccc1,1435,2,11991
9451,11992,CCCCC1C(=O)COC1=O,1436,2,5877
9452,11993,CC1=C(N(CCN(C)C)c2ccccc2)COC1=O,1435,2,11991
9453,11994,O=C1COC(=O)C1CCCc1ccccc1,1236,2,11994
9454,11995,CN1CCN(C2=Nc3cccc4cccc2c34)CC1,3465,1,11995
9455,11999,CC(O)C(c1ccc2c(c1)OCO2)N1CCOCC1,3464,1,11999
9456,12000,CCCCCCCCCCCC(=O)NCc1ccccc1,125,8,12000
9457,12001,Cc1nn(C)c2c1N(C(=O)CN1CCN(C)CC1)c1ccccc1NC2=O,3463,1,12001
9458,12002,C=C1OC(OC2C(CO)OC(Oc3ccc(C(=O)NCCCNCCCCNCCCCN)cc3)C2O)C(O)C(OC2OC(CO)C(OC3OC(C)C(N)C(O)C3NC(=O)C(C)N)C(O)C2O)C1O,3462,1,12002
9459,12012,CC1CCN(CCCOC(=O)c2ccccc2)CC1,538,4,10000
9460,12014,CC(=O)SCc1cnc(C)c(O)c1CSC(C)=O,627,2,5287
9461,12018,Cc1cc(C)c(NC(=O)CN(CC(=O)O)CC(=O)O)c(C)c1Br,3461,1,12018
9462,12019,CN(C)CCOC(=O)c1ccc(N)cc1O,126,3,12019
9463,12022,CC1C(=O)CNC1=O,3460,1,12022
9464,12023,COCc1c(CSSCc2cnc(C)c(O)c2COC)cnc(C)c1O,96,10,482
9465,12024,CCCCNc1ccc(C(=O)OCCN(C)C)c(OCCCC)c1,248,4,1463
9466,12025,C=C1Cn2c(nc3ccccc32)O1,3459,1,12025
9467,12042,CC(C)CC(NC(=O)C1CCCC(=O)N1)C(=O)N1CCCC1C(N)=O,3458,1,12042
9468,12045,N=C(N)NCc1ccnc2ccccc12,3457,1,12045
9469,12046,Cc1cc(CNC(=N)N)c2ccccc2n1,1434,2,12046
9470,12047,N=C(N)NCc1cc(-c2ccccc2)nc2ccccc12,1434,2,12046
9471,12048,N=C(Nc1ccccc1)c1ccnc2ccccc12,1433,2,12048
9472,12049,Cc1ccc2nccc(C(=N)Nc3ccccc3)c2c1,1433,2,12048
9473,12050,Cc1cc(C(=N)Nc2ccccc2)c2cc(Br)ccc2n1,3456,1,12050
9474,12051,CCOC(=O)Nc1ccc2c(c1)N(C(=O)CN(C)C)c1ccccc1CC2,3455,1,12051
9475,12052,CCC1CN2CCC1CC2C(O)c1ccnc2ccccc12,3454,1,12052
9476,12053,CCN(CC)CCOC(=O)C(c1ccccc1)C1(O)CCCC1,1432,2,129
9477,12056,Cc1ccccc1Cc1cnc[nH]1,356,5,12056
9478,12057,Cc1cccc(C)c1Cc1cnc[nH]1,356,5,12056
9479,12058,Cc1cccc(Cc2cnc[nH]2)c1,3453,1,12058
9480,12060,Cc1cc(C)c(Cc2cnc[nH]2)c(C)c1,356,5,12056
9481,12061,Clc1cccc(Cl)c1Cc1cnc[nH]1,1177,2,12061
9482,12062,CC(NC(C)(C)C)C(=O)c1c[nH]c2ccccc12,3452,1,12062
9483,12063,CC(C)(C)NCC(=O)c1c[nH]c2ccccc12,3451,1,12063
9484,12066,CN(C)CC(O)c1ccc(N)cc1,3450,1,12066
9485,12067,CCC1CC(C(=O)N(C)C2C(=O)NC(CC(C)C)C(=O)N3CC(C)CC3C(=O)NC(CCC(C)C)C(=O)N(C)C(C(C)C)C(=O)N3CCCC3C(=O)N(C)C(CC(C)C)C(=O)NCC(=O)OC2C)N(C(=O)C(C(C)C)N(C)C(=O)C(O)CC)C1,3449,1,12067
9486,12071,CCCC1(c2cccc(O)c2)CCN(C)CC1C,3448,1,12071
9487,12083,CC(CNC(=O)c1cccnc1)NC(=O)c1cccnc1,3447,1,12083
9488,12084,N=C(CSc1ccccc1)NO,180,7,8150
9489,12085,Cc1ccc(SCC(=N)NO)cc1,180,7,8150
9490,12086,CCc1ccc(SCC(=N)NO)cc1,180,7,8150
9491,12087,COc1ccccc1SCC(=N)NO,1431,2,12087
9492,12088,COc1cccc(SCC(=N)NO)c1,3446,1,12088
9493,12089,CCOc1ccc(SCC(=N)NO)cc1,180,7,8150
9494,12090,CSc1ccc(SCC(=N)NO)cc1,180,7,8150
9495,12091,CCSc1ccc(SCC(=N)NO)cc1,180,7,8150
9496,12092,COc1cc(Cl)ccc1SCC(=N)NO,1431,2,12087
9497,12093,COc1cc(SCC(=N)NO)ccc1Cl,1430,2,12093
9498,12094,COc1ccc(SCC(=N)NO)cc1OC,1430,2,12093
9499,12095,N=C(CSc1cccc2ccccc12)NO,3445,1,12095
9500,12096,N=C(CSc1ccc2ccccc2c1)NO,1429,1,12096
9501,12097,N=C(CSc1cccc2c1CCCC2)NO,3444,1,12097
9502,12098,N=C(CSc1ccc2c(c1)CCCC2)NO,3443,1,12098
9503,12101,Cc1cc2c3c(c1)CCCN3CCC2,3442,1,12101
9504,12102,CCCCCCCCCCCC(=O)NC(C)C(=O)NC(CCC(=O)NC(CCCC(N)C(=O)NC(=O)CN)C(=O)O)C(=O)O,3441,1,12102
9505,12103,Cn1cccc1C=C(C#N)C#N,3440,1,12103
9506,12104,C[N+]1(CC2OCCO2)CCC(OC(=O)C(O)(c2ccccc2)c2ccccc2)CC1,3439,1,12104
9507,12105,C[N+]1(CC2OCCO2)CCC(OC(=O)C2c3ccccc3Oc3ccccc32)CC1,3438,1,12105
9508,12106,NCCCCCC(O)(P(=O)(O)O)P(=O)(O)O,3437,1,12106
9509,12107,CCCCC(CC)C(=O)N1CCOCC1,3436,1,12107
9510,12109,CC[N+]1=C(CCOc2cc(Cl)cc(Cl)c2OC)CCC1,3435,1,12109
9511,12111,Cc1cccc(C)c1CCc1cnc[nH]1,356,5,12056
9512,12113,O=c1c2ccccc2nc2n1CCC2O,3434,1,12113
9513,12116,OCCN1CCN(C2CC(c3ccc(F)cc3)c3ccc(C(F)(F)F)cc32)CC1,3433,1,12116
9514,12117,COc1cc(CN2CCN(c3ccc(F)cc3)CC2)cc(OC)c1OC,130,8,12117
9515,12118,COc1cc(CN2CCN(c3ccccc3C)CC2)cc(OC)c1OC,130,8,12117
9516,12119,COc1cccc(N2CCN(Cc3cc(OC)c(OC)c(OC)c3)CC2)c1,247,5,12119
9517,12120,CCc1ccccc1N1CCN(Cc2cc(OC)c(OC)c(OC)c2)CC1,130,8,12117
9518,12121,CCOc1ccccc1N1CCN(Cc2cc(OC)c(OC)c(OC)c2)CC1,130,8,12117
9519,12122,COc1cc(CN2CCN(c3ccccc3[N+](=O)[O-])CC2)cc(OC)c1OC,130,8,12117
9520,12123,COc1cc(CN2CCN(c3ccc(O)cc3)CC2)cc(OC)c1OC,247,5,12119
9521,12124,COc1cc(CN2CCN(c3ccccc3Cl)CC2)cc(OC)c1OC,130,8,12117
9522,12125,COc1ccccc1N1CCN(Cc2cc(OC)c(OC)c(OC)c2)CC1,130,8,12117
9523,12126,COc1ccc(N2CCN(Cc3cc(OC)c(OC)c(OC)c3)CC2)cc1,247,5,12119
9524,12127,COc1cc(CN2CCN(c3ccccc3F)CC2)cc(OC)c1OC,130,8,12117
9525,12128,COc1cc(CN2CCN(c3cccc(C)c3)CC2)cc(OC)c1OC,247,5,12119
9526,12129,COc1cc(CN2CCN(c3ccc(C)cc3)CC2)cc(OC)c1OC,247,5,12119
9527,12130,NC(=S)NC(=S)Nc1ccc(Cl)cc1,3432,1,12130
9528,12135,Nc1nc2c(ncn2C2OC(CO)C(O)C2O)c(=O)o1,3431,1,12135
9529,12136,CN(C)CCOc1cc2c(c3ccccc13)-c1ccccc1C2=O,3430,1,12136
9530,12137,O=C(O)C1CCC(C2CCCCC2)CC1,3429,1,12137
9531,12151,CC(=O)NC(CCCN(C)C)c1ccccc1,3428,1,12151
9532,12152,CN(CCOC(=O)COc1ccc(Cl)cc1)CCOC(=O)COc1ccc(Cl)cc1,310,6,746
9533,12153,Cc1oc(=O)oc1COC(=O)C1N2C(=O)C(NC(=O)C(N)c3ccccc3)C2SC1(C)C,1133,2,471
9534,12154,CN1CCN(CCCc2c3c(cc4c2CCC4)CCC3)CC1,355,5,12154
9535,12155,CN(C)CCCc1c2c(cc3c1CCC3)CCC2,840,3,12155
9536,12156,CN(C)CCCCc1c2c(cc3c1CCC3)CCC2,840,3,12155
9537,12157,CN1CCN(CCCCc2c3c(cc4c2CCC4)CCC3)CC1,355,5,12154
9538,12158,OCCN1CCN(CCCc2c3c(cc4c2CCC4)CCC3)CC1,355,5,12154
9539,12159,OCCN1CCN(CCCCc2c3c(cc4c2CCC4)CCC3)CC1,355,5,12154
9540,12168,O=C(O)C1CSC(c2ccccc2O)N1C(=O)CCS,3427,1,12168
9541,12170,CN1CCN(CC(=O)N2c3ccccc3NC(=O)c3cscc32)CC1,3426,1,12170
9542,12172,CC(C)=CCCC(C)=CCCC(C)=CCCC(C)=CCCC(C)=CCCC(C)=CCCC(C)=CCCC(C)=CCCC(C)=CCN1CCN(CCO)CC1,3425,1,12172
9543,12173,CNC(=O)ON(C(C)=O)C(=O)NC,3424,1,12173
9544,12174,CC(C)NCC(O)COc1cccc2c1OCC(O[N+](=O)[O-])C2,3423,1,12174
9545,12177,Nc1ncnc2c1ncn2C1COC2C(O[N+](=O)[O-])COC21,3422,1,12177
9546,12178,CC(C)CC(NC(=O)C(Cc1ccccc1)NC(=O)CNC(=O)C(C)NC(=O)C(N)Cc1ccc(O)cc1)C(=O)NC(CCCNC(=N)N)C(=O)O,3421,1,12178
9547,12182,COc1cccc(OC)c1OCCCNC1COC2C(O[N+](=O)[O-])COC12,104,9,12182
9548,12183,COc1cc(OC)cc(OCCCNC2COC3C(O[N+](=O)[O-])COC23)c1,104,9,12182
9549,12184,COc1cccc(OCCCNC2COC3C(O[N+](=O)[O-])COC23)c1OC,537,1,12184
9550,12185,O=[N+]([O-])OC1COC2C(NCCCOc3ccc(Cl)cc3)COC12,104,9,12182
9551,12186,O=[N+]([O-])OC1COC2C(NCCCOc3ccccc3Cl)COC12,104,9,12182
9552,12187,O=[N+]([O-])OC1COC2C(NCCCOc3ccc(Cl)cc3Cl)COC12,846,1,12187
9553,12188,CC(=O)Nc1ccc(OCCCNC2COC3C(O[N+](=O)[O-])COC23)cc1,104,9,12182
9554,12189,NC1COC2C(O[N+](=O)[O-])COC12,311,6,179
9555,12190,CC(=O)NC1COC2C(O[N+](=O)[O-])COC12,3420,1,12190
9556,12191,CN(C)C1COC2C(O[N+](=O)[O-])COC21,311,6,179
9557,12192,CCN(CC)C1COC2C(O[N+](=O)[O-])COC21,311,6,179
9558,12193,O=[N+]([O-])OC1COC2C1OCC2N1CCCC1,311,6,179
9559,12194,O=[N+]([O-])OC1COC2C1OCC2N1CCCCC1,536,3,12194
9560,12195,O=[N+]([O-])OC1COC2C1OCC2N1CCOCC1,536,3,12194
9561,12196,CN1CCN(C2COC3C(O[N+](=O)[O-])COC32)CC1,536,3,12194
9562,12197,CN(Cc1ccccc1)C1COC2C(O[N+](=O)[O-])COC21,845,3,12197
9563,12198,CN(CCCc1ccccc1)C1COC2C(O[N+](=O)[O-])COC21,845,3,12197
9564,12199,CN(CCCCc1ccccc1)C1COC2C(O[N+](=O)[O-])COC21,845,3,12197
9565,12200,O=[N+]([O-])OC1COC2C(NCc3ccccc3)COC12,104,9,12182
9566,12201,O=[N+]([O-])OC1COC2C(NCCCc3ccccc3)COC12,104,9,12182
9567,12202,COc1ccc(CCCCNC2COC3C(O[N+](=O)[O-])COC23)cc1,844,1,12202
9568,12203,O=[N+]([O-])OC1COC2C(NCCOc3ccccc3)COC12,104,9,12182
9569,12204,O=[N+]([O-])OC1COC2C(NCCCCOc3ccccc3)COC12,104,9,12182
9570,12208,NCc1ccc2[nH]ccc2c1,3419,1,12208
9571,12210,CN(CC(N)=O)C(=O)N(CCCl)N=O,3418,1,12210
9572,12211,NC(=O)C1CCCN1C(=O)N(CCCl)N=O,3417,1,12211
9573,12212,C=CCN1CCCC1CNC(=O)c1cc(S(=O)(=O)NC)c(N)cc1OC,1428,2,10453
9574,12213,CCN(CC)CC(=O)OC1CC(C)CCC1C(C)C,3416,1,12213
9575,12214,CCCCNc1ccc2c(c1)C(=O)N(CCN(CC)CC)C2=O,3415,1,12214
9576,12215,Cn1c(=O)c2c(ncn2CCN2CCN(c3ccc(Cl)cc3)CC2)n(C)c1=O,843,1,12215
9577,12216,CC(=O)OCC12CCC3C(CCC4CC([N+](C)(C)C)CCC43C)C1CC([N+](C)(C)C)C2C(C)OC(C)=O,3414,1,12216
9578,12218,CCN1CCc2ncc(N)nc2CC1,3413,1,12218
9579,12219,CCN1CC2(COC)C(OC(C)=O)CC(OC)C34C5CC6(O)C(OC)CC(OC(C)=O)(C5C6OC(=O)c5ccccc5)C(C(OC)C23)C14,119,9,24
9580,12220,CCN1CC2(COC)C(OC(C)=O)CC(OC)C34C5CC6(OC(C)=O)C(OC)CC(OC(C)=O)(C5C6OC(=O)c5ccccc5)C(C(OC)C23)C14,119,9,24
9581,12221,Cn1c(=O)c2c(ncn2CCN2CCC(C(=O)c3ccc(F)cc3)CC2)n(C)c1=O,1422,2,12221
9582,12222,CCC(C(=O)O)C1(O)CCC(c2ccc(O)cc2)CC1,1427,2,3690
9583,12223,CON=C(C(=O)NC1C(=O)N2C(C(=O)O)=C(CSc3cnns3)CSC12)c1csc(N)n1,101,9,113
9584,12228,CCCCCCCCC=CCCCCCCCCNC(C)=O,318,5,3097
9585,12229,CC1=C(O)C(=O)C2=C(C1=O)C1C3C4C(CC(C(C#N)N3C2CO)N4C)C2OCCN21,3412,1,12229
9586,12230,COC(=O)C1=CCC23CCC(C(C)(C=CC=C(C)C(=O)O)OC2=O)C3(C(=O)OC)CC1,3411,1,12230
9587,12231,CC(=O)OC12CCC(C)=CCC13CCC2C(C)(C=CC=C(C)C(=O)O)OC3=O,3410,1,12231
9588,12239,CC(NC(CCc1ccccc1)C(=O)O)C(=O)N1Cc2ccccc2CC1C(=O)O,842,3,602
9589,12240,CNC(=O)c1sc(-c2cc(OC)c(OC)c(OC)c2)nc1C,354,3,12240
9590,12241,CCCNC(=O)c1sc(-c2cc(OC)c(OC)c(OC)c2)nc1C,246,6,12241
9591,12242,COc1ccc(-c2nc(C)c(C(N)=O)s2)cc1OC,246,6,12241
9592,12243,CNC(=O)c1sc(-c2ccc(OC)c(OC)c2)nc1C,246,6,12241
9593,12244,CCCNC(=O)c1sc(-c2ccc(OC)c(OC)c2)nc1C,246,6,12241
9594,12245,COc1ccccc1-c1nc(C)c(C(N)=O)s1,841,2,12245
9595,12246,CNC(=O)c1sc(-c2ccccc2OC)nc1C,841,2,12245
9596,12247,CCCNC(=O)c1sc(-c2ccccc2OC)nc1C,246,6,12241
9597,12248,COc1ccc(-c2nc(C)c(C(N)=O)s2)cc1,354,3,12240
9598,12249,CNC(=O)c1sc(-c2ccc(OC)cc2)nc1C,354,3,12240
9599,12250,CCCNC(=O)c1sc(-c2ccc(OC)cc2)nc1C,246,6,12241
9600,12251,CN(C)CCc1c2c(cc3c1CCC3)CCC2,840,3,12155
9601,12252,CN1CCN(CCc2c3c(cc4c2CCC4)CCC3)CC1,535,1,12252
9602,12253,OCCN1CCN(CCc2c3c(cc4c2CCC4)CCC3)CC1,355,5,12154
9603,12256,CNC(C)(C)Cc1c2c(cc3c1CCC3)CCC2,3409,1,12256
9604,12257,CCCCOC(=O)C(=O)Nc1cccc(-c2nn[nH]n2)c1,3408,1,12257
9605,12258,Cc1nc[nH]c1CSCCNC(=N)NCCCn1ccnc1,3407,1,12258
9606,12260,C=CC1CNCCC1CCC(O)c1ccnc2ccc(OC)cc12,466,4,12260
9607,12261,CCC1CNCCC1CCC(O)c1ccnc2ccc(OC)cc12,839,1,12261
9608,12262,C=CC1CN(C)CCC1CCC(O)c1ccnc2ccc(OC)cc12,1426,1,12262
9609,12264,O=C(O)c1ccc2nc3sc4ccccc4n3c(=O)c2c1,3406,1,12264
9610,12265,O=C1C=C2CN(Cc3ccccc3Cl)CCC2S1,3405,1,12265
9611,12278,CCN(CC)CCN(CCC#N)C(=O)c1coc2c1C(=O)c1ccccc1CC2,838,3,12278
9612,12279,N#CCCN(CCN1CCOCC1)C(=O)c1coc2c1C(=O)c1ccccc1CC2,838,3,12278
9613,12280,CN(C)CCCN(CCC#N)C(=O)c1coc2c1C(=O)c1ccccc1CC2,838,3,12278
9614,12281,O=C1c2ccccc2CCc2occ(C(=O)N3CCN(Cc4ccccc4)CC3)c21,3404,1,12281
9615,12283,CCNCC(=O)N1c2ccccc2NC(=O)c2c1c(C)cn2C,353,5,12283
9616,12284,CCCN(CCC)CC(=O)N1c2ccccc2NC(=O)c2c1c(C)cn2C,353,5,12283
9617,12285,CCN(CC)CC(=O)N1c2ccccc2NC(=O)c2c1c(C)cn2C,353,5,12283
9618,12286,Cc1cn(C)c2c1N(C(=O)CCN1CCCC1)c1ccccc1NC2=O,353,5,12283
9619,12287,Cc1cn(C)c2c1N(C(=O)CCN(C)C)c1ccccc1NC2=O,353,5,12283
9620,12290,CCOC(=O)NCC1(c2ccccc2)CCNCC1,1425,1,12290
9621,12291,O=C(C1CCN(c2ccccc2)CC1)N1CCCCC1,3403,1,12291
9622,12293,Cc1ccc(C2(O)CCN(Cc3ccccc3)CC2)cc1,721,3,7954
9623,12294,CCOC(=O)c1ccc(-c2ccccc2Cl)cc1,1424,2,12294
9624,12295,CC(C)OC(=O)c1ccc(-c2ccccc2Cl)cc1,3402,1,12295
9625,12296,CN(C)CCOC(=O)c1ccc(-c2ccccc2Cl)cc1,1424,2,12294
9626,12297,CCOC(=O)C(CCSC)CC(=O)C(Cc1cccc(N(CCCl)CCCl)c1)NC(=O)C(N)Cc1ccc(F)cc1,3401,1,12297
9627,12298,N=C(N)NCCCC(C=O)N1CCCC1C(=O)NC(=O)C(N)Cc1ccccc1,1283,2,12298
9628,12300,O=C(O)c1ccccc1C(=O)N1CCSC1,3400,1,12300
9629,12301,CN(C)CCCOC(=O)C1(Sc2ccccc2)CCCCC1,827,3,12301
9630,12304,CC1CNCCN1S(=O)(=O)c1cccc2cnccc12,3399,1,12304
9631,12305,c1ccc(C(c2ccccc2)N2CCN(CCCC3(c4ccccc4)OCCO3)CC2)cc1,3398,1,12305
9632,12306,C#CC1(O)CC(c2ccccc2)N(C)CC1(C)O,179,7,12306
9633,12307,CN1CC(C)(O)C(C)(O)CC1c1ccccc1,179,7,12306
9634,12308,C#CC1(O)CC(c2ccccc2)N(Cc2ccccc2)CC1(C)O,179,7,12306
9635,12309,CC1(O)CC(c2ccccc2)N(Cc2ccccc2)CC1(C)O,1423,1,12309
9636,12310,c1cc(N2CCNCC2)c2nc[nH]c2c1,3397,1,12310
9637,12311,CC(C)COC(=O)N1CCN(c2cccc3[nH]cnc23)CC1,3396,1,12311
9638,12312,CCOC(=O)N1CCN(c2cccc3[nH]c(C)nc23)CC1,3395,1,12312
9639,12313,CCOC(=O)C1CCN(c2cccc3[nH]cnc23)CC1,3394,1,12313
9640,12314,c1cc(N2CCNCC2)c2n[nH]nc2c1,3393,1,12314
9641,12315,c1cc(N2CCNCC2)c2cc[nH]c2c1,3392,1,12315
9642,12316,c1cc(N2CCNCC2)c2[nH]ccc2c1,3391,1,12316
9643,12318,C[N+](C)(C)Cc1c[nH]c2cc3c(C[N+](C)(C)C)c[nH]c3cc12,534,4,3961
9644,12319,C[N+](C)(C)Cc1c[nH]c2cc3[nH]cc(C[N+](C)(C)C)c3cc12,534,4,3961
9645,12320,C#CCN1CCC23c4c5ccc(OC)c4OC2C(=O)CCC3(O)C1C5,837,1,12320
9646,12326,Cn1c(=O)c2c(ncn2CCCN2CCC(C(=O)c3ccc(F)cc3)CC2)n(C)c1=O,1422,2,12221
9647,12339,Cc1cc(C)cc(C(=O)OC2CC3CCC(C2)N3C)c1,1421,1,12339
9648,12340,C=CCCCCCCCCC(=O)NCCN(C)C,3390,1,12340
9649,12341,O=C(O)C1=C(C[n+]2ccc(CCS(=O)(=O)O)cc2)CSC2C(NC(=O)C(NC(=O)c3[nH]cnc3C(=O)O)c3ccccc3)C(=O)N12,3389,1,12341
9650,12350,CN(C)C(=N)NCCn1cnc2c1c(=O)n(C)c(=O)n2C,3388,1,12350
9651,12351,CN(C)C(=NCCn1cnc2c1c(=O)n(C)c(=O)n2C)Nc1c(Cl)cccc1Cl,1420,2,12351
9652,12352,CN(C)C(=NCCCn1cnc2c1c(=O)n(C)c(=O)n2C)Nc1c(Cl)cccc1Cl,1420,2,12351
9653,12356,CCOC(=O)c1sc2c(c1OCC(O)CNC(C)C)CCCC2,3387,1,12356
9654,12369,CCN(CC)CC(=O)Nc1c2c(cc3c1CCC3)CCC2,1419,2,12369
9655,12370,O=C(CN1CCCC1)Nc1c2c(cc3c1CCC3)CCC2,533,4,12370
9656,12371,O=C(CN1CCCCC1)Nc1c2c(cc3c1CCC3)CCC2,533,4,12370
9657,12375,CCN(CC)CCC(=O)Nc1c2c(cc3c1CCC3)CCC2,1419,2,12369
9658,12376,O=C(CCN1CCCCC1)Nc1c2c(cc3c1CCC3)CCC2,533,4,12370
9659,12378,CCN(CC)CC(=O)Nc1ccc(C2CCCC2)cc1,1418,2,12378
9660,12379,CCN(CC)CCNc1ccc(C2CCCC2)cc1,1416,2,12379
9661,12380,O=C(CN1CCCCC1)Nc1ccc(C2CCCC2)cc1,1417,2,12380
9662,12381,CCN(CC)CCC(=O)Nc1ccc(C2CCCC2)cc1,1418,2,12378
9663,12382,O=C(CCN1CCCCC1)Nc1ccc(C2CCCC2)cc1,1417,2,12380
9664,12383,c1cc(C2CCCC2)ccc1NCCN1CCCCC1,1415,2,12383
9665,12384,CCN(CC)CCCNc1ccc(C2CCCC2)cc1,1416,2,12379
9666,12385,c1cc(C2CCCC2)ccc1NCCCN1CCCCC1,1415,2,12383
9667,12386,CCN(CCN1CCCCC1)c1ccc(C2CCCC2)cc1,3386,1,12386
9668,12387,O=C(CCN1CCCC1)Nc1c2c(cc3c1CCC3)CCC2,533,4,12370
9669,12392,CCC1(O)CC(c2ccccc2)N(C)CC1(C)O,1414,1,12392
9670,12393,O=c1[nH]oc2cc(O)ccc12,3385,1,12393
9671,12395,Cn1c(=O)c2c(ncn2CCN2CCN(C(=O)c3ccco3)CC2)n(C)c1=O,3384,1,12395
9672,12402,COc1ccc(CC2C(=O)NC(C)C(=O)N(C)C3Cc4ccc(cc4)Oc4cc(ccc4OC)CC(C(=O)NC(C)C(=O)NC(C)C(=O)N2C)N(C)C3=O)cc1,3383,1,12402
9673,12420,CNC(=O)Nc1c(OCCN2CCCC2)c(OC)c2occc2c1OC,1,42,9883
9674,12421,C=C1C(=O)NC(=O)C1CCC(=O)O,3382,1,12421
9675,12422,Cc1c(-c2ccccc2)oc2c(C(=O)OC(C)(C)CN3CCCCC3)cccc2c1=O,1413,2,559
9676,12423,COc1cc2c(c(OC)c1OC)-c1ccc(N)c(=O)cc1C(NC=O)CC2,667,3,1432
9677,12428,CCN(CC)CCNC(=O)COc1c(Cl)ccc(Cl)c1Cl,3381,1,12428
9678,12429,CCN(CC)CCNC(=O)COc1c(C)cc(C)cc1C,3380,1,12429
9679,12430,CCN(CC)CCNC(=O)COc1cc(C)c(Br)c(C)c1,1412,1,12430
9680,12431,O=C(COc1c(Cl)ccc(Cl)c1Cl)NCCN1CCOCC1,3379,1,12431
9681,12432,O=C(COc1cc(Cl)c(Cl)cc1Cl)NCCCN1CCOCC1,1411,2,12432
9682,12433,Cc1cc(C)c(OCC(=O)NCCCN2CCOCC2)c(C)c1,352,4,12433
9683,12434,CN1CCN(C(=O)COc2cc(Cl)c(Cl)cc2Cl)CC1,3378,1,12434
9684,12435,CN1CCN(CCCNC(=O)COc2cc(Cl)c(Cl)cc2Cl)CC1,1411,2,12432
9685,12436,Cc1cc(C)c(OCC(=O)NCCCN2CCN(C)CC2)c(C)c1,352,4,12433
9686,12437,Cc1cc(OCC(=O)NCCCN2CCN(C)CC2)cc(C)c1Br,165,7,12437
9687,12438,Cc1cc(C)c(OCC(=O)NCCCN2CCN(c3ccccc3C)CC2)c(C)c1,352,4,12433
9688,12439,Cc1cc(C)c(OCC(=O)NCCCN2CCN(CCCNC(=O)COc3c(C)cc(C)cc3C)CC2)c(C)c1,352,4,12433
9689,12444,NC(=O)OCC1C(NC(=O)C(=NOCC(=O)O)c2csc(N)n2)C(=O)N1S(=O)(=O)O,3377,1,12444
9690,12445,N=C(N)c1ccc(CC(NC(=O)CNS(=O)(=O)c2ccc3ccccc3c2)C(=O)N2CCCCC2)cc1,3376,1,12445
9691,12448,O=C(NCCBr)c1cccc2ccccc12,3375,1,12448
9692,12450,CCCCP(=O)(CCCC)Oc1ccccc1[N+](=O)[O-],1184,2,12450
9693,12451,COc1cc(N)cc(Cl)c1OCCCN(C)C,350,4,12451
9694,12452,CCCCCCCCCCC(C(=O)O)C(O)(CCC(=O)O)C(=O)O,3374,1,12452
9695,12453,Nc1nc(N)c2nc(-c3ccc(OCCCCC(=O)O)cc3)c(N)nc2n1,1405,2,12453
9696,12455,CCCCCCCCCCCCCCCC(=O)NS(=O)(=O)c1ccc(OCC)c2ncccc12,710,3,12455
9697,12456,COC1CCN(CCCn2c3ccccc3c3ccccc32)CC1,824,3,12456
9698,12457,CCOc1cc(N)cc(Cl)c1OCCN(CC)CC,350,4,12451
9699,12458,O=C1c2ccccc2C(=O)N1CCc1ccccn1,3373,1,12458
9700,12459,CCCN(C)CC(=O)Nc1c(C)cccc1C,57,12,6312
9701,12460,c1ccc(CN2C3CCCC2CC(Oc2ccccc2)C3)cc1,1300,2,12460
9702,12461,CON(C)C(=O)COc1cc(C(C)C)ccc1C,3372,1,12461
9703,12462,CON(C)C(=O)COc1cc(C)ccc1C(C)C,1408,2,12462
9704,12463,CCN(CCC[N+](C)(C)C)CCC[N+](C)(C)C,3371,1,12463
9705,12464,COc1nc(NS(=O)(=O)c2ccc(N)cc2)c2ccccc2n1,3370,1,12464
9706,12465,N#Cc1cc2c3c(c1)CCCN3CCC2,3369,1,12465
9707,12466,CC[N+](C)(CC)CCNC(=O)c1ccc(N)cc1,1410,2,4036
9708,12467,CCCCCCCCOc1ccc(NC(=O)CN(CC)CC)cc1CNC(=O)CN(CC)CC,1292,2,12467
9709,12468,CCN1CCC(c2nc3c([nH]2)c(=O)n(C)c(=O)n3C)CC1,459,4,2018
9710,12469,O=C(O)c1c(O)c(Br)c(Cc2ccccc2)c(Br)c1O,3368,1,12469
9711,12470,Cc1ccc(C2=CCNC2)cc1,3367,1,12470
9712,12471,COc1cccc(C2=CCNC2)c1,3366,1,12471
9713,12472,CCCC(=O)c1ccc2c(c1)N(CCCN1CCOCC1)c1ccccc1S2,333,3,12472
9714,12473,CC1CCCC(C)N1C(=O)CCN1CCCCC1,3365,1,12473
9715,12474,CCN(CC)CCNC(=O)COc1ccc(Cl)cc1C,100,9,2161
9716,12475,N#CC(C#N)=C(C#N)c1ccc2c(c1)CCCN2,3364,1,12475
9717,12476,NN(CCc1ccccc1)Cc1ccccc1,1406,2,12476
9718,12477,CCc1cccc(NC(=O)CCCN(CC)CC)c1,713,2,12477
9719,12478,CCCOc1cc(N)cc(Br)c1OCCN(CC)CC,161,7,12478
9720,12479,CCOc1cc(N)cc(Cl)c1OCCCN(CC)CC,350,4,12451
9721,12480,CCN(CC)CCOC(=O)NCCc1ccccc1,103,9,12480
9722,12481,COc1cc(OC)c(S(=O)(=O)N2CCNCC2)cc1OC,3363,1,12481
9723,12482,CCOc1cc(NC(C)=O)cc(Br)c1OCCN(CC)CC,1377,2,12482
9724,12483,CCC(=O)C(CCN1CCC(n2c(=O)n(CCC#N)c3ccccc32)CC1)(c1ccccc1)c1ccccc1,1399,2,12483
9725,12484,CCCCCCCCCC(=O)NS(=O)(=O)c1ccc(OCC)c2ncccc12,710,3,12455
9726,12485,CC(=O)NC1CCCC(CC2CCCCC2)C1,1409,1,12485
9727,12486,O=C(NC1CCC(CC2CCCCC2)CC1)C(Cl)Cl,3362,1,12486
9728,12493,CCON(CC)C(=O)COc1cc(C)ccc1C(C)C,1408,2,12462
9729,12494,CC(C)=NOC(=O)Nc1ccc2c(c1)OCO2,3361,1,12494
9730,12495,N#CC(=C1CCN(CCCC(=O)c2ccc(F)cc2)CC1)c1ccccc1,3360,1,12495
9731,12496,CNC(=O)ON=C(C[N-][N+]#N)c1ccccc1,3359,1,12496
9732,12497,O=C(CC1(Cl)C(F)(F)C(F)(F)C1(F)F)c1ccccc1,3358,1,12497
9733,12498,COc1ccc(CNC(=O)C2=CC(C)(C)NC2(C)C)cc1,460,4,12498
9734,12499,CCCCOc1cc(N)cc(Br)c1OCCN(CC)CC,161,7,12478
9735,12500,CN(C)CCCn1c2nc(=O)[nH]c(=O)c-2nc2cc(Cl)c(Cl)cc21,242,6,12500
9736,12501,Nc1ccc(S(=O)(=O)Nc2cnc3c(Cl)cccc3n2)cc1,3357,1,12501
9737,12502,CC(C)N1CCN(CCCN2c3ccccc3Sc3ccccc32)CC1,39,15,230
9738,12503,CCCCCN(CCCCC)C(=O)C(CCC(=O)O)NC(=O)c1ccc(Cl)c(Cl)c1,1291,2,12503
9739,12504,C[N+]1(C)CCC=C(C(=O)OCc2ccccc2)C1,429,5,3649
9740,12507,O=C(Nc1ccccc1C(=O)O)C(=Cc1ccccc1)C(=O)Nc1ccccc1C(=O)O,351,5,12507
9741,12509,CCOC(=O)C1(c2ccccc2)CCN(CCC#N)CC1,11,21,298
9742,12510,Clc1nc(Cl)nc(N2CCCCCC2)n1,1407,2,5577
9743,12511,C[N+]1(CCSCC[N+]2(C)CCCCC2)CCCCC1,3356,1,12511
9744,12512,CCCCOc1cc(N)ccc1C(=O)NCCN(CC)CC,7,23,94
9745,12513,CC1=C(c2ccncc2)SCC(=O)N1,3355,1,12513
9746,12514,O=C(OCCCOC(=O)c1cccnc1)c1cccnc1,14,19,2849
9747,12515,O=C1CCC(c2ccc(Nc3ccncc3)cc2)=NN1,3354,1,12515
9748,12516,O=c1ccc(-c2ccc(Nc3ccncc3)cc2)n[nH]1,3353,1,12516
9749,12517,COC1CC(NC(=O)N(CCCl)N=O)C(O)C(CO)O1,3352,1,12517
9750,12523,CC(C)n1nc(-c2cccc(Cl)c2Cl)c(=N)nc1N,3351,1,12523
9751,12524,COc1ccc2c(c1O)C13C=CCCC1(O)C(C2)N(C)CC3,3350,1,12524
9752,12526,c1ccc(N2CCN(c3c4c(nc5ccccc35)CCCCC4)CC2)cc1,3349,1,12526
9753,12527,CCN(CC)CCNC(=O)Cc1cccc2ccccc12,3348,1,12527
9754,12531,CCOc1cc(N)cc(Br)c1OCCN(CC)CC,161,7,12478
9755,12532,CCN(CC)CCCOc1c(Cl)cc(N)cc1OC,350,4,12451
9756,12533,CC[N+]1=Cc2ccccc2-c2ccccc2C1,3347,1,12533
9757,12534,NN(CCc1ccccc1)CCc1ccccc1,1406,2,12476
9758,12535,COc1cc(C(=O)N2CCCCC2)cc(OC)c1O,836,3,4761
9759,12536,COc1cc(C(=O)N2CCN(C)CC2)cc(OC)c1O,836,3,4761
9760,12537,CCN(CC)CCOc1ccc(NC(=O)c2cccnc2)cc1,3346,1,12537
9761,12538,CCN(CC)CCOc1ccc(NC(=O)c2cc(OC)c(OC)c(OC)c2)cc1,3345,1,12538
9762,12539,COc1cc(C(=O)N2CCN(C)CC2)cc(OC)c1OCc1ccccc1,3344,1,12539
9763,12540,CCN(CC)CCOc1ccc(NCc2cc(OC)c(OC)c(OC)c2)cc1,3343,1,12540
9764,12541,CCCCCCOc1cc(N)cc(Br)c1OCCN(CC)CC,161,7,12478
9765,12544,NC(N)=NC(N)=NOCc1ccc(Cl)cc1,3342,1,12544
9766,12547,N#CC(C#N)=CC1CC=CCC1,3341,1,12547
9767,12550,Nc1nc(N)c2nc(-c3ccc(OCC(=O)O)cc3)c(N)nc2n1,1405,2,12453
9768,12555,N#CC(C#N)c1cccc(Cl)c1,3340,1,12555
9769,12556,CCn1cc(C(=O)O)c(=O)c2cc(F)c(N3CCNCC3)c(F)c21,245,6,160
9770,12557,COc1c2c(c(O)c3c4c(c(C)cc13)C1OC3(C(OC)OC5CC(C)(O)C(OC6CC(C)(O)C(O)C(C)O6)C(C)O5)OC1C(OC)(O4)C31CO1)C(=O)C(O)CC2OC1CC(C)(O)C(OC(C)=O)C(C)O1,3339,1,12557
9771,12558,CCN1CC2(C)CCC(OC)C34C5CC6CCC(O)(C5C(=O)O6)C(C(OC(=O)c5ccccc5)C23)C14,3338,1,12558
9772,12559,CC(C)CN(CCO)CC(C)C,3337,1,12559
9773,12560,C[N+]1(CCN2CCN(CC[N+]3(C)CCCCC3)CC2)CCCCC1,3336,1,12560
9774,12561,O=C(CCN1CC1)NCc1ccccc1,3335,1,12561
9775,12562,O=C(CCN1CC1)Nc1ccc(Cl)c(Cl)c1,532,4,12562
9776,12563,CC1(C)CN1CCC(=O)Nc1ccc(Cl)c(Cl)c1,532,4,12562
9777,12564,CC1CN1CCC(=O)Nc1ccc(Cl)c(Cl)c1,532,4,12562
9778,12565,CCN(CC)C(=O)CCN1CC1,3334,1,12565
9779,12566,COc1cccc(CNC(=O)CCN2CC2)c1,3333,1,12566
9780,12567,COc1ccc(NC(=O)CCN2CC2)cc1,1404,2,12567
9781,12568,O=C(CCN1CC1)Nc1ccc(Cc2ccc(NC(=O)CCN3CC3)cc2)cc1,1404,2,12567
9782,12569,O=C(CCN1CC1)Nc1cccc2ccccc12,3332,1,12569
9783,12570,O=C(CCN1CC1)Nc1cccc(NC(=O)CCN2CC2)c1,532,4,12562
9784,12571,O=C(CCN1CC1)OCC=Cc1ccccc1,3331,1,12571
9785,12572,O=C(CCN1CC1)OC1CCCCCC1,454,4,6367
9786,12573,O=C(CCN1CC1)OC1CCCC1,454,4,6367
9787,12574,O=C(CCN1CC1)OCC1CC1,3330,1,12574
9788,12575,CC(C)(C)COC(=O)CCN1CC1,392,5,6362
9789,12576,C=CC(=O)OC(C)OC(=O)CCN1CC1,3329,1,12576
9790,12577,CC1CCCCC1OC(=O)CCN1CC1,3328,1,12577
9791,12578,CCC(COC(=O)CCN1CC1)[N+](=O)[O-],3327,1,12578
9792,12579,O=C(CCN1CC1)OCCc1ccccc1,835,2,6364
9793,12580,CC1CC(OC(=O)CCN2CC2)CC(C)(C)C1,3326,1,12580
9794,12581,COC(=O)CC[N+]1(C)CC1,1403,1,12581
9795,12582,C[N+]1(C)CC2CCC1C(O)C2,3325,1,12582
9796,12583,O=C(OCCN1CCCCCCCC1)C(O)(c1ccccc1)c1ccccc1,178,7,3302
9797,12585,CC[N+](CC)(CCOC(=O)Nc1ccccc1)Cc1ccccc1,3324,1,12585
9798,12586,Nc1cc(=O)c(/N=N/c2c(I)cc(I)c(C(=O)O)c2I)c(N)[nH]1,3323,1,12586
9799,12587,COc1cc(C=C(C#N)C#N)cc(Br)c1O,3322,1,12587
9800,12588,CC(C)Oc1nc(N)c(C#N)c(C#N)c1C#N,3321,1,12588
9801,12589,CC(COc1ccc(Cl)cc1)N(C)C,3320,1,12589
9802,12590,O=C(Nc1ccc(C(=O)O)cc1)C(=Cc1ccccc1)C(=O)Nc1ccc(C(=O)O)cc1,3319,1,12590
9803,12591,COc1ccc(C=C(C(=O)Nc2ccccc2C(=O)O)C(=O)Nc2ccccc2C(=O)O)cc1OC,351,5,12507
9804,12592,COc1cc(C=C(C(=O)Nc2ccccc2C(=O)O)C(=O)Nc2ccccc2C(=O)O)ccc1O,1402,1,12592
9805,12593,O=C(Nc1ccccc1C(=O)O)C(=Cc1ccc(Cl)cc1)C(=O)Nc1ccccc1C(=O)O,351,5,12507
9806,12594,CC1OC2CC(=O)OC2C2=C1C(=O)c1c(ccc(C3CC(N(C)C)C(O)C(C)O3)c1O)C2=O,3318,1,12594
9807,12595,CCOC1CCN(CCCn2c3ccccc3c3ccccc32)CC1,834,1,12595
9808,12596,CC[N+](CC)(CC)CCN1CCN(CC[N+](CC)(CC)CC)CC1,773,3,12596
9809,12597,CCCCNNC(=O)c1ccccn1,3317,1,12597
9810,12600,O=C(CN1CCCCC1)OCC(NC(=O)C(Cl)Cl)C(O)c1ccc([N+](=O)[O-])cc1,1401,2,12600
9811,12601,O=C(CCN1CCOCC1)OCC(NC(=O)C(Cl)Cl)C(O)c1ccc([N+](=O)[O-])cc1,1401,2,12600
9812,12602,CCCOc1c(I)cc(C(=O)NCC(=O)O)cc1I,3316,1,12602
9813,12605,O=C(NCCBr)c1ccc(N=Nc2ccccc2)cc1,3315,1,12605
9814,12606,COc1ccc(S(N)(=O)=O)cc1C(=O)NCCCN1CCC2CCN1CC2,1268,2,12606
9815,12607,COc1ccc(S(N)(=O)=O)cc1C(=O)NCCCC1NN2CCC1CC2,3314,1,12607
9816,12608,N#CC(C#N)=CC=Cc1ccccc1NC(=O)c1ccccc1,1400,2,12608
9817,12609,Cc1ccc(C=CC=C(C#N)C#N)c(NC(=O)c2ccccc2)c1,1400,2,12608
9818,12610,CCN(CC)CCN(C(=O)c1ccccc1)c1ccccc1NC(=O)c1ccccc1,3313,1,12610
9819,12611,Cc1cccc(C)c1CNC(=O)NCCCl,1325,2,12611
9820,12612,COc1ccc(CNC(=O)NCCCl)cc1OC,3312,1,12612
9821,12614,CCOc1c(OC)ccc2c1C13CCN(C)C(C2)C1(O)CCC(=O)C3,154,8,3150
9822,12615,Cc1cccn2c(=O)c(-c3nn[nH]n3)cnc12,3311,1,12615
9823,12617,CCN(CC)CCNCc1cc(Cl)cc2c1OCOC2,3310,1,12617
9824,12620,CC(C)(CCNCC1COc2ccccc2O1)CCC(C)(C)NCC1COc2ccccc2O1,3309,1,12620
9825,12622,CC1=COc2cc(Cl)c(Cl)cc2O1,3308,1,12622
9826,12623,COc1cc2c(cc1NC1=NCCO1)OCO2,3307,1,12623
9827,12624,CCN(CC)CCOC(=O)Nc1cc2ccccc2o1,3306,1,12624
9828,12625,ClCCN1CCCCc2ccccc2C1,3305,1,12625
9829,12627,CCCCCOc1cc(N)ccc1C(=O)OCCN(CC)CC,7,23,94
9830,12628,CCCCCOc1cc(N)ccc1C(=O)SCCN(CC)CC,7,23,94
9831,12629,CCOC(=O)c1cc(N)ccc1OCCCN1CCCCC1,88,10,12629
9832,12630,CCCOc1cc(C(=O)OCCN(CC)CC)ccc1N,349,3,250
9833,12631,CCCOc1cc(N)ccc1C(=O)OCCCN(CC)CC,7,23,94
9834,12632,CCCOc1cc(N)ccc1C(=O)OCCN(C)C,7,23,94
9835,12633,CCCOc1cc(N)ccc1C(=O)OCCCN1CCCCC1,88,10,12629
9836,12634,CCCOc1cc(N)ccc1C(=O)SCCN(CC)CC,129,4,12634
9837,12635,CCCCNc1ccc(C(=O)OCCN(C)C)c(OCc2ccccc2)c1,248,4,1463
9838,12636,CCCCNc1ccc(C(=O)OCCCN2CCCCC2)c(OCCCC)c1,88,10,12629
9839,12637,CCCCNc1ccc(C(=O)OCCCN2CCCCC2)c(OCC)c1,88,10,12629
9840,12638,CCCCNc1ccc(C(=O)OCCCN2CCCCC2)cc1,348,1,12638
9841,12639,CCCCNc1ccc(C(=O)OCCN(CC)CC)c(OCCC)c1,7,23,94
9842,12640,CN(C)C=Nc1ccc(C(=O)OCCN(C)C)cc1,752,3,9269
9843,12641,Cc1cccc(C)c1C(=O)OCCN1CCCC1,543,2,11222
9844,12643,CCN(CC)CCCN(Cc1ccc(OC)cc1)C(=O)c1ccc(N)cc1,531,4,4038
9845,12644,Cc1c(Nc2ncnc3ccccc23)c(=O)n(C)n1-c1ccccc1,3304,1,12644
9846,12645,COc1ccc2nc(NC3=NCCO3)sc2c1,3303,1,12645
9847,12646,FC(F)(F)C(=Cc1nc2ccccc2s1)C(F)(F)F,3302,1,12646
9848,12648,CC12CCCCC1SC(F)(F)C2(F)F,3301,1,12648
9849,12649,CNC(=O)ON=C1CCCc2sccc21,3300,1,12649
9850,12651,CCCCNc1ccc(C(=O)OCCCN2CCCCC2)c(OCCC)c1,88,10,12629
9851,12652,CC1(C)Cc2c(OC(N)=O)cccc2O1,3299,1,12652
9852,12653,CC1(C)Cc2cccc(OC(=O)NO)c2O1,482,4,2239
9853,12656,CCN(CC)CCOC(=O)c1ccc(N)cc1OCc1ccccc1,7,23,94
9854,12657,CCN(CC)CCCOC(=O)c1ccc(N)cc1OCc1ccccc1,7,23,94
9855,12658,CN(C)CCOC(=O)c1ccc(N)cc1OCc1ccccc1,244,1,12658
9856,12659,Nc1ccc(C(=O)OCCCN2CCCCC2)c(OCc2ccccc2)c1,88,10,12629
9857,12660,CCCCOc1cc(N)ccc1C(=O)OCCCN(CC)CC,7,23,94
9858,12662,O=C(OCCN1CCCCC1)c1ccco1,3298,1,12662
9859,12664,c1ccc2c(Nc3ncco3)cccc2c1,3297,1,12664
9860,12666,O=C(O)CCCCCCCCC=CBr,3296,1,12666
9861,12667,CCCCN(CCCC)C(=O)OCC[N+](CC)(CC)Cc1ccccc1,3295,1,12667
9862,12669,CCN(CC)CCNCC(O)c1ccc(Cl)cc1,3294,1,12669
9863,12670,OC(CC1(O)C(F)(F)C(F)(F)C1(F)F)c1ccccc1,3293,1,12670
9864,12671,Cc1cccc(CO)c1NC(=O)NCCCl,149,8,4621
9865,12673,CCN(CC)C(CCc1ccccc1Cl)c1ccccc1,530,4,12673
9866,12674,CCN(CC)C(CCc1ccc(Cl)cc1)c1ccccc1,530,4,12673
9867,12675,CN(C)C(CCc1ccc(Cl)cc1)c1ccccc1,530,4,12673
9868,12676,CCN(CC)C(CCc1ccccc1)c1ccccc1,530,4,12673
9869,12677,CC(C)(NC1=NCCO1)c1ccccc1,3292,1,12677
9870,12678,CC(C)C(NC1=NCCO1)c1ccccc1,956,3,7488
9871,12679,CN1CCN(CCCC2CCc3oc4ccncc4c3C2)CC1,3291,1,12679
9872,12680,COc1ccc(CC(C)NCC(O)c2ccc(O)c3[nH]c(=O)ccc23)cc1,3290,1,12680
9873,12681,c1ccc2[nH]c(CN3CCCCC3)nc2c1,3289,1,12681
9874,12682,N#CCCn1c(C(F)(F)F)nc2ccc(Cl)cc21,3288,1,12682
9875,12683,C=CCn1c(=O)n(C2CCN(CCC(C(=O)CC)(c3ccccc3)c3ccccc3)CC2)c2ccccc21,1399,2,12483
9876,12684,O=c1[nH]c2ccccc2n1C1CCN(CCCS(=O)(=O)c2ccccc2)CC1,470,4,148
9877,12685,O=c1[nH]c2ccccc2n1C1=CCN(CCCSc2ccccc2)CC1,3287,1,12685
9878,12686,c1ccc2c(c1)CCCCC2NC1=NCCO1,1398,2,7301
9879,12688,O=c1[nH]c2ccccc2n1C1CCN(CCC#Cc2ccccc2)CC1,470,4,148
9880,12689,c1ccc(-c2ccccc2NC2=NCCO2)cc1,3286,1,12689
9881,12690,COc1cc(C(=O)OCCN(c2ccccc2)c2ccccc2)cc(OC)c1OC,3285,1,12690
9882,12691,O=[N+]([O-])c1cccc(C(Cl)CC(O)(C(F)(F)F)C(F)(F)F)c1,1397,2,7420
9883,12692,CCC(CO)NCCCc1ccc(COc2ccccc2)cc1,3284,1,12692
9884,12693,OC(CCc1ccccc1)(C(F)(F)F)C(F)(F)F,833,3,12693
9885,12694,CC=C(COC(=O)CI)OC(=O)CI,3283,1,12694
9886,12695,OC(C=C(C(F)(F)F)C(F)(F)F)c1cccc(Cl)c1,3282,1,12695
9887,12696,OC(C=C(C(F)(F)F)C(F)(F)F)c1ccccc1Cl,3281,1,12696
9888,12697,O=[N+]([O-])c1cccc(C(O)C=C(C(F)(F)F)C(F)(F)F)c1,3280,1,12697
9889,12698,OC(C=C(C(F)(F)F)C(F)(F)F)c1cccs1,3279,1,12698
9890,12699,O=C(C=C(C(F)(F)F)C(F)(F)F)c1c2ccccc2cc2ccccc12,3278,1,12699
9891,12700,O=C(C=C(C(F)(F)Cl)C(F)(F)Cl)c1ccco1,1396,2,7517
9892,12705,O=C(C=C(C(F)(F)F)C(F)(F)F)c1ccc(C(=O)C=C(C(F)(F)F)C(F)(F)F)cc1,243,6,7508
9893,12709,CCCCN(C)CCCc1ccc(COc2ccccc2)cc1,144,8,5623
9894,12711,CCCCNc1cc2c3c(c1)CCCN3CCC2,520,4,12711
9895,12712,ON=CCC(O)(C(F)(F)Cl)C(F)(F)Cl,3277,1,12712
9896,12713,OC(CC=NNc1ccccc1)(C(F)(F)Cl)C(F)(F)Cl,3276,1,12713
9897,12714,NNC(=S)N=CCC(O)(C(F)(F)Cl)C(F)(F)Cl,3275,1,12714
9898,12719,ON=C(CC(O)(C(F)(F)F)C(F)(F)F)c1cccs1,3274,1,12719
9899,12720,CC(C)CCN1CC2CCC(CC2)C1,3273,1,12720
9900,12721,O=C(C=Cc1cccs1)Nc1ccccc1C(=O)O,3272,1,12721
9901,12722,O=C(C=Cc1ccsc1)Nc1ccccc1C(=O)O,3271,1,12722
9902,12723,CN(C)c1ccc(C=Cc2ccncn2)cc1,3270,1,12723
9903,12726,CCOC(=O)OC1C=CC2(O)C3Cc4ccc(OC)c5c4C2(CCN3C)C1O5,3269,1,12726
9904,12727,CCN(CC)CCN(C(=O)c1ccc(OC)cc1)c1ccccc1N,1299,2,12727
9905,12728,O=[N+]([O-])c1ccc(NN=CCC(O)(C(F)(F)F)C(F)(F)F)c([N+](=O)[O-])c1,3268,1,12728
9906,12729,C=C(Br)CNC(=O)CCC,1346,2,12729
9907,12730,CCCC(=O)Nc1cc2c3c(c1)CCCN3CCC2,345,5,12730
9908,12731,CCC(COCCCCOc1c(I)cc(I)c(NC(C)=O)c1I)C(=O)O,373,4,9017
9909,12732,CCC(OCCOc1c(I)cc(I)c(NC(C)=O)c1I)C(=O)O,176,5,6219
9910,12733,CCC(COCCCOc1c(I)cc(I)c(NC(C)=O)c1I)C(=O)O,373,4,9017
9911,12735,CCC(OCCOc1c(I)cc(I)c(N(C)C(C)=O)c1I)C(=O)O,423,2,4435
9912,12736,CCC(Oc1ccccc1)C(=O)O,832,1,12736
9913,12737,N#CC(CCN1CCC(n2c(=O)n(CO)c3ccccc32)CC1)(c1ccccc1)c1ccccc1,3267,1,12737
9914,12738,ON=C(CC(O)(C(F)(F)Cl)C(F)(F)Cl)c1ccccc1,528,4,12738
9915,12739,O=C(CC(O)(C(F)(F)F)C(F)(F)F)c1ccc(Cl)c([N+](=O)[O-])c1,3266,1,12739
9916,12740,O=C(c1ccccc1)C(Cl)C(O)(C(F)(F)F)C(F)(F)F,3265,1,12740
9917,12741,ON=C(CC(O)(C(F)(F)F)C(F)(F)F)c1cccc(Cl)c1,528,4,12738
9918,12742,O=C(CC(Cl)(C(F)(F)F)C(F)(F)F)c1cccc([N+](=O)[O-])c1,3264,1,12742
9919,12743,O=C(CCCN1CCC(c2ccccc2)CC1)c1ccc(N2CCC(O)(c3ccc(Cl)cc3)CC2)cc1,3263,1,12743
9920,12745,CCOC(=O)C(CC)(C(=O)NCCN1CCCCCCC1)c1ccccc1,162,7,12745
9921,12746,CCN(CC)CCN(Cc1ccccc1)C(=O)c1ccc(N)cc1,512,4,4045
9922,12747,CCOc1c(OC)ccc2c1C13CCN(C)C(C2)C1CCC(=O)C3,680,4,1925
9923,12748,Cc1cccc(C)c1NN=C(N)N(C)C,3262,1,12748
9924,12749,CCCCC1CCC(NC(=O)CCC)CC1,3261,1,12749
9925,12750,NC1C=CC(CCC(N)C(=O)O)C=C1,3260,1,12750
9926,12751,CC[N+](C)(CC)CCN(C(=O)c1ccc(N)cc1)c1ccccc1,512,4,4045
9927,12752,CCOc1cc(N)ccc1C(=O)OCCN(C)C,7,23,94
9928,12753,CCCCOc1cc(C(=O)OCCN(C)C)ccc1N,349,3,250
9929,12754,CCCCOc1cc(N)ccc1C(=O)OCCN(C)C,7,23,94
9930,12755,CCCCOc1cc(N)ccc1C(=O)OCCCN1CCCCC1,88,10,12629
9931,12756,CCCCOc1ccc(C(=O)SCCN(CC)CC)cc1N,347,1,12756
9932,12757,CCCCOc1cc(N)ccc1C(=O)SCCN(CC)CC,7,23,94
9933,12758,CCN(CC)CCCOC(=O)c1ccc(N)cc1,126,3,12019
9934,12759,CCOc1cc(N)ccc1C(=O)OCCCN(CC)CC,7,23,94
9935,12760,CCOc1cc(N)ccc1C(=O)OCCCN1CCCCC1,88,10,12629
9936,12761,CCCCCCOc1cc(N)ccc1C(=O)OCCN(CC)CC,7,23,94
9937,12762,CCCCCCOc1cc(N)ccc1C(=O)OCCCN1CCCCC1,88,10,12629
9938,12763,Nc1ccc(C(O)(C(F)(F)F)C(F)(F)F)c(C(=O)O)c1,3259,1,12763
9939,12764,CON(C)CCOC(=O)c1ccc(N)cc1,1395,1,12764
9940,12767,COC(=O)N(C)CCc1c[nH]c2ccc(SC)cc12,1394,1,12767
9941,12768,CN1CCSC1=NC(=O)OC(C)(C)C,3258,1,12768
9942,12769,O=C(NCCc1ccccc1)OCCN1CCCCC1,177,7,6891
9943,12770,O=C(NCCN1CCCC1)OCc1ccccc1,177,7,6891
9944,12771,O=C(NCCN1CCCC1)OCc1ccccc1Cl,177,7,6891
9945,12772,Cc1ccc(COC(=O)NCCN2CCCC2)c(C)c1,831,2,12772
9946,12773,Cc1ccc(C)c(COC(=O)NCCN2CCCC2)c1,831,2,12772
9947,12774,Cc1cccc(C)c1COC(=O)NCCN1CCCC1,177,7,6891
9948,12775,Cc1ccc(COC(=O)NCCN2CCCC2)cc1,177,7,6891
9949,12776,O=C(NCCN1CCCC1)OCCCc1ccccc1,177,7,6891
9950,12777,COC(=O)Nc1cc2c3c(c1)CCCN3CCC2,345,5,12730
9951,12778,O=C(Nc1ccccc1Cl)OCCN1CCCC1,830,2,11965
9952,12780,CC(=O)NC(=Cc1ccccc1)C(=O)NCC(C)C,3257,1,12780
9953,12781,N#CC(=Cc1ccc(F)cc1)C(N)=O,3256,1,12781
9954,12782,NC(=O)C(F)=Cc1ccccc1,1393,2,1335
9955,12783,O=C(C=Cc1ccccc1)NN1CCCCC1,3255,1,12783
9956,12784,N#CC(=Cc1ccccc1Cl)[N+](=O)[O-],3254,1,12784
9957,12785,NCCN1CCCCC1,3253,1,12785
9958,12790,OC(CC(O)(C(F)(F)F)C(F)(F)F)c1ccco1,1392,2,7433
9959,12791,OC(CC(O)(C(F)(F)F)C(F)(F)F)c1ccc(C(O)CC(O)(C(F)(F)F)C(F)(F)F)cc1,829,3,7415
9960,12792,CC(=O)C(=Cc1ccc(Cl)c(Cl)c1)C(=O)c1ccccc1,1391,2,8898
9961,12794,CCCCCCC(=O)NCc1ccc(OC(C)=O)c(OC)c1,1372,2,12794
9962,12795,COc1cc(CNC(=O)C=C(C)Cl)ccc1O,3252,1,12795
9963,12796,O=C(C=C(C(F)(F)F)C(F)(F)F)c1cccc(S(=O)(=O)F)c1,3251,1,12796
9964,12797,CC#CC(O)(C(=O)OC1CCN(C)CC1)C1CCC1,1355,2,12797
9965,12798,CC#CC(O)(C(=O)OC1CN2CCC1CC2)C1CCC1,1173,2,12798
9966,12799,CCC1C(OC(=O)C(O)(c2ccccc2)c2ccccc2)C(C)(C)C1N1CCCCC1,3250,1,12799
9967,12800,CCN(CC)CCCN(Cc1ccccc1)C(=O)c1ccc(N)cc1,531,4,4038
9968,12803,c1ccc(C2CC2NC2=NCCO2)cc1,3249,1,12803
9969,12804,CN1CCN(C(=O)CCCCCCCCC(=O)N2CCN(C)CC2)CC1,828,3,2684
9970,12805,CC(=O)N(C(C)=O)c1cc2c3c(c1)CCN3CCC2,819,3,12805
9971,12806,CN1C2CCCC1CN(Cc1ccccc1)C2,3248,1,12806
9972,12807,C(=NNc1ccccc1)c1cc2c3c(c1)CCCN3CCC2,3247,1,12807
9973,12808,NC(=S)N/N=C/c1cc2c3c(c1)CCCN3CCC2,3246,1,12808
9974,12809,OCc1cc2c3c(c1)CCCN3CCC2,791,3,12809
9975,12811,CC(=O)N(C(C)=O)c1cc2c3c(c1)CCCN3CCC2,819,3,12805
9976,12812,CCN(CC)c1cc2c3c(c1)CCCN3CCC2,1386,2,12812
9977,12813,CCNc1cc2c3c(c1)CCCN3CCC2,520,4,12711
9978,12814,Cc1ccc2c3c1CCCN3CCC2,3245,1,12814
9979,12815,O=[N+]([O-])C=Cc1cc2c3c(c1)CCCN3CCC2,3244,1,12815
9980,12816,c1c(NC2=NCCO2)cc2c3c1CCCN3CCC2,3243,1,12816
9981,12818,C[N+]12CCCc3cc(CO)cc(c31)CCC2,3242,1,12818
9982,12820,Oc1cc2c3c(c1)CCCN3CCC2,3241,1,12820
9983,12821,COc1cc2c3c(c1)C(=NN=C1CCN4CCCc5cc(OC)cc1c54)CCN3CCC2,346,5,3826
9984,12822,COc1cc2c3c(c1)/C(=N/N)CCN3CCC2,346,5,3826
9985,12823,COc1cc2c3c(c1)/C(=N/Nc1ccccc1)CCN3CCC2,346,5,3826
9986,12824,COc1cc2c3c(c1)/C(=N/NC(N)=S)CCN3CCC2,346,5,3826
9987,12825,ON=C1CCN2CCCc3cccc1c32,3240,1,12825
9988,12828,O=C(O)c1c2c(nc3ccccc13)-c1cccc3c1N(C=CC3)C2,3239,1,12828
9989,12829,CC(=O)N1CCN(c2ccc3ccccc3n2)CC1,529,4,12829
9990,12830,CCN(CC)C(=O)N1CCN(c2ccc3ccccc3n2)CC1,1390,1,12830
9991,12831,O=C(c1ccncc1)N1CCN(c2ccc3ccccc3n2)CC1,529,4,12829
9992,12832,NC(=O)N1CCN(c2ccc3ccccc3n2)CC1,529,4,12829
9993,12833,COc1cc(C(=O)N2CCN(c3ccc4ccccc4n3)CC2)cc(OC)c1OC,3238,1,12833
9994,12834,O=C(CSS(=O)(=O)O)N1CCN(c2ccc3ccccc3n2)CC1,3237,1,12834
9995,12835,O=C(c1cccnc1)N1CCN(c2ccc3ccccc3n2)CC1,529,4,12829
9996,12836,ON=C1CCC(CC2CCCCC2)CC1,3236,1,12836
9997,12837,CCCCN(CCCC)CCCc1ccc(COc2ccccc2)cc1,144,8,5623
9998,12840,CC1CC(C(F)(F)F)(C(F)(F)F)OC(C(F)(F)F)(C(F)(F)F)O1,3235,1,12840
9999,12841,Cc1nc2ncccc2c(=O)n1CN1CCCCC1,1389,2,12841
10000,12843,CCN(CC)CCn1c(=O)c(=O)[nH]c2ncccc2c1=O,3234,1,12843
10001,12844,Cc1nc2ncccc2c(=O)n1CN1CCOCC1,1389,2,12841
10002,12845,CCN(CC)CCn1c(C)nc2ncccc2c1=O,3233,1,12845
10003,12846,N=C(N)c1ccc(CCc2ccc(CN)cc2)cc1,3232,1,12846
10004,12847,N=C(NCCc1ccccc1)c1ccc(CCc2ccc(CN)cc2)cc1,3231,1,12847
10005,12853,CCN(CCO)CCCc1ccc(COc2ccccc2)cc1,144,8,5623
10006,12854,CCN(CCO)CC1(c2ccccc2)CCCCC1,1383,2,12854
10007,12855,CN(C)c1ccc(C(=O)CCCN2CCC(O)(c3ccc(C(F)(F)F)cc3)CC2)cc1,1388,1,12855
10008,12856,N=C(N)NCCCC(=O)c1ccc(F)cc1,3230,1,12856
10009,12858,O=C(CCCN1CC=C(N2CCc3ccccc32)CC1)c1ccc(F)cc1,3229,1,12858
10010,12859,O=C(CCCN1CCC(O)(c2cccc(C(F)(F)F)c2)CC1)c1ccc(N2CCC(O)CC2)cc1,670,2,2475
10011,12860,OC(CC(=NN=C(CC(O)(C(F)(F)F)C(F)(F)F)c1ccccc1)c1ccccc1)(C(F)(F)F)C(F)(F)F,528,4,12738
10012,12861,ON=C(CC(O)(C(F)(F)F)C(F)(F)F)c1ccccc1,528,4,12738
10013,12862,Cc1cc(C)c(C(=O)CC(O)(C(F)(F)F)C(F)(F)F)c(C)c1,3228,1,12862
10014,12863,CON=C(C(=O)NC1C(=O)N2C(C(=O)O)=C(CSc3cc[n+](C)c4c3CCC4)CSC12)c1csc(N)n1,101,9,113
10015,12864,C[n+]1ccc(SCC2=C(C(=O)O)N3C(=O)C(NC(=O)C(=NOCC(=O)O)c4csc(N)n4)C3SC2)c2c1CCC2,527,1,12864
10016,12865,OCCNCCCc1ccc(OCc2ccccc2)cc1,515,3,12865
10017,12866,O=C(CC(O)(C(F)(F)F)C(F)(F)F)c1ccc(C(O)CC(O)(C(F)(F)F)C(F)(F)F)cc1,829,3,7415
10018,12867,CCN(CC)CCNc1c(C)cc(C)cc1C,3227,1,12867
10019,12868,Cc1ccc(C(C)C)cc1NC1=NCCO1,3226,1,12868
10020,12869,CCC1(c2ccc(OC)cc2)OCC(CO)O1,1101,3,2157
10021,12870,CCC1CCN(Cc2c[nH]c3ccccc23)CC1,343,5,2964
10022,12871,O=C(NCCCl)NC1c2ccccc2-c2ccccc21,795,3,8919
10023,12875,CCCCCN1CCC23CC(=O)CCC2(O)C1Cc1ccc(OC)c(O)c13,154,8,3150
10024,12877,CCN(CC)CCOC(=O)C1(Sc2ccccc2)CCCC1,827,3,12301
10025,12878,CN(C)CCOC(=O)C1(Sc2ccccc2)CCCCC1,827,3,12301
10026,12880,c1ccc2c(c1)-c1ccccc1C2NC1=NCCO1,3225,1,12880
10027,12881,C=C(Br)CNC=O,3224,1,12881
10028,12882,CN(C=O)c1cc2c3c(c1)CCCN3CCC2,3223,1,12882
10029,12883,CN(C)C=Nc1ccc2c3c(cccc13)CC2,3222,1,12883
10030,12884,CN(C)C=Nc1c2ccccc2nc2ccccc12,3221,1,12884
10031,12885,CN(C)C=Nc1cccc2nsnc12,3220,1,12885
10032,12886,CN(C)C=NCCOCc1ccccc1,3219,1,12886
10033,12887,CN(C)C=Nc1cc2c(cc1Br)-c1ccccc1C2=O,3218,1,12887
10034,12888,CN(C)C=NC1CCC(C(C)(C)C)CC1,3217,1,12888
10035,12889,Cc1ccc(C(C)C)cc1N=CN(C)C,3216,1,12889
10036,12890,CN(C)C=NCCCN1c2ccccc2Sc2ccc(Cl)cc21,26,17,272
10037,12891,CN(C)C=NC(c1ccccc1)c1ccc(Cl)cc1,825,3,6685
10038,12892,CN(C)C=Nc1c(C#N)c(CC#N)nn1-c1ccccc1,3215,1,12892
10039,12893,CN(C)C=NC1c2ccccc2CCc2ccccc21,826,3,12893
10040,12894,CN(C)C=NCCN1CC1,3214,1,12894
10041,12895,CN(C)C=NC1C=CSc2ccccc21,3213,1,12895
10042,12896,CN(C)C=Nc1ccccc1-c1ccccc1,3212,1,12896
10043,12897,C=C(Br)CN=CN(C)C,3211,1,12897
10044,12898,CN(C)C=NCCN(C)C,3210,1,12898
10045,12899,Cc1[nH]c2ccc(N=CN(C)C)cc2c1C,3209,1,12899
10046,12900,CN(C)C=NC(c1ccccc1)c1ccccc1,825,3,6685
10047,12901,CN(C)C=Nc1ccc2c3c(cccc13)-c1ccccc1-2,3208,1,12901
10048,12902,CN(C)C=NC1c2ccccc2-c2ccccc21,826,3,12893
10049,12903,CCOC(CCCN=CN(C)C)OCC,3207,1,12903
10050,12904,CN(C)C=NN1CCCCCC1,3206,1,12904
10051,12905,CN(C)C=NC1CCc2ccccc21,826,3,12893
10052,12906,CN(C)C=Nc1cccc2cnccc12,3205,1,12906
10053,12907,COc1ccc2sc(N=CN(C)C)nc2c1,3204,1,12907
10054,12908,COc1ccc(CN=CN(C)C)cc1,3203,1,12908
10055,12909,Cc1cc(N=CN(C)C)c2ccccc2n1,3202,1,12909
10056,12910,CC(N=CN(C)C)c1cccc2ccccc12,3201,1,12910
10057,12911,CN(C)C=NCCNc1ccc([N+](=O)[O-])cn1,3200,1,12911
10058,12912,CN(C)C=NCCCN1c2ccccc2Sc2ccccc21,1387,1,12912
10059,12913,CN(C)C=NC1CC1c1ccccc1,3199,1,12913
10060,12914,CN(C)C=Nc1cnc2ccccc2c1,3198,1,12914
10061,12915,CN(C)C=Nc1c2c(nc3ccccc13)CCCC2,3197,1,12915
10062,12916,CN(C)C=Nc1cccc2c1CCCC2,3196,1,12916
10063,12917,CN(C)C=NCC1CCCCO1,3195,1,12917
10064,12918,CN(C)C=NC1CC(C)(C)NC(C)(C)C1,3194,1,12918
10065,12919,CN(C)C=Nc1ccc2c3c1CCCN3CCC2,3193,1,12919
10066,12920,CN(C)C=NC1(c2ccccc2)CCCCC1,3192,1,12920
10067,12921,CN(C)C=NCCc1ccccn1,3191,1,12921
10068,12922,CC1CCC(C(C)C)C(OC(=O)N/N=C/N(C)C)C1,3190,1,12922
10069,12923,CCOC1CCN(CCCn2c3ccccc3c3ccc(C(C)=O)cc32)CC1,824,3,12456
10070,12924,COC1CCN(CCCn2c3ccccc3c3ccc(C(C)=O)cc32)CC1,824,3,12456
10071,12925,c1ccc2c(c1)c1ccccc1n2CCN1CCCCC1,3189,1,12925
10072,12926,CN(C)Cc1ccc2c(c1)c1c(n2Cc2ccccc2)CCCC1,3188,1,12926
10073,12927,CN(C)Cc1ccc2c(c1)c1c(n2C)CCCC1,3187,1,12927
10074,12928,CCOC(=O)OC1(c2ccccc2)CCN(C)CC1,823,3,12928
10075,12929,CCOC(=O)OC1CN2CCC1CC2,3186,1,12929
10076,12930,COC(=O)C1(OC(=O)Oc2ccccc2)CCN(C)CC1,3185,1,12930
10077,12931,COC(=O)OC1(c2ccccc2)CCN(C)CC1,823,3,12928
10078,12932,CN1CCC(OC(=O)Oc2ccccc2)(c2ccccc2)CC1,823,3,12928
10079,12933,CN1CCC(OC(=O)Oc2ccccc2)CC1,3184,1,12933
10080,12934,CCC(OCCN(C)C)(c1ccccc1)c1ccc(Cl)cc1,696,4,362
10081,12935,CCN(CC)CCOc1cc(C)cc2ccccc12,3183,1,12935
10082,12936,CCOC=NCCOC(c1ccccc1)c1ccccc1,3182,1,12936
10083,12937,CCN(C)c1cc2c3c(c1)CCCN3CCC2,1386,2,12812
10084,12938,NCCc1cc2c3c(c1)CCCN3CCC2,791,3,12809
10085,12939,CCN(CC)CCNCCCc1ccc(COc2ccccc2)cc1,144,8,5623
10086,12940,NCCNCCCc1ccc(COc2ccccc2)cc1,515,3,12865
10087,12941,C1CCC(N(CCN(C2CCCCC2)C2CCCCC2)C2CCCCC2)CC1,3181,1,12941
10088,12942,O=CNc1cc2c3c(c1)CCCN3CCC2,3180,1,12942
10089,12944,c1coc(CNC2=NCCO2)c1,3179,1,12944
10090,12948,COc1ccc(CN2CCN(C(c3ccc(F)cc3)c3ccc(F)cc3)CC2)c(OC)c1OC,3178,1,12948
10091,12949,Cc1ccc(C(C)NC2=NCCO2)c(C)c1,1385,2,12949
10092,12950,Cc1ccc(C)c(C(C)NC2=NCCO2)c1,1385,2,12949
10093,12951,COc1cc(C=NCc2cc(OC)c(OC)c(OC)c2)cc(OC)c1OC,3177,1,12951
10094,12952,O=c1[nH]c(=S)[nH]n1SSn1[nH]c(=S)[nH]c1=O,3176,1,12952
10095,12953,CCN(CC)CCOC(=O)NCc1ccccc1,434,4,3027
10096,12954,O=C(NCc1ccccc1)OCCN1CCCCC1,268,6,5590
10097,12955,O=C(NCC=CBr)Oc1cccc2ccccc12,3175,1,12955
10098,12956,O=C(NCCBr)Oc1cccc2ccccc12,3174,1,12956
10099,12957,CCN(CC)CCNC(=O)OCc1ccccc1,103,9,12480
10100,12958,CCN(CC)CCNC(=O)OCc1ccccc1Cl,103,9,12480
10101,12959,CCN(CC)CCNC(=O)OCc1ccc(Cl)cc1,103,9,12480
10102,12960,CCN(CC)CCNC(=O)OCc1ccc(C)cc1C,526,2,12960
10103,12961,CCN(CC)CCNC(=O)OCc1cc(C)ccc1C,526,2,12960
10104,12962,CCN(CC)CCNC(=O)OCc1c(C)cccc1C,103,9,12480
10105,12963,CCN(CC)CCNC(=O)OCc1ccccc1C,103,9,12480
10106,12964,CCN(CC)CCNC(=O)OCc1ccc(C)cc1,103,9,12480
10107,12966,CCN(CC)CCNC(=O)OCCc1ccccc1,103,9,12480
10108,12967,CCN(CC)CCNC(=O)OCCCc1ccccc1,103,9,12480
10109,12968,CN(C)CCNC(=O)OCCc1ccccc1,822,2,12968
10110,12969,CN(C)CCCNC(=O)OCCCc1ccccc1,822,2,12968
10111,12970,CN1CCC(OC(=O)N(c2ccccc2)c2ccccc2)CC1,3173,1,12970
10112,12971,CCCOC(=O)SCCNC(=O)OCC,3172,1,12971
10113,12974,O=C(Nc1ccc2c(c1)OCO2)OCCc1ccccn1,3171,1,12974
10114,12975,CCOC(=O)CNC(=O)Nc1ccc(OC)c2ccccc12,1227,2,12975
10115,12976,CCCCOC(=O)CNC(=S)NCc1ccc(O)c(OC)c1,3170,1,12976
10116,12977,NN=C(N)Nc1cccc2ccccc12,3169,1,12977
10117,12978,N=C(N)NC(c1ccccc1)c1ccccc1,3168,1,12978
10118,12979,N=C(N)NCCN1CCCCCc2ccccc21,3167,1,12979
10119,12980,COc1ccc(CNC(=N)N)c2ccccc12,3166,1,12980
10120,12981,CCCCCC(C=NO)C(O)(C(F)(F)F)C(F)(F)F,3165,1,12981
10121,12982,CC(C)SCCCCCCC(N)=O,786,3,12982
10122,12983,COc1cc(CNC(=O)CCCCCCSC(C)C)ccc1O,237,6,16
10123,12984,CN(C)C(C)(C)CCCCC(C)(C)N(C)C,3164,1,12984
10124,12985,CCN(CC)CCNC(=O)c1ccc(NS(C)(=O)=O)cc1,3163,1,12985
10125,12986,CC(C)(Oc1ccc(-c2nc3c(N)nc(N)nc3nc2N)cc1)C(=O)O,3162,1,12986
10126,12988,FC1(F)SC2CCCCCC2C1(F)F,3161,1,12988
10127,12989,CCNCCOC(=O)C1(c2ccccc2)CCCCC1,3160,1,12989
10128,12993,COc1ccccc1N1CCN(C2(C#N)CCCCC2)CC1,3159,1,12993
10129,12995,N#CC1(N2CCC3(CC2)C(=O)NCN3c2ccccc2)CCCCC1,1313,2,12995
10130,12996,C=C(Br)CNC(=O)C1CCCCC1,3158,1,12996
10131,12997,CCCCNC(=O)C1CCC(CC2CCCCC2)CC1,3157,1,12997
10132,12998,COc1ccc(NC(=O)C2CCCCC2)c2ccccc12,1384,2,12998
10133,12999,COc1ccc(NC(=O)C2CCCCC2)c(OC)c1OC,1384,2,12998
10134,13000,COc1cc(NC(=O)C2CCCCC2)cc(OC)c1OC,3156,1,13000
10135,13001,O=C(O)C1CCC(CC2CCCCC2)CC1,821,3,7768
10136,13018,CCN(CCCl)CC1(c2ccccc2)CCCCC1,1383,2,12854
10137,13019,CC(C)(C)C(CC(O)(C(F)(F)F)C(F)(F)F)=NO,3155,1,13019
10138,13020,C=C(C)C#CC(O)(C(=O)OC1CN2CCC1CC2)C(C)(C)C,1382,2,13020
10139,13021,C=C(C)C#CC(O)(C(=O)OC1C2CCN(CC2)C1C)C(C)C,3154,1,13021
10140,13022,CC1=C(C=CC(O)CC(O)(C(F)(F)F)C(F)(F)F)C(C)(C)CCC1,3153,1,13022
10141,13023,C=C(C)C#CC(O)(C(=O)OC1CCN(C)CC1)C(C)C,3152,1,13023
10142,13024,C=C(C)C#CC(O)(C(=O)OC1CN2CCC1CC2)C(C)C,1382,2,13020
10143,13026,CCOC(=O)CN1C(=O)C(=O)N(c2ccc(OC)c3ccccc23)C1=O,3151,1,13026
10144,13028,COc1ccc(CN2C(=O)C(=O)N(CCBr)C2=O)c2ccccc12,3150,1,13028
10145,13029,O=C1C(=O)N(Cc2cccc3ccccc23)C(=O)N1CCBr,3149,1,13029
10146,13030,CCOC1CN(c2cccc3ccccc23)C(=O)N1,3148,1,13030
10147,13031,Cc1cccnc1N1CCNC1=O,3147,1,13031
10148,13032,CC(C)(C)c1ccccc1OCC1=NCCN1,820,3,519
10149,13033,Cc1c(Cl)ccc(OCC2=NCCN2)c1C,1381,2,13033
10150,13034,Cc1cc(OCC2=NCCN2)c(C)c(C)c1Cl,1381,2,13033
10151,13035,Brc1cc(Br)c(NC2=NCCN2)c2c1CCCC2,1334,2,13035
10152,13036,Ic1ccc(NC2=NCCN2)c2ccccc12,1336,2,13036
10153,13037,Cc1ccc(C(C)C)c(OCC2=NCCN2C)c1,3146,1,13037
10154,13038,c1ccc2c(OCC3=NCCN3)cccc2c1,1380,2,7611
10155,13039,c1cc2c(c(OCC3=NCCN3)c1)CCCC2,1379,2,10122
10156,13040,Cc1ccc(C(C)C)c(OCCNC2=NCCN2)c1,3145,1,13040
10157,13041,CN1CCC(OC(=O)C2(O)c3ccccc3CCc3ccccc32)CC1,1302,2,13041
10158,13042,CCOC(=O)C1CCCN(Cc2c[nH]c3ccccc23)C1,3144,1,13042
10159,13043,CCN(CC)CCCN1CC2CCCC(C1)N2C,3143,1,13043
10160,13044,CN1C2CCCC1CN(CCCN1CCCCC1)C2,3142,1,13044
10161,13046,O=C(CCCN1CCC2(CC1)CC(=O)N(N1CCCCCC1)C2=O)c1ccccc1,525,3,13046
10162,13047,O=C1CC2(CCN(Cc3ccccc3)CC2)C(=O)N1N1CCCCC1,3141,1,13047
10163,13048,CN(C)N1C(=O)CC2(CCN(CCCC(=O)c3ccc(F)cc3)CC2)C1=O,525,3,13046
10164,13049,O=C(CCCN1CCC2(CC1)CC(=O)N(N1CCCCCC1)C2=O)c1ccc(F)cc1,525,3,13046
10165,13050,O=C1CC2(CCN(Cc3ccccc3)CC2)CC(=O)N1CCc1c[nH]c2ccccc12,3140,1,13050
10166,13052,Cc1ccc(C(C)(C)C)c(OCC2=NCCN2)c1,820,3,519
10167,13053,CC(C)c1ccccc1SCC1=NCCN1,3139,1,13053
10168,13055,Cc1ccc(NC(=O)CN(CC(=O)O)Cc2ccccc2)cc1-c1ccccc1,3138,1,13055
10169,13056,O=c1oc(C(=Cc2ccccc2)c2nc3ccccc3c(=O)o2)nc2ccccc12,3137,1,13056
10170,13057,CC(C)(C)OC(=O)c1ccccc1NC(=O)C(=Cc1ccccc1)C(=O)Nc1ccccc1C(=O)OC(C)(C)C,351,5,12507
10171,13058,CCOc1ccc(CC(=O)NCc2ccc(O)c(OC)c2)cc1,3136,1,13058
10172,13059,CCN(C(C)=O)c1cc2c3c(c1)CCCN3CCC2,819,3,12805
10173,13060,COc1cccc(N(C(C)=O)c2ccccc2)c1,1378,2,7216
10174,13061,CC(=O)N(C)C1=CCC2=C3C(=CCC2)CCCN13,3135,1,13061
10175,13062,O=C(C[N+](=O)[O-])Nc1cccc2ccccc12,3134,1,13062
10176,13063,CC(=O)Nc1cc2c3c(c1)CCCN3CCC2,345,5,12730
10177,13064,CC(=O)NCc1cc2c3c(c1)CCCN3CCC2,3133,1,13064
10178,13065,CC(=O)Nc1cc2c3c(c1)CCN3CCC2,345,5,12730
10179,13067,CC(=NCCOCc1ccccc1)N(C)C,3132,1,13067
10180,13069,CCOc1ccc(CC(=O)Nc2cc(Cl)ccc2N)cc1,3131,1,13069
10181,13070,CCOc1cc(NC(C)=O)cc(Cl)c1OCCN(CC)CC,1377,2,12482
10182,13072,CC(=O)Nc1c(I)cc(I)c(OCCOC(C(=O)O)c2ccccc2)c1I,176,5,6219
10183,13073,CC(=O)Nc1c(I)cc(I)c(OCCOCC(=O)O)c1I,373,4,9017
10184,13074,CC(=O)Nc1c(I)cc(I)c(OCCOC(C(=O)O)c2ccccc2C)c1I,176,5,6219
10185,13075,CC(=O)Nc1c(I)cc(I)c(OCCOC(C(=O)O)c2ccc(C)cc2)c1I,176,5,6219
10186,13076,CC(N)CC1(O)C(=O)Nc2ccccc21,1376,2,13076
10187,13077,CC(CC1(O)C(=O)Nc2ccccc21)[N+](=O)[O-],1376,2,13076
10188,13081,O=c1nc2n(CCCN(CCO)CCO)c3ccc(Cl)cc3nc-2c(=O)[nH]1,242,6,12500
10189,13082,CCN(CC)CC(O)Cn1c2nc(=O)[nH]c(=O)c-2nc2cc(Cl)ccc21,524,2,13082
10190,13083,CCN(CC)CCCC(C)n1c2nc(=O)[nH]c(=O)c-2nc2cc(Cl)ccc21,1375,1,13083
10191,13084,CN(C)CCn1c2nc(=O)[nH]c(=O)c-2nc2cc(Cl)ccc21,242,6,12500
10192,13085,CC(CCCN(C)C)n1c2nc(=O)[nH]c(=O)c-2nc2cc(Cl)ccc21,242,6,12500
10193,13086,CCN(CCO)CCCn1c2nc(=O)[nH]c(=O)c-2nc2cc(Cl)ccc21,242,6,12500
10194,13087,O=c1nc2n(CC(O)CN3CCCCC3)c3ccc(Cl)cc3nc-2c(=O)[nH]1,524,2,13082
10195,13089,CN(C)CCn1c2nc(=O)[nH]c(=O)c-2nc2cc(Cl)c(Cl)cc21,242,6,12500
10196,13090,CCN(CCO)CCCn1c2nc(=O)[nH]c(=O)c-2nc2c(Cl)c(Cl)ccc21,818,2,13090
10197,13091,CN(CCO)CCCn1c2nc(=O)[nH]c(=O)c-2nc2c(Cl)c(Cl)ccc21,818,2,13090
10198,13092,CCN(CC)CC[n+]1c2cc(OC)ccc2nc2c(=O)[nH]c(=O)n(C)c21,3130,1,13092
10199,13093,C=C(Br)CNC(=O)C(C)C,3129,1,13093
10200,13094,O=C=NCC=CBr,3128,1,13094
10201,13095,O=C=NCC(Br)=CBr,3127,1,13095
10202,13097,c1ccc2c(c1)CCN(C1=NCCO1)C2,3126,1,13097
10203,13098,CN1CCC(OC(=O)C(O)(c2ccccc2)c2ccns2)CC1,3125,1,13098
10204,13099,O=C(OC1CN2CCC1CC2)C(O)(c1ccccc1)c1ccns1,64,12,3064
10205,13100,C=CC(Br)N=C=S,3124,1,13100
10206,13101,C=C(Br)CN=C=S,3123,1,13101
10207,13102,C=CC(Cl)N=C=S,3122,1,13102
10208,13103,S=C=Nc1ccc(Cl)c2ccccc12,3121,1,13103
10209,13104,S=C=NCC(Br)=CBr,3120,1,13104
10210,13105,S=C=Nc1cc(N=C=S)cc(N=C=S)c1,666,4,1367
10211,13107,O=C(c1c[nH]c2ccc(OCc3ccccc3)cc12)C1CCNCC1,3119,1,13107
10212,13108,Cc1cccc(C)c1C1=NCCN1,3118,1,13108
10213,13109,Cn1ccn(C2CCCCC2)c1=O,3117,1,13109
10214,13111,c1ccc2c(c1)CC(NC1=NCCO1)C2,3116,1,13111
10215,13114,COC(CCC[N+](C)(C)C)CC[N+](C)(C)C,3115,1,13114
10216,13115,CC(C)(CCCCC(C)(C)[N+](C)(C)C)[N+](C)(C)C,3114,1,13115
10217,13116,COc1cc(C=NNC(=O)C[N+](C)(C)C)cc(OC)c1OC,3113,1,13116
10218,13117,C=CCCCCCCCCC(=O)NCC[N+](C)(C)C,3112,1,13117
10219,13121,CCC1C(OC(=O)C(O)(c2ccccc2)C2CCCC2)C2CCN1CC2,1374,1,13121
10220,13129,CC1C(OC(=O)C(O)(c2ccccc2)C2CC2)C2CCN1CC2,241,5,13129
10221,13131,C=C(C)C(O)(C(=O)OC1CCN(C)CC1)c1ccc(OC)c(OC)c1,462,3,13131
10222,13132,C=C(C)C(O)(C(=O)OC1CN2CCC1CC2)c1ccc(OC)c(OC)c1,817,1,13132
10223,13133,C=C(C)C(O)(C(=O)OC1C2CCN(CC2)C1C)c1ccccc1,241,5,13129
10224,13134,C=C(C)C(O)(C(=O)OCC1=CN(C)CCC1)c1ccccc1,1171,2,13134
10225,13135,C=C(C)C(O)(C(=O)OC1CC(C)N(C)C(C)(C)C1)c1ccccc1,3111,1,13135
10226,13137,CC1C(OC(=O)C(O)(c2ccccc2)C(C)C)C2CCN1CC2,241,5,13129
10227,13139,CC(C)C(O)(C(=O)OCc1ccccn1)c1ccccc1,3110,1,13139
10228,13141,CC(C)C=CC(O)(C(=O)OC1CCN(C)CC1)c1ccccc1,816,2,13141
10229,13142,CC(C)C=CC(O)(C(=O)OC1CN2CCC1CC2)c1ccccc1,523,2,13142
10230,13143,C=C(C)C#CC(O)(C(=O)OC1C2CCN(CC2)C1C)c1ccccc1,87,4,13143
10231,13144,C=C(C)C#CC(O)(C(=O)OC1CN2CCC1CC2)c1ccccc1,87,4,13143
10232,13145,C=C(C)C#CC(O)(C(=O)OC1CCC2CCC1N2C)c1ccccc1,160,7,9805
10233,13146,CCC(C)C#CC(O)(C(=O)OC1CCN(C)CC1)c1ccccc1,69,11,5161
10234,13147,CCC(C)C#CC(O)(C(=O)OC1CN2CCC1CC2)c1ccccc1,87,4,13143
10235,13148,CCCC#CC(O)(C(=O)OC1CN2CCC1CC2)c1ccccc1,69,11,5161
10236,13149,CN1CCCC(OC(=O)C(O)(CCc2ccccc2)c2ccccc2)C1,321,5,2990
10237,13150,O=C(OC1CN2CCC1CC2)C(O)(CCc1ccccc1)c1ccccc1,64,12,3064
10238,13151,CC=CC(O)(C(=O)OC1CCN(C)CC1)c1ccccc1,816,2,13141
10239,13152,CC=CC(O)(C(=O)OC1CN2CCC1CC2)c1ccccc1,64,12,3064
10240,13153,CC#CC(O)(C(=O)OC1CCN(C)C1)c1ccccc1,69,11,5161
10241,13154,CC#CC(O)(C(=O)OC1C2CCN(CC2)C1C)c1ccccc1,241,5,13129
10242,13155,CC#CC(O)(C(=O)OC1CN2CCC1CC2)c1ccccc1,64,12,3064
10243,13156,CN1CCC(OC(=O)C(O)(C#CC(F)(F)F)c2ccccc2)CC1,69,11,5161
10244,13157,CCOC(=O)C(CC)(C(=O)NCCN1CCOCC1)c1ccccc1,162,7,12745
10245,13158,CCOC(=O)C(CC)(C(=O)NCCCN1CCOCC1)c1ccccc1,162,7,12745
10246,13159,CCOC(=O)C(CCN1CCC2(CC1)CN(C)CN2c1ccccc1)C(=O)OCC,3109,1,13159
10247,13160,N#CC(C#N)=Cc1ccc(SCc2ccc(Cl)cc2)cc1,3108,1,13160
10248,13161,N#CC(C#N)=CC=Cc1c(Cl)cccc1Cl,3107,1,13161
10249,13162,CC1=COC(C)(C=C(C#N)C#N)CC1,3106,1,13162
10250,13163,CC(C)N(C=C(C#N)C#N)C(C)C,3105,1,13163
10251,13164,CCOC1OC(C)(C=C(C#N)C#N)CCC1C,3104,1,13164
10252,13165,N#CC(C#N)=CN1CCCCCC1,815,3,10551
10253,13166,N#CC(C#N)=Cc1c(O)ccc2ccccc12,1373,2,8607
10254,13167,N#CC(C#N)=Cc1cccc(CC(O)(C(F)(F)F)C(F)(F)F)n1,1343,2,13167
10255,13168,N#CC(C#N)=CCCc1c[nH]c2ccccc12,3103,1,13168
10256,13169,COc1ccc(NN=C(C#N)C#N)c(C)c1,3102,1,13169
10257,13170,CN1CCC(C(C#N)C#N)CC1,3101,1,13170
10258,13171,N#CC(C#N)=Cc1cccc2c([N+](=O)[O-])cccc12,1092,3,2691
10259,13172,COc1cc(C=C(C#N)C#N)cc([N+](=O)[O-])c1O,3100,1,13172
10260,13173,N#CC(C#N)CN(C1=NCCO1)c1cccc2c1CCCC2,3099,1,13173
10261,13174,N#CC(C#N)=Cc1ccsc1,3098,1,13174
10262,13175,COc1cc(NN=C(C#N)C#N)cc(OC)c1OC,3097,1,13175
10263,13180,CN1CCCC(COC(=O)C(O)(Cc2ccccc2)c2ccccc2)C1,3096,1,13180
10264,13184,CCC=CC(O)(C(=O)OC1CN2CCC1CC2)c1ccccc1,523,2,13142
10265,13185,CCC#CC(O)(C(=O)OC1CN2CCC1CC2)c1ccccc1,64,12,3064
10266,13186,CCC#CC(O)(C(=O)OC1CC2CCC(C1)N2C)c1ccccc1,715,2,13186
10267,13191,CN1CC=CC1COC(=O)C(O)(C1=CCCC1)c1ccccc1,3095,1,13191
10268,13192,CC1C(OC(=O)C(O)(C2=CCCC2)c2ccccc2)C2CCN1CC2,3094,1,13192
10269,13193,CN1CCC=C(COC(=O)C(O)(C2=CCCC2)c2ccccc2)C1,1170,2,13193
10270,13194,O=C(OC1CN2CCC1CC2)C(O)(C1=CCCC1)c1ccccc1,64,12,3064
10271,13196,CC1CCN(Cc2c(O)ccc3ccccc23)C(C)C1,1289,2,13196
10272,13197,CCC1CCN(Cc2c(O)ccc3ccccc23)CC1,1069,3,3456
10273,13198,CN(C)CCCc1ccc(COc2ccccc2)cc1,144,8,5623
10274,13200,c1ccc(C2(CN3CCOCC3)CCCCC2)cc1,464,4,13200
10275,13201,c1ccc(C2(CN3CCOCC3)CCCC2)cc1,464,4,13200
10276,13202,CCCCCCCCCCCCC(=O)N1CCOCC1,175,7,3438
10277,13205,COc1ccc(OC)c(NC2=NCCO2)c1,463,4,5953
10278,13206,CCc1ccc(NC2=NCCO2)cc1,3093,1,13206
10279,13207,CSc1ccccc1NC1=NCCO1,704,3,6271
10280,13209,CCCCCCCCCCCC(=O)NCc1ccc(OC(=O)CCCCCCCCCCC)c(OC)c1,1372,2,12794
10281,13210,N#Cc1ccc2[nH]cc(CCN)c2c1,1371,1,13210
10282,13211,CCN(CC)Cc1c[nH]c2ccc(C#N)cc12,479,3,13211
10283,13212,CCCN(CCC)Cc1c[nH]c2ccc(C#N)cc12,479,3,13211
10284,13213,N#Cc1ccc2[nH]cc(CCN3CCCCCC3)c2c1,128,8,2926
10285,13214,N#Cc1ccc2[nH]cc(CN3CCCCCC3)c2c1,128,8,2926
10286,13215,N#Cc1ccc2[nH]cc(CN3CCCCCCC3)c2c1,128,8,2926
10287,13216,CN1CCN(Cc2c[nH]c3ccc(C#N)cc23)CC1,128,8,2926
10288,13217,N#Cc1ccc2[nH]cc(CN3CCOCC3)c2c1,128,8,2926
10289,13218,N#Cc1ccc2[nH]cc(CN3CCCCCCCC3)c2c1,128,8,2926
10290,13219,N#Cc1ccc2[nH]cc(CCN3CCCCC3)c2c1,128,8,2926
10291,13220,CC(C)C(N)Cc1c[nH]c2ccc(Cl)cc12,3092,1,13220
10292,13221,c1ccc2c(CC3CCCCN3CC3CC3)c[nH]c2c1,522,4,13221
10293,13222,CCOc1ccc(Cc2cn(CCN(C)C)c3ccc([N+](=O)[O-])cc23)cc1,3091,1,13222
10294,13223,CCc1c[nH]c2ccc(N(C)C)cc12,213,5,1916
10295,13224,CN(C)Cc1ccc2c(ccn2C)c1,3090,1,13224
10296,13225,COc1ccc2[nH]cc(CC(C)N(C)C)c2c1,814,3,3307
10297,13226,O=C(Nc1ccc2c(c1)OCO2)ON=C1C(=O)Nc2ccccc21,3089,1,13226
10298,13227,OC(Cc1cc2ccccc2[nH]1)(C(F)(F)F)C(F)(F)F,3088,1,13227
10299,13229,O=[N+]([O-])c1ccc2[nH]cc(CN3CCCCCC3)c2c1,102,9,2919
10300,13230,c1ccc2c(CN3CCCCCCC3)c[nH]c2c1,344,4,3472
10301,13231,COc1ccc2[nH]cc(CN3CCCCCCC3)c2c1,813,2,3129
10302,13232,O=[N+]([O-])c1ccc2[nH]cc(CN3CCCCCCC3)c2c1,102,9,2919
10303,13233,O=[N+]([O-])c1ccc2c(CN3CCCCCCC3)c[nH]c2c1,102,9,2919
10304,13234,CCCCCCNCCCc1c[nH]c2ccc(OC)cc12,1370,2,13234
10305,13235,CCCCCCNCCCc1c[nH]c2ccc(SC)cc12,1370,2,13234
10306,13237,O=[N+]([O-])c1ccc2[nH]cc(C(O)C(F)(F)F)c2c1,3087,1,13237
10307,13238,OC(c1c[nH]c2ccccc12)C1CCNCC1,3086,1,13238
10308,13239,COc1ccc2[nH]cc(Cc3ccccn3)c2c1,3085,1,13239
10309,13240,CN1CCCCC1Cc1c[nH]c2ccccc12,522,4,13221
10310,13241,O=C(CN1CCOCC1)c1c[nH]c2ccc([N+](=O)[O-])cc12,1369,1,13241
10311,13242,O=[N+]([O-])c1ccc2c(CN3CCCCC3)c[nH]c2c1,102,9,2919
10312,13243,O=C(c1c[nH]c2ccc([N+](=O)[O-])cc12)C(F)(F)F,743,3,7600
10313,13244,c1ccc2c(CCNC3=NCCO3)c[nH]c2c1,3084,1,13244
10314,13245,c1ccc(CCN2CCCCC2Cc2c[nH]c3ccccc23)cc1,522,4,13221
10315,13246,CCCCCCCCC(=O)NCc1ccc(Cl)cc1,125,8,12000
10316,13247,CCCCCCCCC(=O)N(C)CC(OC)OC,3083,1,13247
10317,13248,CCCCCCCCC(=O)NCc1ccc(C)c(C)c1,125,8,12000
10318,13249,CCCCCCCCC(=O)NCc1ccco1,3082,1,13249
10319,13250,CCCCCCCCC(=O)NCc1cccc(OC)c1,812,1,13250
10320,13251,CCCCCCCCC(=O)NCc1ccc(OC)cc1,125,8,12000
10321,13252,CCCCCCCCC(=O)NCCOC,1368,2,13252
10322,13253,CCCCCCCCC(=O)NCCCOC,1368,2,13252
10323,13254,CCCCCCCCC(=O)N(C)OC,1362,2,13254
10324,13255,O=C(O)CCCCCCCCC1CC(F)(F)C1(F)F,3081,1,13255
10325,13282,CC(=O)c1ccc2[nH]cc(C(C)CN)c2c1,3080,1,13282
10326,13283,C=CCN1CCCCC1Cc1c[nH]c2ccccc12,522,4,13221
10327,13284,C=CCN1CCCC(Cc2c[nH]c3ccccc23)C1,1367,2,3591
10328,13285,Cc1[nH]c2c(N)cccc2c1C,3079,1,13285
10329,13286,CSc1ccc2[nH]cc(CCN)c2c1,431,5,1832
10330,13287,NCc1ccc2[nH]cc(Cc3ccccc3)c2c1,1366,2,13287
10331,13288,CC(C)C(N)Cc1cn(C)c2ccccc12,3078,1,13288
10332,13289,NCc1ccc2[nH]cc(CCc3ccccc3)c2c1,1366,2,13287
10333,13290,CC(CN)c1c[nH]c2ccc(SCc3ccccc3)cc12,521,4,3564
10334,13293,CCOc1ccc2[nH]cc(CC(C)N)c2c1,3077,1,13293
10335,13294,CSc1ccc2[nH]cc(C(C)CN)c2c1,521,4,3564
10336,13295,COc1ccc2[nH]cc(CN3C=CC=CC=C3)c2c1,3076,1,13295
10337,13296,O=[N+]([O-])c1ccc2c(CN3CCCCCC3)c[nH]c2c1,102,9,2919
10338,13297,CN(C)Cc1ccc2c(ccn2Cc2ccccc2)c1,3075,1,13297
10339,13298,c1ccc(COc2ccc3[nH]cc(CC4CCNCC4)c3c2)cc1,1081,3,2963
10340,13299,c1ccc(CN2CCC(Cc3c[nH]c4ccccc34)CC2)cc1,343,5,2964
10341,13301,CN(C)C=NC(N=CN(C)C)c1ccc(-c2ccccc2)cc1,3074,1,13301
10342,13303,C[N+](C)(C)C=NCCCCCCN=C[N+](C)(C)C,3073,1,13303
10343,13304,C[N+](C)(C)C=Nc1cccc2c1CCCC2,3072,1,13304
10344,13305,O=C1OCC(CCl)=C1c1ccccc1,3071,1,13305
10345,13306,CC1(O)CC(C(F)(F)Cl)(C(F)(F)Cl)OC1=O,1365,2,13306
10346,13307,CC1(O)OC(C(F)(F)F)(C(F)(F)F)CC1=O,3070,1,13307
10347,13308,CCCCCC1C(O)C(=O)OC1(C(F)(F)F)C(F)(F)F,3069,1,13308
10348,13309,O=C1CC(C(F)(F)F)(C(F)(F)F)OC1(O)c1ccccc1,3068,1,13309
10349,13310,ON=C1COC(C(F)(F)F)(C(F)(F)F)C1,3067,1,13310
10350,13311,CC1(O)CC(C(F)(F)F)(C(F)(F)Cl)OC1=O,1365,2,13306
10351,13312,O=C1OCCC1CC(O)(C(F)(F)F)C(F)(F)F,3066,1,13312
10352,13313,CN1CCC(OC(=O)CC2(c3ccccc3)CCC3(CCCC3)C(=O)O2)CC1,1364,2,13313
10353,13314,CN1CCC(OC(=O)CC2(c3ccccc3)CC3(CCCC3)C(=O)O2)CC1,1364,2,13313
10354,13316,Clc1ccc(Nc2ncco2)cc1Cl,3065,1,13316
10355,13323,CCCCCCCC(=O)Nc1cc2c3c(c1)CCCN3CCC2,1363,1,13323
10356,13324,CC(C)(CCCCC(C)(C)NN1C=CCO1)NN1C=CCO1,3064,1,13324
10357,13325,CC(=O)CCC(=O)CC(O)(C(F)(F)F)C(F)(F)F,3063,1,13325
10358,13327,CCCCCCCC(=O)N(C)OC,1362,2,13254
10359,13328,CCCCCCCCNc1cc2c3c(c1)CCCN3CCC2,520,4,12711
10360,13329,CCOC(=O)C1(c2ccccc2)CCN(CCSCC)CC1,11,21,298
10361,13330,O=C(OC(c1ccccc1)c1ccccc1)c1cccnc1,341,5,13330
10362,13331,CCCCCCCCCCCCCCCCN,811,3,1067
10363,13332,OC(CCCCl)CC(O)(C(F)(F)F)C(F)(F)F,3062,1,13332
10364,13333,C=C(C)C(O)(CCCCC)C(=O)OC1C2CCN(CC2)C1C,3061,1,13333
10365,13334,C=C(C)C(O)(CCCCC)C(=O)OC1CN2CCC1CC2,3060,1,13334
10366,13335,C=C(C)C(O)(CCCCC)C(=O)OC1(C)CCNCC1,3059,1,13335
10367,13336,CC#CC(O)(CCCCC)C(=O)OC1C2CCN(CC2)C1C,3058,1,13336
10368,13337,CC#CC(O)(CCCCC)C(=O)OC1CN2CCC1CC2,3057,1,13337
10369,13338,CC(C)SCCCCCCC(=O)O,786,3,12982
10370,13339,CC(C(=O)CC(O)(C(F)(F)Cl)C(F)(F)Cl)C(O)(C(F)(F)Cl)C(F)(F)Cl,3056,1,13339
10371,13340,O=C(CC(O)(C(F)(F)Cl)C(F)(F)Cl)CC(O)(C(F)(F)Cl)C(F)(F)Cl,519,4,4289
10372,13341,ON=C(CC(O)(C(F)(F)Cl)C(F)(F)Cl)CC(O)(C(F)(F)Cl)C(F)(F)Cl,810,3,13341
10373,13342,O=C(CC(O)(C(F)(F)F)C(F)(F)F)C(Cl)C(O)(C(F)(F)F)C(F)(F)F,3055,1,13342
10374,13343,O=C(CC(O)(C(F)(F)F)C(F)(F)F)C(CCCl)C(O)(C(F)(F)F)C(F)(F)F,3054,1,13343
10375,13344,O=C(CC(O)(C(F)(F)F)C(F)(F)Cl)CC(O)(C(F)(F)F)C(F)(F)Cl,519,4,4289
10376,13345,CN(C)N=C(CC(O)(C(F)(F)F)C(F)(F)Cl)CC(O)(C(F)(F)F)C(F)(F)Cl,1361,2,13345
10377,13346,OC(CC(CC(O)(C(F)(F)F)C(F)(F)F)=NN=C(CC(O)(C(F)(F)F)C(F)(F)F)CC(O)(C(F)(F)F)C(F)(F)F)(C(F)(F)F)C(F)(F)F,810,3,13341
10378,13347,CN(C)N=C(CC(O)(C(F)(F)F)C(F)(F)F)CC(O)(C(F)(F)F)C(F)(F)F,1361,2,13345
10379,13348,ON=C(CC(O)(C(F)(F)F)C(F)(F)F)CC(O)(C(F)(F)F)C(F)(F)F,810,3,13341
10380,13349,O=C(CC(O)(C(F)(F)F)C(F)(F)F)C(c1ccccc1)C(O)(C(F)(F)F)C(F)(F)F,3053,1,13349
10381,13350,OC(CC(CC(O)(C(F)(F)F)C(F)(F)F)=NNc1ccccc1)(C(F)(F)F)C(F)(F)F,3052,1,13350
10382,13351,O=C(CCCCl)CC(O)(C(F)(F)F)C(F)(F)F,3051,1,13351
10383,13352,CC(C)CC(=O)CC(Cl)(C(F)(F)F)C(F)(F)F,3050,1,13352
10384,13354,O=C(CC(O)(C(F)(F)Cl)C(F)(Cl)Cl)CC(O)(C(F)(F)Cl)C(F)(Cl)Cl,519,4,4289
10385,13355,CN1CN(c2ccccc2)C2(CCN(CCCCCCC#N)CC2)C1=O,73,9,13355
10386,13356,C=C(Cl)C[N+]12CN3CN(CN(C3)C1)C2,3049,1,13356
10387,13357,C#CCC(O)(CCCCC)C(=O)OC1(C)CCNCC1,3048,1,13357
10388,13358,CC(=O)OC(CC(O)(C(F)(F)F)C(F)(F)F)C(C)(C)C,3047,1,13358
10389,13359,CC(O)(CCc1ccccc1)CC(O)(C(F)(F)F)C(F)(F)F,833,3,12693
10390,13361,CCN(CC)CCN(C(=O)Cc1ccc2ccccc2c1)c1ccccc1N,3046,1,13361
10391,13362,CC(NC1=NCCO1)c1cccc2ccccc12,3045,1,13362
10392,13364,OC(CNC1CN2CCC1CC2)c1ccc2ccccc2c1,3044,1,13364
10393,13365,CCOc1ccc(CN)c2ccccc12,1360,2,13365
10394,13366,CCOc1ccc(CNC2=NCCO2)c2ccccc12,342,5,13366
10395,13367,CC(C)Oc1ccc(CN)c2ccccc12,3043,1,13367
10396,13368,COc1ccc(CNC2=NCCO2)c2ccccc12,342,5,13366
10397,13369,CCCOc1ccc(CNC2=NCCO2)c2ccccc12,342,5,13366
10398,13370,CCCOc1ccc(CN)c2ccccc12,1360,2,13365
10399,13371,c1cc2c(c(CNC3=NCCO3)c1)CCCC2,3042,1,13371
10400,13372,CN(C)C=C1CCc2ccc([N+](=O)[O-])cc2C1=O,3041,1,13372
10401,13374,FC(F)=C1c2ccc3ccccc3c2OC1(F)F,3040,1,13374
10402,13375,O=C(NNC(=O)c1cccc2ccccc12)c1cccc(Cl)c1,358,5,11308
10403,13377,CC(C)(O)CC(O)(C(F)(F)F)C(F)(F)F,3039,1,13377
10404,13380,O=C(CC(O)(C(F)(F)F)C(F)(F)F)C(=O)c1ccc([N+](=O)[O-])cc1,3038,1,13380
10405,13381,CC(Cl)(Cl)CC(O)(C(F)(F)F)C(F)(F)F,3037,1,13381
10406,13382,O=C(CBr)CC(O)(C(F)(F)F)C(F)(F)F,1359,1,13382
10407,13383,C/C(CC(O)(C(F)(F)Cl)C(F)(F)Cl)=N/Nc1ccc([N+](=O)[O-])cc1[N+](=O)[O-],1357,2,13383
10408,13384,CC(CC(O)(C(F)(F)Cl)C(F)(F)Cl)=NO,1356,2,13384
10409,13386,O=C(CCl)CC(O)(C(F)(F)F)C(F)(F)F,1358,1,13386
10410,13387,CC(=O)CC(Cl)(C(F)(F)F)C(F)(F)F,3036,1,13387
10411,13388,O=C(Cc1ccccc1)CC(O)(C(F)(F)F)C(F)(F)F,3035,1,13388
10412,13389,ON=C(Cc1ccccc1)CC(O)(C(F)(F)F)C(F)(F)F,3034,1,13389
10413,13392,C/C(CC(O)(C(F)(F)F)C(F)(F)F)=N/Nc1ccc([N+](=O)[O-])cc1[N+](=O)[O-],1357,2,13383
10414,13393,CC(CC(O)(C(F)(F)F)C(F)(F)F)=NO,1356,2,13384
10415,13396,C/C(C=C(C(F)(F)F)C(F)(F)F)=N/Nc1ccccc1,3033,1,13396
10416,13397,CCN(CC)C(CCc1ccccc1)CCc1ccccc1,3032,1,13397
10417,13399,CC#CC(O)(C#CC)C(=O)OC1CCN(C)CC1,1355,2,12797
10418,13403,CN(CCCl)C1(c2ccccc2)CCCCC1,1164,2,13403
10419,13404,NC1CCCCC1CC1CCCCC1,3031,1,13404
10420,13406,CCCCCCCCCC1CCC(N)CC1,3030,1,13406
10421,13407,c1coc(NC2CCCCC2)n1,3029,1,13407
10422,13409,C1CCCC(NC2=NCCO2)CCC1,809,3,4168
10423,13415,CN(C)C(=O)C1(c2ccccc2)CCCC1,3028,1,13415
10424,13416,CNC(=O)C1(c2ccccc2)CCCC1,3027,1,13416
10425,13436,ClCCN1CCOC1=Nc1cccc2c1CCCC2,1332,2,13436
10426,13438,C1CCCCCC(NC2=NCCO2)CCCCC1,809,3,4168
10427,13440,CCOc1ccc2ccccc2c1NC1=NCCO1,1354,2,7970
10428,13441,CC(C)Oc1ccc(CNC2=NCCO2)c2ccccc12,342,5,13366
10429,13442,COc1ccc(CNC2=NCCO2)cc1,3026,1,13442
10430,13444,CN(C1=NCCO1)c1cccc2ccccc12,3025,1,13444
10431,13445,Cc1ccc2ccccc2c1CNC1=NCCO1,848,3,11951
10432,13446,Cc1ccc(CNC2=NCCO2)c2ccccc12,342,5,13366
10433,13447,c1ccc2c(CCNC3=NCCO3)cccc2c1,3024,1,13447
10434,13448,c1ccc(N=Nc2ccc(C3=NCCO3)cc2)cc1,3023,1,13448
10435,13449,COc1cc(C2=NCCO2)cc(OC)c1OC,3022,1,13449
10436,13451,CC(=O)OC(CC(=O)CC(O)(C(F)(F)F)C(F)(F)F)(C(F)(F)F)C(F)(F)F,3021,1,13451
10437,13453,c1ccc2c(NC3=NCCO3)c3ccccc3nc2c1,3020,1,13453
10438,13454,CCN(CC)CCOC(=O)C=C(c1ccccc1)c1ccccc1,3019,1,13454
10439,13455,O=C(OCCSCc1ccccc1)c1cccnc1,56,6,13455
10440,13457,CCCCSCCOC(=O)c1cccnc1,14,19,2849
10441,13458,O=C(OCCSC1CCCCC1)c1cccnc1,3018,1,13458
10442,13460,O=C(OCCSC(c1ccccc1)c1ccccc1)c1cccnc1,1353,1,13460
10443,13461,CCCCCCCCCCCCCCCCSCCOC(=O)c1cccnc1,56,6,13455
10444,13462,CCCCCCSCCOC(=O)c1cccnc1,56,6,13455
10445,13463,O=C(OCCCCCCO)c1cccnc1,14,19,2849
10446,13464,O=C(OCCCCCO)c1cccnc1,14,19,2849
10447,13465,O=C(OCCCO)c1cccnc1,14,19,2849
10448,13466,CC(OC(=O)c1cccnc1)c1ccccc1,341,5,13330
10449,13467,CSCCOC(=O)c1cccnc1,14,19,2849
10450,13468,O=C(OCCCCCOC(=O)c1cccnc1)c1cccnc1,14,19,2849
10451,13469,CCCCCSCCOC(=O)c1cccnc1,56,6,13455
10452,13470,O=C(OCCSCCc1ccccc1)c1cccnc1,56,6,13455
10453,13471,CCCSCCOC(=O)c1cccnc1,14,19,2849
10454,13472,O=C(OCCSCc1cccnc1)c1cccnc1,56,6,13455
10455,13474,O=C(OCCCCOC(=O)c1cccnc1)c1cccnc1,14,19,2849
10456,13475,N#CSCCCCCCOC(=O)c1cccnc1,14,19,2849
10457,13476,N#CSCCCCCOC(=O)c1cccnc1,14,19,2849
10458,13477,Cc1cccc(C(OC(=O)c2cccnc2)c2ccccc2)c1,341,5,13330
10459,13478,Cc1ccccc1C(OC(=O)c1cccnc1)c1ccccc1,341,5,13330
10460,13479,Cc1ccc(C(OC(=O)c2cccnc2)c2ccccc2)cc1,341,5,13330
10461,13480,O=C(OCCCCCCOC(=O)c1cccnc1)c1cccnc1,14,19,2849
10462,13481,COc1cc(CNC2=NCCO2)ccc1O,3017,1,13481
10463,13482,COC1CCN(CCCN2c3ccccc3Sc3ccc(C(C)=O)cc32)CC1,333,3,12472
10464,13483,CC(=O)N1CCN(c2ccccc2C)CC1,3016,1,13483
10465,13484,CN1CCN(C(=Nc2c(Cl)cccc2Cl)N(C)C)CC1,808,3,10154
10466,13485,CCOC(=O)N1CCN(C(=O)Nc2cccc3ccccc23)CC1,1240,2,13485
10467,13486,O=Cc1ccccc1C(=O)OC(=O)c1ccccc1C=O,3015,1,13486
10468,13487,CC(=O)Oc1cccc2c1C(=O)OC2=O,3014,1,13487
10469,13491,CN(CCCl)CCN1c2ccccc2Sc2ccccc21,1352,1,13491
10470,13493,COC1CCN(CCCN2c3ccccc3Sc3ccc(Cl)cc32)CC1,97,9,463
10471,13496,CN1CCC(N2c3ccccc3Sc3ccc(Cl)cc32)CC1,560,3,9419
10472,13497,CN1CCC(CN2c3ccccc3Sc3ccc(Cl)cc32)CC1,807,1,13497
10473,13499,Cc1ccc2c(c1)N(CCOS(C)(=O)=O)c1ccccc1S2,3013,1,13499
10474,13501,CN(CCCl)CCN1c2ccccc2Sc2ccc(Cl)cc21,26,17,272
10475,13502,O=C(Nc1ccc(Cl)c(Cl)c1)N1c2ccccc2Sc2ccccc21,3012,1,13502
10476,13504,COc1ccc2c(c1)Sc1ccccc1N2C1CCN(C)CC1,518,4,3041
10477,13505,COc1ccc2c(c1)N(CC1CCN(C)CC1)c1ccccc1S2,518,4,3041
10478,13507,COc1ccc2c(c1)Sc1ccccc1N2CC1CCN(C)CC1,518,4,3041
10479,13511,CCN(CC)CCNc1ccccc1N,3011,1,13511
10480,13512,CN(C)c1cccc(NC2=NCCO2)c1,701,3,13512
10481,13513,CN(C)c1ccc(NC2=NCCO2)cc1,1351,1,13513
10482,13515,CC(=O)ON[N+](=O)[O-],3010,1,13515
10483,13516,COC(=O)c1cncn1C1c2ccccc2-c2ccccc21,3009,1,13516
10484,13522,CN1CCC(O)(CC(=O)OC(c2ccccc2)c2ccccc2)CC1,1326,2,13522
10485,13526,CC(=O)N1CCC(Cc2ccccc2)CC1,3008,1,13526
10486,13529,c1ccc(NC2CCN(C3(c4ccccc4)CCCCC3)CC2)cc1,1350,2,13529
10487,13530,c1ccc(NC2CCN(C3(c4ccccc4)CC3)CC2)cc1,1350,2,13529
10488,13534,CN1CCC23CCCCC2C1Cc1cc(O)ccc13,196,5,7624
10489,13535,Brc1ccc2[nH]cc(CN3CCOCC3)c2c1,517,2,4003
10490,13536,O=C(Nc1cc2ccccc2o1)N1CCOCC1,3007,1,13536
10491,13537,CCCCCCCCCCCCNC(=O)N1CCOCC1,3006,1,13537
10492,13540,COC(=O)C1(OC(=O)Sc2ccccc2)CCN(C)CC1,3005,1,13540
10493,13546,Cc1ccc(C2CC(O)C(C)(O)CN2C)cc1,465,4,13546
10494,13549,CCC1CCN(CCCc2ccc(COc3ccccc3)cc2)CC1,91,10,5625
10495,13550,CN1CCC(O)(COC(=O)C(O)(c2ccccc2)c2ccccc2)CC1,3004,1,13550
10496,13551,COc1ccc2[nH]cc(CN3CCC(CO)(c4ccccc4)CC3)c2c1,3003,1,13551
10497,13555,CC1CCN(CCCc2ccc(COc3ccccc3)cc2)CC1,91,10,5625
10498,13556,CN1CCC(c2ccccc2)(N2CCCCC2)CC1,340,5,2014
10499,13557,C1CCN(N=C2NCCO2)CC1,3002,1,13557
10500,13558,CC1(C)CC(N)CC(C)(C)N1C1=NCCO1,3001,1,13558
10501,13559,OC1(c2ccc(Cl)cc2)CCN(C2(c3ccc(Cl)cc3)CCCCC2)CC1,806,2,13559
10502,13560,OC1(c2ccc(Cl)cc2)CCN(C2CC2)CC1,1348,2,13560
10503,13561,OC1(c2ccc(Cl)cc2)CCN(C2(c3ccccc3)CCCCC2)CC1,806,2,13559
10504,13562,OC1(c2ccc(Cl)cc2)CCN(C2CC2c2ccccc2)CC1,1349,1,13562
10505,13563,OC1(c2ccc(Cl)cc2)CCN(CC2CC2c2ccccc2)CC1,3000,1,13563
10506,13564,O=C(C1CC1)N1CCC(O)(c2cccc(C(F)(F)F)c2)CC1,805,2,13564
10507,13565,OC1(c2ccccc2)CCN(CC2CC2)CC1,2999,1,13565
10508,13566,OC1(c2ccccc2)CCN(C2CC2)CC1,1348,2,13560
10509,13567,CCC(=O)OC1(c2ccccc2)CCN(C2CC2)CC1,559,4,2217
10510,13568,OC1(c2cccc(C(F)(F)F)c2)CCN(C2CC2)CC1,805,2,13564
10511,13570,CCC(=O)OC1(c2ccccc2)CCN(CCCCCC[N+](=O)[O-])CC1,1347,1,13570
10512,13571,O=C(C1CC1c1ccccc1)N1CCC(O)(c2cccc(C(F)(F)F)c2)CC1,516,4,13571
10513,13572,OC1CCN(CC2CC2c2ccccc2)CC1,2998,1,13572
10514,13573,OC1(c2cccc(C(F)(F)F)c2)CCN(CC2CC2c2ccccc2)CC1,516,4,13571
10515,13574,OC1(c2cccc(C(F)(F)F)c2)CCN(C2CC2c2ccccc2)CC1,516,4,13571
10516,13575,OC1(c2ccccc2)CCN(C2(c3ccccc3)CCCCC2)CC1,340,5,2014
10517,13576,OC1(c2ccccc2)CCN(C2CC2c2ccccc2)CC1,516,4,13571
10518,13577,CCC(=O)OC1(c2ccccc2)CCN(CC2CC2c2ccccc2)CC1,2997,1,13577
10519,13578,O=C1CCN(C2(c3ccc(Cl)cc3)CCCCC2)CC1,2996,1,13578
10520,13580,OC(Cc1nc2ccccc2s1)(C(F)(F)F)C(F)(F)F,2995,1,13580
10521,13581,OC(CCc1ccccc1)(C(F)(F)Cl)C(F)(F)Cl,833,3,12693
10522,13582,OCC(CN1CCCCC1)(CN1CCCCC1)CN1CCCCC1,2994,1,13582
10523,13583,CCCCNC(C)(C)COC(=O)c1ccccc1,804,3,2011
10524,13585,OCCCNCCCc1ccc(COc2ccccc2)cc1,515,3,12865
10525,13589,CC1(C)Cc2cccc(C(=O)CCN3CCCCC3)c2O1,2993,1,13589
10526,13596,CCCCCCCCCCCC(=O)NS(=O)(=O)c1ccc(NC(C)=O)c2cccnc12,711,3,3063
10527,13597,CCCCCCCCCCCC(=O)NCc1ccccc1Br,2992,1,13597
10528,13598,CCCCCCCCCCCC(=O)NCc1ccc(Br)cc1,125,8,12000
10529,13600,COc1ccc(CCN(C)C)cc1C,803,3,3647
10530,13601,CC(C)(Cc1ccccc1)NC1=NCCO1,2991,1,13601
10531,13603,COc1ccc(CCN(C)C)cc1Cc1cc(CCN(C)C)ccc1OC,803,3,3647
10532,13604,CNCCc1ccc(OC)c(Cc2cc(CCNC)ccc2OC)c1,2990,1,13604
10533,13605,CCN(CC)CCOc1c(Br)cc(N)cc1OCc1ccccc1,161,7,12478
10534,13608,C=C(Br)CNC(=O)CC,1346,2,12729
10535,13609,C=C(Br)CNC(=O)C(C(F)(F)F)C(F)(F)F,2989,1,13609
10536,13611,COc1cc(CNC(=O)CCC2CCCC2)ccc1O,2988,1,13611
10537,13612,CCN(CC)CCN(C(=O)C(C)(C)C)c1ccccc1N,2987,1,13612
10538,13613,CC(C)(C)C(=O)Nc1cc([N+](=O)[O-])ccc1N,2986,1,13613
10539,13614,CCC(=O)N(c1ccccc1)C1CCN(C2CC2)CC1,790,3,13614
10540,13616,CC1=CC(=O)CC(C(F)(F)F)(C(F)(F)F)O1,2985,1,13616
10541,13617,OC(Cc1cc(CC(O)(C(F)(F)F)C(F)(F)F)n(-c2ccccc2)n1)(C(F)(F)F)C(F)(F)F,2984,1,13617
10542,13619,CC1(C)C=C(C(=O)NCCCNC(=O)c2ccc3c(c2)OCO3)C(C)(C)N1,2983,1,13619
10543,13620,CCCc1ccc(OCC(=O)NCCCNC(=O)C2=CC(C)(C)NC2(C)C)c(OC)c1,802,3,13620
10544,13621,C=CCc1ccc(OCC(=O)NCCNC(=O)C2=CC(C)(C)NC2(C)C)c(OC)c1,802,3,13620
10545,13622,CC1(C)C=C(C(=O)NCCCNCc2ccccc2O)C(C)(C)N1,55,12,13622
10546,13623,COc1ccccc1CNCCCNC(=O)C1=CC(C)(C)NC1(C)C,55,12,13622
10547,13624,CC1(C)C=C(C(=O)NCCNCc2ccccc2O)C(C)(C)N1,1345,1,13624
10548,13625,CC1(C)C=C(C(=O)NCCCNCc2cccc(O)c2)C(C)(C)N1,86,7,13625
10549,13626,CC1(C)C=C(C(=O)NCCCNCc2ccc(O)cc2)C(C)(C)N1,86,7,13625
10550,13627,CC1(C)C=C(C(=O)NCCCNCc2cccc(Oc3ccccc3)c2)C(C)(C)N1,86,7,13625
10551,13628,CC1(C)C=C(C(=O)NCCCNCc2ccc(Oc3ccccc3)cc2)C(C)(C)N1,86,7,13625
10552,13629,CC1(C)C=C(C(=O)NCCCNCc2ccccc2OCc2ccccc2)C(C)(C)N1,55,12,13622
10553,13630,CC1(C)C=C(C(=O)NCCCNCc2cccc(OCc3ccccc3)c2)C(C)(C)N1,86,7,13625
10554,13631,CC1(C)C=C(C(=O)NCCCNCc2ccc(OCc3ccccc3)cc2)C(C)(C)N1,86,7,13625
10555,13632,C=CCOc1ccccc1CNCCCNC(=O)C1=CC(C)(C)NC1(C)C,55,12,13622
10556,13633,C=CCOc1cccc(CNCCCNC(=O)C2=CC(C)(C)NC2(C)C)c1,127,2,13633
10557,13634,C=CCOc1ccc(CNCCCNC(=O)C2=CC(C)(C)NC2(C)C)cc1,86,7,13625
10558,13635,CC1(C)C=C(C(=O)NCCCNCc2ccccc2OCC(N)=O)C(C)(C)N1,55,12,13622
10559,13636,COc1ccc(CNCCCNC(=O)C2=CC(C)(C)NC2(C)C)c(OC)c1,55,12,13622
10560,13637,COc1cccc(CNCCCNC(=O)C2=CC(C)(C)NC2(C)C)c1O,55,12,13622
10561,13638,COc1cc(CNCCCNC(=O)C2=CC(C)(C)NC2(C)C)ccc1O,55,12,13622
10562,13639,C=CCOc1c(CNCCCNC(=O)C2=CC(C)(C)NC2(C)C)cccc1OC,55,12,13622
10563,13640,C=CCOc1ccc(CNCCCNC(=O)C2=CC(C)(C)NC2(C)C)cc1OC,127,2,13633
10564,13641,COc1cccc(CNCCCNC(=O)C2=CC(C)(C)NC2(C)C)c1OCc1ccccc1,55,12,13622
10565,13642,COc1cc(OCc2ccccc2)ccc1CNCCCNC(=O)C1=CC(C)(C)NC1(C)C,55,12,13622
10566,13643,CCN(CC)C(=O)COc1c(CNCCCNC(=O)C2=CC(C)(C)NC2(C)C)cccc1OC,55,12,13622
10567,13645,Cc1cccc(C)c1NC(=O)CNCCCNC(=O)C1=CC(C)(C)NC1(C)C,2982,1,13645
10568,13660,c1cc2c3c(cccc3c1)C(NCCCN1CCOCC1)=N2,1344,2,13660
10569,13662,CC(C)CNC1=Nc2cccc3cccc1c23,2981,1,13662
10570,13663,c1cc2c3c(cccc3c1)C(NCCN1CCOCC1)=N2,1344,2,13660
10571,13664,CCCNC1=Nc2ccccc2CCC1,801,3,13664
10572,13665,CCCCNC1=Nc2ccccc2CCC1,801,3,13664
10573,13666,CC(C)CNC1=Nc2ccccc2CCC1,801,3,13664
10574,13667,CC=Cc1ccc(OCC(=O)NCC(C)(C)CNC(=O)C2=CC(C)(C)NC2(C)C)c(OC)c1,2980,1,13667
10575,13669,CN1CCCC1COC(=O)C(O)(c1ccccc1)c1ccccc1,507,4,2276
10576,13670,Clc1ccc(C(OCCN2CCCC2)c2ccccc2)cc1,800,2,5140
10577,13671,CCN1CCC(OC(c2ccccc2)c2ccc(Cl)cc2)C1,85,10,4002
10578,13672,CCN(CC)CCC(C(N)=O)(c1ccccc1)c1ccccc1,317,5,1924
10579,13673,c1ccc(OCc2ccc(CCCN3CCNCC3)cc2)cc1,91,10,5625
10580,13674,O=C(Nc1ccc2c(c1)OCO2)ON=Cc1ccccn1,514,4,13674
10581,13675,O=C(Nc1ccc2c(c1)OCO2)ON=Cc1cccnc1,514,4,13674
10582,13676,O=C(NC1CCCCC1)ON=Cc1ccccn1,2979,1,13676
10583,13677,O=C(Nc1ccc(Cl)c(Cl)c1)ON=Cc1ccccn1,514,4,13674
10584,13678,O=Cc1cccc(CC(O)(C(F)(F)F)C(F)(F)F)n1,1343,2,13167
10585,13679,NC(=S)N/N=C/c1cccc(CC(O)(C(F)(F)F)C(F)(F)F)n1,2978,1,13679
10586,13680,O=C(Nc1cccc2ccccc12)ON=Cc1ccccn1,2977,1,13680
10587,13681,Cc1ccc(S(=O)(=O)NC(=O)ON=Cc2ccccn2)cc1,2976,1,13681
10588,13682,c1cncc(CSC2CCCCC2)c1,2975,1,13682
10589,13684,Cc1cc(C(CO)(C(F)(F)F)C(F)(F)F)cc(C(CO)(C(F)(F)F)C(F)(F)F)n1,1338,2,13684
10590,13685,CCN(CC)CCOCc1cccnc1,1342,2,13685
10591,13686,CCN(CC)CCSCc1cccnc1,240,6,13686
10592,13687,CCN(CC)C(C)COCc1cccnc1,1341,2,13687
10593,13688,CCN(CC)C(C)CSCc1cccnc1,1340,2,13688
10594,13689,CN(C)CCOCc1cccnc1,1342,2,13685
10595,13690,CN(C)CCSCc1cccnc1,240,6,13686
10596,13691,CC(COCc1cccnc1)N(C)C,1341,2,13687
10597,13692,CC(CSCc1cccnc1)N(C)C,1340,2,13688
10598,13693,CCSCc1cccnc1,240,6,13686
10599,13694,CC#CC(O)(C(=O)OC1CCN(C)CC1)c1ccccn1,2974,1,13694
10600,13696,CC1=C(COC(=O)C(O)(c2ccccc2)c2ccccc2)CN(C)CC1,1168,2,13696
10601,13697,CN1CCC=C(C(O)(c2ccccc2)c2ccccc2)C1,2973,1,13697
10602,13699,CCCCCSCc1cccnc1,240,6,13686
10603,13700,CCCSCc1cccnc1,240,6,13686
10604,13702,C1=CCN(C2(c3ccccc3)CCCCC2)CC1,2972,1,13702
10605,13703,Cc1ccc(C(C)C)c(OCCN2CC=CCC2)c1,2971,1,13703
10606,13704,CCN(CC)CCNc1nc(N)c(C#N)c(C#N)c1C#N,2970,1,13704
10607,13705,CN(C)c1nc(N)c(C#N)c(C#N)c1C#N,1339,2,13705
10608,13706,CON(C)c1nc(N)c(C#N)c(C#N)c1C#N,1339,2,13705
10609,13707,COCCCNc1nc(N)c(C#N)c(C#N)c1C#N,2969,1,13707
10610,13708,N#Cc1c(N)nc(Nc2cccc3ccccc23)c(C#N)c1C#N,2968,1,13708
10611,13709,OCC(c1cc(C(CO)(C(F)(F)F)C(F)(F)F)nc(C(CO)(C(F)(F)F)C(F)(F)F)c1)(C(F)(F)F)C(F)(F)F,1338,2,13684
10612,13712,C=CCCCCCCCCC(=O)NC[n+]1ccccc1,1304,2,13712
10613,13713,Cc1nccc2c1[nH]c1ccc(N)cc12,2967,1,13713
10614,13714,Cc1nccc2c1[nH]c1c(N)cccc12,2966,1,13714
10615,13716,Cc1nccc2c1[nH]c1c([N+](=O)[O-])cccc12,2965,1,13716
10616,13717,c1ccc(C2(N3CCCCC3)CCCCCC2)cc1,340,5,2014
10617,13718,O=C(N1CCCCC1)C1(c2ccccc2)CCCCC1,799,3,11865
10618,13719,O=C(N1CCCCC1)C1(c2ccccc2)CCCC1,799,3,11865
10619,13720,c1ccc(C2(CN3CCCCC3)CCCC2)cc1,464,4,13200
10620,13721,CNC(=O)OCCCN1CCCCC1(CN1CCCCC1)CN1CCCCC1,2964,1,13721
10621,13726,C[N+]1(C)CCC(CO)CC1,2963,1,13726
10622,13727,C[N+]1(CCOCC(c2ccccc2)c2ccccc2)CCCCC1,1337,2,8237
10623,13732,c1ccc(CSCc2cccnc2)cc1,798,2,11491
10624,13733,CCCCSCc1cccnc1,240,6,13686
10625,13738,CCCCN(CCCC)CCOc1ccnc(N)n1,513,4,13738
10626,13739,CCN(CC)CCOc1ccnc(N)n1,513,4,13738
10627,13740,CC(C)CN(CCOc1ccnc(N)n1)CC(C)C,513,4,13738
10628,13741,CN(C)CCOc1ccnc(N)n1,513,4,13738
10629,13742,CC[N+](C)(CC)CCNC(=O)C(O)(c1ccccc1)c1ccccc1,2962,1,13742
10630,13743,CCN(CC)CCN(C(=O)c1ccc(N)cc1)c1ccccc1,512,4,4045
10631,13744,Nc1ccc(C(=O)OCCCN2CCCCC2)cc1,797,2,4855
10632,13746,CC1CN(CCCc2ccc(COc3ccccc3)cc2)C(C)CN1,2961,1,13746
10633,13747,CN(C)C(=O)OCCN1CCN(CCCN2c3ccccc3Sc3ccc(Cl)cc32)CC1,97,9,463
10634,13750,CNC(=O)OC(COC)CN1CCN(c2ccccc2C)CC1,2960,1,13750
10635,13751,O=C(N1CCN(CCO)CC1)N1c2ccccc2Sc2ccccc21,200,7,6904
10636,13752,OCCN1CCN(c2cccc3c2CCCC3)CC1,2959,1,13752
10637,13753,CCCN1CCC(OC(c2ccccc2)c2ccccc2)C1,85,10,4002
10638,13754,c1ccc(OCc2ccc(CCCN3CCCC3)cc2)cc1,91,10,5625
10639,13755,CCN1CCN(CCN2c3ccccc3Sc3ccccc32)CC1,39,15,230
10640,13756,CON=C(C(=O)NC1C(=O)N2C(C(=O)O)=C(C[n+]3ccc(-c4ncco4)cc3)CSC12)c1csc(N)n1,235,5,114
10641,13757,CON=C(C(=O)NC1C(=O)N2C(C(=O)O)=C(C[n+]3ccc(-c4cnco4)cc3)CSC12)c1csc(N)n1,235,5,114
10642,13758,S=C(N/N=C/c1ccc2c(c1)OCO2)NN1CCN(NC(=S)N/N=C/c2ccc3c(c2)OCO3)CC1,2958,1,13758
10643,13759,c1cc2c(cc1CNC1=NCCO1)OCO2,2957,1,13759
10644,13760,CN(C)c1ccc2nc(CC(O)(C(F)(F)F)C(F)(F)F)ccc2c1,2956,1,13760
10645,13761,Cc1ccc2c(c1)CCCN2C,2955,1,13761
10646,13764,Nc1cnc(Nc2cccc3ccccc23)o1,2954,1,13764
10647,13765,Brc1ccc2ccccc2c1NC1=NCCN1,1335,2,13765
10648,13766,Brc1ccc(NC2=NCCN2)c2ccccc12,1336,2,13036
10649,13767,Clc1ccc(NC2=NCCCS2)c2ccccc12,2953,1,13767
10650,13768,Brc1cc(Br)c2ccccc2c1NC1=NCCN1,1335,2,13765
10651,13769,Brc1ccc2c(c1NC1=NCCN1)CCCC2,1334,2,13035
10652,13770,c1cc2c(c(NC3=NCCCO3)c1)CCCC2,1333,2,11949
10653,13771,c1cc2c(c(NC3=NCCCS3)c1)CCCC2,2952,1,13771
10654,13772,CCC1COC(Nc2cccc3c2CCCC3)=N1,1331,2,13772
10655,13773,CN1CCOC1=Nc1cccc2c1CCCC2,1332,2,13436
10656,13774,CN(C1=NCCO1)c1cccc2c1CCCC2,2951,1,13774
10657,13775,CC1COC(Nc2cccc3c2CCCC3)=N1,1331,2,13772
10658,13778,c1cc2c(cc1NC1=NCCO1)CCCC2,2950,1,13778
10659,13779,Cc1cc2c(c(NC3=NCCO3)c1C)CCCC2,788,3,5924
10660,13780,CCOC(=O)NC1CN2CCC1CC2,2949,1,13780
10661,13781,CC1=NCCC1(c1ccccc1)c1ccccc1,2948,1,13781
10662,13782,CN1C=C(COC(=O)C(O)(c2ccccc2)c2ccccc2)CC1,2947,1,13782
10663,13783,COc1ccc(Cn2ccn3cc(-c4ccc(Cl)cc4)cc23)cc1,374,5,7376
10664,13784,C=C(Br)CNS(C)(=O)=O,2946,1,13784
10665,13785,CS(=O)(=O)NC1CCC(CC2CCCCC2)CC1,2945,1,13785
10666,13786,Cc1cc([P+](c2ccccc2)(c2ccccc2)c2ccccc2)c(C)cc1[P+](c1ccccc1)(c1ccccc1)c1ccccc1,2944,1,13786
10667,13787,CP1CCC(O)(c2ccccc2)CC1,2943,1,13787
10668,13789,CCN(CC)C(Cc1ccccc1)Cc1ccccc1,2942,1,13789
10669,13791,N#CC(C#N)C1CN2CCC1CC2,2941,1,13791
10670,13794,OC1C2CCN(CC2)C1CNC12CC3CC(CC(C3)C1)C2,2940,1,13794
10671,13799,OC1C2CCN(CC2)C1CNC1(c2ccccc2)CCCCC1,2939,1,13799
10672,13801,O=C1C2CCN(CC2)C1CNC1(c2ccccc2)CCCCC1,2938,1,13801
10673,13802,O=C(O)c1cc(O)c(Cl)c(O)c1,2937,1,13802
10674,13804,Nc1ccc(C(=O)OCCCN2CCCCC2)c(O)c1,88,10,12629
10675,13805,CCCCNc1ccc(C(=O)OCCN(CC)CC)c(O)c1,23,17,4426
10676,13806,CCCCNc1ccc(C(=O)OCCCN2CCCCC2)c(O)c1,38,14,4427
10677,13807,O=C(CCCCCCCCC(=O)NC1CC1c1ccccc1)NC1CC1c1ccccc1,2936,1,13807
10678,13808,O=CNNC(=O)Nc1ccc(Cl)cc1,2935,1,13808
10679,13809,CCN(CC)c1ccc(NC(=S)NN)cc1,2934,1,13809
10680,13810,COC(=O)c1ccccc1NC(=S)NN(C)C,2933,1,13810
10681,13811,CSc1ccc(NC(=S)NN(C)C)cc1,2932,1,13811
10682,13812,O=CNNC(=O)Nc1cccc2ccccc12,2931,1,13812
10683,13814,C[N+]1(C)CC=C(N2CCCCC2)CC1,1163,2,13814
10684,13815,N=c1nn[nH]n1C(=O)NCCCl,2930,1,13815
10685,13817,CCN(CC)CCCOC(=O)c1ccc(N)cc1O,126,3,12019
10686,13818,CCCCCCCCCCCC(=O)NCc1ccc(Cl)cc1,125,8,12000
10687,13819,CCCCCCCCCCCC(=O)NCc1ccc(Cl)c(Cl)c1,125,8,12000
10688,13820,CCCCCCCCCCCC(=O)NCc1ccc(C)c(C)c1,125,8,12000
10689,13821,CC(C)(C)NC(=O)CCC(CC(=O)NC(C)(C)C)OCc1ccccc1,2929,1,13821
10690,13822,CC(C)(C)N(C(=O)CC(CCC(N)=O)C1CCCCC1[N+](=O)[O-])C(C)(C)C,2928,1,13822
10691,13823,CN(C)C(CCCC(=O)NC(C)(C)C)C(=O)NC(C)(C)C,2927,1,13823
10692,13824,CCCOC(CCC(N)=O)CC(=O)N(C(C)(C)C)C(C)(C)C,2926,1,13824
10693,13825,N#CCCC(CC#N)N1CCN(C(CC#N)CCC#N)CC1,2925,1,13825
10694,13826,Cc1ccccc1N1CCN(CCc2ccc(O)c(O)c2)CC1,2924,1,13826
10695,13827,Cn1c(CC(O)(C(F)(F)F)C(F)(F)F)ccc1CC(O)(C(F)(F)F)C(F)(F)F,1329,2,13827
10696,13828,CCN(CC)CCOCCn1c(C)ccc1C,1330,2,13828
10697,13829,Cc1ccc(C)n1CCOCCN(C)C,1330,2,13828
10698,13830,Cc1ccc(-c2ccccc2)n1CCCN(C)C,2923,1,13830
10699,13831,Cc1ccc(CC(O)(C(F)(F)F)C(F)(F)F)n1C,1329,2,13827
10700,13832,Clc1ccc(C(OC2CCN(Cc3ccccc3)C2)c2ccccc2)cc1,85,10,4002
10701,13835,NCCCC(=O)NC1CC(N)C(OC2OC(CN)C(O)C(O)C2N)C(OC2OC(CO)C(O)C2O)C1O,1328,1,13835
10702,13836,C=C(Br)CSC#N,2922,1,13836
10703,13837,N#CSCC=CBr,2921,1,13837
10704,13838,N#CSCC(Br)=CBr,2920,1,13838
10705,13839,N#CSCCN1C(=O)c2c(c3ccc2o3)C1=O,2919,1,13839
10706,13843,C=C(C)C(O)(C(=O)OC1CCN(C)CC1)c1cccs1,462,3,13131
10707,13845,CC#CC(O)(C(=O)OC1CCN(C)CC1)c1cccs1,2918,1,13845
10708,13852,Cc1nnc(NC2=NCCO2)s1,2917,1,13852
10709,13855,CCCCN1CCC(OC(c2ccccc2)c2ccccc2)C1,85,10,4002
10710,13857,CCN(CC)C(=O)N1CN(c2ccccc2)C2(CCN(CCCC(=O)c3ccc(F)cc3)CC2)C1=O,41,14,1859
10711,13858,CCN(CC)C(=O)N1CN(c2ccccc2)C2(CCN(CCCC3(c4ccc(F)cc4)OCCO3)CC2)C1=O,172,7,8444
10712,13859,C#CCCCN1CCC2(CC1)C(=O)N(C(=O)N(C)C)CN2c1ccccc1,73,9,13355
10713,13861,CN1C(=O)N(c2ccccc2)C2(CCN(CCCC(=O)c3ccc(F)cc3)CC2)C1=O,41,14,1859
10714,13862,CC(C)N1C(=O)N(C(C)C)C2(CCN(CCCC(=O)c3ccc(F)cc3)CC2)C1=O,239,5,2687
10715,13863,CN1C(=O)N(C)C2(CCN(CCCC(=O)c3ccc(F)cc3)CC2)C1=O,239,5,2687
10716,13864,CN1C(=O)N(C)C2(CCN(CCCC3(c4ccc(F)cc4)OCCO3)CC2)C1=O,2916,1,13864
10717,13865,CC(C)N1C(=O)N(C)C(=O)C12CCN(CCCC(=O)c1ccc(F)cc1)CC2,239,5,2687
10718,13866,C=CCN1CN(c2ccccc2)C2(CCN(CCCC(=O)c3ccc(F)cc3)CC2)C1=O,41,14,1859
10719,13871,CN1CN(c2ccccc2)C2(CCN(CCc3cc4ccccc4o3)CC2)C1=O,2915,1,13871
10720,13872,CN1CN(c2ccccc2)C2(CCN(Cc3nc4ccccc4s3)CC2)C1=O,2914,1,13872
10721,13873,CN1CN(c2ccccc2)C2(CCN(CCc3csc4ccccc34)CC2)C1=O,1327,2,13873
10722,13874,CN1CN(c2ccccc2)C2(CCN(Cc3csc4ccccc34)CC2)C1=O,1327,2,13873
10723,13875,CN1CN(c2ccccc2)C2(CCN(c3nc4ccccc4o3)CC2)C1=O,2913,1,13875
10724,13877,CN1CN(c2ccccc2)C2(CCN(Cc3nc4ccc(Cl)cc4[nH]3)CC2)C1=O,2912,1,13877
10725,13879,CN(C)c1ccc(C(=O)CCCN2CCC3(CC2)C(=O)NCN3c2ccccc2)cc1,511,2,2092
10726,13882,CCOC(=O)C1(c2ccccc2)CCN(CC(C)=O)CC1,11,21,298
10727,13883,C=C(CN1CCC(C(=O)OCC)(c2ccccc2)CC1)C(=O)c1ccc(F)cc1,174,2,13883
10728,13884,CCOC(=O)C1(c2ccccc2)CCN(CCC(=O)c2ccc(F)cc2)CC1,174,2,13883
10729,13885,CN1CCC(O)(C(=O)OC(c2ccccc2)c2ccccc2)CC1,1326,2,13522
10730,13886,CN1CCC(C(=O)OC(c2ccccc2)c2ccccc2)CC1,2911,1,13886
10731,13887,Cc1ccccc1OCCCOC(=O)C1CCN(C)C(O)C1,2910,1,13887
10732,13888,CCOC(=O)C1(c2ccccc2)CCN(C2(c3ccccc3)CCCCC2)CC1,11,21,298
10733,13889,CCOC(=O)C1(c2ccccc2)CCN(c2ccc(C(=O)CCCN3CC=C(c4ccccc4)CC3)cc2)CC1,2909,1,13889
10734,13890,Clc1ccc(C(c2ccccc2)N2CCc3ccccc3C2)cc1,2908,1,13890
10735,13891,c1ccc2c(c1)CCN(C1CC1)C2,2907,1,13891
10736,13892,CC(CO)NC(=O)C1CCN(Cc2c[nH]c3ccccc23)CC1,2906,1,13892
10737,13893,COC(=O)c1ccc(C)c(NC2=NCCO2)c1,2905,1,13893
10738,13894,FC(F)(F)c1ccc(Cl)c(NC2=NCCN2)c1,2904,1,13894
10739,13895,FC(F)(F)c1ccc(Cl)c(NC2=NCCCS2)c1,2903,1,13895
10740,13897,COC1C(O)CC(=O)OC(C)CC=CC=CC(OC2CCC(N(C)C)C(C)O2)C(C)CC(CC=O)C1OC1OC(C)C(O)C(N(C)C)C1O,195,7,5458
10741,13898,CN1CN(c2ccccc2)C2(CCN(CCC3Oc4ccccc4O3)CC2)C1=O,789,3,13898
10742,13899,CCCN(CCC)CCCc1ccc(COc2ccccc2)cc1,144,8,5623
10743,13901,O=C(CN1CCC23c4c5ccc(O)c4OC2C(=O)CCC3(O)C1C5)c1ccccc1,122,8,608
10744,13902,COC(=O)C1C(OC(=O)C(Cl)(c2ccccc2)c2ccccc2)CC2CCC1N2C,383,5,127
10745,13903,C[N+]1(C)C2CCC1CC(c1ccccc1)C2,2902,1,13903
10746,13904,CC(=O)OC1(c2ccccc2)CC2CCC(C1)N2C,2901,1,13904
10747,13905,N#CC(NC(=O)NCCO)c1ccccc1,2900,1,13905
10748,13906,N#CCNC(=O)Nc1cccc2ccccc12,785,3,13906
10749,13907,Cc1cccc(NC(=O)NC2CCC(CC3CCCCC3)CC2)c1,1145,2,13907
10750,13908,O=C(Nc1cccc2ccccc12)NC1CC1,2899,1,13908
10751,13909,O=C(NCC1CC1)Nc1cccc2ccccc12,2898,1,13909
10752,13910,CCOC(CNC(=O)Nc1ccc(Cl)c(Cl)c1)OCC,2897,1,13910
10753,13911,CCCCCCCCCCCCNC(=O)NCC(OCC)OCC,2896,1,13911
10754,13912,CCOC(CN(C)C(=O)Nc1cccc2ccccc12)OCC,796,3,13912
10755,13913,CCOC(CN(C)C(=S)Nc1cccc2ccccc12)OCC,796,3,13912
10756,13914,CCN(CC)CCNC(=O)Nc1cccc2ccccc12,124,8,11339
10757,13915,CCN(CC)C(=O)Nc1cc2c3c(c1)CCCN3CCC2,345,5,12730
10758,13916,CCN(CC)C(C)COc1c(NC(=O)NC)c(OC)c2ccoc2c1OC,238,2,13916
10759,13917,CNC(=O)Nc1c(OCC(C)N(C)C)c(OC)c2occc2c1OC,238,2,13916
10760,13918,COC(CN(C)C(=S)Nc1cccc2ccccc12)OC,796,3,13912
10761,13919,CNC(=O)Nc1c(OC)c2c(c(OC)c1OCCN1CCCCC1)OCC2,2895,1,13919
10762,13921,CN(C)CCNC(=O)Nc1cccc2ccccc12,124,8,11339
10763,13922,CN(C)C(=O)NCCN1CCCCCc2ccccc21,2894,1,13922
10764,13923,COc1cc(OC)c(NC(=O)NCCCl)cc1Cl,794,3,6058
10765,13924,Cc1cccc(Cl)c1NC(=O)NCCCl,149,8,4621
10766,13925,Cc1cccc(NC(=O)NCCCl)c1Cl,149,8,4621
10767,13926,Cc1ccc(Cl)cc1NC(=O)NCCCl,509,3,9107
10768,13928,O=C(NCCCl)NC1c2ccccc2CCc2ccccc21,795,3,8919
10769,13929,COc1cccc(NC(=O)NCCCl)c1OC,1006,2,5952
10770,13930,COc1ccc(OC)c(NC(=O)NCCCl)c1,794,3,6058
10771,13931,CN(C)c1ccc(NC(=O)NCCCl)cc1,2893,1,13931
10772,13932,Cc1cccc(CNC(=O)NCCCl)c1C,1325,2,12611
10773,13934,CC1CCCC(C)N1NC(=O)NCCCl,2892,1,13934
10774,13936,Cc1cc2c(c(NC(=O)NCCCl)c1C)CCCC2,1324,1,13936
10775,13937,Cc1cc(NC(=O)NCCCl)c2c(c1C)CCCC2,2891,1,13937
10776,13938,O=C(NCCCl)NC(CCc1ccccc1)c1ccccc1,793,3,13938
10777,13939,CCc1ccc(NC(=O)NCCCl)cc1,2890,1,13939
10778,13940,O=C(NCCCl)Nc1ccc2c(c1)Cc1ccccc1-2,2889,1,13940
10779,13941,O=C(NCCCl)Nc1cccc2c(O)cccc12,1323,1,13941
10780,13942,CC(Cl)NC(=O)Nc1ccc(O)cc1,2888,1,13942
10781,13943,O=C(NCCCl)Nc1ccc2c(c1)CCC2,1316,2,13943
10782,13944,CC(C)C(NC(=O)NCCCl)c1ccccc1,2887,1,13944
10783,13945,COc1ccc2nc(NC(=O)NCCCl)sc2c1,2886,1,13945
10784,13946,CC1CCc2cccc(NC(=O)NCCCl)c21,2885,1,13946
10785,13947,CN(C(=O)NCCCl)c1cccc2c1CCCC2,2884,1,13947
10786,13948,CC1CCC(NC(=O)NCCCl)c2ccccc21,2883,1,13948
10787,13949,CC(NC(=O)NCCCl)c1ccsc1,2882,1,13949
10788,13950,CSc1cccc(NC(=O)NCCCl)c1,705,3,4622
10789,13951,CC(NC(=O)NCCCl)c1cccc2ccccc12,2881,1,13951
10790,13952,CCCCCCCCC=CCCCCCCCCNC(=O)NCCCl,2880,1,13952
10791,13953,CC(CCc1ccccc1)NC(=O)NCCCl,793,3,13938
10792,13954,CCCc1ccccc1NC(=O)NCCCl,2879,1,13954
10793,13955,O=C(NCCCl)NC1CCc2ccccc2C1,1322,2,4619
10794,13957,O=C(NCCCl)Nc1cccc2c1CCCC2,510,4,13957
10795,13958,O=C(NCCCl)NCc1cccc2c1CCCC2,510,4,13957
10796,13959,Cc1cc(C)c(C)c(NC(=O)NCCCl)c1C,149,8,4621
10797,13960,O=C(NCCCl)Nc1nn[nH]n1,2878,1,13960
10798,13961,Cc1ccc(C(C)NC(=O)NCCCl)c(C)c1,2877,1,13961
10799,13962,Cc1cc(C)c(NC(=O)NCCCl)cc1C,509,3,9107
10800,13964,CC(Cl)CNC(=O)Nc1cccc2c1CCCC2,510,4,13957
10801,13966,COc1nc(N)c(C#N)c(C#N)c1C#N,2876,1,13966
10802,13968,CC(C)N(CCOCC(c1ccccc1)c1ccccc1)C(C)C,2875,1,13968
10803,13969,CCN(CC)CCOc1cccc(C)c1C,2874,1,13969
10804,13970,C=CCc1ccccc1NC(=O)NCCCl,2873,1,13970
10805,13971,O=C(NCCBr)Nc1cccc2cc3ccccc3cc12,792,2,13971
10806,13972,O=C(NCCCl)Nc1cccc2cc3ccccc3cc12,792,2,13971
10807,13973,CNC(=O)NCCN1CC2CCC(CC2)C1,2872,1,13973
10808,13974,Cc1cccc(C)c1NC(=O)Nc1ccc2c(c1)OCO2,2871,1,13974
10809,13975,O=C(NCCCl)Nc1ccccc1-c1ccccc1,2870,1,13975
10810,13976,O=C(Nc1cccc2ccccc12)N(CCBr)CCBr,1318,2,13976
10811,13977,O=C(Nc1cccc2c1CCCC2)N(CCCl)CCCl,2869,1,13977
10812,13978,C=C(Br)CNC(=O)Nc1ccc(Cl)c(Cl)c1,2868,1,13978
10813,13979,C=C(Br)CNC(=O)Nc1cccc2c1CCCC2,1321,1,13979
10814,13981,O=C(NCCBr)Nc1ccc2c(c1)OCO2,2867,1,13981
10815,13982,O=C(NCCBr)Nc1ccc(Br)c2ccccc12,1319,2,13982
10816,13983,O=C(NCCBr)Nc1cc2ccccc2cc1Br,1320,1,13983
10817,13984,O=C(NCCBr)Nc1ccc(Cl)c2ccccc12,1319,2,13982
10818,13985,O=C(NCCBr)NCc1ccc(Cl)c2ccccc12,173,7,13985
10819,13986,O=C(NCCBr)NC(c1ccccc1)c1ccccc1,2866,1,13986
10820,13987,CCOc1ccc2ccccc2c1NC(=O)NCCBr,2865,1,13987
10821,13988,CCOc1ccc(CNC(=O)NCCBr)c2ccccc12,173,7,13985
10822,13989,CCN(CCBr)C(=O)Nc1cccc2ccccc12,1318,2,13976
10823,13990,O=C(NCCBr)Nc1cccc2c1Cc1ccccc1-2,2864,1,13990
10824,13991,CC(C)Oc1ccc(CNC(=O)NCCBr)c2ccccc12,173,7,13985
10825,13992,COc1ccc(CNC(=O)NCCBr)c2ccccc12,173,7,13985
10826,13993,CN(C(=O)NCCBr)c1cccc2ccccc12,2863,1,13993
10827,13994,Cc1ccc2ccccc2c1CNC(=O)NCCBr,2862,1,13994
10828,13995,Cc1ccc(CNC(=O)NCCBr)c2ccccc12,173,7,13985
10829,13996,O=C(NCCBr)NCCc1cccc2ccccc12,508,2,13996
10830,13997,O=C(NCCBr)NCc1cccc2ccccc12,508,2,13996
10831,13998,CCCOc1ccc(CNC(=O)NCCBr)c2ccccc12,173,7,13985
10832,13999,O=C(NCCBr)Nc1cccc2cccnc12,1317,2,4623
10833,14000,O=C(NCCBr)Nc1ccc2c(c1)CCCC2,1316,2,13943
10834,14001,O=C(NCCBr)Nc1ccccc1C(F)(F)F,2861,1,14001
10835,14002,O=C(NCCCBr)Nc1cccc2ccccc12,124,8,11339
10836,14003,O=C(NCCCBr)Nc1cccc2c1CCCC2,510,4,13957
10837,14004,CCCCC1CCC(NC(=O)Nc2ccccc2)CC1,2860,1,14004
10838,14005,CC(C)(C)NC(=O)Nc1cccc2ccccc12,785,3,13906
10839,14006,O=C(NCCCl)Nn1c2ccccc2c2ccccc21,2859,1,14006
10840,14008,CCCCN1CCC(OC(c2ccccc2)c2ccc(Cl)cc2)C1,85,10,4002
10841,14009,CC(C)CN1CCC(OC(c2ccccc2)c2ccc(Cl)cc2)C1,85,10,4002
10842,14010,CN1CCCC1CCOC(=O)C1c2ccccc2-c2ccccc21,2858,1,14010
10843,14012,CN1CCN(CCCc2ccc(COc3ccccc3)cc2)CC1,91,10,5625
10844,14013,CCN1CCCC1CCOC(=O)C(c1ccccc1)c1ccccc1,1298,2,14013
10845,14016,CN1CCCC1CCCOC(=O)C(O)(c1ccccc1)c1ccccc1,507,4,2276
10846,14017,CC(=O)c1ccc(N2CC=C(c3ccccc3)CC2)cc1,506,4,3374
10847,14025,CNc1cc2c3c(c1)CCCN3CCC2,1315,1,14025
10848,14026,NCc1cc2c3c(c1)CCCN3CCC2,791,3,12809
10849,14029,CC1(C)OC(=O)CC12CCN(Cc1ccccc1)CC2,2857,1,14029
10850,14030,C=C1N(c2ccc(OC)c(OC)c2)C(=O)OC12CCCCC2,2856,1,14030
10851,14035,Clc1ccccc1-c1nnc(-c2cccc3ccccc23)o1,2855,1,14035
10852,14036,Cc1nnc(Nc2cccc3ccccc23)o1,2854,1,14036
10853,14037,NC1=NN(CCc2ccccc2)CO1,2853,1,14037
10854,14038,CCc1ccccc1NC(=O)C(C)NCC(CC)OC,2852,1,14038
10855,14040,CCC(=O)N(c1ccccc1)C1CCN(C2(c3ccccc3)CCCCC2)CC1,2851,1,14040
10856,14041,CCC(=O)N(c1ccccc1)C1CCN(CC2CC2c2ccccc2)CC1,790,3,13614
10857,14042,CCC(=O)N(c1ccccc1)C1CCN(C2CC2c2ccccc2)CC1,790,3,13614
10858,14049,O=C(CCN1CC=C(c2ccccc2)CC1)c1ccc(N2CC=C(c3ccccc3)CC2)cc1,506,4,3374
10859,14050,CN(C)c1ccc(C(=O)CCN2CC=C(c3ccccc3)CC2)cc1,506,4,3374
10860,14051,CCN1CN(c2ccccc2)C2(CCN(CCCSc3ccc(F)cc3)CC2)C1=O,505,1,14051
10861,14052,CCN1CN(c2ccccc2)C2(CCN(CCCC(=O)c3ccc(F)cc3)CC2)C1=O,41,14,1859
10862,14053,CC(C)N1CN(c2ccccc2)C2(CCN(CCCC(=O)c3ccc(F)cc3)CC2)C1=O,41,14,1859
10863,14054,CNC(=O)ON=C(CCCN1CCC2(CC1)C(=O)N(C)CN2c1ccccc1)c1ccc(F)cc1,41,14,1859
10864,14055,CN1CN(c2ccccc2)C2(CCN(CCCC(=NO)c3ccc(F)cc3)CC2)C1=O,41,14,1859
10865,14057,CN1CN(c2ccccc2)C2(CCN(C(=O)C=Cc3ccc(F)cc3)CC2)C1=O,1314,2,14057
10866,14058,CN1CN(c2ccccc2)C2(CCN(CCCCCCCF)CC2)C1=O,41,14,1859
10867,14059,CN1CN(c2ccccc2)C2(CCN(CCCCCCF)CC2)C1=O,41,14,1859
10868,14060,CC(C)CN1CN(c2ccccc2)C2(CCN(CCCC3(c4ccc(F)cc4)OCCO3)CC2)C1=O,172,7,8444
10869,14061,CN1CN(c2ccccc2)C2(CCN(CCCC3(c4ccc(F)cc4)OCCCO3)CC2)C1=O,172,7,8444
10870,14062,CN1CN(c2ccccc2)C2(CCN(CCCN(C)c3ccc(F)cc3)CC2)C1=O,41,14,1859
10871,14063,C#CCCCCN1CCC2(CC1)C(=O)NCN2c1ccccc1,212,6,2094
10872,14065,COc1ccccc1C=CC(=O)N1CCC2(CC1)C(=O)N(C)CN2c1ccccc1,1314,2,14057
10873,14067,CC1(CCN2CCC3(CC2)C(=O)NCN3c2ccccc2)Oc2ccccc2O1,789,3,13898
10874,14069,CN1CN(c2ccccc2)C2(CCN(CCC3(C)Oc4ccccc4O3)CC2)C1=O,789,3,13898
10875,14070,CCCC#CCCCN1CCC2(CC1)C(=O)N(C)CN2c1ccccc1,73,9,13355
10876,14071,CC#CCCN1CCC2(CC1)C(=O)N(C)CN2c1ccccc1,73,9,13355
10877,14072,C#CCCCN1CCC2(CC1)C(=O)N(C)CN2c1ccccc1,73,9,13355
10878,14073,CN1CN(c2ccccc2)C2(CCN(CCC#Cc3ccccc3)CC2)C1=O,73,9,13355
10879,14074,CN1CN(c2ccccc2)C2(CCN(CCCC#Cc3ccccc3)CC2)C1=O,73,9,13355
10880,14075,CN1CN(c2ccccc2)C2(CCN(CCCSc3ccccc3)CC2)C1=O,73,9,13355
10881,14076,CN1CNC2(CCN(CCCC(=O)c3cccs3)CC2)C1=O,2850,1,14076
10882,14077,C#CCCCN1CCC2(CC1)C(=O)NCN2c1ccccc1,73,9,13355
10883,14079,O=C1NCN(c2ccccc2)C12CCN(C1(c3ccccc3)CCCCC1)CC2,1313,2,12995
10884,14080,O=C1NCN(c2ccccc2)C12CCN(CCCC#Cc1ccccc1)CC2,504,1,14080
10885,14081,O=C1NCN(c2ccccc2)C12CCN(CCCS(=O)(=O)c1ccccc1)CC2,212,6,2094
10886,14082,O=C1CC2(CCN(Cc3ccccc3)CC2)CC(NNC2=NNC(=O)CC3(CCN(Cc4ccccc4)CC3)C2)=NN1,2849,1,14082
10887,14083,CCOC(=O)CCNC12CC3CC(CC(C3)C1)C2,2848,1,14083
10888,14084,C=CCN(Cc1ccncc1)C(=O)C(O)(c1ccccc1)c1ccccc1,1312,2,14084
10889,14085,CCN(C(=O)C(OC)(c1ccccc1)c1ccccc1)C1=CCN(C)CC1,2847,1,14085
10890,14086,CCN(Cc1ccncc1)C(=O)C(O)(c1ccccc1)c1ccccc1,1312,2,14084
10891,14087,CN1C2CCCC1CC(OC(=O)C(Cl)(c1ccccc1)c1ccccc1)C2,576,3,3894
10892,14088,O=C(OC1C2CN3CC1CN(C2)C3)C(O)(c1ccccc1)c1ccccc1,2846,1,14088
10893,14089,O=C(OCCN(C1CCCC1)C1CCCC1)C(O)(c1ccccc1)c1ccccc1,2845,1,14089
10894,14090,O=C(OCCN1CCSCC1)C(O)(c1ccccc1)c1ccccc1,178,7,3302
10895,14091,Clc1ccc2nc(CNCc3ccccc3)[nH]c2c1,2844,1,14091
10896,14092,CCN(CC)CCn1c(C(C)(C)C)nc2ccccc21,2843,1,14092
10897,14093,CCCCN(Cc1nc2cc(Cl)c(Cl)cc2[nH]1)Cc1nc2cc(Cl)c(Cl)cc2[nH]1,2842,1,14093
10898,14094,CC(C)(C)c1nc2cc(Cl)c(Cl)c(Cl)c2[nH]1,2841,1,14094
10899,14095,CCN(CC)CCn1c(Cc2ccc(OC)cc2)nc2ccc(Cl)cc21,294,6,3443
10900,14096,COc1ccc(Cc2nc3ccc(Cl)cc3[nH]2)cc1,2840,1,14096
10901,14097,c1ccc2[nH]c(CNC3CCCCC3)nc2c1,2839,1,14097
10902,14098,FC(F)(F)C(F)(F)c1nc2cc(Cl)c(Cl)cc2[nH]1,913,3,3957
10903,14099,CCN(CC)CCn1c(Cc2ccc(OC)c(OC)c2)nc2ccccc21,294,6,3443
10904,14100,CCN(CC)CCn1c(Cc2cccc(OC)c2)nc2ccccc21,294,6,3443
10905,14101,FC(F)(F)c1nc2cc(Cl)c(SSc3cc4[nH]c(C(F)(F)F)nc4cc3Cl)cc2[nH]1,2838,1,14101
10906,14102,FC(F)(F)c1nc2ccc(SSc3ccc4nc(C(F)(F)F)[nH]c4c3)cc2[nH]1,2837,1,14102
10907,14103,CCCCCCCCCCCCSCc1nc2ccccc2[nH]1,2836,1,14103
10908,14104,CCOc1ccc(Cc2nc3ccc([N+](=O)[O-])cc3[nH]2)cc1,2835,1,14104
10909,14105,CCCCCCCNCc1nc2ccccc2[nH]1,2834,1,14105
10910,14106,CN(Cc1nc2ccccc2[nH]1)Cc1nc2ccccc2[nH]1,2833,1,14106
10911,14107,COc1ccccc1N1CCN(C2(c3ccccc3)CCCCC2)CC1,2832,1,14107
10912,14110,Clc1nc(Cl)nc(CCBr)n1,2831,1,14110
10913,14111,CC=C1C2C=C(C)CC1(N)c1ccc(=O)[nH]c1C2,2830,1,14111
10914,14112,CCCN1CCC(OC(c2ccccc2)c2ccc(Cl)cc2)C1,85,10,4002
10915,14113,C=CCN(CC=C)CCCC1c2ccccc2Sc2ccccc21,2829,1,14113
10916,14114,C=C(Br)CNN(C)C,2828,1,14114
10917,14115,CN(NC1N=CCO1)c1cccc2ccccc12,2827,1,14115
10918,14116,C[N+](C)(N)c1nc(N)c(C#N)c(C#N)c1C#N,2826,1,14116
10919,14117,CCOc1ccc(C=N[N+](C)(C)C)cc1OCC,2825,1,14117
10920,14118,COc1ccc(C[N+](C)(C)N)cc1OC,2824,1,14118
10921,14119,Cc1ccc(C[N+](C)(C)N)cc1C,2823,1,14119
10922,14120,COc1cccc(C=N[N+](C)(C)C)c1O,2822,1,14120
10923,14121,CC(=N[N+](C)(C)C)c1ccc(C)c(C)c1,2821,1,14121
10924,14122,COc1cc(C=N[N+](C)(C)C)ccc1O,2820,1,14122
10925,14124,CC#CC(O)(C(=O)OC1CCN(C)CC1)C1=CCCC1,2819,1,14124
10926,14126,CC#CC(O)(C(=O)OC1CN2CCC1CC2)C1=CCCC1,1311,1,14126
10927,14129,CCN(CC)CCOC(=O)C(O)(Cc1ccccc1)C1CC1,1310,2,14129
10928,14130,CN(C)CCCOC(=O)C(O)(Cc1ccccc1)C1CC1,1310,2,14129
10929,14131,CN1CCCC(OC(=O)C(O)(Cc2ccccc2)C2CC2)C1,1309,2,14131
10930,14132,CN1CCC(OC(=O)C(O)(Cc2ccccc2)C2CC2)CC1,1309,2,14131
10931,14133,CC[N+](C)(CC)CCOc1cc(C)ccc1C(C)C,168,7,7163
10932,14134,CC(C)[N+](C)(CCOCC(c1ccccc1)c1ccccc1)C(C)C,1308,2,14134
10933,14135,CC(C)[N+](C)(CCOC(c1ccccc1)c1ccccc1)C(C)C,2818,1,14135
10934,14136,CC(C)[N+](C)(CCOCCC(c1ccccc1)c1ccccc1)C(C)C,1308,2,14134
10935,14137,CCCCCCCCCCCC[N+](C)(C)CCCNC(=O)c1ccc(N)cc1,1307,2,14137
10936,14138,CCCCCCCCCCCC[N+](C)(C)CCCNC(=O)c1ccc([N+](=O)[O-])cc1,1307,2,14137
10937,14139,CO[N+](C)(C)CCOC(=O)C1c2ccccc2Oc2ccccc21,2817,1,14139
10938,14140,C[N+](C)(CCO)CCN1c2ccccc2Sc2ccccc21,727,3,9654
10939,14141,C=C(Br)C[N+](CC)(CC)CC,2816,1,14141
10940,14143,CSc1cccc(NC2=NCCO2)c1,701,3,13512
10941,14144,c1ccc(N=Nc2ccc(NC3=NCCO3)cc2)cc1,1148,2,14144
10942,14145,Cc1cc(C)c(C)c(NC2=NCCO2)c1C,788,3,5924
10943,14146,COc1cccc(C=NN(C)C)c1O,2815,1,14146
10944,14147,CNC(=O)ON=Cc1cccc(OC)c1,2814,1,14147
10945,14148,CCN(CC)CCOC(=O)c1ccc(N)cc1OC,7,23,94
10946,14149,CCN(CC)CCCSC(=O)c1ccc(N)cc1OC,129,4,12634
10947,14150,CCN(CC)CCOC(=O)c1ccc(CCCCN)cc1OC,1306,1,14150
10948,14151,c1ccc2cc3c(NC4=NCCO4)cccc3cc2c1,1305,2,7975
10949,14152,COC(=O)c1ccccc1NC(=O)NCCBr,2813,1,14152
10950,14153,CC[n+]1cccc(C(=O)OC)c1,2812,1,14153
10951,14154,C=CCOC(=O)c1ccc[n+](C)c1,2811,1,14154
10952,14155,C[n+]1cccc(C(=O)OCc2ccccc2)c1,1285,2,14155
10953,14156,CCCOC(=O)c1ccc[n+](C)c1,1290,2,14156
10954,14157,O=C(CCC[n+]1ccccc1)CC(O)(C(F)(F)F)C(F)(F)F,2810,1,14157
10955,14158,C=CCCCCCCCCC(=O)NC[n+]1cccc(O)c1,1304,2,13712
10956,14159,O=C(C[n+]1ccccc1)c1cc2ccccc2[nH]1,2809,1,14159
10957,14160,CC(C)OC(=O)c1ccc[n+](C)c1,2808,1,14160
10958,14161,COc1ccc(C(=O)NC[n+]2ccccc2)cc1,1303,2,14161
10959,14162,COc1cccc(C(=O)NC[n+]2ccccc2)c1,1303,2,14161
10960,14163,c1cc[n+](CCc2ccccn2)cc1,2807,1,14163
10961,14164,CC(C)(C)N1CCC(OC(c2ccccc2)c2ccc(Cl)cc2)C1,85,10,4002
10962,14165,CC(C)(C)N1CCC(OC(c2ccccc2)c2ccccc2)C1,300,4,1174
10963,14166,CC(OCCN1CCCC1)(c1ccccc1)c1ccc(Cl)cc1,1158,2,14166
10964,14167,c1ccc(C(OC2CCN(C3CCCCC3)C2)c2ccccc2)cc1,2806,1,14167
10965,14171,CC(=O)NC1CC(N)C(OC2OC(CO)C(O)C(N)C2O)C(O)C1OC1OC(CN)C(O)C(O)C1O,19,18,182
10966,14173,CC(C)(CCCCC(C)(C)NC(=O)Nc1ccc(Cl)c(Cl)c1)NC(=O)Nc1ccc(Cl)c(Cl)c1,2805,1,14173
10967,14174,CNC(=O)NC(C)(C)CCCCC(C)(C)NC(=O)NC,2804,1,14174
10968,14177,CN1CCC(OC(=O)C2(O)c3ccccc3Oc3ccccc32)CC1,1302,2,13041
10969,14178,O=C(OC1CN2CCC1CC2)C1(O)c2ccccc2Oc2ccccc21,1301,2,4296
10970,14179,CN1CCC(OC(=O)C2c3ccccc3Oc3ccccc32)CC1,2803,1,14179
10971,14180,O=C(OC1CN2CCC1CC2)C1=C2CC=CC=C2Oc2ccccc21,2802,1,14180
10972,14183,c1cc(NC2=NCCO2)c2c3c1CCC3CCC2,2801,1,14183
10973,14185,CCOC(C=O)(N=Cc1ccc(Cl)c(Cl)c1)OCC,2800,1,14185
10974,14186,CCOC(C)(N=Cc1cccc2ccccc12)OCC,2799,1,14186
10975,14187,C=C(Br)CN(CCCC)C(C)=O,2798,1,14187
10976,14188,C=C(Br)CN(C(C)=O)C1CCCCC1,2797,1,14188
10977,14189,C=C(Br)CNC(=O)C(Cl)Cl,2796,1,14189
10978,14190,C=C(Br)CN(C)C(C)=O,2795,1,14190
10979,14191,C=C(Br)CNC(=O)C(F)(F)F,2794,1,14191
10980,14192,C=C(Br)CNC(=O)CBr,2793,1,14192
10981,14193,CCCCC1CCC(NC(=O)C(Cl)Cl)CC1,2792,1,14193
10982,14194,C=C(Cl)CNC(=O)C(F)(F)F,2791,1,14194
10983,14195,CN1CCC(O)(COC(=O)C(c2ccccc2)c2ccccc2)CC1,2790,1,14195
10984,14196,CCN(C(C)=O)c1c(I)cc(I)c(OCCOC(C(=O)O)c2ccccc2)c1I,110,5,6226
10985,14197,CCN(C(C)=O)c1c(I)cc(I)c(OCCOCC(=O)O)c1I,150,7,4434
10986,14200,CC(=O)N(C)c1c(I)cc(I)c(OCCOC(C(=O)O)c2ccccc2)c1I,93,9,6220
10987,14201,CC(=O)N(C)c1c(I)cc(I)c(OCCOCC(=O)O)c1I,787,1,14201
10988,14202,COc1cc(C(C[N+](=O)[O-])SC(C)=O)ccc1OCc1ccccc1,2789,1,14202
10989,14203,C[N+]1(C)C2CCCC1CN(Cc1ccccc1)C2,2788,1,14203
10990,14204,CC[N+](C)(CC)CCC(=O)N1CC2CCCC(C1)[N+]2(C)C,2787,1,14204
10991,14205,CC[N+](C)(CC)CCCN1CC2CCCC(C1)[N+]2(C)C,339,5,2912
10992,14208,C[N+]1(CCC(=O)N2CC3CCCC(C2)[N+]3(C)C)CCCCC1,2786,1,14208
10993,14210,C[N+](C)(C)CCCN1CC2CCCC(C1)[N+]2(C)C,339,5,2912
10994,14211,C[N+]1(C)C2CCCC1CN(CCCCCN1CC3CCCC(C1)[N+]3(C)C)C2,339,5,2912
10995,14215,C1COC(N2CC3CCC(CC3)C2)=N1,2785,1,14215
10996,14216,OC1(c2ccccc2)CC2CCCC(C1)N2CC1COc2ccccc2O1,2784,1,14216
10997,14217,Cc1ccc(OC2CC3CCCC(C2)N3Cc2ccccc2)cc1,1300,2,12460
10998,14219,CCOC(CCN(C)CC(OCC)OCC)OCC,2783,1,14219
10999,14220,COc1cc(N2C(=O)C(=O)C3(CCCCC3)C2=O)cc(OC)c1OC,2782,1,14220
11000,14221,C=CCNC(=O)CCN1CC1,2781,1,14221
11001,14222,O=C(Nc1ccc2c(c1)OCO2)ON=Cc1ccccc1,514,4,13674
11002,14223,CCCOc1cc(N)ccc1C(=O)NCCN(CC)CC,129,4,12634
11003,14224,CCN(CC)CCN(C(=O)c1ccc(F)cc1)c1ccccc1N,1299,2,12727
11004,14225,C=C(Br)Cc1ccccc1C(N)=O,2780,1,14225
11005,14226,CC[N+](C)(CC)CCCCCCc1ccnc2c1ccc1c2c(=O)ccn1C,2779,1,14226
11006,14227,c1ccc(CC(Cc2ccccc2)NC2=NCCO2)cc1,2778,1,14227
11007,14229,CN1CCCC1CCOC(=O)C(c1ccccc1)c1ccccc1,1298,2,14013
11008,14230,CCN(CC)CCCOC(=O)c1ccc(N)cc1OC,7,23,94
11009,14231,CC(=O)NC1C(O)C(N)C(OC2OC(CO)C(O)C(N)C2O)C(O)C1OC1OC(CO)C(O)C(O)C1N,2777,1,14231
11010,14233,CC(O)(C#N)CC(O)(C(F)(F)Cl)C(F)(F)Cl,2776,1,14233
11011,14234,C[N+]1(C)C2CCCC1CN(CCCCCCN1CC3CCCC(C1)[N+]3(C)C)C2,339,5,2912
11012,14235,COc1ccc(C(CCl)(CCl)c2ccc(OC)cc2)cc1,2775,1,14235
11013,14238,CSC(=N)Nc1cccc2c1CCCC2,2774,1,14238
11014,14239,CSC(=N)Nc1cccc(C)c1C,2773,1,14239
11015,14240,Cc1nc2[nH]c(=O)[nH]c(=O)c2[nH]1,2772,1,14240
11016,14241,O=C1CSC(c2ccc3c(c2)OCO3)N1CCNC1CCCCC1,2771,1,14241
11017,14242,CC(C)CNCCCN1C(=O)CSC1c1ccc2c(c1)OCO2,2770,1,14242
11018,14244,COc1cc(CNC(=O)CCCCCCCCCCSSCCCCCCCCCCC(=O)NCc2ccc(O)c(OC)c2)ccc1O,237,6,16
11019,14245,CC(C)SCCCCCCCCCCC(=O)O,786,3,12982
11020,14246,C=CCCCCCCCCC(=O)N(CCOC)CCOC,2769,1,14246
11021,14247,C=CCCCCCCCCC(=O)NCC(=C)Br,2768,1,14247
11022,14248,COc1cc(CNC(=O)CCCCCCCCC=CBr)ccc1O,237,6,16
11023,14249,C=CCCCCCCCCC(=O)N(C)OC,2767,1,14249
11024,14250,C=CCCCCCCCCC(=O)NCCc1ccc2c(c1)OCO2,2766,1,14250
11025,14251,C=CCCCCCCCCC(=O)NN1CCOCC1,2765,1,14251
11026,14252,C=CCCCCCCCCC(=O)NCCN1CCOCC1,1297,2,14252
11027,14253,C=CCCCCCCCCC(=O)NCCCN1CCOCC1,1297,2,14252
11028,14254,C=CCCCCCCCCC(=O)NCc1ccccn1,2764,1,14254
11029,14255,C=CCCCCCCCCC(=O)NCc1cccnc1,1296,2,14255
11030,14256,C=CCCCCCCCCC(=O)NCc1ccncc1,1296,2,14255
11031,14258,C=CCCCCCCCCCNc1cc2c3c(c1)CCCN3CCC2,520,4,12711
11032,14259,O=C(NCCCl)Nc1ccc2c3c(cccc13)CC2,2763,1,14259
11033,14260,C=C(Br)CNC(=O)Nc1c2ccccc2nc2ccccc12,2762,1,14260
11034,14261,O=C(NCC=CBr)Nc1c2ccccc2nc2ccccc12,2761,1,14261
11035,14262,CCOCCNC(=O)Nc1cccc2ccccc12,124,8,11339
11036,14263,CCOCCCNC(=O)Nc1cccc2ccccc12,338,1,14263
11037,14264,O=C(NCCO)Nc1cccc2ccccc12,124,8,11339
11038,14265,CC(C)C1CCC(N(C(N)=O)c2ccccc2)CC1,2760,1,14265
11039,14266,COCCNC(=O)Nc1cccc2ccccc12,124,8,11339
11040,14267,CON(C)C(=O)Nc1cccc2ccccc12,2759,1,14267
11041,14268,CONC(=O)Nc1cccc2ccccc12,2758,1,14268
11042,14269,CNC(=O)Nc1ccc(OC)c2ccccc12,2757,1,14269
11043,14270,CNC(=O)NCc1ccc(OC)c2ccccc12,173,7,13985
11044,14271,COCCCNC(=O)Nc1cccc2ccccc12,124,8,11339
11045,14272,NC(=O)NC(=O)Cc1cccc2ccccc12,2756,1,14272
11046,14273,CCOC(CNC(=O)Nc1cccc2ccccc12)OCC,2755,1,14273
11047,14274,CC(C)(C)CNC(=O)Nc1cccc2ccccc12,785,3,13906
11048,14277,N#Cc1ccc(C2CCCc3cncn32)cc1,2754,1,14277
11049,14280,CCCN1CCCC1CCOC(=O)C(O)(c1ccccc1)c1ccccc1,507,4,2276
11050,14281,CN(C)Cc1ccc(CSCCN=C(C[N+](=O)[O-])N2CCN(C)CC2)o1,2753,1,14281
11051,14282,CCOC(=O)c1ccc(OCCN2CCC(C(=O)OCC)(c3ccccc3)CC2)cc1,236,2,14282
11052,14283,CC[N+](C)(CC)CCCN(Cc1ccc(OC)cc1)C(=O)c1ccc(N)cc1,531,4,4038
11053,14285,CC(C)(O)C1CC=C(CCO)C(O)C1,2752,1,14285
11054,14286,CCOC(=O)C1(c2ccccc2)CCN(CCOc2ccc(-c3ccccc3)cc2)CC1,236,2,14282
11055,14287,c1cc(NC2=NCCN2)c2c(c1)OCO2,2751,1,14287
11056,14288,c1cc2c(cc1CC1=NCCN1)OCO2,1295,2,14288
11057,14289,c1cc2c(cc1NC1=NCCN1)OCO2,2750,1,14289
11058,14290,c1ccc2c(CCC3=NCCN3)cccc2c1,2749,1,14290
11059,14291,c1cc2c(cc1CCC1=NCCN1)OCO2,1295,2,14288
11060,14292,c1cc2c(cc1C1=NCCN1)OCO2,2748,1,14292
11061,14293,c1cc2c(c(C3=NCCN3)c1)OCO2,2747,1,14293
11062,14294,c1cc(CC2=NCCN2)c2c(c1)OCO2,2746,1,14294
11063,14295,O=C(CC1c2ccccc2Oc2ccccc21)OCCN(C1CCCCC1)C1CCCCC1,1049,3,4468
11064,14296,c1ccc(CN2CCN(CCN3c4ccccc4Sc4ccccc43)CC2)cc1,337,2,1531
11065,14297,CCn1cc(C(=O)O)c(=O)c2cc(F)c(N3CCN(CC(C)=O)CC3)cc21,450,3,227
11066,14298,CN1C(=O)CC(C(=O)NC(Cc2cnc[nH]2)C(=O)N2CCCC2C(N)=O)NC1=O,784,3,6438
11067,14299,CN(C)CC(O)c1cccc(N)c1,503,2,14299
11068,14300,CCCN1CCN(CCN2c3ccccc3Sc3ccccc32)CC1,39,15,230
11069,14301,CC12CCCC3C(N)Cc4c(n(c5cc(O)c(O)cc45)C(=O)C1)C32,2745,1,14301
11070,14307,CC[N+]1(CC)CCN(CCCCCCCCCCN2CC[N+](CC)(CC)CC2)CC1,783,3,2983
11071,14309,Oc1ccc(CC2CC3CCN2CC3)cc1O,2744,1,14309
11072,14312,CCN(CC)CCOc1ccc(-c2nc3c(N)nc(N)nc3nc2N)cc1,759,3,11175
11073,14313,O=NNc1cnccn1,2743,1,14313
11074,14314,COc1ccccc1N1CCN(CCOc2cc(C)c(O)cc2C(C)C)CC1,2742,1,14314
11075,14315,CC1CNCC(c2ccc(O)c(O)c2)O1,2741,1,14315
11076,14316,Nc1cnc(N=Nc2c(I)cc(I)c(C(=O)O)c2I)c(N)c1,2740,1,14316
11077,14317,Nc1ccc(N=Nc2c(I)cc(I)c(C(=O)O)c2I)c(N)n1,2739,1,14317
11078,14318,CCCN1CCN(CCCN2c3ccccc3Sc3ccccc32)CC1,39,15,230
11079,14319,CCN(C)CC(O)c1cccc(N)c1,234,6,14319
11080,14321,N=C(N)c1ccc2cc(OC(=O)c3ccc(NC4=NCCN4)cc3)ccc2c1,2738,1,14321
11081,14322,CC[N+]1(C)CCN(CCCCCCCCCCCCCCCCN2CC[N+](C)(CC)CC2)CC1,783,3,2983
11082,14323,CN(C)S(=O)(=O)c1cc2c(c(Cl)c1Cl)OC(C(=O)O)C2,1294,2,14323
11083,14324,NS(=O)(=O)c1cc2c(c(Cl)c1Cl)OC(C(=O)O)C2,1294,2,14323
11084,14325,C=C1C(OC(=O)C=C(C)CC)CC(C(C)C)C2C1CC(=O)C2C(C)OC(C)=O,2737,1,14325
11085,14327,CS(=O)(=O)c1ccc(C(CN2CCN(c3ccccc3)CC2)=NO)cc1,2736,1,14327
11086,14328,CC(C)CS(=O)(=O)c1ccc(C2(O)C[N+](C)(CCO)CCO2)cc1,2735,1,14328
11087,14331,CC(C)CS(=O)(=O)c1ccc(C2(O)CN(CCO)CCO2)cc1,2734,1,14331
11088,14332,CCCCCN1CCC23c4c5ccc(O)c4OC2C(=O)CCC3(O)C1C5,122,8,608
11089,14333,CCN(CC)CCOC(=O)c1ccco1,2733,1,14333
11090,14335,CCCCCOc1cccc(NC(=O)OC2CCCCC2N2CCCC2)c1,2732,1,14335
11091,14336,CC1=C(Cl)C(=O)OC1(C)CN(C)C,781,3,14336
11092,14337,CC1=C(Cl)C(=O)OC1(C)CN1CCCCCC1,502,1,14337
11093,14338,CC1=C(Cl)C(=O)OC1(C)CN1CCOCC1,501,4,14338
11094,14339,CC1=C(Br)C(=O)OC1(C)CN(C)C,1293,1,14339
11095,14340,CC1=C(Br)C(=O)OC1(C)CN1CCCC1,501,4,14338
11096,14341,CC1=C(Br)C(=O)OC1(C)CN1CCCCCC1,501,4,14338
11097,14342,CC1=C(Br)C(=O)OC1(C)CN1CCOCC1,501,4,14338
11098,14343,CC1(C)C=C(C(=O)NCCNC(=O)c2ccccn2)C(C)(C)N1,2731,1,14343
11099,14344,CN(c1nc2ccccc2s1)C1CCN(CCCCOc2ccc(F)cc2)CC1,2730,1,14344
11100,14345,C[N+]1(C)CCN(CCCCCCCCCCCCCCCCN2CC[N+](C)(C)CC2)CC1,499,4,14345
11101,14346,COc1ccc(CNCCN(CC=C(C)CCC=C(C)CCC=C(C)CCC=C(C)CCC=C(C)CCC=C(C)CCC=C(C)CCC=C(C)CCC=C(C)C)Cc2ccc(OC)c(OC)c2)cc1OC,2729,1,14346
11102,14348,CCC1(O)Cc2cc3c(c(O)c2C(OC2CC(N4CCOCC4)C(O)C(C)O2)C1)C(=O)c1c(O)cccc1C3=O,1266,2,14348
11103,14349,Cc1c(C(C)C2C(O)CC(C)CN2CC(C)C)ccc2c1CC1C2CC=C2CC(O)CCC21C,334,5,810
11104,14350,CCCCN1CC(C)CC(O)C1C(C)c1ccc2c(c1C)CC1C2CC=C2CC(O)CCC21C,334,5,810
11105,14351,CCOc1ccc2c(c1OC)C13CCN(C)C(C2)C1(O)CCC(=O)C3,154,8,3150
11106,14352,CCC[N+](CCC)(CCNC(=O)C(=O)NCC[N+](CCC)(CCC)Cc1ccccc1Cl)Cc1ccccc1Cl,2728,1,14352
11107,14353,Cc1nnc2n1-c1sc(CCC(=O)N3CCOCC3)cc1C(c1ccccc1Cl)=NC2,8,22,14353
11108,14354,O=C(CCc1cc2c(s1)-n1c(nnc1C1CC1)CN=C2c1ccccc1Cl)N1CCOCC1,8,22,14353
11109,14355,Cc1nnc2n1-c1sc(C(=O)N3CCOCC3)cc1C(c1ccccc1Cl)=NC2,8,22,14353
11110,14356,CCN(CC)C(=O)CCc1cc2c(s1)-n1c(C)nnc1CN=C2c1ccccc1Cl,8,22,14353
11111,14357,CNC(=O)CCc1cc2c(s1)-n1c(C)nnc1CN=C2c1ccccc1Cl,8,22,14353
11112,14358,Cc1nnc2n1-c1sc(CCC(=O)NC(C)C)cc1C(c1ccccc1Cl)=NC2,8,22,14353
11113,14359,Cc1nnc2n1-c1sc(CCC(=O)N(C)C)cc1C(c1ccccc1Cl)=NC2,8,22,14353
11114,14360,Cc1nnc2n1-c1sc(CCC(=O)N3CCCC3)cc1C(c1ccccc1Cl)=NC2,8,22,14353
11115,14361,Cc1nnc2n1-c1sc(CCC(=O)N3CCCCC3)cc1C(c1ccccc1Cl)=NC2,8,22,14353
11116,14362,Cc1nnc2n1-c1sc(CCC(=O)N3CCN(C)CC3)cc1C(c1ccccc1Cl)=NC2,8,22,14353
11117,14363,CCN(CC)C(=O)CCc1cc2c(s1)-n1c(nnc1C1CC1)CN=C2c1ccccc1Cl,336,1,14363
11118,14364,O=C(CCc1cc2c(s1)-n1cnnc1CN=C2c1ccccc1Cl)N1CCOCC1,8,22,14353
11119,14365,Cc1nnc2n1-c1sc(CCC(=O)N3CCOCC3)cc1C(c1ccccc1)=NC2,8,22,14353
11120,14366,Cc1nnc2n1-c1sc(CCC(=O)NCCO)cc1C(c1ccccc1Cl)=NC2,8,22,14353
11121,14367,CON=C(C(=O)NC1C(=O)N2C(C(=O)O)=C(C[N+]34CCC(C(N)=O)(CC3)CC4)CSC12)c1nsc(N)n1,2727,1,14367
11122,14368,Cc1nnc2n1-c1sc(C(N)=O)cc1C(c1ccccc1Cl)=NC2,335,2,352
11123,14369,O=C(CCCCCCCCc1cc2c(s1)-n1c(nnc1C1CC1)CN=C2c1ccccc1Cl)N1CCOCC1,8,22,14353
11124,14370,O=C(CCc1cc2c(s1)-n1c(Br)nnc1CN=C2c1ccccc1Cl)N1CCOCC1,8,22,14353
11125,14376,C[N+]1(Cc2ccccc2)CCN(CCCCCCCCCCN2CC[N+](C)(Cc3ccccc3)CC2)CC1,2726,1,14376
11126,14378,CC(C)N(C)CC(O)c1cccc(N)c1,503,2,14299
11127,14379,CCCN(C)CC(O)c1cccc(N)c1,234,6,14319
11128,14380,NC1=NC(=O)C(=NNc2c(I)cc(I)c(C(=O)O)c2I)C=C1,2725,1,14380
11129,14382,CCN(CC)CCC1(C)OCC(CO)O1,2724,1,14382
11130,14383,CN1CCN(c2c(F)cc3c(=O)c(C(=O)O)cn4c3c2SCC4)CC1,2723,1,14383
11131,14384,CON=C(C(=O)NC1C(=O)N2C(C(=O)O)=C(CSc3cc[n+](CC(=O)O)c4c3CCC4)CSC12)c1csc(N)n1,101,9,113
11132,14385,Cc1cc(N2CCSCC2)c(C#N)c(C)[n+]1[O-],2722,1,14385
11133,14386,Cc1cc(N2CCOCC2)c([N+](=O)[O-])c(C)[n+]1[O-],782,3,14386
11134,14387,Cc1cc(N2CCN(c3ccc(F)cc3)CC2)c([N+](=O)[O-])c(C)[n+]1[O-],782,3,14386
11135,14388,Cc1cc(N2CCCNCC2)c([N+](=O)[O-])c(C)[n+]1[O-],782,3,14386
11136,14389,O=c1c(O)c(O)c1=O,2721,1,14389
11137,14391,CCCCCN1CC(C)CC(O)C1C(C)c1ccc2c(c1C)CC1C2CC=C2CC(O)CCC21C,334,5,810
11138,14396,CCCCCCCCOc1ccccc1CNC(=O)CN(CC)CC,1292,2,12467
11139,14397,Cc1ccc(-c2cc(=O)c3ccc(OCC(O)CNC(C)C)cc3o2)cc1,1280,2,14397
11140,14398,C[N+]1(C)CCN(CCCCCCN2CC[N+](C)(C)CC2)CC1,499,4,14345
11141,14401,CCC1(CO)CCCN2CCc3c([nH]c4ccccc34)C21,2720,1,14401
11142,14402,CN1CC=C(c2cn(-c3ccc(F)cc3)c3ccc([N+](=O)[O-])cc23)CC1,2719,1,14402
11143,14403,OCCN1CCN(c2cn(-c3ccc(F)cc3)c3ccc(C(F)(F)F)cc23)CC1,2718,1,14403
11144,14405,CCN(CC)CC1(C)OC(=O)C(Br)=C1C,781,3,14336
11145,14406,CN(C)CC1(C)OC(=O)C(Cl)=C1c1ccccc1,2717,1,14406
11146,14407,CC1(CN2CCOCC2)OC(=O)C(Cl)=C1c1ccccc1,2716,1,14407
11147,14408,CCN(CC)CC1(C)OC(=O)C(Cl)=C1C,781,3,14336
11148,14409,CCCCN(C)CC(O)c1ccc(N)cc1,234,6,14319
11149,14410,CCCCN(C)CC(O)c1cccc(N)c1,234,6,14319
11150,14412,CCOC(=O)OC1CCC2(O)C3Cc4ccc(OC)c(OC)c4C2(CCN3C)C1,750,2,14412
11151,14413,Cc1c(C(C)C2C(O)CC(C)CN2C)ccc2c1CC1C2CC=C2CC(O)CCC21C,334,5,810
11152,14414,CN(CC#CCN1CCCC1=O)CCBr,780,3,3080
11153,14415,CCCCCN(CCCOC)C(=O)C(CCC(=O)O)NC(=O)c1ccc(Cl)c(Cl)c1,1291,2,12503
11154,14416,CC(=O)c1c2c(c(C)[nH]c1=O)CC(c1ccncc1)CC2,2715,1,14416
11155,14417,CON=C(C(=O)NC1C(=O)N2C(C(=O)O)=C(C[n+]3ccc(-n4ccnc4)cc3)CSC12)c1csc(N)n1,235,5,114
11156,14418,O=[N+]([O-])OCC1COc2ccc([N+](=O)[O-])c(O)c2O1,2714,1,14418
11157,14422,N=C(Nc1c([N+](=O)[O-])cnc2ccccc12)N1CCOCC1,2713,1,14422
11158,14423,CC[N+]1(CCO)CC1,2712,1,14423
11159,14424,CCCc1c(OCc2cccn3c(=O)c(-c4nn[nH]n4)cnc23)ccc(C(C)=O)c1O,775,3,14424
11160,14425,CCOC(=O)C1(c2ccccc2)CCN(CCSC)CC1,11,21,298
11161,14426,CCCCCN(C)CC(O)c1ccc(N)cc1,234,6,14319
11162,14427,CCCCCN(C)CC(O)c1cccc(N)c1,234,6,14319
11163,14428,COc1ccc(C(N)=O)cc1C(=O)NCc1cccnc1,2711,1,14428
11164,14429,C[n+]1cccc(C(=O)OCC[N+](C)(C)C)c1,1290,2,14156
11165,14430,CCCCCNCC(O)c1ccc(O)c(O)c1,1053,3,4229
11166,14431,C[N+](C)(C)CCOCCOCC[N+](C)(C)C,233,6,5079
11167,14432,CC(C)(CC(=O)OCC[N+](C)(C)C)[N+](C)(C)C,2710,1,14432
11168,14433,CC1CCCCN1Cc1c(O)ccc2ccccc12,1289,2,13196
11169,14434,CCN(CC)CCOC(=O)c1c(C)cc(C)cc1C,2709,1,14434
11170,14435,CCOC(=O)C1CCCN(Cc2c(O)ccc3ccccc23)C1,2708,1,14435
11171,14436,O=C(NCCN1CCCCC1)c1ccco1,2707,1,14436
11172,14437,CCC1(CCN2CCCCC2)C(=O)NC(=O)NC1=O,777,3,14437
11173,14442,CC(C)CCCN(CCO)CCCC(C)C,2706,1,14442
11174,14443,C[N+]1(CCSCC[N+]2(C)CCOCC2)CCOCC1,2705,1,14443
11175,14447,C[N+](C)(C)CCOc1ccc(OCC[N+](C)(C)C)nn1,778,3,3000
11176,14448,CCC1(N2CCC(C)CC2)C(=O)NC(=O)NC1=O,2704,1,14448
11177,14449,CCCCCCCCCCCCCCCC(=O)OCC(COC1OC(CS(=O)(=O)O)C(O)C(O)C1O)OC(=O)CCCCCCCCCCCCCCC,2703,1,14449
11178,14450,C[N+]1(C)CCN(CCN2CC[N+](C)(C)CC2)CC1,499,4,14345
11179,14451,CCCCC1(CCN2CCCCC2)C(=O)NC(=O)NC1=O,777,3,14437
11180,14452,CC[N+](C)(C)CCN1CCN(CC[N+](C)(C)CC)CC1,2702,1,14452
11181,14453,CC[N+](C)(CC)CCOCCOCC[N+](C)(CC)CC,2701,1,14453
11182,14455,CC[N+](C)(C)CCOCCOCC[N+](C)(C)CC,1288,2,9644
11183,14456,C[N+](C)(C)CCN1CCN(CC[N+](C)(C)C)CC1,2700,1,14456
11184,14457,CCN(CC)CCOc1c(C)cc(C)cc1C,2699,1,14457
11185,14459,COCc1ccc(-c2ccccc2Cl)cc1,1287,2,14459
11186,14460,CCOCc1ccc(-c2ccccc2Cl)cc1,1287,2,14459
11187,14461,O=C(OCc1ccc(-c2ccccc2Cl)cc1)c1cccnc1,1120,2,973
11188,14462,CC(=O)OCc1ccc(-c2ccccc2Cl)cc1,2698,1,14462
11189,14463,Fc1ccccc1-c1ccc(COCc2cccnc2)cc1,2697,1,14463
11190,14464,Clc1cccc(-c2ccc(COCc3cccnc3)cc2)c1,2696,1,14464
11191,14465,CCOCc1ccc(-c2cccc(Cl)c2)cc1,1286,2,14465
11192,14466,CCOCc1ccc(-c2cccc(Br)c2)cc1,1286,2,14465
11193,14467,C[S+]1Cc2ccccc2-c2ccccc2C1,2695,1,14467
11194,14468,CC[N+](C)(CC)CCOc1ccc(OCC[N+](C)(CC)CC)nn1,779,1,14468
11195,14469,C[N+]1(CCOCCOCC[N+]2(C)CCOCC2)CCOCC1,2694,1,14469
11196,14470,O=C(OCc1ccccc1)c1ccc[n+](Cc2ccccc2)c1,1285,2,14155
11197,14471,C[n+]1c(-c2cccs2)c2cc(N)ccc2c2ccc(N)cc21,2693,1,14471
11198,14472,C[N+](C)(C)CCOP(=O)(Oc1ccccc1)Oc1ccccc1,2692,1,14472
11199,14473,C[N+](C)(C)CCCOc1ccc(OCCC[N+](C)(C)C)nn1,778,3,3000
11200,14475,CCCOC(=O)Nc1ccc(C(=O)NCCN(CC)CC)cc1,2691,1,14475
11201,14476,Cc1ccc(C)c(OC(N)=O)c1,2690,1,14476
11202,14481,CC(=O)c1ccc2c(c1)N(CCCN1CCOCC1)c1ccccc1S2,333,3,12472
11203,14483,CC(=O)C1(N)Cc2c(O)c3c(c(O)c2C(OC2CC(O)C(O)CO2)C1)C(=O)c1ccccc1C3=O,2689,1,14483
11204,14489,CCN(CC)CCNC(=O)c1ccco1,2688,1,14489
11205,14490,CCN1CCN(CCCN2c3ccccc3Sc3ccccc32)CC1,39,15,230
11206,14493,CCCCCCCC1(CCN2CCCCC2)C(=O)NC(=O)NC1=O,777,3,14437
11207,14494,c1ccc2c(c1)Cc1ccccc1N(CCN1CCCCC1)C2,2687,1,14494
11208,14495,CC[n+]1c(C=Cc2ccc(OC)cc2OC)ccc2ccccc21,1284,2,14495
11209,14496,CC[n+]1c(C=Cc2cc(OC)ccc2OC)ccc2ccccc21,1284,2,14495
11210,14497,COc1cc(OC)c(C=Cc2ccc3ccccc3[n+]2C)c(OC)c1,2686,1,14497
11211,14498,C[S+](C)CC#CCN1CCCC1=O,2685,1,14498
11212,14499,O=C1CCCN1CC#CC[S+]1CCCC1,2684,1,14499
11213,14500,C[S+](C)CC#CCN1C(=O)CCC1=O,2683,1,14500
11214,14501,O=C1CCC(=O)N1CC#CC[S+]1CCCC1,2682,1,14501
11215,14504,N#CC(CCCNC(=N)N)N1CCCC1C(=O)NC(=O)C(N)Cc1ccccc1,1283,2,12298
11216,14505,CCN(CC)CCNC(=O)c1cc(Cl)c(NC2=NCCN2)cc1OC,332,5,14505
11217,14506,CCN(CC)CCNC(=O)c1cc(Cl)c(NC2=NCCS2)cc1OC,332,5,14505
11218,14507,CCN(CC)CCNC(=O)c1cc(Cl)c(NC2=NCCO2)cc1OC,332,5,14505
11219,14508,CCN(CC)CCNC(=O)c1cc(Br)c(NC2=NCCN2)cc1OC,332,5,14505
11220,14523,CC[N+]1(CCOCCOCC[N+]2(CC)CCOCC2)CCOCC1,2681,1,14523
11221,14524,C[N+]1(CCN2CCN(CC[N+]3(C)CCOCC3)CC2)CCOCC1,2680,1,14524
11222,14525,C[n+]1c(-c2ccccc2)c2cc(N)ccc2c2ccc([N+](=O)[O-])cc21,440,5,1517
11223,14526,C[n+]1c(-c2ccc(N)cc2)c2ccccc2c2cc([N+](=O)[O-])ccc21,1282,1,14526
11224,14527,C[N+](C)(C)CCC(C(N)=O)(c1ccccc1)c1ccccc1,776,3,1100
11225,14528,CC[N+](C)(CC)CCOc1cc(C)c(OCC[N+](C)(CC)CC)nn1,2679,1,14528
11226,14529,CC[N+]1(CCN2CCN(CC[N+]3(CC)CCOCC3)CC2)CCOCC1,1233,2,14529
11227,14530,CC[N+]1(CCOCCOCC[N+]2(CC)CCCCC2)CCCCC1,2678,1,14530
11228,14531,C[N+]1(CCOCCOCC[N+]2(C)CCCCC2)CCCCC1,2677,1,14531
11229,14532,CC[N+]1(CCSCC[N+]2(CC)CCCCC2)CCCCC1,2676,1,14532
11230,14533,O=C1C(=Cc2ccc(OCc3ccccc3)cc2)N2CCC1CC2,2675,1,14533
11231,14534,O=C1C(=Cc2ccc3c(c2)OCO3)N2CCC1CC2,2674,1,14534
11232,14535,O=C1C2CCN(CC2)C1Cc1ccc(OCc2ccccc2)cc1,2673,1,14535
11233,14536,O=C1C2CCN(CC2)C1Cc1ccc2c(c1)OCO2,2672,1,14536
11234,14541,N=C(N)Nc1ccc(C(=O)Oc2ccccc2)cc1,2671,1,14541
11235,14543,C[N+]1(CCC(C(N)=O)(c2ccccc2)c2ccccc2)CCCC1,500,4,1147
11236,14544,CN1CCN(CCCC(=O)c2ccc(C3CCCC3)cc2)CC1,1281,2,14544
11237,14545,O=C(CCCN1CCN(CCO)CC1)c1ccc(C2CCCC2)cc1,1281,2,14544
11238,14547,CC(=O)SCC(Cc1ccccc1)C(=O)NCC(=O)OCc1ccccc1,1272,2,14547
11239,14548,CCCCCCCC(=O)Nc1ccc(OCCN(CC)CC)cc1,2670,1,14548
11240,14549,CCCCCCCC(=O)Nc1ccc(OCCN2CCCCC2)cc1,2669,1,14549
11241,14550,CCCc1c(OCc2cccn3c(=O)c(CC(=O)O)cnc23)ccc(C(C)=O)c1O,775,3,14424
11242,14551,CCCc1c(OCc2cccn3c(=O)c(CCC(=O)O)cnc23)ccc(C(C)=O)c1O,775,3,14424
11243,14553,Cn1c(=O)c2c(ncn2CC(=O)NC(C)(C)CO)n(C)c1=O,2668,1,14553
11244,14555,Cc1nc(C(C)C)c(=O)[nH]c1C,2667,1,14555
11245,14556,O=C(O)c1cc(O)c2c(c1)C(=O)c1c(C3OC(CO)C(O)C(O)C3O)ccc(O)c1C2=O,2666,1,14556
11246,14557,CS(=O)(=O)Nc1ccc(C(=O)C2CCN(Cc3ccncc3)CC2)cc1,331,5,14557
11247,14558,CS(=O)(=O)Nc1ccc(C(=O)C2CCN(CCCc3ccncc3)CC2)cc1,331,5,14557
11248,14559,Cc1cccc(CCN2CCC(C(=O)c3ccc(NS(C)(=O)=O)cc3)CC2)n1,331,5,14557
11249,14560,CS(=O)(=O)Nc1ccc(C(=O)C2CCN(CCc3ccncc3)CC2)cc1,331,5,14557
11250,14561,CS(=O)(=O)Nc1ccc(C(=O)C2CCN(CC(=O)c3cnc4ccccn34)CC2)cc1,2665,1,14561
11251,14562,CS(=O)(=O)Nc1ccc(C(=O)C2CCN(CCc3ccccc3)CC2)cc1,331,5,14557
11252,14563,CS(=O)(=O)Nc1ccc(C(=O)C2CCN(Cc3ccc4ccccc4n3)CC2)cc1,774,2,14563
11253,14564,CS(=O)(=O)Nc1ccc(C(=O)C2CCN(Cc3cnc4ccccc4c3)CC2)cc1,774,2,14563
11254,14566,CN1OC(c2ccc(Cl)cc2)CC1(Cn1ccnc1)c1ccc(Cl)cc1,2664,1,14566
11255,14567,CC(C)CC(N)C(=O)NC(CCN(C)C(=N)N)CC(=O)NC1C=CC(n2cc(CO)c(N)nc2=O)OC1C(=O)O,2663,1,14567
11256,14568,CC(N)C(=O)OC(=O)C(N)CNC(=O)C1OC1C(N)=O,2662,1,14568
11257,14569,Cc1nnc2n1-c1sc(CC(=O)N3CCOCC3)cc1C(c1ccccc1Cl)=NC2,8,22,14353
11258,14570,Cc1nnc2n1-c1sc(CCCC(=O)N3CCOCC3)cc1C(c1ccccc1Cl)=NC2,8,22,14353
11259,14571,Cc1nnc2n1-c1sc(CCCCC(=O)N3CCOCC3)cc1C(c1ccccc1Cl)=NC2,8,22,14353
11260,14572,Cc1nnc2n1-c1sc(CC(N)=O)cc1C(c1ccccc1Cl)=NC2,8,22,14353
11261,14573,O=C(CCc1cc2c(s1)-n1c(CCl)nnc1CN=C2c1ccccc1Cl)N1CCOCC1,8,22,14353
11262,14574,O=C(CCc1cc2c(s1)-n1c(CBr)nnc1CN=C2c1ccccc1Cl)N1CCOCC1,8,22,14353
11263,14575,O=C(Nc1ccccn1)c1nc2ccccc2[nH]1,2661,1,14575
11264,14576,c1ccc(C(c2ccccc2)N2CCN(CC3CC3)CC2)cc1,2660,1,14576
11265,14577,C=C(CN1CCCCC1)CN1CCN(C(c2ccccc2)c2ccccc2)CC1,2659,1,14577
11266,14578,CCOC(=O)C=CCN1CCN(C(c2ccccc2)c2ccccc2)CC1,2658,1,14578
11267,14579,O=C(CCCN1CCN(C(c2ccccc2)c2ccccc2)CC1)c1ccccc1,720,2,14579
11268,14584,CC[N+]1(CCC(C(N)=O)(c2ccccc2)c2ccccc2)CCCCC1,500,4,1147
11269,14585,C=CC1(C)CC(=O)C2(O)C(C)(O1)C(O)C(OC(=O)CN1CCCCC1)C1C(C)(C)CCC(O)C12C,2657,1,14585
11270,14586,COc1ccc(CCN(C)CCCOc2ccc(S(=O)(=O)c3c(C(C)C)cn4ccccc34)cc2)cc1OC,2656,1,14586
11271,14587,CCC(=O)NCCNCC(O)COc1ccc2c(=O)cc(-c3ccc(C)cc3)oc2c1,1280,2,14397
11272,14588,Cn1c(C=CCO)c(CO)c2c1C(=O)C=C(N1CC1)C2=O,2655,1,14588
11273,14589,CC(=O)Oc1cc(C=O)cc2c1C(COC(N)=O)C1(OC(C)=O)ON2CC2C1N2C(C)=O,2654,1,14589
11274,14591,CC(NC(=O)C1CCC(Oc2ccc(C(=O)c3ccccc3)c(Cl)c2Cl)C1)C(=O)O,1279,2,14591
11275,14592,O=C(O)CCC(NC(=O)C1CCC(Oc2ccc(C(=O)c3ccccc3)c(Cl)c2Cl)C1)C(=O)O,1279,2,14591
11276,14593,Nc1nc(Cl)nc2c1ncn2C1CCC(CO)O1,2653,1,14593
11277,14594,CN(C)c1ccc(OCCCCCCOc2ccc(N(C)C)cc2)cc1,497,4,14594
11278,14595,CN(C)c1ccc(OCCCCCOc2ccc(N(C)C)cc2)cc1,497,4,14594
11279,14596,CC1OC2CC(=O)OC2C2=C1C(=O)c1c(O)cc3c(c1C2=O)C1CC(N(C)C)C(O)C3(C)O1,2652,1,14596
11280,14598,CC(ON=C(C(=O)NC1C(=O)N2C(C(=O)O)=C(CSc3cc[n+](C)cc3)CSC12)c1csc(N)n1)C(=O)O,101,9,113
11281,14599,CC[n+]1ccc(SCC2=C(C(=O)O)N3C(=O)C(NC(=O)C(=NOC(C)C(=O)O)c4csc(N)n4)C3SC2)cc1,101,9,113
11282,14600,C1=C(c2ccc(N3CCCCC3)cc2)N2CCN=C2c2ccccc21,2651,1,14600
11283,14601,CC1OC(OC2CC(c3ccc4c(c3O)C(=O)C3=C(C4=O)C4(OC5CCC(O)C(C)O5)C(=O)CC(C)(O)CC4(O)C=C3)OC(C)C2O)CCC1O,2650,1,14601
11284,14604,COc1ccc(-c2cc(=O)c3c(OCCO)cc(OC4OC(COC5OC(C)C(O)C(O)C5O)C(O)C(O)C4O)cc3o2)cc1O,2649,1,14604
11285,14605,CC(C)(C)n1cc(C(=O)O)c(=O)c2cc(F)c(N3CC4CC3CN4)nc21,2648,1,14605
11286,14606,CC(C)(C)n1cc(C(=O)O)c(=O)c2cc(F)c(N3CCNCC3)nc21,1278,2,386
11287,14608,COc1cc(O)c2c(c1)C(=O)c1c(cc3c(c1O)-c1c(cc(C)c(C(=O)NC(C)C(=O)O)c1O)C(OC1OC(C)C(N)C(OC4OCC(O)C(O)C4O)C1O)C3O)C2=O,232,6,14608
11288,14609,COc1cccc2c1C(=O)c1c(O)c3c(c(O)c1C2=O)CC(O)(C(=O)COC(=O)CCCCCC(=O)O)CC3OC1OC(C)C(O)C(O)C1F,2647,1,14609
11289,14610,C[N+]1(C)CCN(CCCCCCCCCCN2CC[N+](C)(C)CC2)CC1,499,4,14345
11290,14611,CCC[N+](CC)(CC)CCN1CCN(CC[N+](CC)(CC)CCC)CC1,773,3,12596
11291,14612,Cc1nc[nH]c1CSCCNc1nc(=O)c(Cc2ccccc2)c[nH]1,10,21,9276
11292,14613,Cc1nc[nH]c1CSCCNc1nc(=O)c(Cc2ccc(F)cc2)c[nH]1,10,21,9276
11293,14623,COc1cccc2c1C(=O)c1c(O)c3c(c(O)c1C2=O)CC(O)(C(=O)COC(=O)c1ccccc1O)CC3OC1CC(N)C(O)C(C)O1,330,5,8300
11294,14624,CCN(CC)C(=O)COc1cc(OC)c(OC)c(OC)c1,2646,1,14624
11295,14625,COc1cc(OCC(=O)NN2CCOCC2)cc(OC)c1OC,498,2,6498
11296,14626,C[N+]1(N)CCN(c2ccccc2)CC1,1277,2,778
11297,14627,CC1OC(OC2CC(O)(C(=O)COC(=O)c3ccccc3O)Cc3c(O)c4c(c(O)c32)C(=O)c2c(O)cccc2C4=O)CC(N)C1O,330,5,8300
11298,14630,CC#CC1(OCC(COCC(C)C)N2CCCC2)CCCCC1,2645,1,14630
11299,14631,CCn1nnn(CCN2CCC(N(C(=O)COC)c3ccccc3F)C(C)C2)c1=O,2644,1,14631
11300,14632,CNC1C(C)OC(OC2c3cc(C)c(C(=O)NC(C)C(=O)O)c(O)c3-c3c(cc4c(c3O)C(=O)c3cc(OC)cc(O)c3C4=O)C2O)C(O)C1OC1OCC(O)C(O)C1O,232,6,14608
11301,14634,CNC(=O)CC(N)C(=O)NC(C(=O)NC1C(=O)N2C1SC(C)(C)C2C(=O)O)c1ccc(O)cc1,2643,1,14634
11302,14635,NCCCNc1ccc2c3c(nn2CCNCCO)-c2c(O)ccc(O)c2C(=O)c13,1186,2,14635
11303,14636,O=C(CS(=O)Cc1ccco1)NCC=CCOc1cc(CN2CCCCC2)ccn1,2642,1,14636
11304,14637,COC(=O)C1(C)NC2=C(C1=O)C13CC1CN(C(=O)c1cc4cc(OC)c(OC)c(OC)c4[nH]1)C3=CC2=O,2641,1,14637
11305,14638,COC12C(COC(N)=O)C3=C(C(=O)C(C)=C(NCCSSCCNC(=O)CCC(N)C(=O)O)C3=O)N1CC1NC12,329,1,14638
11306,14641,CNCCCCOc1cccc2c(=O)c3ccccc3sc12,2640,1,14641
11307,14642,CN(C)c1ccc(OCCCCCCCCOc2ccc(N(C)C)cc2)cc1,497,4,14594
11308,14643,CN(C)c1ccc(OCCCCCCCOc2ccc(N(C)C)cc2)cc1,497,4,14594
11309,14644,O=C(c1ccco1)N(c1cnccn1)C1CCN(CCc2ccccc2)CC1,2639,1,14644
11310,14645,CCCCC[N+](CC)(CC)CCN1CCN(CC[N+](CC)(CC)CCCCC)CC1,773,3,12596
11311,14646,CN1CCN(C2=C3OCC4=NSC5=C(C(=O)O)C(=O)CC(=C2F)C5C43)CC1,2638,1,14646
11312,14647,COc1cccc(C2(O)CCSCC2CN(C)C)c1,84,10,14647
11313,14649,CNCC1CSCCC1(O)c1cccc(OC)c1,1276,1,14649
11314,14652,CN(C)CC1CSCCC1(O)c1ccccc1,84,10,14647
11315,14653,COc1ccccc1C1(O)CCSCC1CN(C)C,84,10,14647
11316,14654,COc1ccc(C2(O)CCSCC2CN(C)C)cc1,84,10,14647
11317,14655,CN(C)CC1CSCCC1(O)c1ccccc1Cl,84,10,14647
11318,14656,CN(C)CC1CSCCC1(O)c1cccc(Cl)c1,84,10,14647
11319,14657,CN(C)CC1CSCCC1(O)c1cccc(C(F)(F)F)c1,84,10,14647
11320,14658,CN(C)CC1CSCCC1(O)c1ccc(C(F)(F)F)cc1,84,10,14647
11321,14659,CN(C)CC1CSCCC1(O)c1cc(C(F)(F)F)cc(C(F)(F)F)c1,772,1,14659
11322,14660,CN(C)CC1CSCCC1(O)c1cccc(O)c1,84,10,14647
11323,14661,CN(C)CC1CSCCC1(O)c1ccc(Cl)cc1,84,10,14647
11324,14662,Cc1[nH]c(=O)c(C#N)cc1-c1ccc2nccn2c1,2637,1,14662
11325,14663,CC(=NNC(N)=S)c1cc2c(cn1)[nH]c1ccccc12,2636,1,14663
11326,14670,O=[N+]([O-])c1nccn1COC(CO)CO,2635,1,14670
11327,14671,CC1=[N+](C)C(C)(C)Cc2ccccc21,2634,1,14671
11328,14673,CC(C)Cc1ccc(NC2=NCCN2)cc1,2633,1,14673
11329,14674,CN(C)C(=NCCN=C(Nc1ccc(C2CCCCC2)cc1)N(C)C)Nc1ccc(C2CCCCC2)cc1,2632,1,14674
11330,14676,CCC(=O)N(c1ccccc1F)C1(c2ccccc2)CCN(CCn2nnn(CC)c2=O)CC1,2631,1,14676
11331,14677,C#CC1(O)CC(c2ccc(C)cc2)N(C)CC1(C)O,179,7,12306
11332,14678,CN1CC(C)(O)C(O)(C#Cc2ccccc2)CC1c1ccccc1,179,7,12306
11333,14679,C#CC1(O)CC(c2ccccc2C)N(C)CC1(C)O,179,7,12306
11334,14680,C#CC1(O)CC(c2ccc(C)cc2C)N(C)CC1(C)O,496,2,14680
11335,14681,C#CC1(O)CC(c2ccc(Cl)cc2Cl)N(C)CC1(C)O,496,2,14680
11336,14682,C#CC1(O)CC(c2ccc(F)cc2)N(C)CC1(C)O,179,7,12306
11337,14683,CCN(CC)CC#CC1(O)CC(c2ccccc2)N(C)CC1(C)O,771,3,14683
11338,14684,CCN(CC)CC#CC1(O)CC(c2ccc(C)cc2)N(C)CC1(C)O,771,3,14683
11339,14685,CCN(CC)CC#CC1(O)CC(c2ccc(F)cc2)N(C)CC1(C)O,771,3,14683
11340,14686,CC=C(C(=CC)c1ccc(OCC[N+]2(C)CCOCC2)cc1)c1ccc(OCC[N+]2(C)CCOCC2)cc1,2630,1,14686
11341,14691,COc1cc2c(cc1OC)C(C)=NC(C)(C)C2,2629,1,14691
11342,14692,COc1cc2c(cc1OC)C(C)=[N+](C)C(C)(C)C2,2628,1,14692
11343,14693,CCOC(=O)CCCC1=[N+](C)C(C)(C)Cc2ccccc21,2627,1,14693
11344,14694,C[N+]1=C(CCCC#N)c2ccccc2CC1(C)C,2626,1,14694
11345,14695,COc1cc2c(cc1OC)C(CCCC#N)=[N+](C)C(C)(C)C2,2625,1,14695
11346,14696,CC1=NC(C)(C)Cc2ccccc21,2624,1,14696
11347,14698,O=C(O)CSCC(=O)NC(CCS)C(=O)O,2623,1,14698
11348,14700,CC[N+](CC)(CCN1CCN(CC[N+](CC)(CC)Cc2ccc(Cl)cc2)CC1)Cc1ccc(Cl)cc1,1275,2,5235
11349,14702,O=C1CCC(C(=O)N2CSCC2C(=O)O)N1,2622,1,14702
11350,14703,COc1ccc(C(=O)NCc2ccc(OCCN(C)C)cc2)cc1OC,83,10,274
11351,14704,O=C(NCc1ccc(OCCN2CCCC2)cc1)c1ccc2c(c1)OCO2,1274,1,14704
11352,14705,COc1cc(N)c(Cl)cc1C(=O)NCc1ccc(OCCN(C)C)cc1,328,5,4764
11353,14706,COc1ccc(S(N)(=O)=O)cc1C(=O)NCc1ccc(OCCN(C)C)cc1,770,1,14706
11354,14707,CN(C)CCOc1ccc(CNC(=O)c2ccc(S(N)(=O)=O)cc2)cc1,83,10,274
11355,14708,COc1ccc(C(=O)NCc2ccc(OCCN3CCCCC3)cc2)cc1OC,328,5,4764
11356,14709,COc1cccc(C(=O)NCc2ccc(OCCN(C)C)cc2)c1,83,10,274
11357,14710,CCOc1ccc(C(=O)NCc2ccc(OCCN(C)C)cc2)cc1,83,10,274
11358,14711,CCOc1ccc(C(=O)NCc2ccc(OCCN(C)C)cc2)cc1OC,83,10,274
11359,14712,CCOc1ccc(C(=O)NCc2ccc(OCCN(C)C)cc2)cc1OCC,83,10,274
11360,14713,COc1cc(N)c(Cl)cc1C(=O)NCc1ccc(OCCN2CCCC2)cc1,328,5,4764
11361,14714,COc1cc(N)c(Cl)cc1C(=O)NCc1ccc(OCCN2CCCCC2)cc1,328,5,4764
11362,14715,Cc1cccc(C(=O)NCc2ccc(OCCN(C)C)cc2)c1,83,10,274
11363,14716,Cc1ccc(C(=O)NCc2ccc(OCCN(C)C)cc2)cc1,83,10,274
11364,14717,CN(C)CCOc1ccc(CNC(=O)c2cccc([N+](=O)[O-])c2)cc1,769,1,14717
11365,14718,CN(C)CCOc1ccc(CNC(=O)c2ccc(C#N)cc2)cc1,83,10,274
11366,14721,O=c1nc(NCCSCc2ncccc2Br)[nH]cc1Cc1ccncc1,255,4,9793
11367,14722,CCCCN1C(C)CCCC1C(=O)Nc1c(C)cccc1C,1273,2,14722
11368,14723,CCCCN1C(C)CCCC1C(=O)Nc1c(C)cc(C)cc1C,1273,2,14722
11369,14724,CCOP(=O)(OCC)C(NC(=O)C1(O)C(O)C2(CC)C=CCN3CCC4(c5cc(C6(C(=O)OC)CC7CN(CCc8c6[nH]c6ccccc86)CC(O)(CC)C7)c(OC)cc5N(C)C14)C32)C(C)C,2621,1,14724
11370,14725,CCOC(=O)c1ccc(NC(=O)CC)cc1NC(=O)c1ccc(C(=O)O)cc1,2620,1,14725
11371,14726,COC(=O)C(C)NC(=O)C(CSC(C)=O)Cc1ccccc1,2619,1,14726
11372,14727,COC(=O)CNC(=O)C(CSC(C)=O)Cc1ccccc1,1272,2,14547
11373,14729,C[N+](C)(C)c1ccc2c(c1)OCCOCCOc1cc([N+](C)(C)C)ccc1OCCOCCO2,2618,1,14729
11374,14730,C[N+](C)(Cc1ccccc1)c1ccc2c(c1)OCCOCCOc1cc([N+](C)(C)Cc3ccccc3)ccc1OCCOCCO2,2617,1,14730
11375,14731,CN1C=C(C(N)=O)C2CC(O)C(NC(=O)CS(N)(=O)=O)(C(=O)O)C2C1,2616,1,14731
11376,14741,O=P(O)(O)c1cc(-c2ccccc2)no1,1271,2,14741
11377,14744,O=P(O)(O)c1cc(-c2ccccn2)no1,2615,1,14744
11378,14745,O=P(O)(O)c1cc(-c2ccncc2)no1,1271,2,14741
11379,14750,CN(C)CCOc1cccc2c1Sc1ccccc1CC2=O,327,5,14750
11380,14751,CN(C)CCOc1cccc2c1Sc1ccc(Cl)cc1CC2=O,327,5,14750
11381,14752,O=C1Cc2ccccc2Sc2c(OCCN3CCCCC3)cccc21,1270,1,14752
11382,14753,CN(C)CCCOc1cccc2c1Sc1ccccc1CC2=O,327,5,14750
11383,14754,O=C1Cc2ccccc2Sc2c(OCCCN3CCCCC3)cccc21,327,5,14750
11384,14755,CNCCOc1cccc2c1Sc1ccccc1CC2=O,327,5,14750
11385,14756,CNCCOc1cccc2c1Sc1ccc(Cl)cc1CC2=O,768,1,14756
11386,14757,CC(=O)Cc1ccc(OCCN(C)C)cc1,2614,1,14757
11387,14763,Nc1c(NCC=CCOc2cc(CN3CCCCC3)ccn2)c(=O)c1=O,2613,1,14763
11388,14764,Cn1c(=O)c2c(ncn2CC(=N)N2CCOCC2)n(C)c1=O,495,4,14764
11389,14765,Cn1c(=O)c2c(ncn2CC(=N)N2CCCCC2)n(C)c1=O,767,1,14765
11390,14766,COc1ccc(CCNC(=N)Cn2cnc3c2c(=O)n(C)c(=O)n3C)cc1OC,766,3,14766
11391,14767,Cn1c(=O)c2c(ncn2CCC(=N)N2CCOCC2)n(C)c1=O,495,4,14764
11392,14768,Cn1c(=O)c2c(ncn2CCC(=N)N2CCCCC2)n(C)c1=O,495,4,14764
11393,14769,COc1ccc(CCNC(=N)CCn2cnc3c2c(=O)n(C)c(=O)n3C)cc1OC,766,3,14766
11394,14770,Cn1c(=O)c2c(ncn2CCCC(=N)N2CCOCC2)n(C)c1=O,495,4,14764
11395,14771,COc1ccc(CCNC(=N)CCCn2cnc3c2c(=O)n(C)c(=O)n3C)cc1OC,766,3,14766
11396,14775,CNC(Cc1ccccc1)C(=O)N1CCCC1C(=O)NC(C=O)CCCNC(=N)N,2612,1,14775
11397,14777,CC(C)c1ccc2nc3ccc(C(=O)Nc4nn[nH]n4)cc3c(=O)n2c1,765,3,14777
11398,14778,CC(C)c1ccc2nc3ccc(-c4nn[nH]n4)cc3c(=O)n2c1,765,3,14777
11399,14782,COc1ccccc1Sc1ccccc1CN(C)C,326,5,14782
11400,14783,COc1cccc(Sc2ccccc2CN(C)C)c1,326,5,14782
11401,14784,COc1ccc(Sc2ccccc2CN(C)C)cc1,326,5,14782
11402,14785,COc1ccc(Sc2ccccc2CN(C)C)c(OC)c1,494,1,14785
11403,14786,COc1ccc(Sc2ccccc2CN(C)C)cc1OC,326,5,14782
11404,14787,COc1ccccc1Sc1ccccc1CN,1269,1,14787
11405,14788,COc1cccc(Sc2ccccc2CN)c1,493,2,14788
11406,14789,COc1ccc(Sc2ccccc2CN)cc1,493,2,14788
11407,14790,COc1ccc(Sc2ccccc2CN)cc1OC,326,5,14782
11408,14793,COc1cc(O)c2c(c1)C(=O)c1c(cc3c(c1O)-c1c(cc(C)c(C(=O)NC(C)C(=O)O)c1O)C(OC1OC(C)C(N(C)C)C(OC4OCC(O)C(O)C4O)C1O)C3O)C2=O,232,6,14608
11409,14794,COCCNC(=O)c1ccnc(C(=O)NCCOC)c1,2611,1,14794
11410,14795,CN(C(=O)CC(N)CCCNC(=N)N)C1CNC(=NC(N)=O)NC1=O,2610,1,14795
11411,14796,CC1(C)Oc2ccc(S(=O)(=O)c3ccccc3)cc2C(N2CCCC2=O)C1O,2609,1,14796
11412,14798,CCC1CCCC(C)CCC(OC2OC(C)C(O)C(N)C2O)C(CC)CCCNC1=O,1157,2,14798
11413,14799,NCC1CCC(C(=O)NC(Cc2ccccc2)C(=O)Nc2ccc(CC(=O)O)cc2)CC1,2608,1,14799
11414,14811,COc1ccc(S(N)(=O)=O)cc1C(=O)NCCCN1CCCCC1,1268,2,12606
11415,14812,CN(C)CCOC(=O)CC1CCCC1,2607,1,14812
11416,14816,COC(=O)c1cc2c([nH]1)C(=O)C=C1N(C(=O)c3cc4cc(OC)c(OC)c(OC)c4[nH]3)CC3CC123,2606,1,14816
11417,14817,CC(O)C1(CC(=O)O)N=C(C(=O)O)/C(=C/CCCO)S1,2605,1,14817
11418,14819,CCOC(=O)C1(c2ccc(C3CC3)cc2)CCN(C)CC1,11,21,298
11419,14820,CCOC(=O)C1(c2ccc(C3CC3)cc2)CCN(Cc2ccccc2)CC1,1267,1,14820
11420,14822,CN1CCC(=C(c2ccccc2)c2ccc(Br)cc2)CC1,2604,1,14822
11421,14823,COC(=O)c1cccc(CCN2CCN(Cc3ccccc3)CC2)c1,2603,1,14823
11422,14824,Cc1nc[nH]c1CSCc1ccc(Cl)cc1,2602,1,14824
11423,14827,Cc1cccc(C)c1NC(=O)CNC(=O)CCC(=O)O,2601,1,14827
11424,14828,COc1cc(O)c2c(c1)C(=O)c1c(cc3c(c1O)-c1c(cc(C)c(C(=O)NC(CO)C(=O)O)c1O)C(OC1OC(C)C(N(C)C)C(OC4OCC(O)C(O)C4O)C1O)C3O)C2=O,232,6,14608
11425,14829,CCC1(O)CC(OC2CC(N3CCOCC3)C(O)C(C)O2)c2c(O)c3c(c(O)c2C1O)C(=O)c1cccc(O)c1C3=O,1266,2,14348
11426,14830,CNC(=O)c1cc(Cl)c(NC2=NCCN2)cc1OC,332,5,14505
11427,14833,C[N+](C)(C)CCOC(=O)CN1CCCC1=O,764,3,14833
11428,14834,CN(C)CCOC(=O)CNC(=O)CN1CCCC1=O,764,3,14833
11429,14835,C[N+](C)(C)CCOC(=O)CNC(=O)CN1CCCC1=O,764,3,14833
11430,14836,O=C(CN1CCCC1=O)Nc1ccc(Cl)cc1,2600,1,14836
11431,14838,CC[N+](CC)(CCn1c(=O)n(CC[N+](CC)(CC)Cc2ccccc2)c(=O)n(CC[N+](CC)(CC)Cc2ccccc2)c1=O)Cc1ccccc1,2599,1,14838
11432,14841,O=C(O)CCC(=O)C(=O)O,2598,1,14841
11433,14842,Cn1cc(C(=O)C2CCc3nc[nH]c3C2)c2ccccc21,2597,1,14842
11434,14843,COc1cc(O)c2c(c1)C(=O)c1c(cc3c(c1O)-c1c(cc(C)c(C(=O)NC(C)C(=O)O)c1O)C(OC1OC(C)C(NC(C)=O)C(OC4OCC(O)C(O)C4O)C1O)C3O)C2=O,232,6,14608
11435,14865,CCCOc1nnc2n1-c1sc(CCC(=O)N3CCOCC3)cc1C(c1ccccc1Cl)=NC2,8,22,14353
11436,14866,NC1Cc2c3n(c4cccc(O)c24)C(=O)CC2CCCC1C32,2596,1,14866
11437,14869,COc1cc(O)c2c(c1)C(=O)c1c(cc3c(c1O)-c1c(cc(C)c(C(=O)NC(C)C(=O)O)c1O)C(OC1OC(C)C(O)C(O)C1O)C3O)C2=O,232,6,14608
11438,14870,CCC1(OC2CC(N(C)C)C(O)C(C)O2)Cc2c(O)c3c(c(O)c2C(OC2CC(N(C)C)C(OC4CCC(OC5CCC(O)C(C)O5)C(C)O4)C(C)O2)C1)C(=O)c1cccc(O)c1C3=O,2595,1,14870
11439,14872,CCOCc1nc(=O)c2nccnc2[nH]1,2594,1,14872
11440,14873,O=P(OCCC(F)(F)C(F)(F)C(F)(F)C(F)(F)C(F)(F)C(F)(F)F)(N1CCOCC1)N1CCOCC1,492,4,14873
11441,14874,O=P(OCCC(F)(F)C(F)(F)C(F)(F)C(F)(F)C(F)(F)C(F)(F)C(F)(F)C(F)(F)F)(N1CCOCC1)N1CCOCC1,492,4,14873
11442,14875,O=P(OCCCCCCCCCCCC(F)(F)C(F)(F)C(F)(F)C(F)(F)C(F)(F)C(F)(F)F)(N1CCOCC1)N1CCOCC1,492,4,14873
11443,14876,O=P(OCCCCCCCCCCCC(F)(F)C(F)(F)C(F)(F)C(F)(F)C(F)(F)C(F)(F)C(F)(F)C(F)(F)F)(N1CCOCC1)N1CCOCC1,492,4,14873
11444,14877,O=S(=O)(NC1C2CCC(C2)C1C=CCCCc1nn[nH]n1)c1ccccc1,2593,1,14877
11445,14878,c1ccc(C[P+](c2ccccc2)(c2ccccc2)c2ccc3c(c2)OCCOCCOCCOCCO3)cc1,1265,2,14878
11446,14879,c1ccc(C[P+](c2ccccc2)(c2ccccc2)c2ccc3c(c2)OCCOCCOc2ccc([P+](Cc4ccccc4)(c4ccccc4)c4ccccc4)cc2OCCOCCO3)cc1,1265,2,14878
11447,14880,CN[n+]1ccc(SCC2=C(C(=O)O)N3C(=O)C(NC(=O)C(=NOC)c4csc(N)n4)C3SC2)cc1,101,9,113
11448,14882,COc1ccc(C=CCCCCOc2cccc(OCCCCC(=O)N(C)C)c2CCC(=O)O)cc1,1264,2,14882
11449,14883,COc1ccc(C=CCCCCOc2cccc(OCCCCN3CCCC3=O)c2CCC(=O)O)cc1,1264,2,14882
11450,14884,COc1cc2[nH]cnc(=NNC(N)=O)c2cc1OC,2592,1,14884
11451,14885,COc1cc2[nH]c(Cl)nc(=NNC(N)=O)c2cc1OC,231,6,14885
11452,14886,COc1cc2nc(Cl)nc(NN=C(C)C)c2cc1OC,2591,1,14886
11453,14887,COc1cc2[nH]c(NNc3ccccc3)n/c(=N/Nc3ccccc3)c2cc1OC,2590,1,14887
11454,14888,COc1cc2[nH]c(F)nc(=NNC(N)=O)c2cc1OC,231,6,14885
11455,14889,COc1cc2[nH]c(NN)nc(=NNC(N)=O)c2cc1OC,231,6,14885
11456,14890,CCN(CC)c1nc(=NNC(N)=O)c2cc(OC)c(OC)cc2[nH]1,231,6,14885
11457,14891,COc1cc2[nH]c(NCCN)nc(=NNC(N)=O)c2cc1OC,231,6,14885
11458,14892,COc1cc2[nH]c(N3CCN(C)CC3)nc(=NNC(N)=O)c2cc1OC,2589,1,14892
11459,14893,CCNc1nc(=NNC(N)=O)c2cc(OC)c(OC)cc2[nH]1,231,6,14885
11460,14894,CCN(CC)c1nc(=NNC(=O)NC)c2cc(OC)c(OC)cc2[nH]1,1263,1,14894
11461,14895,COc1cc2[nH]c(=O)nc(N)c2cc1OC,2588,1,14895
11462,14896,COc1ccccc1Nc1nc(C)c(C(=O)O)cc1C(N)=O,1262,2,14896
11463,14897,Cc1ccccc1Nc1nc(C)c(C(=O)O)cc1C(N)=O,1262,2,14896
11464,14898,Cc1cccc(Nc2nc(C)c(C(=O)O)cc2C(N)=O)c1,1261,2,14898
11465,14899,Cc1nc(Nc2ccc(Br)cc2)c(C(N)=O)cc1C(=O)O,1261,2,14898
11466,14901,Cc1nc(N)c(C(N)=O)cc1C(=O)O,2587,1,14901
11467,14902,Cc1nc(NCc2ccccc2)c(C(N)=O)cc1C(=O)O,2586,1,14902
11468,14904,Cc1c(F)c(N2CCC(N)C2)nc2c1c(=O)c(C(=O)O)cn2C1CC1,491,4,14904
11469,14906,Cc1c(F)c(N2CCC(N)C2)nc2c1c(=O)c(C(=O)O)cn2-c1ccc(F)cc1F,491,4,14904
11470,14907,CNC1CCN(c2nc3c(c(C)c2F)c(=O)c(C(=O)O)cn3-c2ccc(F)cc2F)C1,491,4,14904
11471,14908,Cc1c(F)c(N2CCC(N)C2)nc2c1c(=O)c(C(=O)O)cn2-c1ccc(F)cc1,491,4,14904
11472,14910,CN1CCC(=C2c3cc(C(=O)O)ccc3CSc3ccccc32)CC1,1100,3,1306
11473,14911,CCN(CC)CCOc1ccccc1C=Cc1cc(C)no1,325,5,14911
11474,14912,Cc1cc(C=Cc2ccccc2OCCN(C)C)on1,325,5,14911
11475,14913,Cc1cc(C=Cc2ccccc2CCN2CCCCC2)on1,230,6,14913
11476,14914,Cc1cc(C=Cc2ccccc2OCCN2CCOCC2)on1,230,6,14913
11477,14915,Cc1cc(C=Cc2ccccc2OCCN2CCCCCC2)on1,230,6,14913
11478,14916,Cc1cc(C=Cc2ccccc2OCCN2CCCC2)on1,230,6,14913
11479,14917,Cc1cc(C=Cc2ccccc2OCCN2CCN(C)CC2)on1,230,6,14913
11480,14918,Cc1cc(C=Cc2ccccc2OCCN2CCN(c3ccco3)CC2)on1,230,6,14913
11481,14919,Cc1cc(C=Cc2ccc(OCCN(C)C)cc2)on1,1260,1,14919
11482,14920,CCN(CC)CCOc1ccc(C=Cc2cc(C)no2)cc1,325,5,14911
11483,14921,CN(C)[P+](C)(N(C)C)N1CCOCCOCCN([P+](C)(N(C)C)N(C)C)CCOCCOCC1,1259,2,14921
11484,14922,CN(C)[P+](C)(N(C)C)N1CCOCCOCCOCCOCC1,1259,2,14921
11485,14925,Cc1cc(C=Cc2ccccc2OCCCN(C)C)on1,325,5,14911
11486,14927,CCN(CC)CCOc1ccccc1C=Cc1cc(-c2ccccc2)no1,325,5,14911
11487,14928,CCCC(=O)Nc1cc(C(F)(F)F)cnc1NS(C)(=O)=O,13,19,14928
11488,14929,CCCCC(=O)Nc1cc(C(F)(F)F)cnc1NS(C)(=O)=O,13,19,14928
11489,14930,CCCCCC(=O)Nc1cc(C(F)(F)F)cnc1NS(C)(=O)=O,13,19,14928
11490,14931,CS(=O)(=O)Nc1ncc(C(F)(F)F)cc1NC(=O)c1ccccc1,13,19,14928
11491,14932,C=CC(=O)Nc1cc(C(F)(F)F)cnc1NS(C)(=O)=O,13,19,14928
11492,14933,CS(=O)(=O)Nc1ncc(C(F)(F)F)cc1NC(=O)c1ccc(F)cc1,13,19,14928
11493,14934,CS(=O)(=O)Nc1ncc(C(F)(F)F)cc1NC(=O)C(F)(F)Cl,13,19,14928
11494,14935,CS(=O)(=O)Nc1ncc(C(F)(F)F)cc1NC(=O)C(F)(F)F,13,19,14928
11495,14936,CS(=O)(=O)Nc1ncc(C(F)(F)F)cc1NC(=O)C(F)(F)C(F)(F)F,13,19,14928
11496,14937,CCOC(=O)Nc1cc(C(F)(F)F)cnc1NS(C)(=O)=O,13,19,14928
11497,14938,CCCOC(=O)Nc1cc(C(F)(F)F)cnc1NS(C)(=O)=O,13,19,14928
11498,14939,CCCCOC(=O)Nc1cc(C(F)(F)F)cnc1NS(C)(=O)=O,123,3,14939
11499,14940,CCOC(=O)NC(=S)Nc1cc(C(F)(F)F)cnc1NS(C)(=O)=O,123,3,14939
11500,14941,CCS(=O)(=O)Nc1ncc(C(F)(F)F)cc1NC(=O)C(F)(F)C(F)(F)F,13,19,14928
11501,14942,CCOC(=O)NC(=S)Nc1cc(C(F)(F)F)cnc1NS(=O)(=O)CC,763,1,14942
11502,14943,CCCS(=O)(=O)Nc1ncc(C(F)(F)F)cc1NC(=O)C(F)(F)C(F)(F)F,762,1,14943
11503,14944,O=C(Nc1cc(C(F)(F)F)cnc1NS(=O)(=O)c1ccccc1)C(F)(F)F,13,19,14928
11504,14945,CS(=O)(=O)NNc1ncc(C(F)(F)F)cc1NC(=O)C(F)(F)C(F)(F)F,761,1,14945
11505,14946,CS(=O)(=O)Nc1ncc(C(F)(F)F)cc1NC(=O)C1CCCC1,13,19,14928
11506,14947,CCS(=O)(=O)Nc1ncc(C(F)(F)F)cc1NC(=O)C1CCCCC1,490,2,14947
11507,14948,C=CC(=O)Nc1cc(C(F)(F)F)cnc1NS(=O)(=O)CC,760,1,14948
11508,14949,CC=CC(=O)Nc1cc(C(F)(F)F)cnc1NS(C)(=O)=O,13,19,14928
11509,14950,CS(=O)(=O)Nc1ncc(C(F)(F)F)cc1NC(=O)c1ccccc1F,169,4,14950
11510,14951,CS(=O)(=O)Nc1ncc(C(F)(F)F)cc1NC(=O)Cc1ccccc1,171,1,14951
11511,14952,CS(=O)(=O)Nc1ncc(C(F)(F)F)cc1NC(=O)Cc1cccs1,169,4,14950
11512,14953,CC(=O)OCC(=O)Nc1cc(C(F)(F)F)cnc1NS(C)(=O)=O,13,19,14928
11513,14955,CC=CC=CC(=O)Nc1cc(C(F)(F)F)cnc1NS(C)(=O)=O,13,19,14928
11514,14956,CS(=O)(=O)Nc1ncc(C(F)(F)F)cc1NC(=O)c1ccc(F)c(F)c1,170,3,14956
11515,14957,Cc1cccc(C(=O)Nc2cc(C(F)(F)F)cnc2NS(C)(=O)=O)c1,170,3,14956
11516,14958,CS(=O)(=O)Nc1ncc(C(F)(F)F)cc1NC(=O)c1cccc(C(F)(F)F)c1,13,19,14928
11517,14959,CS(=O)(=O)Nc1ncc(C(F)(F)F)cc1NC(=O)c1cc2ccccc2s1,169,4,14950
11518,14960,CS(=O)(=O)Nc1ncc(C(F)(F)F)cc1NC(=O)c1ccc2c(c1)CCC2,170,3,14956
11519,14961,O=C(Nc1cc(C(F)(F)F)cnc1NS(=O)(=O)C(F)(F)F)C1CCCCC1,490,2,14947
11520,14962,CCCOC(=O)Nc1cc(C(F)(F)F)cnc1NS(=O)(=O)C(C)C,123,3,14939
11521,14963,CS(=O)(=O)Nc1ncc(C(F)(F)F)cc1NC(=O)c1cccs1,169,4,14950
11522,14964,CCOC(=O)c1c(CSc2ccsc2)n(C)c2cc(Br)c(O)c(CN(C)C)c12,2585,1,14964
11523,14965,CCOC(=O)c1c(CSc2ccccn2)oc2ccc(O)c(CN(C)C)c12,2584,1,14965
11524,14967,O=C(CN1CCOCC1)Nc1ccccc1O,82,10,2860
11525,14968,Cc1ccccc1NC(=O)CN1CCOCC1,82,10,2860
11526,14969,CCc1ccccc1NC(=O)CN1CCOCC1,82,10,2860
11527,14970,COc1ccccc1NC(=O)CN1CCOCC1,82,10,2860
11528,14971,O=C(CN1CCOCC1)Nc1ccccc1F,82,10,2860
11529,14972,O=C(CN1CCOCC1)Nc1ccccc1Br,82,10,2860
11530,14973,O=C(CN1CCOCC1)Nc1ccccc1I,82,10,2860
11531,14974,O=C(CN1CCOCC1)Nc1ccccc1[N+](=O)[O-],1258,1,14974
11532,14975,O=C(CN1CCOCC1)Nc1ccccc1Cl,82,10,2860
11533,14977,O=C(O)C=CC(=O)NN=C(c1ccccc1)c1ccccc1,1257,2,14977
11534,14978,O=C1c2ccccc2S(=O)(=O)N1CCCCNCC1CCc2ccccc2O1,2583,1,14978
11535,14987,CCN(CC)CC(=O)OC1CC2C(CC1C)C2(C)C,2582,1,14987
11536,14989,CC(C)NC1CC2C(CC1(C)O)C2(C)C,2581,1,14989
11537,14990,CN(C)C1CC2C(CC1(C)O)C2(C)C,2580,1,14990
11538,14995,NCCC(O)C(=O)NC1CC(N)C(OC2OC(CN)CCC2N)C(O)C1OC1OC(CO)C(O)C(N)C1N,135,6,340
11539,14996,NCCC(O)C(=O)NC1CC(N)C(OC2OC(CN)CCC2N)CC1OC1OC(CO)C(O)C(N)C1N,324,3,14996
11540,14997,NCC1CCC(N)C(OC2CC(OC3OC(CO)C(O)C(N)C3N)C(N)CC2N)O1,324,3,14996
11541,15002,CCCCCCCCCn1c(C)nc2ccccc21,2579,1,15002
11542,15003,CC(=O)OC1CC(C)OC2(OC3CC(=O)OC3C3=C2C(=O)c2c(O)cccc2C3=O)C1OC1CCC(N(C)C)C(C)O1,2578,1,15003
11543,15004,COc1ccc(/C(=N/NC(=O)C=CC(=O)O)c2ccccc2)cc1,1257,2,14977
11544,15005,COc1cc(Br)c(C(=O)CCN(C)C)cc1OC,2577,1,15005
11545,15006,CCOc1ccc(C(=O)CCN(C)C)cc1OCC,2576,1,15006
11546,15007,NCCC(O)C(=O)NC1CC(N)C(OC2OC(CN)CCC2N)C(N)C1OC1OC(CO)C(O)C(N)C1N,324,3,14996
11547,15008,Cc1c(F)c(N2CCNC(C)C2)cc2c1C(=O)C(C(=O)O)CN2C1CC1,2575,1,15008
11548,15009,COC(=O)c1c(C)nc(C)c(C#N)c1-c1ccccc1[N+](=O)[O-],1256,2,10545
11549,15010,CC1(C)CCC(NC(=O)C(N)CCC(=O)O)CC1,2574,1,15010
11550,15011,CC1CC(N)c2cc(S(N)(=O)=O)sc2S1(=O)=O,1255,2,740
11551,15012,CC(C)N(CCOc1ccc(-c2nc3c(N)nc(N)nc3nc2N)cc1)C(C)C,759,3,11175
11552,15013,Nc1nc(N)c2nc(-c3ccc(OCCN4CCCC4)cc3)c(N)nc2n1,758,3,11176
11553,15014,Nc1nc(N)c2nc(-c3ccc(OCCN4CCOCC4)cc3)c(N)nc2n1,758,3,11176
11554,15015,CC(=O)OC(CN1CCN(c2ccccc2)CC1)CN1CCCC1=O,2573,1,15015
11555,15016,c1ccc(CNCc2csc3nc4ccccc4n23)cc1,1254,2,15016
11556,15017,CCCCNCc1csc2nc3ccccc3n12,1254,2,15016
11557,15018,c1ccc(N2CCN(Cc3csc4ncnn34)CC2)cc1,2572,1,15018
11558,15019,c1cn(Cc2csc3ncnn23)cn1,2571,1,15019
11559,15020,c1nc2scc(CN(Cc3csc4ncnn34)C3CCCCC3)n2n1,2570,1,15020
11560,15021,Cn1c(=O)c2c(nc3scc(CNC4CCCCC4)n32)n(C)c1=O,2569,1,15021
11561,15022,Nc1nc(=O)c2c([nH]1)NCC(CCc1ccc(C(=O)NC(CCC(=O)O)C(=O)O)s1)S2,2568,1,15022
11562,15023,CN(C)Cc1c(O)cc(O)c2c1OC(c1ccccc1)CC2=O,1253,2,15023
11563,15024,CCN(CC)CCc1c(O)cc(O)c2c1OC(c1ccccc1)CC2=O,1253,2,15023
11564,15025,CCCC(C)(C)C(=O)O,2567,1,15025
11565,15026,CCNC(CC)(CC)CC,2566,1,15026
11566,15027,CCNC(C)(CC)CC,2565,1,15027
11567,15028,CCOP(=O)(OCC)SCC,2564,1,15028
11568,15029,CN(C)C(=N)N,2563,1,15029
11569,15030,CCN(CC)C(=O)N(CC)CC,2562,1,15030
11570,15031,CCN(CC)C(=N)N,2561,1,15031
11571,15032,CCOC(=O)C(Br)C#N,2560,1,15032
11572,15033,CCCCNC(=N)N=C(N)N,1252,2,2285
11573,15034,CCCCCCCCCCCCCCOS(=O)(=O)O,489,4,1217
11574,15035,BrCC1CCCO1,2559,1,15035
11575,15036,O=c1ssc(Cl)c1Cl,2558,1,15036
11576,15037,Cn1cccc1C=O,2557,1,15037
11577,15038,Nc1nc(=O)cc(Cl)[nH]1,2556,1,15038
11578,15039,CC1([N+](=O)[O-])COCOC1,2555,1,15039
11579,15040,CC(=O)NC1CCSC1=O,2554,1,15040
11580,15041,CN1CC2CCC(CC2)C1,2553,1,15041
11581,15042,FCCNc1ccccc1,2552,1,15042
11582,15043,O=c1cnc2ccccc2[nH]1,2551,1,15043
11583,15044,CC(=O)c1ccc(O)c(O)c1,2550,1,15044
11584,15045,Cc1ccc(C[N+](C)(C)C)o1,2549,1,15045
11585,15046,CN(C)CC(Br)c1ccccc1,488,4,5600
11586,15047,N#CCN1CC2CCC(CC2)C1,2548,1,15047
11587,15050,FCCN(CCF)c1ccccc1,2547,1,15050
11588,15051,CC(=O)NCCc1ccc(O)cc1,2546,1,15051
11589,15053,c1cc[n+]2cc[n+]3ccccc3c2c1,2545,1,15053
11590,15055,CCN(CC)CC(Br)c1ccccc1,488,4,5600
11591,15056,NS(=O)(=O)c1cc(C(=O)O)ccc1Cl,2544,1,15056
11592,15058,C=CCNC(=S)Nc1ccccc1OC,2543,1,15058
11593,15059,ClC(Cl)(Cl)c1nc(-c2ccccc2)no1,2542,1,15059
11594,15060,COC(=O)C(O)(c1ccccc1)C1CCC1,2541,1,15060
11595,15061,ClC1c2ccccc2CCc2ccccc21,2540,1,15061
11596,15062,OC1c2ccccc2CCc2ccccc21,2539,1,15062
11597,15065,CCCN(CCC)CC(Br)c1ccccc1,488,4,5600
11598,15067,S=C(Nc1ccccn1)Nc1ccccn1,323,5,1965
11599,15068,COC(=O)CCc1cccc(NCCF)c1,2538,1,15068
11600,15069,O=C(O)CCCOc1c(I)cc(I)c(O)c1I,2537,1,15069
11601,15070,CC(CN(C)C)C(C)(O)Cc1ccc(Cl)cc1,2536,1,15070
11602,15071,CCN(CC)CCc1nc(-c2ccccc2)no1,2535,1,15071
11603,15072,O=C(CCCN1CCCCC1)c1ccc(F)cc1,42,14,2269
11604,15073,CCN(CCI)C1c2ccccc2-c2ccccc21,2534,1,15073
11605,15074,CC(C)C=c1[nH]c(=O)c(=Cc2ccccc2)[nH]c1=O,2533,1,15074
11606,15075,CCN(CC)CCNC(=O)COc1ccc(Cl)cc1,100,9,2161
11607,15076,N=C(N)N(c1ccccc1)c1ccccc1,2532,1,15076
11608,15077,CCCC[P+](CCCC)(CCCC)Cc1ccccc1,2531,1,15077
11609,15078,CCCCP(=O)(CCCC)Oc1ccc([N+](=O)[O-])cc1,322,3,4062
11610,15079,CNC(=O)c1c(I)c(NC(C)=O)c(I)c(C(=O)O)c1I,53,9,202
11611,15081,CCN(CC)CCNC(=O)COc1ccc(OC)cc1,100,9,2161
11612,15082,CN1CCC(N(Cc2ccccc2)c2ccccc2)CC1,1251,2,924
11613,15083,CCOC(CN(C)C(=O)Nc1cccc(Cl)c1Cl)OCC,1250,1,15083
11614,15084,C(=NN=Cc1c[nH]c2ccccc12)c1c[nH]c2ccccc12,143,8,6085
11615,15085,CC(=O)C[P+](c1ccccc1)(c1ccccc1)c1ccccc1,647,4,3711
11616,15086,S=C(Nc1cccc2ccccc12)Nc1cccc2ccccc12,1249,2,6496
11617,15087,BrC(CN(Cc1ccccc1)Cc1ccccc1)c1ccccc1,2530,1,15087
11618,15088,CCN(CC)CCCC(C)NC(=O)c1cc(OC)c(OC)c(OC)c1,2529,1,15088
11619,15089,COc1ccc(CCN2CCN(c3ccccc3Cl)CC2)cc1OC,2528,1,15089
11620,15090,COc1ccc(CCN2CCN(c3cccc(C)c3)CC2)cc1OC,2527,1,15090
11621,15091,c1ccc(C[P+](c2ccccc2)(c2ccccc2)c2ccccc2)cc1,757,3,2224
11622,15092,C[N+]1(CCN(C(=O)c2ccc([N+](=O)[O-])cc2)c2ccccc2)CCOCC1,675,4,2257
11623,15093,CCCCC(=O)OC12C=CC(=O)C3Oc4c(OC)ccc5c4C31CCN(C)C2C5,47,13,763
11624,15094,ON=Cc1cc[n+](COCC(CBr)(CBr)COC[n+]2ccc(C=NO)cc2)cc1,95,10,789
11625,15095,CCCCCC(=O)OC12C=CC(=O)C3Oc4c(OC)ccc5c4C31CCN(C)C2C5,47,13,763
11626,15096,CC(C)CCCC(C)C1CCC2C3CC=C4CC(OC(C)C)CCC4(C)C3CCC12C,1248,2,4945
11627,15097,OCCN1CCCN(CCCN2c3ccccc3Sc3ccc(C(F)(F)F)cc32)CC1,97,9,463
11628,15101,O=P(O)(O)OCC(O)CO,2526,1,15101
11629,15102,OCC(Br)(Br)Br,2525,1,15102
11630,15105,C=CC1CN2CCc3c([nH]c4ccc(OC)cc34)C2CC1CC1NCCc2c1[nH]c1ccc(OC)cc21,2524,1,15105
11631,15109,COC1C(O)C(C)OC(OC2C(Oc3cccc4c(O)c5c(=O)oc6ccc(C)c7c(=O)oc(c34)c5c67)OC(C)C(O)C2O)C1O,2523,1,15109
11632,15111,CC1C=CC=CC=CC=CC=CC=CC=CC(OC2OC(C)C(O)C(N)C2O)CC2OC(O)(CC(O)CC(O)C(O)CCC(O)CC(O)CC(=O)OC(C)C(C)C1O)CC(O)C2C(=O)O,2522,1,15111
11633,15112,CCCCCCC1C(=O)OC(C)C(NC(=O)c2cccc(NC=O)c2O)C(=O)OC(C)C1OC(=O)CC(C)C,756,3,1534
11634,15113,O=C1C=CC(=C(c2ccc(O)cc2)c2ccc(S)cc2)C=C1,2521,1,15113
11635,15116,O=Cc1c(CO)cc(O)c(O)c1O,2520,1,15116
11636,15120,CN1CCCC(OC(=O)C(O)(c2ccccc2)c2ccccc2)C1,321,5,2990
11637,15124,CCCOC(=O)Cc1ccc(OCC(=O)N(CC)CC)c(OC)c1,433,5,1286
11638,15125,CN1CCC23c4c5ccc(O)c4OC2C(O)CCC3C1C5,395,5,1372
11639,15128,Cn1cc(NC(=O)c2cc(NC(=O)CNC(=N)N)cn2C)cc1C(=O)NCCC(=N)N,755,3,1770
11640,15129,CC(=O)C=P(c1ccccc1)(c1ccccc1)c1ccccc1,2519,1,15129
11641,15130,CC1=CC2OC3CC4OC(=O)C=CC=CC(=O)OCCC5(C)OC5C(=O)OCC2(CC1)C4(C)C31CO1,486,4,4819
11642,15131,CCC(=O)c1c(O)cc(O)cc1O,2518,1,15131
11643,15132,CN(C)c1nnc(-c2ccc(Cl)cc2)nn1,2517,1,15132
11644,15133,ON=Cc1cc(I)c(O)c(I)c1,1247,2,10677
11645,15134,CCC1CN(C)C2Cc3c([nH]c4ccccc34)C(=O)CC1C2C(=O)OC,2516,1,15134
11646,15135,CN(C)CCOC(=O)N(c1ccccc1)c1ccccc1,1152,2,15135
11647,15136,Cc1cc[n+](C)cc1,2515,1,15136
11648,15137,CC(=NNC(N)=S)c1ccccc1,1230,2,15137
11649,15138,CCCC[P+](CCCC)(CCCC)CCCC,2514,1,15138
11650,15139,O=C1NC(Cc2ccccc2)C(=O)NC1Cc1ccccc1,2513,1,15139
11651,15140,Cc1cc(C(C)(C)C)c(O)c(C)c1CC1=NCCN1,2512,1,15140
11652,15141,CCN(CC)CP(=O)(CN(CC)CC)CN(CC)CC,2511,1,15141
11653,15142,O=[N+]([O-])c1ccc2n[nH]nc2c1,2510,1,15142
11654,15143,O=C(O)c1cc(I)c(I)c(I)c1,754,3,1730
11655,15144,FC(F)(F)c1nc2c(Cl)c(Cl)c(Cl)c(Cl)c2[nH]1,1205,2,15144
11656,15145,CN(C)C1=CC(=O)c2ccccc2C1=O,2509,1,15145
11657,15147,O=C(CN1CCCCC1)NCc1ccccc1,753,3,8051
11658,15148,O=C(CCCN1CCN(c2ccccc2)CC1)c1ccc(F)cc1,42,14,2269
11659,15149,CCc1nc(C)ccc1O,2508,1,15149
11660,15150,CC(C)CC1=CC(=Cc2cc(CC(C)C)c(O)c(CC(C)C)c2)C=C(CC(C)C)C1=O,2507,1,15150
11661,15152,C=CCN1CCC(C(=O)OCC)(c2ccccc2)CC1,11,21,298
11662,15153,CC1CC2C(C(O)CC3(C)C2CCC3(O)C(=O)COC(=O)CCC(=O)O)C2(C)C=CC(=O)C=C12,1098,3,475
11663,15154,Cc1nc2ccccc2nc1C,2506,1,15154
11664,15155,S=c1[nH]c2ccccc2o1,2505,1,15155
11665,15156,CCCCN1CCNC(=O)C1=O,487,4,8977
11666,15158,CN1CC(C(=O)N2CCCC2)C=C2c3cccc4[nH]cc(c34)CC21,269,6,597
11667,15159,CC(=O)c1c(C)c[nH]c1C,2504,1,15159
11668,15160,Cc1ccc(N2C(=O)c3cccc4c(N)c(S(=O)(=O)O)cc(c34)C2=O)cc1,2503,1,15160
11669,15161,CC(C)(C)c1ccc(S)cc1,2502,1,15161
11670,15163,CN(C)c1nc(Cl)nc(Cl)n1,2501,1,15163
11671,15164,COc1cc(N=CN(C)C)c2ncccc2c1,2500,1,15164
11672,15165,OCCCc1nc2ccccc2[nH]1,428,5,2361
11673,15166,O=C(OCCN1CCCCC1)C(c1ccccc1)N1CCCCC1,1246,2,2647
11674,15167,CCOP(=O)(SCC)SCC,2499,1,15167
11675,15168,COC(=O)C=CN1CC1,2498,1,15168
11676,15169,Cc1ccc(O)c(C(C)(C)C)c1,2497,1,15169
11677,15170,C=CCN(CC=C)c1nc(N)nc(N=CN(C)C)n1,2496,1,15170
11678,15171,CC(=O)Nc1ccc(N=CN(C)C)cc1,2495,1,15171
11679,15173,CCOC(C(=O)OCCN(C)C)(c1ccccc1)c1ccccc1,34,10,854
11680,15174,CC(C)(C)NC=O,2494,1,15174
11681,15175,COc1cc2cc[nH]c2cc1OCc1ccccc1,1231,2,15175
11682,15176,COc1cc(C=C2C=Cc3ccccc32)cc(OC)c1OC,2493,1,15176
11683,15177,COc1cccc2c(CCN)c[nH]c12,2492,1,15177
11684,15179,Oc1c(Br)cc(Br)c(O)c1Br,747,3,9656
11685,15180,OC(CNc1ncccn1)c1ccccc1,2491,1,15180
11686,15181,c1ccc(-c2nc3ccccc3o2)c(-c2nc3ccccc3o2)c1,2490,1,15181
11687,15182,NNC(=O)C(O)c1ccccc1,2489,1,15182
11688,15183,CCOC(=O)C1(C(=O)OCC)NC(=O)CC1C(C)C,2488,1,15183
11689,15186,CCN(CC)CCOC(=O)c1ccc(N=CN(C)C)cc1,752,3,9269
11690,15187,CC(N)CSSCC(C)N,2487,1,15187
11691,15188,O=c1c(=O)c2ccccc2c1=O,2486,1,15188
11692,15191,O=C(O)c1c(O)c(Br)cc(Br)c1O,2485,1,15191
11693,15192,CC1=CC2OC3CC4OC(=O)C=CC=CC(=O)OCCC(C)C(O)C(=O)OCC2(CC1)C4(C)C31CO1,486,4,4819
11694,15193,CCCCCCCCc1ccc(OCCOCCOCCOCCOCCOCCOCCOCCOCCOCCO)cc1,2484,1,15193
11695,15194,C#CCOC(=O)C#CC(=O)OCC#C,1245,2,3253
11696,15195,Clc1ccc(OCc2nc3ccccc3[nH]2)c(Cl)c1,2483,1,15195
11697,15196,O=C(Oc1cccc2ccccc12)Oc1cccc2ccccc12,1244,2,3032
11698,15197,CC(C)C(=O)C=Cc1ccccc1,2482,1,15197
11699,15198,N=C(N=C(N)N)N1CCOCC1,2481,1,15198
11700,15199,CC1C(=O)OC2C1CCC1(C)C(=O)C=CC(C)(O)C21,2480,1,15199
11701,15200,O=C(CCCN1CCN2CCCC2C1)c1ccc(F)cc1,2479,1,15200
11702,15201,Cc1c(Br)c(O)c(Br)c(O)c1Br,751,3,8765
11703,15202,CC[N+](C)(CC)CCSCC[N+](C)(CC)CC,2478,1,15202
11704,15203,COc1ccc2c(c1OC)C13CCN(C)C(C2)C1(O)CCC(O)C3,750,2,14412
11705,15204,S=c1[nH]cn[nH]1,2477,1,15204
11706,15205,c1ccc2c(c1)CN(CCCN1CCOCC1)C2,2476,1,15205
11707,15206,C[N+]1(CCC[N+]2(C)Cc3ccccc3C2)CCOCC1,2475,1,15206
11708,15207,N#CCCCN1CCCCCC1,139,8,1995
11709,15209,C[N+](C)(C)CCOCC(Cc1cccc2ccccc12)CC1CCCO1,749,3,2883
11710,15210,COc1cccc(N=CNc2cccc(OC)c2)c1,2474,1,15210
11711,15211,CC(NCc1ccc2c(c1)OCO2)C(=O)O,2473,1,15211
11712,15212,CNC(Cc1ccccc1)c1ccco1,700,3,15212
11713,15213,CCCNC(Cc1ccccc1)c1ccco1,700,3,15212
11714,15214,Cc1ccc(Nc2ccc(O)c3c2C(=O)c2c(O)ccc(Nc4ccc(C)cc4S(=O)(=O)O)c2C3=O)c(S(=O)(=O)O)c1,2472,1,15214
11715,15215,c1ccc2c(CC(COCCN3CCCCC3)CC3CCCO3)cccc2c1,749,3,2883
11716,15216,CCCCN(CC)CCOC(=O)C(OCC)(c1ccccc1)c1ccccc1,18,18,790
11717,15218,Cc1cccc(C(C)C)c1O,442,5,1462
11718,15221,CCCOP(=S)(OCCC)OP(=S)(OCCC)OCCC,2471,1,15221
11719,15222,O=[N+]([O-])c1ccc(NP(=O)(Oc2ccccc2)Oc2ccccc2)nc1,2470,1,15222
11720,15223,N#CC(Br)Br,2469,1,15223
11721,15224,CC1OC(OC2CCC3(CO)C4CCC5(C)C(C6=CC(=O)OC6)CCC5(O)C4CCC3(O)C2)C(O)C(O)C1O,441,5,828
11722,15225,O=C1NCNC1(c1ccccc1)c1ccccc1,1243,2,6100
11723,15227,Cc1cccc(CC(=O)OC2CC3CCC(C2)N3C)c1,67,12,1189
11724,15228,COc1ccc(CC(=O)OC2CC3CCC(C2)N3C)cc1,67,12,1189
11725,15231,N#CSCCl,2468,1,15231
11726,15232,NC1=NC2OC(C(=O)O)C3(N1)C(O)C(O)C(O)(CO)C(O)C23,2467,1,15232
11727,15233,CCN(CC)CCNC(=N)N,2466,1,15233
11728,15234,CCCCC(CCC)C(=O)O,748,3,533
11729,15236,CCOC(=O)c1ccc(C)[nH]1,2465,1,15236
11730,15237,COc1ccc(C(=O)NN)cc1,2464,1,15237
11731,15238,Cc1ccc(NC(=O)C(=O)Nc2ccc(C)cc2)cc1,2463,1,15238
11732,15239,O=C(Oc1ccc([N+](=O)[O-])cc1)C1CCCN1C(=O)OCc1ccccc1,2462,1,15239
11733,15240,CN1CCCC(C(=O)OCc2ccccc2)C1,2461,1,15240
11734,15241,C1CCC(N2CCCCC2)CC1,1149,2,15241
11735,15242,CC(O)c1nc2ccccc2n1C,2460,1,15242
11736,15243,CCC(CC)COC(C(=O)OCCN(C)C)(c1ccccc1)c1ccccc1,34,10,854
11737,15244,COc1ccc2c(c1O)C13CCCCC1C(C2)N(C)CC3,680,4,1925
11738,15246,c1ccc(C(CCN2CCCCC2)C2CCCCC2)cc1,452,4,2880
11739,15247,C[N+]1(C)CCCCC1,2459,1,15247
11740,15248,CC(C)(C#N)C(C)(C)C#N,2458,1,15248
11741,15249,CC[N+](C)(C)CCCCCC[N+](C)(C)CC,467,4,4519
11742,15250,Cc1c(NC(C)C)c(=O)n(-c2ccccc2)n1C,2457,1,15250
11743,15251,CCOC(CN1CCCCC1)OCC,1242,2,6196
11744,15252,CCCCOc1c(N)cccc1C(=O)OCCN(CC)CC,60,11,6118
11745,15253,CCN(CCCCOC(=O)c1ccc(OC)c(OC)c1)C(C)Cc1ccc(OC)cc1,2456,1,15253
11746,15254,C[N+](C)(C)CCOS(C)(=O)=O,2455,1,15254
11747,15255,O=C(O)C1(c2ccccc2)CCNCC1,1241,1,15255
11748,15256,CC[N+](C)(CC)CC1(COc2ccccc2Cl)COC1,485,4,2266
11749,15257,CC[N+](C)(CC)CC1(COc2ccccc2C)COC1,485,4,2266
11750,15259,CCC12CCN(CC=C(C)C)C(Cc3ccc(O)cc31)C2C,484,3,3909
11751,15261,CCC12CCN(CC=C(Cl)Cl)C(Cc3ccc(O)cc31)C2C,484,3,3909
11752,15263,COc1ccc(CC(N)C(=O)O)cc1C(=O)O,2454,1,15263
11753,15266,COc1ccccc1NC(=O)N1CC1,2453,1,15266
11754,15267,COc1ccc(NC(=O)N2CC2)cc1,2452,1,15267
11755,15268,O=C(Nc1cccc(Cl)c1)N1CC1,2451,1,15268
11756,15269,O=C(Nc1ccc(Cl)cc1)N1CC1,2450,1,15269
11757,15270,O=C(Nc1ccc([N+](=O)[O-])cc1)N1CC1,2449,1,15270
11758,15271,O=C(Nc1cccc2ccccc12)N1CC1,1240,2,13485
11759,15272,Nc1nnc(-c2ccncc2)[nH]1,2448,1,15272
11760,15273,Cc1cc(Cl)ccc1OCC(=O)O,2447,1,15273
11761,15274,OCC1COc2ccccc2O1,729,3,15274
11762,15277,O=S1OCC2(CO1)COS(=O)OC2,2446,1,15277
11763,15278,COc1cc(C(=O)NCc2ccncc2)cc(OC)c1OC,2445,1,15278
11764,15279,O=c1c(-c2ccc(O)cc2)coc2c(C3OC(CO)C(O)C(O)C3O)c(O)ccc12,2444,1,15279
11765,15280,O=C(O)c1ccc(N=CC(=O)c2ccc(-c3ccccc3)cc2)cc1,2443,1,15280
11766,15281,COc1ccc(C(=Cc2ccc(C(=N)N)cc2)c2ccc(OC)cc2)cc1,2442,1,15281
11767,15282,OCCN1CCN(CCCN2c3ccccc3CCc3ccccc32)CC1,1239,2,219
11768,15283,CCOP(=S)(OCC)OP(=S)(OCC)OCC,2441,1,15283
11769,15284,CN(C)CCCN1c2ccccc2Sc2c(Cl)cc(Cl)cc21,26,17,272
11770,15287,CCN(CC)CCOC(=O)C1N2C(=O)C(NC(=O)Cc3ccccc3)C2SC1(C)C,2440,1,15287
11771,15289,COc1ncc(CO)c(N)n1,2439,1,15289
11772,15291,CCOC(=O)C1(c2ccccc2)CCN(CCOCc2ccccc2)CC1,11,21,298
11773,15292,C#CCOc1cccc(OC(=O)NC)c1,617,3,5670
11774,15293,S=C=NCc1ccc(Cl)cc1,2438,1,15293
11775,15294,Cc1ccc(CN=C=S)cc1,2437,1,15294
11776,15295,S=C=NCc1ccc(I)cc1,2436,1,15295
11777,15296,S=C=NCc1cccc(Cl)c1,1238,2,6853
11778,15297,SC(c1ccccc1)(c1ccccc1)c1ccccc1,2435,1,15297
11779,15298,CCCCNCC(O)c1ccc(O)cc1,1053,3,4229
11780,15299,COc1ccc(CC(C)N)cc1,987,3,6552
11781,15300,CC(N)Cc1ccc(Cl)cc1,987,3,6552
11782,15301,c1cc2c(c(NC3=NCCN3)c1)CCCC2,1237,2,7968
11783,15302,N#CC(C#N)=NNc1ccc([N+](=O)[O-])cc1,2434,1,15302
11784,15303,CN1CN(c2ccccc2)C2(CCN(CCCC(=O)c3ccc(F)cc3)CC2)C1=O,41,14,1859
11785,15304,NCc1ccccn1,2433,1,15304
11786,15305,CC(CN(C)C)C(C)(C)C,2432,1,15305
11787,15306,OCCOCCN1CCN(C(c2ccccc2)c2ccccc2)CC1,2431,1,15306
11788,15308,O=C1COC(=O)C1Cc1ccccc1,1236,2,11994
11789,15309,C=CC1=CC(O)OC1=O,2430,1,15309
11790,15310,CCOP(=O)(OCC)SCN1C(=O)c2ccccc2C1=O,2429,1,15310
11791,15311,CSC(=S)N(C)C,2428,1,15311
11792,15312,CC(C#N)CCC#N,2427,1,15312
11793,15313,COC(=O)C1=CCC[N+](C)(C)C1,429,5,3649
11794,15314,S=c1cc[nH]cc1,2426,1,15314
11795,15315,N#CCN1CN(CC#N)CN(CC#N)C1,2425,1,15315
11796,15316,COC1C(OC(C)=O)CC(=O)OC(C)CC2OC2C=CC(=O)C(C)CC(CC=O)C1OC1OC(C)C(OC2CC(C)(O)C(OC(=O)CC(C)C)C(C)O2)C(N(C)C)C1O,483,1,15316
11797,15317,CC1(C)CCC(C)(C)N1,1235,2,1878
11798,15318,Cc1cc2nc3cc(C)c(/N=N/c4c(O)ccc5ccccc45)cc3[n+](-c3ccccc3)c2cc1N,2424,1,15318
11799,15319,Nc1nc2ccccc2o1,2423,1,15319
11800,15320,O=P(c1ccc(Cl)cc1)(c1ccc(Cl)cc1)c1ccc(Cl)cc1,2422,1,15320
11801,15324,O=C(c1ccccc1)N1C(=O)c2ccccc2C1=O,2421,1,15324
11802,15325,CC(C)(C)N(O)C(C)(C)C,2420,1,15325
11803,15326,N#CC1=C(C#N)C(=O)C(Br)=C(Br)C1=O,2419,1,15326
11804,15327,CC(=O)OC(C)(C#N)C(F)(F)F,2418,1,15327
11805,15328,c1ccc(CN2CCN(Cc3ccccc3)C2c2ccccc2)cc1,2417,1,15328
11806,15329,CNc1ccccn1,2416,1,15329
11807,15330,CCCCCCOc1cc(N)ccc1C(=O)SCCN(CC)CC,129,4,12634
11808,15331,CC(C)=CC1CC(C)C2(CCC3(C)CC4C(C(=O)CC4(C)O)C(C=O)=CCC32)O1,2415,1,15331
11809,15332,CN(C)c1ccc(N=Nc2ccc3nc4ccc(N)cc4[n+](-c4ccccc4)c3c2)cc1,2414,1,15332
11810,15333,Cc1c(Br)cc(Br)c(O)c1Br,747,3,9656
11811,15334,COc1ccc(-n2c(=O)n(-c3ccc(OC)cc3)c(=O)n(-c3ccc(OC)cc3)c2=O)cc1,2413,1,15334
11812,15335,COc1c(O)ccc2c1C13CCCCC1(O)C(C2)N(C)CC3,298,3,2265
11813,15336,COC1C(OC(N)=O)C(O)C(Oc2ccc3c(O)c(NC(=O)c4ccc(O)c(CCC(C)C)c4)c(=O)oc3c2C)OC1(C)C,2412,1,15336
11814,15337,CCCCOP(=O)(CCC)OCCCC,270,6,880
11815,15339,CC=CCC(COCCN(CC)CC)c1cccc2ccccc12,746,3,3415
11816,15340,O=c1cccc(O)cc1,2411,1,15340
11817,15343,Nc1ccc(-c2c[nH]c(=O)nc2N)cc1,2410,1,15343
11818,15344,Nc1ccc2c3c(cccc13)CC2,2409,1,15344
11819,15345,O=Cc1c(Cl)ccc(Cl)c1Cl,2408,1,15345
11820,15346,OC(C=Cc1ccccc1)(c1ccccc1)c1ccccc1,2407,1,15346
11821,15347,O=C(NCc1ccccc1)OCCO,745,2,15347
11822,15348,O=C(NCCc1ccccc1)OCCO,745,2,15347
11823,15349,CC(CNC(=O)OCCO)c1ccccc1,2406,1,15349
11824,15350,NC(=O)CCCN1CCCCC1,744,3,9049
11825,15351,O=C(O)CCCN1CCCCC1,744,3,9049
11826,15352,N#CCCCN1CCCCC1,139,8,1995
11827,15354,CC(=O)CC(=O)Nc1nc2ccccc2s1,2405,1,15354
11828,15355,CC1(C)SC2C(NC(=O)C(C(=O)O)c3ccsc3)C(=O)N2C1C(=O)O,1234,1,15355
11829,15357,OC(CN1CCCCC1)(c1ccccc1)c1ccccc1,222,6,142
11830,15358,Cc1c(O)ccc(C(=O)O)c1O,2404,1,15358
11831,15361,c1ccc(CSC(SCc2ccccc2)c2ccc3c(c2)OCO3)cc1,2403,1,15361
11832,15362,CC[N+]1(CCN2CCN(CC[N+]3(CC)CCCCC3)CC2)CCCCC1,1233,2,14529
11833,15363,O=P(O)(O)Cc1cccc2ccccc12,2402,1,15363
11834,15364,CC1CCCC(C)N1C,2401,1,15364
11835,15365,CN(C)CCCN1C(=O)C(c2ccccc2)Sc2ccccc21,1232,2,15365
11836,15366,CCN(CC)CCN1C(=O)C(c2ccccc2)Sc2ccccc21,1232,2,15365
11837,15367,NCCc1cccc2ccccc12,2400,1,15367
11838,15368,CC1C=CCCC1C(=O)O,2399,1,15368
11839,15369,CC[P+](c1ccccc1)(c1ccccc1)c1ccccc1,2398,1,15369
11840,15370,CCc1cccc(CC)c1NC1=NCCN1,2397,1,15370
11841,15371,c1ccc2c(NC3=NCCN3)cccc2c1,2396,1,15371
11842,15372,N=C(N=C(N)N)NCc1ccc(Cl)cc1,474,4,4494
11843,15373,Cc1ccccc1NC(=N)N=C(N)N,2395,1,15373
11844,15374,N=C(N=C(N)N)Nc1ccc([N+](=O)[O-])cc1,2394,1,15374
11845,15375,CN(C)CCCn1c(=O)n(-c2ccccc2)c2cc(Cl)ccc21,2393,1,15375
11846,15376,COc1ccc(C(=O)c2ccccc2C(=O)O)c(O)c1,2392,1,15376
11847,15378,CC(=O)c1c[nH]c2ccc([N+](=O)[O-])cc12,743,3,7600
11848,15379,CCCCCCCSc1nc2c([nH]1)c(=O)n(C)c(=S)n2C,3,28,3325
11849,15380,CCCCCCCCCSc1nc2c([nH]1)c(=O)n(C)c(=S)n2C,3,28,3325
11850,15381,O=C1CCC2(O)C3Cc4ccc(O)c5c4C2(CCN3CCc2ccccc2)C1O5,122,8,608
11851,15382,Oc1ccc2c3c1OC1C(O)CCC4(O)C(C2)N(CCc2ccccc2)CCC314,122,8,608
11852,15383,Cc1cc(C(=O)O)c(O)cc1O,2391,1,15383
11853,15384,CCOC(=O)c1c[nH]cnc1=O,2390,1,15384
11854,15385,NCCSC1=NCCN1,2389,1,15385
11855,15387,c1ccc(COc2cc3cc[nH]c3cc2OCc2ccccc2)cc1,1231,2,15175
11856,15388,CC1(C)Cc2cccc(OC(N)=O)c2O1,482,4,2239
11857,15389,CN(C)C(=O)Oc1cccc2c1OC(C)(C)C2,482,4,2239
11858,15390,CSc1nc2c([nH]1)c(=S)n(C)c(=O)n2C,229,2,3849
11859,15391,CCSc1nc2c([nH]1)c(=S)n(C)c(=O)n2C,3,28,3325
11860,15392,CCCSc1nc2c([nH]1)c(=O)n(C)c(=S)n2C,24,3,3357
11861,15393,CCCCCSc1nc2c([nH]1)c(=S)n(C)c(=O)n2C,3,28,3325
11862,15394,CCCCCCSc1nc2c([nH]1)c(=S)n(C)c(=O)n2C,3,28,3325
11863,15395,CCCCCCCSc1nc2c([nH]1)c(=S)n(C)c(=O)n2C,3,28,3325
11864,15396,CCCCCCCCSc1nc2c([nH]1)c(=S)n(C)c(=O)n2C,3,28,3325
11865,15397,CCCCCCCCCSc1nc2c([nH]1)c(=S)n(C)c(=O)n2C,3,28,3325
11866,15398,CCCCCCCCCCSc1nc2c([nH]1)c(=S)n(C)c(=O)n2C,3,28,3325
11867,15400,O=C(O)c1ccccc1Nc1ccc2ccccc2c1,68,12,218
11868,15401,c1ccc2c[n+]3ccccc3cc2c1,2388,1,15401
11869,15403,CCCCCCCCCCCCCCCCSS(=O)(=O)CCCCCCCCCCCCCCCC,742,3,15403
11870,15404,CCCCCCCCS(=O)(=O)SC,2387,1,15404
11871,15405,CCCCCCCCCCCCCCCCSS(C)(=O)=O,2386,1,15405
11872,15406,CCCCCCCCCCCCCCCCSS(=O)(=O)CCCCCCCC,742,3,15403
11873,15407,CCCCCCCCSS(=O)(=O)c1ccc(C)cc1,481,4,6887
11874,15408,CCCCCCCCCCCCCCCCSS(=O)(=O)c1ccc(C)cc1,481,4,6887
11875,15409,N#CCC(c1ccc(N)cc1)c1ccc(N)cc1,2385,1,15409
11876,15410,CCS(=O)(=O)c1ccc(C)cc1,2384,1,15410
11877,15412,O=C1c2ccccc2C(=O)c2c1ccc1c2[nH]c2ccccc21,2383,1,15412
11878,15413,S=C=Nc1ccc(N=Nc2ccccc2)cc1,2382,1,15413
11879,15414,CCCCCCCCCCCCN(C)CC(=O)O,2381,1,15414
11880,15415,O=C(c1ccccc1)N1CC1,2380,1,15415
11881,15416,CCCCCCP(=O)(O)CCCCCC,90,10,1903
11882,15417,CC(O)=C1C(=O)C(N(C)C)C2C(O)C3C(=C(O)C2(O)C1=O)C(=O)c1c(O)cccc1C3(C)O,2379,1,15417
11883,15418,CCN1C(=O)CSC1=S,2378,1,15418
11884,15420,CC(=NNC(N)=S)c1ccc(Cl)cc1,1230,2,15137
11885,15421,CCCCCCCCSS(=O)(=O)CCCCCCCC,742,3,15403
11886,15422,Cn1c(=O)c2[nH]c(NCCO)nc2n(C)c1=O,1229,2,4744
11887,15423,C=C(C#N)CCl,2377,1,15423
11888,15424,OCC1(O)OCC(O)C(O)C1O,2376,1,15424
11889,15425,NCCCN1CCCC1=O,2375,1,15425
11890,15426,NCCSc1nc2ccccc2[nH]1,741,3,5424
11891,15427,Cc1cc(C)n2ncnc2n1,1228,2,7273
11892,15428,Clc1nc(Cl)c(Cl)[nH]1,2374,1,15428
11893,15429,CCOC(=O)CNC(=O)Nc1cccc2ccccc12,1227,2,12975
11894,15430,C=CN1C(=O)C=CC1=O,2373,1,15430
11895,15431,O=C1C=CC(=O)N1CCl,2372,1,15431
11896,15433,C=C(Cl)CN(CC(=C)Cl)NC(=O)Cc1ccccc1,2371,1,15433
11897,15434,C=C(Cl)CC(CC(=C)Cl)C(=O)NN,2370,1,15434
11898,15435,O=C(Cc1ccccc1)NN=C(CCl)CCl,2369,1,15435
11899,15436,COP(=O)(OC)OC(C)=CC(=O)OC(C)c1ccccc1,2368,1,15436
11900,15437,O=C(O)CSc1ccc(Cl)cc1Cl,2367,1,15437
11901,15438,CCCC[N+](C)(C)C,17,18,738
11902,15439,NC1=NC(N)C2C3OC4(O)OC(C3O)C(O)C2(N1)C4(O)CO,740,3,15439
11903,15440,COC1N=C(N)NC23C(O)C4OC(O)(OC(C4O)C12)C3(O)CO,740,3,15439
11904,15441,CCOC1N=C(N)NC23C(O)C4OC(O)(OC(C4O)C12)C3(O)CO,740,3,15439
11905,15442,NC1=NCC2C3OC4(O)OC(C3O)C(O)C2(N1)C4(O)CO,2366,1,15442
11906,15443,CC(C)CCS(=O)CCC(C)C,2365,1,15443
11907,15444,CCC1CN2CCc3c([nH]c4ccccc34)C2CC1C(=COC)C(=O)OC,1226,2,3696
11908,15445,Nc1ccccc1C(=O)NNS(=O)(=O)c1ccccc1,2364,1,15445
11909,15446,Clc1ccc(C2NCCS2)cc1,2363,1,15446
11910,15448,CCOP(=O)(NCCc1ccc(OC)c(OC)c1)OCC,1225,2,15448
11911,15449,CC(Cc1ccccc1)NP(=O)(Oc1ccccc1)Oc1ccccc1,2362,1,15449
11912,15450,CC(Cc1ccccc1)N(C)P(=O)(Oc1ccccc1)Oc1ccccc1,2361,1,15450
11913,15451,COc1ccc(CCNP(=O)(Oc2ccccc2)Oc2ccccc2)cc1OC,1225,2,15448
11914,15452,CCCCCC=CCC=CCC=CCC=CCCCC(=O)O,1224,1,15452
11915,15453,Cc1cccc(C)c1NC(=O)C1CN2CCC1CC2,2360,1,15453
11916,15454,COc1cccc(C(CN)OC)c1,2359,1,15454
11917,15455,O=CC(CO)OC(C=O)n1cnc2c(=O)nc[nH]c21,2358,1,15455
11918,15456,O=C(CCl)Nc1cc(Cl)c(Cl)cc1Cl,1223,2,5656
11919,15457,Cc1cc(=Nc2ccc3c(c2)c(N)cc(C)[n+]3C)nc(N)n1C,2357,1,15457
11920,15458,Cc1cc(OCCCC(=O)O)ccc1Cl,2356,1,15458
11921,15459,CCCCOP(=O)(C=Cc1ccccn1)OCCCC,2355,1,15459
11922,15460,CCCCOP(=O)(C=Cc1cccnc1)OCCCC,2354,1,15460
11923,15461,CC(=O)c1cccc(NC2C(N)C(NC(=O)N(C)C)(C(C)O)C(C)(O)C2(O)COC(=O)c2c(C)cccc2O)c1,2353,1,15461
11924,15462,Cc1ncc(CSC(=N)N)c(CO)c1O,96,10,482
11925,15463,CCCOC(=O)CCN1CC1,99,9,3172
11926,15464,CC(C)OC(=O)CCN1CC1,1222,2,15464
11927,15465,CCC(C)OC(=O)CCN1CC1,1222,2,15464
11928,15466,Clc1ccc(OCC2=NCCN2)cc1Cl,2352,1,15466
11929,15467,Cc1ccc2c(c1)C(=CCCN(C)C)c1ccccc1CS2,25,15,79
11930,15469,S=C(NCc1ccc(Cl)c(Cl)c1)NCc1ccc(Cl)c(Cl)c1,2351,1,15469
11931,15470,NC1=NC(C(F)(F)F)(C(F)(F)F)NC1(C(F)(F)F)C(F)(F)F,2350,1,15470
11932,15476,O=C1C(O)=C(O)C(=O)c2nc3ccccc3nc21,2349,1,15476
11933,15477,COC(=O)C1c2ccc(O)cc2C(O)CN1C,228,6,6319
11934,15478,CC(C)CCOC(=O)C1c2ccc(O)cc2C(O)CN1C,228,6,6319
11935,15479,CCOC(=O)C1NCC(O)c2cc(O)ccc21,1221,2,6314
11936,15480,BrCC(Br)c1ccc(C(Br)CBr)cc1,2348,1,15480
11937,15481,CC(=O)OCC(CO)OC(C)=O,1220,2,1035
11938,15483,CN(C)C(=O)CNC(=O)Cc1ccccc1,2347,1,15483
11939,15484,C[N+](C)(C)CCON=c1c2ccccc2ccc2ccc(Cl)cc12,480,4,5999
11940,15485,C[N+](C)(C)CCCON=c1c2ccccc2ccc2ccccc12,480,4,5999
11941,15488,O=C(c1c(I)cc(I)c(O)c1I)N1CCOCC1,2346,1,15488
11942,15489,CN(C)Cc1c[nH]c2ccc(C#N)cc12,479,3,13211
11943,15490,Cc1ccc(NC(=O)NC=CNC(=O)Nc2ccc(C)cc2)cc1,1219,2,15490
11944,15491,COc1ccc(NC(=O)NC=CNC(=O)Nc2ccc(OC)cc2)cc1,2345,1,15491
11945,15492,O=C(NC=CNC(=O)Nc1ccc(I)cc1)Nc1ccc(I)cc1,1219,2,15490
11946,15493,CSc1cccc(NC(=O)NC=CNC(=O)Nc2cccc(SC)c2)c1,2344,1,15493
11947,15494,O=C(NC=CNC(=O)Nc1cc(Cl)c(Cl)cc1Cl)Nc1cc(Cl)c(Cl)cc1Cl,2343,1,15494
11948,15495,Cc1occc1N(C=CN(C(N)=O)c1ccoc1C)C(N)=O,2342,1,15495
11949,15496,CCOC(=O)C1CCCN=C(N)N1,1218,2,6595
11950,15497,NCC1OC(OC2C(N)CC(N)C(O)C2OC2OC(CO)C(O)C2O)C(N)C(O)C1O,19,18,182
11951,15498,CCOC(=S)SCC(=O)O,2341,1,15498
11952,15499,O=C(Nc1ccc(Br)cc1Br)C(Cl)Cl,2340,1,15499
11953,15500,CC=C(CC)C(=O)NC(=O)NC(C)=O,2339,1,15500
11954,15501,CC1=NCC(O)COc2ccccc21,1217,2,6834
11955,15502,CC1=NCC(O)COc2ccc([N+](=O)[O-])cc21,2338,1,15502
11956,15504,CC(C)(C)c1cc[n+](COC[n+]2ccc(C=NO)cc2)cc1,95,10,789
11957,15505,S=C(Nc1ccccc1)Nc1ccc(I)cc1,2337,1,15505
11958,15506,CC(=O)CSc1ccc([N+](=O)[O-])cc1,2336,1,15506
11959,15507,C(=Cc1cccc2ccccc12)c1ccncc1,2335,1,15507
11960,15508,CCN(CC)C(=O)CC(NCc1ccccc1)C(=O)O,599,4,3662
11961,15509,O=c1c(Br)c[nH]cc1Br,2334,1,15509
11962,15510,CN(C(=O)CCCC(=O)O)c1c(I)cc(I)c(N)c1I,2333,1,15510
11963,15511,CCCCCCCCCCSc1nc2c(c(=O)n(C)c(=O)n2C)n1C,739,3,10817
11964,15512,CCCCCCCCCCSc1nc2c([nH]1)c(=O)n(C)c(=O)n2C,3,28,3325
11965,15513,BrCC(Br)c1cccc(C(Br)CBr)c1,2332,1,15513
11966,15515,CN(C)CCc1ccccn1,2331,1,15515
11967,15517,CC(=O)NCc1c(I)c(NC(=O)CCCCCCC(=O)Nc2c(I)c(CNC(C)=O)c(I)c(C(=O)O)c2I)c(I)c(C(=O)O)c1I,5,23,6593
11968,15518,CC(=O)NCc1c(I)c(NC(=O)CCCCCCCC(=O)Nc2c(I)c(CNC(C)=O)c(I)c(C(=O)O)c2I)c(I)c(C(=O)O)c1I,5,23,6593
11969,15519,CC(=O)NCc1c(I)c(NC(=O)CCCCCCCCC(=O)Nc2c(I)c(CNC(C)=O)c(I)c(C(=O)O)c2I)c(I)c(C(=O)O)c1I,5,23,6593
11970,15520,CC(=O)NCc1c(I)c(NC(=O)CCCCC(=O)Nc2c(I)c(CNC(C)=O)c(I)c(C(=O)O)c2I)c(I)c(C(=O)O)c1I,5,23,6593
11971,15521,CC(=O)NCc1c(I)c(NC(=O)CCOCCOCCC(=O)Nc2c(I)c(CNC(C)=O)c(I)c(C(=O)O)c2I)c(I)c(C(=O)O)c1I,27,5,173
11972,15522,CC(=O)NCc1c(I)c(NC(=O)CCOCCOCCOCCC(=O)Nc2c(I)c(CNC(C)=O)c(I)c(C(=O)O)c2I)c(I)c(C(=O)O)c1I,27,5,173
11973,15523,CC(=O)NCc1c(I)c(NC(=O)CCOCCOCCOCCOCCC(=O)Nc2c(I)c(CNC(C)=O)c(I)c(C(=O)O)c2I)c(I)c(C(=O)O)c1I,27,5,173
11974,15524,CCC(=O)NCc1c(I)c(NC(=O)CCCCCCCCC(=O)Nc2c(I)c(CNC(=O)CC)c(I)c(C(=O)O)c2I)c(I)c(C(=O)O)c1I,5,23,6593
11975,15525,CCC(=O)NCc1c(I)c(NC(=O)CCCCCCCC(=O)Nc2c(I)c(CNC(=O)CC)c(I)c(C(=O)O)c2I)c(I)c(C(=O)O)c1I,5,23,6593
11976,15526,CCC(=O)NCc1c(I)c(NC(=O)CCCCCCC(=O)Nc2c(I)c(CNC(=O)CC)c(I)c(C(=O)O)c2I)c(I)c(C(=O)O)c1I,5,23,6593
11977,15527,CCC(=O)NCc1c(I)c(NC(=O)CCCCCC(=O)Nc2c(I)c(CNC(=O)CC)c(I)c(C(=O)O)c2I)c(I)c(C(=O)O)c1I,5,23,6593
11978,15528,CCC(=O)NCc1c(I)c(NC(=O)CCCCC(=O)Nc2c(I)c(CNC(=O)CC)c(I)c(C(=O)O)c2I)c(I)c(C(=O)O)c1I,5,23,6593
11979,15529,CCC(=O)NCc1c(I)c(NC(=O)CCOCCCOCCC(=O)Nc2c(I)c(CNC(=O)CC)c(I)c(C(=O)O)c2I)c(I)c(C(=O)O)c1I,5,23,6593
11980,15530,CCCC(=O)NCc1c(I)c(NC(=O)CCCCCC(=O)Nc2c(I)c(CNC(=O)CCC)c(I)c(C(=O)O)c2I)c(I)c(C(=O)O)c1I,5,23,6593
11981,15531,CCCC(=O)NCc1c(I)c(NC(=O)CCCCCCC(=O)Nc2c(I)c(CNC(=O)CCC)c(I)c(C(=O)O)c2I)c(I)c(C(=O)O)c1I,5,23,6593
11982,15532,CCCC(=O)NCc1c(I)c(NC(=O)CCCCCCCC(=O)Nc2c(I)c(CNC(=O)CCC)c(I)c(C(=O)O)c2I)c(I)c(C(=O)O)c1I,5,23,6593
11983,15533,CCCC(=O)NCc1c(I)c(NC(=O)CCCCCCCCC(=O)Nc2c(I)c(CNC(=O)CCC)c(I)c(C(=O)O)c2I)c(I)c(C(=O)O)c1I,5,23,6593
11984,15534,CCCC(=O)NCc1c(I)c(NC(=O)CCCCC(=O)Nc2c(I)c(CNC(=O)CCC)c(I)c(C(=O)O)c2I)c(I)c(C(=O)O)c1I,5,23,6593
11985,15536,O=C(CCN1CC1)OCCCCOC(=O)CCN1CC1,99,9,3172
11986,15537,CN1CCC2c3ccccc3C(c3ccccc3)C2C1,2330,1,15537
11987,15538,CCN=C=NCCCN(C)C,2329,1,15538
11988,15539,CCN(CC)c1ccc(N=O)c(O)c1,2328,1,15539
11989,15541,CCN1CC2(COC(=O)c3ccccc3N3C(=O)CC(C)C3=O)CCC(OC)C34C5CC6C(OC)CC7(OCOC7(C(OC)C23)C14)C5C6OC,1216,2,5872
11990,15543,O=C(NNC(=S)NC1CCCCC1)c1ccncc1,223,6,4445
11991,15545,Cc1c2cc(N)ccc2c2ccc(N)cc2[n+]1C,2327,1,15545
11992,15546,CCN1C(C)(C)CCCC1(C)C,1202,2,15546
11993,15547,Cc1ccccc1SCC(N)=O,2326,1,15547
11994,15548,C[N+]1(C)CCc2cc(Cl)ccc21,2325,1,15548
11995,15549,CC[N+](C)(CC)CCNC(=O)COc1cc(C)ccc1C(C)C,168,7,7163
11996,15550,CC[N+](C)(CC)CCCNC(=O)COc1cc(C)ccc1C(C)C,168,7,7163
11997,15551,Cc1ccc(C(C)C)c(OCC(=O)NCCCN(C)C)c1,227,4,15551
11998,15552,Cc1ccc(C(C)C)c(OCC(=O)NCCC[N+](C)(C)C)c1,227,4,15551
11999,15553,Cc1ccc(C(C)C)c(OCC(=O)NCCN(C)C)c1,227,4,15551
12000,15554,Cc1ccc(C(C)C)c(OCC(=O)NCC[N+](C)(C)C)c1,227,4,15551
12001,15555,Cc1ccc(C(C)C)c(OCC(=O)OCCN2CCOCC2)c1,478,2,15555
12002,15556,Cc1ccc(C(C)C)c(OCC(=O)OCC[N+]2(C)CCOCC2)c1,320,5,7162
12003,15557,Cc1ccc(C(C)C)c(OCC(=O)OCCN2CCCCC2)c1,320,5,7162
12004,15558,Cc1ccc(C(C)C)c(OCC(=O)OCC[N+]2(C)CCCCC2)c1,320,5,7162
12005,15559,CCN(CC)CCCOC(=O)COc1cc(C)ccc1C(C)C,168,7,7163
12006,15560,CC[N+](C)(CC)CCCOC(=O)COc1cc(C)ccc1C(C)C,168,7,7163
12007,15561,Cc1ccc(C(C)C)c(OCC(=O)OC(C)C[N+](C)(C)C)c1,1215,2,15561
12008,15562,Cc1ccc(C(C)C)c(OCC(=O)OC(C)CN(C)C)c1,1215,2,15561
12009,15563,CCCN1CCN(CCOC(=O)COc2cc(C)ccc2C(C)C)CC1,478,2,15555
12010,15564,CCC[N+]1(C)CC[N+](C)(CCOC(=O)COc2cc(C)ccc2C(C)C)CC1,320,5,7162
12011,15565,CCN(CC)CCOC(=O)COc1cc(C)ccc1C(C)C,168,7,7163
12012,15566,CCOC(=O)c1ccc(N=Cc2ccc(O)cc2)cc1,2324,1,15566
12013,15567,CC[N+]1(CCC(O)(c2ccccc2)C2CCCCC2)CCCC1,477,4,3953
12014,15568,CNC1C(O)C(OC2C(N)CC(N)C(OC3OC(CN)=CCC3N)C2O)OCC1(C)O,738,3,8227
12015,15569,O=c1[nH]c(=O)c(C2OC(CO)C(O)C2O)co1,2323,1,15569
12016,15570,CCOc1ccc(S(=O)(=O)NCCCN(CC)CC)cc1,167,5,15570
12017,15571,CCOc1ccc(S(=O)(=O)NCCCN2CCOCC2)cc1,2322,1,15571
12018,15572,CCCOc1ccc(S(=O)(=O)NCCCN(C)C)cc1,167,5,15570
12019,15573,CCCOc1ccc(S(=O)(=O)NCCCN(CC)CC)cc1,167,5,15570
12020,15574,CCN(CC)CCNS(=O)(=O)c1ccc(OC(C)C)cc1,153,8,2390
12021,15575,CC(C)Oc1ccc(S(=O)(=O)NCCCN(C)C)cc1,319,2,4230
12022,15576,CCN(CC)CCCNS(=O)(=O)c1ccc(OC(C)C)cc1,167,5,15570
12023,15577,CC(C)Oc1ccc(S(=O)(=O)NCCCN2CCN(C)CC2)cc1,2321,1,15577
12024,15578,CCCCOc1ccc(S(=O)(=O)NCCN(CC)CC)cc1,153,8,2390
12025,15579,CCCCOc1ccc(S(=O)(=O)NCCCN(CC)CC)cc1,167,5,15570
12026,15580,Cc1ccc(S(=O)(=O)NCCN(C)C)cc1,153,8,2390
12027,15581,CCN(CC)CCCNS(=O)(=O)c1ccc(C)cc1,153,8,2390
12028,15582,CCN(CC)CCNS(=O)(=O)c1ccc(Cl)cc1,153,8,2390
12029,15583,CCN(CC)CCNS(=O)(=O)c1ccccc1C,2320,1,15583
12030,15584,CC(C)Oc1ccc(C(=S)NCCN(C)C)cc1,146,3,5105
12031,15585,CC(C)Oc1ccc(C(=S)NCCN2CCCCC2)cc1,6,23,10282
12032,15586,CC(C)Oc1ccc(C(=S)NCCN2CCOCC2)cc1,72,1,15586
12033,15587,CC(C)Oc1ccc(C(=S)NCCCN2CCCCC2)cc1,20,5,10281
12034,15588,CC(C)Oc1ccc(C(=S)NCCCN2CCOCC2)cc1,46,3,10284
12035,15589,CC(C)Oc1ccc(C(=S)NCCCN2CCCC2)cc1,20,5,10281
12036,15590,CCCCOc1ccc(C(=S)NCCCN2CCCCC2)cc1,6,23,10282
12037,15591,CCCCOc1ccc(C(=S)NCCCN2CCOCC2)cc1,6,23,10282
12038,15592,CCCCOc1ccc(C(=S)NCCCN2CCCC2)cc1,6,23,10282
12039,15593,CC(C)COc1ccc(C(=S)NCCN(C)C)cc1,114,5,5115
12040,15594,CCCOc1ccc(C(=S)NCCCN2CCCCC2)cc1,6,23,10282
12041,15595,CCCOc1ccc(C(=S)NCCCN2CCOCC2)cc1,6,23,10282
12042,15596,CCCOc1ccc(C(=S)NCCCN2CCCC2)cc1,6,23,10282
12043,15597,CCCOc1ccc(C(=S)NCCCN2CCN(C)CC2)cc1,6,23,10282
12044,15598,CC(C)COc1ccc(C(=S)NCCCN2CCCCC2)cc1,20,5,10281
12045,15599,CC(C)COc1ccc(C(=S)NCCCN2CCOCC2)cc1,20,5,10281
12046,15600,CC(C)COc1ccc(C(=S)NCCCN2CCCC2)cc1,6,23,10282
12047,15601,CC(C)CCOc1ccc(C(=S)NCCN(C)C)cc1,114,5,5115
12048,15602,CC(C)CCOc1ccc(C(=S)NCCN2CCCCC2)cc1,6,23,10282
12049,15603,CC(C)CCOc1ccc(C(=S)NCCCN2CCCCC2)cc1,6,23,10282
12050,15604,CC(C)CCOc1ccc(C(=S)NCCCN2CCOCC2)cc1,46,3,10284
12051,15605,CC(C)CCOc1ccc(C(=S)NCCCN2CCCC2)cc1,6,23,10282
12052,15606,CCN(CC)CCCNC(=S)c1cc(OC)c(OC)c(OC)c1,316,4,10279
12053,15607,CN(C)CCCNC(=S)c1ccc(Cl)cc1,1214,1,15607
12054,15608,CCCOc1ccc(C(=O)NCCCN(C)C)cc1,737,1,15608
12055,15609,CC(C)N(C(C)C)C(C)c1nnco1,2319,1,15609
12056,15610,CC(Cc1nnco1)N1CCCCC1,2318,1,15610
12057,15611,CCC(c1nnco1)N1CCCCC1,2317,1,15611
12058,15612,CCN/N=C/SCC[N+](C)(C)C,2316,1,15612
12059,15613,C#CCOC(=O)Nc1cc(Cl)ccc1C,2315,1,15613
12060,15614,CC(Cc1nnco1)C1CCCN1,2314,1,15614
12061,15615,CCN(CC)CCCNC(=O)c1ccc(OC(C)C)cc1,1213,1,15615
12062,15616,OC1(c2ccccn2)CN2CCC1CC2,2313,1,15616
12063,15617,Cc1cccc(C)c1NC(=O)OC1CCN(C)C1,12,20,5901
12064,15618,C[n+]1cccc2cc(Cl)ccc21,2312,1,15618
12065,15619,Cc1cn[n+](C)c2ccccc12,2311,1,15619
12066,15620,O=C(NOC(=O)c1ccoc1)c1ccccc1,2310,1,15620
12067,15621,CC1=C(N)C(=O)C2=C(C1=O)N1CC3C(C1C2COC(N)=O)N3C,736,3,7816
12068,15622,COC1=C(C)C(=O)C2=C(C1=O)C(COC(N)=O)C1C3C(CN21)N3C,736,3,7816
12069,15624,COC(=O)C(C)(C)C(=O)C(C)(C)P(C)(=O)OC,2309,1,15624
12070,15625,Cc1nc2cc(N)ccc2s1,2308,1,15625
12071,15626,CCN(CC)C(=O)c1cc(=O)c2ccccc2o1,2307,1,15626
12072,15628,Oc1ccccc1C=Nn1cnnc1,2306,1,15628
12073,15629,O=C(Oc1ccc([N+](=O)[O-])cc1[N+](=O)[O-])c1ccc(Cl)cc1,2305,1,15629
12074,15630,CCC(C)NCC(=O)Nc1ccc(S(=O)(=O)c2ccc(NC(=O)CNC(C)CC)cc2)cc1,2304,1,15630
12075,15631,CC(=O)Nc1ccc(-c2ccc(/C=N/N3CC(=O)NC3=O)o2)cc1,291,6,4810
12076,15632,O=C(NC(=S)Nc1c(Cl)cccc1Cl)c1ccccc1,2303,1,15632
12077,15633,CCN(CC)CCn1c2nc(=O)[nH]c(=O)c-2nc2cc(Cl)c(Cl)cc21,476,2,15633
12078,15637,CC12CCC3c4ccc(OC(=O)c5ccc([N+](=O)[O-])cc5)cc4CCC3C1CCC2=O,2302,1,15637
12079,15638,CC(=O)OCC1CC[N+](C)(C)CC1,2301,1,15638
12080,15639,NCCc1ccc2c(c1)CCCCC2,2300,1,15639
12081,15642,CC(C)(N)Cc1ccc2c(c1)CCCCC2,2299,1,15642
12082,15643,CNC(C)(C)Cc1ccc2c(c1)CCCCC2,2298,1,15643
12083,15644,CN(C)C(C)(C)Cc1ccc2c(c1)CCCCC2,2297,1,15644
12084,15645,N=C(N)Nc1ccc(C(=O)Sc2ccccc2)cc1,2296,1,15645
12085,15647,CN(C)C1CCC2(CC1)c1ccccc1C=Cc1ccc(Cl)cc12,735,1,15647
12086,15648,Nc1ncc(Cl)s1,2295,1,15648
12087,15649,CC1(C)CC2CC[N+]1(C)C(C)(C)C2,2294,1,15649
12088,15650,Nc1[nH]ncc1C(=O)O,2293,1,15650
12089,15652,CN(C)C1CCC2(CC1)c1ccccc1C=Cc1ccccc12,732,3,15652
12090,15653,CN(C)C1CCC2(CC1)c1ccccc1CCc1ccc(Cl)cc12,732,3,15652
12091,15654,O=C(c1cc2ccccc2o1)N1CCN(Cc2ccccc2)CC1,2292,1,15654
12092,15655,O=C(Cl)c1cc2ccccc2o1,1212,2,1475
12093,15656,CC(C)=CCCC(C)(OC1OC(COC2OC(CO)C(O)C(O)C2O)C(O)C(O)C1O)C1CCC2(C)C1C(O)CC1C3(C)CCC(OC4OC(CO)C(O)C(O)C4OC4OC(CO)C(O)C(O)C4O)C(C)(C)C3CCC12C,1211,2,8272
12094,15658,Cc1cc(O)c2c(c1O)C(=O)C(O)=C(O)C2=O,2291,1,15658
12095,15661,Fc1ccc(N2CCN(CCc3ccc4c(c3)CCC4)CC2)cc1,2290,1,15661
12096,15662,CCOc1cc(OCC)c(C(=O)CCC(=O)O)cc1OCC,2289,1,15662
12097,15667,COc1cc2c3c(c1O)C(N)CCC3N(C)CC2,1210,2,15667
12098,15668,CN1CCc2cc(O)c(O)c3c2C1CCC3N,1210,2,15667
12099,15672,C[N+](C)(C)CCOCCO,233,6,5079
12100,15674,COC1(NC(=O)CCCC(N)C(=O)O)C(=O)N2C(C(=O)O)=C(COC(C)=O)CSC21,734,3,7350
12101,15675,C=CCOC(=O)C1=CCC[N+](C)(C)C1,429,5,3649
12102,15676,CCCCCCCCCCSCCO,121,8,4174
12103,15683,CN1CCN(C(=S)Cc2ccc3c(c2)Cc2ccccc2CS3)CC1,2288,1,15683
12104,15684,CC1OC(n2ccc(NC(=O)c3ccc(N)cc3)nc2=O)CCC1OC1OC(C)C(N(C)C)C(O)C1O,1026,3,5356
12105,15685,Cc1c(C)c2c(c(C)c1OC(=O)c1cccnc1)CCC(C)(CCCC(C)CCCC(C)CCCC(C)C)O2,2287,1,15685
12106,15686,CC(=O)Oc1cc2c3c(c1OC(C)=O)C1(CCC3N(C)CC2)C(=O)NC(=O)N1C(C)=O,1209,2,15686
12107,15687,CCC(=O)Oc1cc2c3c(c1OC(=O)CC)C1(CCC3N(C)CC2)C(=O)NC(=O)N1C(=O)CC,1209,2,15686
12108,15688,CNC1C(O)C(OC2C(N)CC(N)C(OC3OC(CN)C(O)C(O)C3O)C2O)OCC1(C)O,220,7,166
12109,15691,CCCCCCCCCNC(C)=O,318,5,3097
12110,15692,CCCc1cccc(CC)c1O,475,4,2067
12111,15693,Cc1ccccc1CNC(=N)N,2286,1,15693
12112,15694,N=C(N)NCc1ccccc1I,2285,1,15694
12113,15695,N=C(N)NCc1ccc(Br)cc1,474,4,4494
12114,15696,N=C(N)NCc1ccc(Cl)cc1,474,4,4494
12115,15697,N#CCCOc1ccc(Cl)cc1,2284,1,15697
12116,15698,N=C(N)NCc1ccc(Cl)c(Cl)c1,2283,1,15698
12117,15699,N=C(N)NCCOc1ccccc1,2282,1,15699
12118,15700,CCN(CC)Cc1c[nH]c2ccccc12,733,1,15700
12119,15701,Cc1cccc(C)c1OCCNC(=N)N,2281,1,15701
12120,15702,C=CCN(CC=C)c1nc(Cl)nc(Cl)n1,2280,1,15702
12121,15703,CC(C)c1ccccc1OCCNC(=N)N,2279,1,15703
12122,15704,CCCCCCCCCCCC1=NC(C)(C)CO1,2278,1,15704
12123,15705,O=C(Nc1ccc(Cl)cc1)P(=O)(O)c1ccccc1,2277,1,15705
12124,15706,c1ccc2c(c1)CN(CCc1c[nH]c3ccccc13)C2,1208,1,15706
12125,15707,CCN(CC)CCNC(=O)COc1ccc(Cl)cc1Cl,100,9,2161
12126,15708,CN(C)CCC(C(N)=O)(c1ccccc1)c1ccccc1,317,5,1924
12127,15709,CCN(CC)CCCNC(=S)c1ccc(OC)c(OC)c1,316,4,10279
12128,15710,CN(CCCCCCN(C)c1ccccc1)c1ccccc1,2276,1,15710
12129,15711,CCOc1cc(C(=S)NCCCN(C)C)cc(OCC)c1OCC,364,3,10280
12130,15712,c1ccc2c(C(CSCCN3CCCC3)CC3CCCO3)cccc2c1,1207,2,15712
12131,15713,c1ccc2c(C(CSCCN3CCOCC3)CC3CCCO3)cccc2c1,1207,2,15712
12132,15714,CN(CCOC(=O)c1cccnc1)CC(Cn1cnc2c1c(=O)n(C)c(=O)n2C)OC(=O)c1cccnc1,2275,1,15714
12133,15715,CNN1C(C)(C)CCCC1(C)C,2274,1,15715
12134,15716,N=C(N)Sc1c[nH]c(=O)[nH]c1=O,2273,1,15716
12135,15717,c1cc2oc3c(c2cn1)CCCC3,2272,1,15717
12136,15718,COc1ccc(C=C2C(=O)NC(=O)NC2=O)cc1,2271,1,15718
12137,15719,COc1cc2c(c(OC)c1OC)C(CCC#N)C(=O)CCC2,1206,2,2032
12138,15720,COc1cc2c(c(OC)c1OC)C1=C(CCC2)OC(=O)CC1,2270,1,15720
12139,15721,COc1cc2c(c(O)c1OC)CC(=O)CCC2,942,3,8142
12140,15722,COc1cc2c(c(O)c1OC)CC(N)CCC2,941,3,8143
12141,15724,Cc1c(-c2ccccc2)[n+](N=N[n+]2c(-c3ccccc3)c(C)n3ccccc32)c2ccccn12,2269,1,15724
12142,15725,CC(=C(CCS(C)=O)SSC(CCS(C)=O)=C(C)N(C=O)Cc1cnc(C)nc1N)N(C=O)Cc1cnc(C)nc1N,207,7,799
12143,15727,FC(F)(F)C(F)(F)c1nc2c(Cl)c(Cl)c(Cl)c(Cl)c2[nH]1,1205,2,15144
12144,15728,CCN(C(C)=O)c1c(I)cc(I)c(OCCOC(C)C(=O)O)c1I,150,7,4434
12145,15730,CN(C)C1CCC2(CC1)c1ccccc1CCc1ccccc12,732,3,15652
12146,15736,CCC(Cc1c(I)cc(I)c(NC(C)=O)c1I)C(=O)O,98,9,279
12147,15737,CN(C)C(=O)Oc1ccc[n+](C)c1I,731,3,10133
12148,15741,CN(C)c1nnc(-c2ccc(Cl)cc2)s1,2268,1,15741
12149,15744,CN1c2cc(O)c(N=NC(N)=O)cc2CC1S(=O)(=O)O,2267,1,15744
12150,15745,CSc1nc(N)c(S(N)(=O)=O)c(N)n1,1204,2,8367
12151,15746,CN(C)CCCON=C(c1ccccc1)c1ccc2c(c1)CCCCC2,2266,1,15746
12152,15748,CCCCNC(=O)c1cncc(-c2ccccc2)c1,2265,1,15748
12153,15749,O=C(NC1CCCCC1)c1cncc(-c2ccccc2)c1,2264,1,15749
12154,15750,CC(C)(C)NC(=O)c1cncc(-c2ccccc2)c1,2263,1,15750
12155,15755,C[N+](C)(C)CCOC(=O)c1ccncc1,400,5,5030
12156,15757,CN(C)C(=O)Oc1ccc[n+](C)c1Br,731,3,10133
12157,15758,Clc1cccc(-n2ccnc2)c1,2262,1,15758
12158,15761,CC(=O)Nc1ccc(C)c2ccccc12,2261,1,15761
12159,15764,O=C(NCCCl)Nc1ccccn1,2260,1,15764
12160,15765,O=C(NCCCl)Nc1ccncc1,2259,1,15765
12161,15766,CC=CC(=O)OCC1=CC(O)C(O)C(O)C1=O,2258,1,15766
12162,15767,Cc1cnc2n1-c1ccccc1Oc1ccccc1-2,2257,1,15767
12163,15768,Cc1cnc2n1-c1ccccc1Sc1ccccc1-2,2256,1,15768
12164,15769,Cc1cnc2n1-c1ccccc1Nc1ccccc1-2,730,3,15769
12165,15770,Cc1cnc2n1-c1cc(Cl)ccc1Nc1ccccc1-2,730,3,15769
12166,15771,Cc1cnc2n1-c1ccc(Cl)cc1Nc1ccccc1-2,730,3,15769
12167,15772,c1ccc2c(c1)Sc1ccccc1-n1ccnc1-2,2255,1,15772
12168,15773,CC(=O)N1c2ccccc2-c2ncc(C)n2-c2cc(Cl)ccc21,473,4,15773
12169,15774,CC(=O)N1c2ccccc2-c2ncc(C)n2-c2ccc(Cl)cc21,473,4,15773
12170,15775,CCC(=O)N1c2ccccc2-c2ncc(C)n2-c2ccccc21,473,4,15773
12171,15776,CC(=O)N1c2ccccc2-c2ncc(C)n2-c2ccccc21,473,4,15773
12172,15777,CCN(CC)CCNS(=O)(=O)c1ccc([N+](=O)[O-])cc1OC,472,2,15777
12173,15778,CCN(CC)CCCNS(=O)(=O)c1ccc(N)cc1OC,166,7,9873
12174,15779,CCN(CC)CCNS(=O)(=O)c1ccc(N)cc1OC,472,2,15777
12175,15780,COc1cc([N+](=O)[O-])c(Cl)cc1S(=O)(=O)NCCN1CCCCC1,471,4,9222
12176,15781,CCN(CC)CCCNS(=O)(=O)c1cc(Cl)c([N+](=O)[O-])cc1OC,166,7,9873
12177,15782,CCN(CC)CCNS(=O)(=O)c1cc(Cl)c(N)cc1OC,166,7,9873
12178,15783,COc1cc(N)c(Cl)cc1S(=O)(=O)NCCN1CCCCC1,471,4,9222
12179,15784,COc1cc(N)c(Cl)cc1S(=O)(=O)NCCCN(C)C,166,7,9873
12180,15785,CCN(CC)CCCNS(=O)(=O)c1cc(Cl)c(N)cc1OC,166,7,9873
12181,15786,COc1cc(N)c(Cl)cc1S(=O)(=O)NCCCN1CCCCC1,471,4,9222
12182,15787,CCN(CC)CCCNS(=O)(=O)c1cc(Cl)ccc1OC,166,7,9873
12183,15788,COc1ccc(S(N)(=O)=O)cc1S(=O)(=O)NCCN(C)C,902,2,9223
12184,15789,CCOC(=O)C1CC2CC[N+]1(C)CC2,662,4,2988
12185,15790,OC(c1ccc(F)cc1)(C1CC1)C1CC1,2254,1,15790
12186,15791,OC(c1ccc(Cl)cc1)(C1CC1)C1CC1,2253,1,15791
12187,15792,OCCC1COc2ccccc2O1,729,3,15274
12188,15795,CCOC(C)=C[P+](c1ccccc1)(c1ccccc1)c1ccccc1,2252,1,15795
12189,15812,CC(C)NCC(O)c1sc(Br)c(Br)c1Br,2251,1,15812
12190,15820,CN(C)CCC1=Cc2cc(Cl)ccc2Sc2ccccc21,1203,2,15820
12191,15821,CN(C)CCCC1=Cc2cc(Cl)ccc2Sc2ccccc21,1203,2,15820
12192,15827,O=c1[nH]c2ccccc2n1CCCN1CCC(n2c(=O)[nH]c3ccccc32)CC1,470,4,148
12193,15828,CCCCN1C(=O)C(=CC=CC=C2Oc3ccccc3N2CCCS(=O)(=O)O)C(=O)N(CCCC)C1=S,2250,1,15828
12194,15829,CN(C)CCOc1nn(-c2ccccc2)cc1-c1ccccc1,33,15,9213
12195,15830,c1ccc(-c2cn(-c3ccccc3)nc2OCCN2CCCCC2)cc1,2249,1,15830
12196,15831,COc1ccc(-c2cn(-c3ccccc3)nc2OCCN(C)C)cc1,33,15,9213
12197,15832,COc1ccc(-c2cn(-c3ccccc3)nc2OCCN2CCOCC2)cc1,2248,1,15832
12198,15833,Cc1ccc(-c2cn(-c3ccccc3)nc2OCCN(C)C)cc1,33,15,9213
12199,15834,COc1ccc(-c2cn(-c3ccc(OC)cc3)nc2OCCN(C)C)cc1,33,15,9213
12200,15835,COc1ccc(-n2cc(-c3ccc(Cl)cc3)c(OCCN(C)C)n2)cc1,33,15,9213
12201,15836,COc1ccc(-n2cc(-c3ccc(C)cc3)c(OCCN(C)C)n2)cc1,33,15,9213
12202,15837,COc1ccc(-c2cn(-c3ccc(Cl)cc3)nc2OCCN(C)C)cc1,33,15,9213
12203,15838,COc1ccc(-c2cn(-c3ccc(C)cc3)nc2OCCN(C)C)cc1,33,15,9213
12204,15839,CC[N+]1(CCCCCC[N+]2(CC)CCCC2)CCCC1,32,15,4992
12205,15840,C[N+]1(CCCC[N+]2(C)CCCC2)CCCC1,71,11,3056
12206,15841,C[N+]1(CCC[N+]2(C)CCCC2)CCCC1,71,11,3056
12207,15845,C[N+]1(CCCCCCCCCC[N+]2(C)CCCC2)CCCC1,71,11,3056
12208,15846,C[N+]1(CCCCCCCCCCCC[N+]2(C)CCCC2)CCCC1,71,11,3056
12209,15847,CCN1C(C)(C)CCC1(C)C,1202,2,15546
12210,15848,CCCN1C(C)(C)CCC1(C)C,2247,1,15848
12211,15849,CN(C)C(NC(=O)c1ccccc1)C1CCCCC1,2246,1,15849
12212,15850,C[N+](C)(C)CCC1CC[N+](C)(C)CC1,2245,1,15850
12213,15851,CC[N+](C)(C)CCC1CC[N+](C)(CC)CC1,2244,1,15851
12214,15852,CC[N+]1(C)CCC(CC[N+]2(CC)CCCC2)CC1,2243,1,15852
12215,15853,C[N+]1(CCCCCCC[N+]2(C)CCCCC2)CCCCC1,71,11,3056
12216,15854,CC[N+]1(CCCCCC[N+]2(CC)CCCCC2)CCCCC1,32,15,4992
12217,15855,C[N+]1(CCCCCC[N+]2(C)CCCCC2)CCCCC1,71,11,3056
12218,15856,Oc1ccc2c(c1)C13CCCCC1C(C2)N(CCc1ccccn1)CC3,2,42,424
12219,15858,CN(CCO)CCCl,1201,2,215
12220,15859,CC(C)=CCn1cnc(N)c2ncnc1-2,2242,1,15859
12221,15860,COc1ccc(Cc2nc(C(=O)O)cc3cc(OC)c(OC)cc23)cc1OC,2241,1,15860
12222,15862,CC1CCCCN1CCCOC(=O)C(c1ccccc1)c1ccccc1,4,26,9521
12223,15863,CCCCCc1cc[n+](C(c2ccccc2)c2ccccc2)cc1,2240,1,15863
12224,15864,C[N+](C)(C)CCCCCC[n+]1ccc(Cc2ccccc2)cc1,1200,2,5906
12225,15866,C[N+](C)(C)CCC[n+]1ccc(C(c2ccccc2)c2ccccc2)cc1,2239,1,15866
12226,15867,C[N+](C)(C)CCC[n+]1ccc(C=Cc2ccc3ccccc3c2)cc1,2238,1,15867
12227,15868,C[N+](C)(C)CCC[n+]1ccc(C(c2ccccc2)(c2ccccc2)c2ccccc2)cc1,2237,1,15868
12228,15869,CN(C)CCOC(=O)Cc1c[nH]c2ccccc12,1199,2,1887
12229,15870,CN(C)CCOC(=O)COc1cccc2ccccc12,2236,1,15870
12230,15871,CN(C)CCOC(=O)COc1ccc2ccccc2c1,1198,1,15871
12231,15872,CC1CCCCN1CCCOC(=O)COc1ccccc1,469,1,15872
12232,15874,CC=CCn1c(=O)c2c(ncn2C)n(C)c1=O,120,8,2082
12233,15875,COCCn1c(=O)c2c(ncn2C)n(C)c1=O,120,8,2082
12234,15876,C=C(C)Cn1c(=O)c2c(ncn2C)n(C)c1=O,120,8,2082
12235,15877,CCCn1c(=O)c2c(ncn2C)n(C)c1=O,120,8,2082
12236,15884,CC[N+](C)(CC)CCOC(C)C[N+](C)(CC)CC,468,4,8394
12237,15885,CC[N+](C)(CC)CCOC(C)C[N+](C)(C)C,468,4,8394
12238,15886,CC[N+](C)(CC)CCc1ccc([N+](C)(CC)CC)cc1,728,3,15886
12239,15887,CC[N+](C)(CC)CCCCc1ccc([N+](C)(CC)CC)cc1,728,3,15886
12240,15888,CC[N+](C)(CC)CCCc1ccc([N+](C)(CC)CC)cc1,728,3,15886
12241,15889,CC[N+](C)(CC)c1ccccc1,2235,1,15889
12242,15890,OCCN1CCN(CCC=C2c3ccccc3Sc3cc(I)ccc32)CC1,52,13,395
12243,15891,COc1ccc2c(c1)Sc1ccccc1C2=CCCN1CCN(CCO)CC1,52,13,395
12244,15892,NC(=O)NC(=O)CN1CCOCC1,2234,1,15892
12245,15894,Nc1ccc(S(=O)(=O)Nc2nc(-c3ccccc3)cs2)cc1,2233,1,15894
12246,15895,CC(=O)Oc1c(Cl)c(C)c(Cl)c(OC(C)=O)c1C(=O)O,2232,1,15895
12247,15896,Cc1c(N=O)c(O)c(C(=O)O)c(O)c1N=O,2231,1,15896
12248,15897,Cc1ccc(C(=O)OCCCN2CCCCC2C)cc1,4,26,9521
12249,15898,CCCCN1CCN(CCCC)C(C)(C(=O)Nc2ccccc2)C1,2230,1,15898
12250,15899,CCN1CCN(CC)C(C(=O)Nc2c(C)cc(C)cc2C)C1,2229,1,15899
12251,15900,Cc1cc(C)c(O)c([N+](C)(C)C)c1,2228,1,15900
12252,15901,C[N+](C)(CCCCCC[N+](C)(C)CCN1c2ccccc2Sc2ccccc21)CCN1c2ccccc2Sc2ccccc21,727,3,9654
12253,15902,C[N+](C)(C)Cc1ccccc1O,2227,1,15902
12254,15903,CC[N+](C)(C)CCCCc1ccc([N+](C)(C)CC)cc1,725,3,15903
12255,15904,CC[N+](C)(C)CCCc1ccc([N+](C)(C)CC)cc1,725,3,15903
12256,15905,CC[N+](C)(CC)CCCCCCC[N+](C)(CC)CC,315,5,9624
12257,15906,CC[N+](C)(C)CCCCCCC[N+](C)(C)CC,467,4,4519
12258,15907,CC[N+](CC)(CC)CCCCCCC[N+](CC)(CC)CC,54,12,2102
12259,15908,CCCCCCC(=O)Oc1cccc([N+](C)(C)C)c1,2226,1,15908
12260,15909,C[N+](C)(CCCCCC[N+](C)(C)CCn1c2ccccc2c2ccccc21)CCn1c2ccccc2c2ccccc21,2225,1,15909
12261,15910,CC[N+](C)(CC)CCCCCC[N+](C)(CC)CC,315,5,9624
12262,15911,C[N+](C)(CCCCCC[N+](C)(C)CCC1c2ccccc2Cc2ccccc21)CCC1c2ccccc2Cc2ccccc21,2224,1,15911
12263,15912,CC[N+](CC)(CCCCCC[N+](CC)(CC)C1c2ccccc2-c2ccccc21)C1c2ccccc2-c2ccccc21,1197,2,9937
12264,15914,CC[N+](C)(C)CCOC(C)C[N+](CC)(CC)CC,726,3,9751
12265,15915,CC[N+](C)(C)CCc1ccc([N+](C)(C)CC)cc1,725,3,15903
12266,15917,CCN(CC)P(=O)(OC)OC,1113,2,1687
12267,15918,Nn1cnc2cc3ccccc3cc2c1=O,2223,1,15918
12268,15919,C=CC1CNCCC1CCCc1ccnc2ccc(OC)cc12,466,4,12260
12269,15920,CCC1CNCCC1CCCc1ccnc2ccc(OC)cc12,466,4,12260
12270,15921,c1ccc2c(CCCC3CCNCC3)ccnc2c1,2222,1,15921
12271,15922,CC(C)NC1CCc2c(ccc(O)c2CO)C1O,2221,1,15922
12272,15923,NCCCN1CCN(c2ccccc2)CC1,2220,1,15923
12273,15924,COc1cc(OCC(=O)NCCCN2CCN(CCCNC(=O)COc3cc(OC)c(OC)c(OC)c3)CC2)cc(OC)c1OC,165,7,12437
12274,15925,COc1cc(OCC(=O)NCCN2CCOCC2)cc(OC)c1OC,165,7,12437
12275,15926,COc1cc(OCC(=O)NCCCN2CCOCC2)cc(OC)c1OC,165,7,12437
12276,15927,COc1cc(OCC(=O)NCCCN2CCN(C)CC2)cc(OC)c1OC,165,7,12437
12277,15928,COc1cc(OCC(=O)NCCCN2CCN(c3ccccc3)CC2)cc(OC)c1OC,165,7,12437
12278,15929,COc1cc(OCC(=O)NCCCN2CCN(c3ccccc3C)CC2)cc(OC)c1OC,165,7,12437
12279,15930,N#CCCN1CCOCC1,1196,1,15930
12280,15931,CN1CCN(CCC#N)CC1,139,8,1995
12281,15932,CN1CCN(CCCN)CC1,1194,2,15932
12282,15933,N#CCCN1CCN(c2ccccc2)CC1,2219,1,15933
12283,15934,Cc1ccccc1N1CCN(CCC#N)CC1,2218,1,15934
12284,15935,Cc1ccccc1N1CCN(CCCN)CC1,1195,2,7950
12285,15936,NCCCN1CCN(CCCN)CC1,1194,2,15932
12286,15937,C=CC1CNCCC1CCCc1ccnc2ccccc12,466,4,12260
12287,15938,Cc1cccc2c(CCN(C)C)c[nH]c12,724,3,4587
12288,15940,CN1CCN(Cc2c3c(c(CN4CCN(C)CC4)c4c2CCC4)CCC3)CC1,1193,2,15940
12289,15941,OCCN1CCN(Cc2c3c(c(CN4CCN(CCO)CC4)c4c2CCC4)CCC3)CC1,1193,2,15940
12290,15942,c1ccc(CN2CCN(Cc3c4c(c(CN5CCN(Cc6ccccc6)CC5)c5c3CCC5)CCC4)CC2)cc1,2217,1,15942
12291,15943,CC1CCCC(C)N1C1=NCCO1,2216,1,15943
12292,15944,C1Cc2c(c(CN3CCOCC3)c3c(c2CN2CCOCC2)CCC3)C1,2215,1,15944
12293,15946,O=C(O)C1OC(n2cc(F)c(=O)[nH]c2=O)C(O)C(O)C1O,1089,3,1308
12294,15947,COC(=O)CCCCCCn1ccnc1,1192,2,10249
12295,15951,COc1ccc(C2CC(O)C(C)(O)CN2C)cc1,465,4,13546
12296,15952,CN1CC(C)(O)C(O)CC1c1ccccc1F,465,4,13546
12297,15953,CC(=O)OC1CC(c2ccccc2F)N(C)CC1(C)OC(C)=O,2214,1,15953
12298,15961,CCc1ccccc1NC(=O)CCCNCCOC,2213,1,15961
12299,15963,CCOCCNCC(=O)Nc1c(C)cccc1C,2212,1,15963
12300,15968,CN1CC(C)(O)C(O)CC1c1ccccc1,465,4,13546
12301,15969,CC(C)N(CCc1c[nH]c2ccccc12)C(C)C,159,8,811
12302,15970,COc1ccc2[nH]c(C)c(CCN(C)C)c2c1,1191,2,11563
12303,15971,CC(=O)Nc1c(I)c(C(=O)O)c(I)c(C(=O)N(C)C)c1I,53,9,202
12304,15972,CCNC(=O)c1c(I)c(NC(C)=O)c(I)c(C(=O)O)c1I,53,9,202
12305,15973,CC(=O)Nc1c(I)c(C(N)=O)c(I)c(C(=O)O)c1I,53,9,202
12306,15974,CCCCCNC(=O)c1c(I)c(NC(=O)CCC)c(I)c(C(=O)O)c1I,226,1,15974
12307,15977,COc1ccc(P(=O)(OCCN(C)C)OCCN(C)C)cc1,723,3,1326
12308,15978,CN(C)CCOP(=O)(OCCN(C)C)c1ccccc1,723,3,1326
12309,15979,COc1cc2c(cc1O)N=CC1CCC(O)N1C2=O,2211,1,15979
12310,15980,CN=C1SC(c2ccccc2)C2CCCCN12,2210,1,15980
12311,15982,CCCCOC(=O)c1ccccc1Nc1cccc(C(F)(F)F)c1,1190,2,389
12312,15986,NCCC1COc2ccccc2O1,729,3,15274
12313,15988,CCC(CC)C1(CC)C(=O)NC(=S)NC1=O,1189,2,7940
12314,16003,COC(=O)c1ccccc1NC(=O)C(=Cc1ccccc1)C(=O)Nc1ccccc1C(=O)OC,351,5,12507
12315,16013,COc1cc(C(=O)OC2CN3CCC2CC3)cc(OC)c1OC,2209,1,16013
12316,16015,O=C(OC1CN2CCC1CC2)C(F)(c1ccccc1)c1ccccc1,64,12,3064
12317,16016,CN1C2CCC(OC(=O)C(Cl)(c3ccccc3)c3ccccc3)C1CC2,160,7,9805
12318,16017,CN1C2CCC(OC(=O)C(F)(c3ccccc3)c3ccccc3)C1CC2,160,7,9805
12319,16018,CN1C2CCC(OC(=O)C(OCc3ccccc3)(c3ccccc3)c3ccccc3)C1CC2,160,7,9805
12320,16023,Cc1cccc(C)c1NC(=O)CC12CCCN1CCC2,2208,1,16023
12321,16024,CC(C=C(C#N)C#N)c1ccccc1,1188,2,10495
12322,16026,CC(=O)N(CCO)c1c(I)c(C(=O)NC(CO)CO)c(I)c(C(=O)NC(CO)CO)c1I,2207,1,16026
12323,16027,CC(=O)N(CC(O)CO)c1c(I)c(C(=O)NC(CO)CO)c(I)c(N(C(C)=O)C(O)CO)c1I,2206,1,16027
12324,16028,CC(=O)N(C)c1c(I)c(C(=O)NCCOCCO)c(I)c(C(=O)NCCOCCO)c1I,1187,2,16028
12325,16029,CC(=O)N(CCO)c1c(I)c(C(=O)NCCOCCO)c(I)c(C(=O)NCCOCCO)c1I,1187,2,16028
12326,16031,CC(=O)N(CCO)c1c(I)c(C(=O)N(CCO)CCO)c(I)c(C(=O)N(CCO)CCO)c1I,2205,1,16031
12327,16033,O=C1c2c(O)cccc2-c2nn(CCNCCO)c3ccc(NCCNCCO)c1c23,1186,2,14635
12328,16034,Cn1c(=O)c2c(ncn2CCc2noc(CCN3CCOCC3)n2)n(C)c1=O,314,1,16034
12329,16035,CCN(CC)CCc1nc(CCn2cnc3c2c(=O)n(C)c(=O)n3C)no1,164,7,16035
12330,16036,Cc1nc(Cn2cnc3c2c(=O)n(C)c(=O)n3C)no1,164,7,16035
12331,16037,CCN(CC)CCc1nc(Cn2cnc3c2c(=O)n(C)c(=O)n3C)no1,164,7,16035
12332,16038,Cn1c(=O)c2c(ncn2CCCC#N)n(C)c1=O,1185,2,7942
12333,16039,CCCc1nc(Cn2cnc3c2c(=O)n(C)c(=O)n3C)no1,164,7,16035
12334,16040,Cn1c(=O)c2c(ncn2Cc2noc(CCN3CCCCC3)n2)n(C)c1=O,164,7,16035
12335,16041,Cn1c(=O)c2c(ncn2Cc2noc(CCN3CCOCC3)n2)n(C)c1=O,164,7,16035
12336,16042,CN1CCN(CCc2nc(Cn3cnc4c3c(=O)n(C)c(=O)n4C)no2)CC1,164,7,16035
12337,16043,O=C(CCN1CCCCC1)N1CCN(C(=O)CN2CCCCC2)CC1,2204,1,16043
12338,16045,C[N+]1(CCC(=O)N2CCN(C(=O)C[N+]3(C)CCOCC3)CC2)CCOCC1,671,4,2306
12339,16047,CC(C)c1ccc2nc3ccc(-c4nn[nH]n4)cn3c(=O)c2c1,765,3,14777
12340,16048,CCCP(=O)(CCC)Oc1cccc([N+](=O)[O-])c1,722,1,16048
12341,16049,CCCP(=O)(CCC)Oc1ccccc1[N+](=O)[O-],1184,2,12450
12342,16050,COc1cc2c(cc1OC)C(c1cccnc1)C1CCCNC21,2203,1,16050
12343,16059,COc1cc(OC)c(CCCc2ccc(O)cc2)c(OCCN2CCCCC2)c1,2202,1,16059
12344,16070,COc1ccc(OC)c(C(=O)CCc2ccc(O)cc2)c1OCCN1CCCCC1,2201,1,16070
12345,16073,c1ccc(C2(CN3CCCCC3)CCCCC2)cc1,464,4,13200
12346,16074,OC1(c2ccccc2)CCN(Cc2ccccc2)CC1,721,3,7954
12347,16075,N#[N+][N-]C(=O)c1cccc2c1Cc1ccccc1-2,2200,1,16075
12348,16076,ClC1=C(Cl)C(Cl)(Cl)SS1,2199,1,16076
12349,16077,CCCCCC(O)C=CC1C(O)CC2C=C(CCCCC(=O)OC)CC21,2198,1,16077
12350,16078,COC12C(COC(N)=O)C3=C(C(=O)C(C)=C(N=CN(C)C)C3=O)N1CC1NC12,9,22,659
12351,16079,O=C(NC1CCCCC1)N1CCN(C2CCCCC2)CC1,2197,1,16079
12352,16082,O=c1ccnc(SCc2ccccc2)n1-c1ccccc1C(F)(F)F,2196,1,16082
12353,16083,O=C1CCC(c2ccc(-n3ccnc3)cc2)=NN1,2195,1,16083
12354,16084,O=C(CCCN1CCN(C(c2ccccc2)c2ccccc2)CC1)c1ccc(F)cc1,720,2,14579
12355,16085,Nc1cc(Cl)cc(Cl)c1S(N)(=O)=O,2194,1,16085
12356,16089,O=C(O)COc1c(I)cc(I)nc1I,2193,1,16089
12357,16090,C=C(Br)CNCCCC,2192,1,16090
12358,16093,Cc1c(Cl)c(O)c(C(N)=O)c(O)c1Cl,2191,1,16093
12359,16094,Cc1cccc(Cc2cnc[nH]2)c1C,356,5,12056
12360,16095,O=C(O)CCc1nc(-c2ccccc2)c(-c2ccc(O)cc2)o1,719,3,546
12361,16097,C[N+](C)(C)Cc1c[nH]c2ccc(CCc3ccc4[nH]cc(C[N+](C)(C)C)c4c3)cc12,534,4,3961
12362,16098,O=C(O)c1c(O)cc(CO)cc1O,2190,1,16098
12363,16099,N=C(N)NCc1cccc(Br)c1,2189,1,16099
12364,16100,CC(C)Cn1cnc2c1c(=O)n(C)c(=O)n2C,1183,1,16100
12365,16109,Cc1ccc2c(c1O)C(=O)c1c(cc(O)c(C(=O)O)c1C)C2(C)OOC1(C)c2cc(O)c(C(=O)O)c(C)c2C(=O)c2c1ccc(C)c2O,2188,1,16109
12366,16111,CCC(Oc1ccccc1I)C(=O)O,225,6,16111
12367,16112,CCC(Oc1ccc(I)cc1)C(=O)O,224,6,16112
12368,16113,CCC(Oc1c(Cl)cc(I)c(Cl)c1I)C(=O)O,2187,1,16113
12369,16114,O=C(O)C=CCOc1c(I)cc(I)cc1I,2186,1,16114
12370,16115,CCC(Oc1cc(I)c(I)c(I)c1I)C(=O)O,225,6,16111
12371,16116,CCC(Oc1c(I)c(I)cc(I)c1I)C(=O)O,225,6,16111
12372,16117,CCC(Oc1cc(I)c(I)cc1I)C(=O)O,225,6,16111
12373,16118,CCC(Oc1cc(I)c(I)c(I)c1)C(=O)O,224,6,16112
12374,16119,O=C(O)CCCOc1cc(I)c(I)cc1I,718,3,11930
12375,16120,CCC(Oc1cccc(I)c1)C(=O)O,224,6,16112
12376,16121,CCC(Oc1ccc(I)cc1I)C(=O)O,225,6,16111
12377,16122,CCC(Oc1cc(I)ccc1I)C(=O)O,225,6,16111
12378,16123,CCC(Oc1ccc(I)c(I)c1)C(=O)O,224,6,16112
12379,16124,CCC(Oc1cc(I)cc(I)c1)C(=O)O,224,6,16112
12380,16125,O=C(O)CCCOc1ccc(I)cc1I,718,3,11930
12381,16126,COc1ccccc1NC1=NCCO1,463,4,5953
12382,16127,CCCCN1CC2CN(CCCC)CC(C1)C2(C)C,2185,1,16127
12383,16128,COC(C(C)=CC=CC(C)=Cc1coc(C)n1)C(C)C1CC(O)C2(C)OC2C=CC(C)C2CC(CC(=O)O2)CC2OC2C(=O)O1,2184,1,16128
12384,16129,CON(C)C(=O)COc1ccccc1,2183,1,16129
12385,16130,CCCCN1CCC(c2ccccc2)(c2ccccc2)CC1,2182,1,16130
12386,16131,CCC(C)(C)N1CCC(c2ccccc2)(c2ccccc2)CC1,1182,2,8897
12387,16132,Cc1cccc(CNC(=N)N)c1,2181,1,16132
12388,16135,CCC(Oc1cc(I)cc(I)c1OC)C(=O)O,1181,1,16135
12389,16136,CCC(Oc1cc(I)c(OC)c(I)c1)C(=O)O,224,6,16112
12390,16137,N#CCN1CCc2ccccc2C1,2180,1,16137
12391,16138,NCC1OC(OC2C(CO)OC(OC3C(O)C(O)CC(N)C3OC3OC(CN)C(O)C(O)C3N)C2O)C(N)C(O)C1O,19,18,182
12392,16139,COC(=O)C1=CC2OC(C)(C(N)=O)OC2C(O)C1,2179,1,16139
12393,16141,CC(=O)OC(C)OC(=O)C(C)c1ccc(-c2ccccc2)c(F)c1,2178,1,16141
12394,16143,CC(Cc1ccccc1)NC(=O)NCCCl,793,3,13938
12395,16144,NC1=NCC(CN2CCN(c3ccccc3)CC2)O1,2177,1,16144
12396,16145,COC(=O)C1=C(C)NC(C)=C(C(=O)OC2CCCN(Cc3ccccc3)C2)C1c1cccc([N+](=O)[O-])c1,1180,2,344
12397,16146,CCN1CCc2sc3sc(N)nc3c2CC1,2176,1,16146
12398,16147,O=C(O)CCN1CCCc2ccccc21,2175,1,16147
12399,16148,CCON(CC)C(=O)COc1ccccc1,2174,1,16148
12400,16149,CC(C)(C)OC(=O)NC(Cc1ccc(O)cc1)C(=O)OS(=O)(=O)O,2173,1,16149
12401,16150,C[N+](C)(C)CCNC(=N)N,313,3,16150
12402,16151,Cc1ccc(Cc2cnc[nH]2)c(C)c1,1179,1,16151
12403,16152,CCc1ccccc1Cc1cnc[nH]1,1178,1,16152
12404,16153,Cc1cccc(C)c1Cc1[nH]cnc1C,2172,1,16153
12405,16154,Clc1ccccc1Cc1cnc[nH]1,1177,2,12061
12406,16155,COC1=C(C)C(=O)C2=C(C1=O)C(COC(N)=O)C1(OC)NCC3C1N23,2171,1,16155
12407,16157,CC[N+](C)(CC)CCNC(=N)N,312,5,16157
12408,16158,O=C(O)c1c(O)cc(Cc2ccccc2)cc1O,1176,2,16158
12409,16159,CCN(CC)CC(=O)c1c[nH]c2ccccc12,717,3,3963
12410,16160,CCc1ccc(Br)c(NC(=O)CN(CC)CC)c1,156,8,1796
12411,16161,CCCc1ccc(OCC(=O)N(C)OC)c(OC)c1,433,5,1286
12412,16163,O=[N+]([O-])c1ccc(N2CCN=N2)cc1,2170,1,16163
12413,16164,C1CNC(N2CCOCC2)=N1,2169,1,16164
12414,16165,O=C(O)c1cn(-c2ccc(F)cc2)c(-c2ccc(NCCO)cc2)cc1=O,2168,1,16165
12415,16166,O=C(O)c1cn(-c2ccc(F)cc2)c(C=Cc2cccnc2)cc1=O,2167,1,16166
12416,16167,C[N+](C)(C)CCCNC(=N)N,313,3,16150
12417,16168,CN(C)c1ccc(-c2cc(=O)c(C(=O)O)cn2-c2ccc(O)cc2)cc1,2166,1,16168
12418,16169,Cc1cc(O)ccc1-n1cc(C(=O)O)c(=O)cc1C1CCCCC1,2165,1,16169
12419,16171,C[N+](C)(C)CCCCNC(=N)N,312,5,16157
12420,16172,C=CCc1ccc(OCC(=O)N(C)OC)c(OC)c1,461,2,16172
12421,16174,Cc1ccc(Cc2cc(O)c(C(=O)O)c(O)c2)cc1,1176,2,16158
12422,16175,C=CCC(CC=C)(C(N)=O)c1ccc(OC)cc1,2164,1,16175
12423,16176,CCc1ccc(Cl)c(NC(=O)CCN(CC)CC)c1,156,8,1796
12424,16177,CCc1ccc(Br)c(NC(=O)CCN(CC)CC)c1,163,5,1797
12425,16178,O=C(NCN1CCN(CCOc2ccccc2)CC1)C1COc2ccccc2O1,2163,1,16178
12426,16179,O=C1CCC(=O)OCCOCCOCCOC(=O)CCC(=O)OCCOCCOCCO1,1175,2,11923
12427,16180,C[N+](C)(C)CCOCCCNC(=N)N,313,3,16150
12428,16182,N=C(N)c1ccc(S(=O)(=O)NC(Cc2ccccc2)C(=O)Nc2ccccc2)cc1,716,3,16182
12429,16183,Cc1ccc(S(=O)(=O)NC(Cc2ccccc2)C(=O)Nc2ccc(C(=N)N)cc2)cc1,716,3,16182
12430,16184,Cc1ccc(S(=O)(=O)NC(Cc2ccccc2)C(=O)Nc2cccc(C(=N)N)c2)cc1,716,3,16182
12431,16185,CC#CC(O)(C(=O)OC1CCCN(C)C1)c1ccccc1,321,5,2990
12432,16187,CC#CC(O)(C(=O)OC1CC2CCC(C1)N2C)c1ccccc1,715,2,13186
12433,16188,CCC#CC(O)(C(=O)OC1C2CCN(CC2)C1C)c1ccccc1,241,5,13129
12434,16190,C=C(C)C(O)(C(=O)OC1CCN(C)CC1)c1ccccc1,462,3,13131
12435,16191,C=C(C)C(O)(C(=O)OC1CN2CCC1CC2)c1ccccc1,64,12,3064
12436,16193,C#CCC(O)(C(=O)OC1CCN(C)CC1)c1ccccc1,1174,1,16193
12437,16194,CCC#CC(O)(C(=O)OC1CCN(C)CC1)c1ccccc1,69,11,5161
12438,16196,CCCCC#CC(O)(C(=O)ON1CCC(C)CC1)c1ccccc1,2162,1,16196
12439,16197,CCCCCC#CC(O)(C(=O)OC1CCN(C)CC1)c1ccccc1,69,11,5161
12440,16198,CCCCCC#CC(O)(C(=O)OC1CN2CCC1CC2)c1ccccc1,87,4,13143
12441,16204,CC#CC(O)(C(=O)OC1CN2CCC1CC2)C1CC1,1173,2,12798
12442,16205,O=C(OC1CN2CCC1CC2)C(O)(C#Cc1ccccc1)c1ccccc1,64,12,3064
12443,16208,C#CC(O)(C(=O)OC1CCN(C)CC1)c1ccccc1,69,11,5161
12444,16209,CC(=O)Oc1cc2c3c(c1)CCCN3CCC2,2161,1,16209
12445,16211,COc1ccc(CN2CCNCC2)cc1OC,1172,2,6143
12446,16212,C=C(C)C(O)(C(=O)OCC1=CCN(C)CC1)c1ccccc1,1171,2,13134
12447,16213,CN1CC=C(COC(=O)C(O)(C2=CCCC2)c2ccccc2)CC1,1170,2,13193
12448,16215,CN1CC=C(CCOC(=O)C(O)(c2ccccc2)C2CC2)CC1,1169,2,16215
12449,16216,CC(C)C(O)(C(=O)OCCC1=CCN(C)CC1)c1ccccc1,1169,2,16215
12450,16217,CC1=C(COC(=O)C(O)(c2ccccc2)C2CCCC2)CN(C)CC1,1168,2,13696
12451,16218,CCOC(=O)C1=C(C)CCN(C)C1,2160,1,16218
12452,16219,CC(C)C(O)(C(=O)OCC1=CCC2CCC1N2C)c1ccccc1,2159,1,16219
12453,16221,O=C(OCC1=CN2CCC1CC2)C(O)(c1ccccc1)c1ccccc1,714,3,16221
12454,16222,O=C(OCC1=CN2CCC1CC2)C(O)(C1=CCCC1)c1ccccc1,714,3,16221
12455,16223,C=C(C)C(O)(C(=O)OCC1=CN2CCC1CC2)c1ccccc1,714,3,16221
12456,16224,CC(C)C(O)(C(=O)OCC=C1CN2CCC1CC2)c1ccccc1,2158,1,16224
12457,16226,CCN1CCN(c2cc3c(cc2F)c(=O)c(C(=O)O)cn3C2CC2)CC1,694,2,573
12458,16227,CCN(CC)CC(=O)Nc1cccc2c1CCCC2,2157,1,16227
12459,16228,CCc1ccc(Br)c(NC(=O)CCCN(CC)CC)c1,163,5,1797
12460,16229,CCCc1ccc(OCC(=O)N(CC)OCC)c(OC)c1,433,5,1286
12461,16230,C=CCc1ccc(OCC(=O)N(CC)OCC)c(OC)c1,461,2,16172
12462,16232,CCc1cccc(NC(=O)CCN(CC)CC)c1,713,2,12477
12463,16233,CCn1cc(C(=O)O)c(=O)c2cc(F)c(-n3ccnc3)c(F)c21,2156,1,16233
12464,16234,CC[N+](C)(CC)CCCNC(=N)N,312,5,16157
12465,16236,CN1CCN(Cc2ccccc2Sc2ccccc2CO)CC1,2155,1,16236
12466,16237,CC(=O)c1cc(Cl)ccc1Sc1ccccc1C(=O)N1CCN(C)CC1,2154,1,16237
12467,16238,CCN(CC)CC(O)Cn1c2nc(=O)[nH]c(=O)c-2nc2cc(Cl)c(Cl)cc21,476,2,15633
12468,16239,COc1ccccc1OCCNCC(O)c1ccc(C)c(S(N)(=O)=O)c1,2153,1,16239
12469,16244,Oc1cccc2nc3c(O)c(Cl)ccc3nc12,1167,2,843
12470,16245,CC1(C)C=C(C(=O)NCCNC(=O)c2ccccc2C(=O)O)C(C)(C)N1,1166,2,16245
12471,16246,CC1(C)C=C(C(=O)NCCCNC(=O)c2ccccc2C(=O)O)C(C)(C)N1,1166,2,16245
12472,16247,CCOCCOc1ccccc1C(=O)NCCN1CCCC1,15,18,4231
12473,16248,CCN(CC)CCNC(=O)COc1cccc2ccccc12,2152,1,16248
12474,16249,CC1(C)C=C(C(=O)NCc2ccccc2)C(C)(C)N1,460,4,12498
12475,16250,CC1(C)C=C(C(=O)NCc2ccc(Cl)cc2)C(C)(C)N1,460,4,12498
12476,16251,CN(Cc1ccccc1)C(=O)C1=CC(C)(C)NC1(C)C,2151,1,16251
12477,16252,COc1ccc(CCNC(=O)C2=CC(C)(C)NC2(C)C)cc1OC,802,3,13620
12478,16253,CC1(C)C=C(C(=O)NCc2ccncc2)C(C)(C)N1,460,4,12498
12479,16256,CC1(C)C=C(C(=O)NC(c2ccccc2)c2ccccc2)C(C)(C)N1,2150,1,16256
12480,16258,Cc1cccc(C)c1NC(=O)C1=CC(C)(C)NC1(C)C,2149,1,16258
12481,16260,O=C(NNC1CCCCCCC1)c1ccncc1,223,6,4445
12482,16261,CC[N+](C)(CC)CCCCNC(=N)N,312,5,16157
12483,16262,O=C(O)c1cn(C2CC2)c2c(F)c(N3CCNCC3)c(F)cc2c1=O,245,6,160
12484,16264,CCCN1CCN(CC2CN(N=Cc3ccc([N+](=O)[O-])o3)C(=O)O2)CC1,1162,2,16264
12485,16265,CCCCOCCOc1ccccc1C(=O)NCCN1CCCC1,15,18,4231
12486,16266,C=CCN1CCN(C2CN(N=Cc3ccc([N+](=O)[O-])o3)C(=O)O2)CC1,2148,1,16266
12487,16267,c1ccc2c(c1)Sc1ccccc1C2CCCN1CCOCC1,2147,1,16267
12488,16268,CN1CC2CCCC(C1)[N+]2(C)C,2146,1,16268
12489,16270,COCCCn1c(=O)n(C)c(=O)c2[nH]cnc21,2145,1,16270
12490,16272,CCOC(=O)C(CC)(C(=O)NCCCN1CCCC1)c1ccccc1,162,7,12745
12491,16273,CC(=O)SCCC(=O)N1CCC(C(=O)O)CC1C(=O)O,1165,2,16273
12492,16274,CC(=O)SCCC(=O)N1CC(C(=O)O)CCC1C(=O)O,1165,2,16273
12493,16275,O=C(O)C1CCC(C(=O)O)N(C(=O)CCS)C1,2144,1,16275
12494,16276,Nc1nc2c(ccc3ccccc32)[nH]1,2143,1,16276
12495,16277,CC(c1ccc(Br)cc1)N(CCN(C)C)c1ccccn1,712,3,2251
12496,16278,CC(c1ccc(Cl)cc1)N(CCN(C)C)c1ccccn1,712,3,2251
12497,16280,CN(CCO)C1(c2ccccc2)CCCCC1,1164,2,13403
12498,16281,CCOC(=O)C(CC)(C(=O)NCCN1CCCC1)c1ccccc1,162,7,12745
12499,16282,CCOC1(c2ccco2)CCN(CCc2ccccc2)CC1C,2142,1,16282
12500,16283,C[N+]1(C)CC=C(N2CCOCC2)CC1,1163,2,13814
12501,16286,O=C(O)C=CC(=O)N/N=C/c1ccccc1,2141,1,16286
12502,16287,CCCCOCCCCOc1ccccc1C(=O)NCCN1CCCC1,15,18,4231
12503,16288,CCCCCCCCCC(=O)NS(=O)(=O)c1ccc(NC(C)=O)c2cccnc12,711,3,3063
12504,16290,CCOC(=O)C1(c2ccccc2)CCN(CCC(=N)N)CC1,11,21,298
12505,16291,CCCCN1CCN(CC2CN(N=Cc3ccc([N+](=O)[O-])o3)C(=O)O2)CC1,1162,2,16264
12506,16292,CC[N+](C)(CC)CCCCCNC(=N)N,312,5,16157
12507,16296,CCOC(=O)C1(c2ccccc2)CCN(CC(=O)c2ccccc2)CC1,11,21,298
12508,16298,CCCC(NC(C)C(=O)N1C(C(=O)O)CC2CCCCC21)C(=O)O,1127,3,483
12509,16299,CCN(CC)CCCN(Cc1ccccc1)C(=O)COc1ccc(Cl)cc1,1161,2,2190
12510,16301,COc1ccc(C(O)CCCN2CCN(c3ccccc3OC)CC2)cc1,1160,2,4504
12511,16302,CCOP(C)Oc1ccc2ccc[n+](C)c2c1,2140,1,16302
12512,16303,CN(C)CCC=C1c2ccccc2CSc2ccc(Br)cc21,25,15,79
12513,16304,CCN(CCCl)Cc1c2ccccc2cc2ccccc12,2139,1,16304
12514,16305,CN(C)CCC=C1c2ccccc2CSc2ccc(Cl)cc21,16,19,122
12515,16306,CCCCCCCCCCCC(=O)NS(=O)(=O)c1ccc(OCC)c2ncccc12,710,3,12455
12516,16308,Cc1cc(O)ccc1C=NNC1=NCCN1,2138,1,16308
12517,16310,CC(=O)NC1C(OC2CC(C(=O)NCCS(=O)(=O)O)NC2CO)OC(CO)C(OS(=O)(=O)O)C1O,1159,2,16310
12518,16313,CC(=O)NC1C(OC2CC(C(=O)O)NC2CO)OC(CO)C(OS(=O)(=O)O)C1O,1159,2,16310
12519,16315,CCOC(=O)C(CC)(C(=O)NCCN1CCCCCC1)c1ccccc1,162,7,12745
12520,16316,CCOC(=O)C(CC)(C(=O)NCCCN1CCCCC1)c1ccccc1,162,7,12745
12521,16317,OCC1(c2ccccc2)CCN(CC(c2ccccc2)c2ccccc2)CC1,2137,1,16317
12522,16318,O=C1CN2Cc3cc(N4CCCCC4)ccc3N=C2N1,2136,1,16318
12523,16319,CCN(CC)CC(=O)NCc1cc(N)ccc1OCCc1ccccc1,2135,1,16319
12524,16320,CCN(CC)CCOc1c(Br)cc(N)cc1OC,161,7,12478
12525,16321,CN(C)CCOC(c1ccc(F)cc1)c1ccc(F)cc1,1131,3,562
12526,16323,Fc1ccc(C(OCCN2CCCC2)c2ccc(F)cc2)cc1,709,3,10181
12527,16324,Fc1ccc(C(OCCN2CCCC2)c2ccc(Br)cc2)cc1,709,3,10181
12528,16325,CC(OCCN1CCCC1)(c1ccc(F)cc1)c1ccc(F)cc1,1158,2,14166
12529,16327,CCN(CC)CCOc1c(Cl)cc(N)cc1OC,161,7,12478
12530,16328,CCN(CC)CCn1cnc2c1c(=S)n(C)c(=O)n2C,628,3,1522
12531,16329,C[N+]1(CCCCNC(=N)N)CCCCC1,2134,1,16329
12532,16332,Cn1c(=O)c2[nH]c(C3CCNCC3)nc2n(C)c1=O,459,4,2018
12533,16333,N=C(N)NC1C(O)C(N)C(O)C(OC2OC(CO)C(O)C3OC4(OC(C(N)CO)C(O)C(O)C4O)OC23)C1O,2133,1,16333
12534,16334,CCN1CC2CN(C)CC(C1)C2OC(=O)c1ccc(Cl)cc1,2132,1,16334
12535,16335,CCC1CCCC(CC)C(=O)NCCCC(CC)C(OC2OC(C)C(O)C(N)C2O)CC1,1157,2,14798
12536,16338,Cn1cnc(S(=O)(=O)O)c1Cl,2131,1,16338
12537,16339,Cn1cnc(S(=O)(=O)NCCCN2CCOCC2)c1,708,3,16339
12538,16340,Cn1cnc(S(=O)(=O)NCCCCN2CCOCC2)c1,708,3,16339
12539,16342,Cn1cnc(S(=O)(=O)NCc2ccc(CN3CCOCC3)cc2)c1,2130,1,16342
12540,16343,Cn1ccnc1S(=O)(=O)NCCCN1CCOCC1,1156,2,16343
12541,16344,Cn1ccnc1S(=O)(=O)NCCN1CCOCC1,1156,2,16343
12542,16345,Cn1cnc(S(=O)(=O)NCCCN2CCOCC2)c1Cl,1155,2,16345
12543,16346,Cn1cnc(S(=O)(=O)NCCCCCN2CCOCC2)c1Cl,1155,2,16345
12544,16347,Cn1cncc1S(=O)(=O)NCCCN1CCOCC1,2129,1,16347
12545,16348,Cn1cnc(S(=O)(=O)NCCC[N+]2(C)CCOCC2)c1,708,3,16339
12546,16352,C=CCOC(=O)Nc1ccc(NCc2ccc(F)cc2)nc1N,2128,1,16352
12547,16362,CCCCC=CCC1C(O)CC(O)C1C=CC(O)CCCCC(=O)O,698,4,141
12548,16373,COc1c2c(c(O)c3c1C(O)Cc1cc4c(c(O)c1-3)C(=O)OC(C)C4)C(=O)c1cccc(O)c1C2=O,1154,2,16373
12549,16374,COc1c2c(c(O)c3c1C(O)Cc1cc(CC(C)O)c(C(=O)O)c(O)c1-3)C(=O)c1cccc(O)c1C2=O,2127,1,16374
12550,16375,COc1c2c(c(O)c3c1C(OC(C)=O)Cc1cc4c(c(O)c1-3)C(=O)OC(C)C4)C(=O)c1cccc(O)c1C2=O,1154,2,16373
12551,16377,CC1(C)Cc2ccccc2C(NCC(=O)O)=N1,707,3,16377
12552,16378,CC1(C)Cc2ccccc2C(NCCC(=O)O)=N1,707,3,16377
12553,16379,CC1(C)Cc2ccccc2C(NCCCCCC(=O)O)=N1,707,3,16377
12554,16380,CC(C)CC(NC1=NC(C)(C)Cc2ccccc21)C(=O)O,706,3,16380
12555,16381,CC(NC1=NC(C)(C)Cc2ccccc21)C(=O)O,706,3,16380
12556,16382,CC1(C)Cc2ccccc2C(NC(Cc2ccccc2)C(=O)O)=N1,706,3,16380
12557,16385,COC(=O)C1=C(C)NC(C)=C(C(=O)OCCc2ccc(N3CCN(C(c4ccccc4)c4ccccc4)CC3)cc2)C1c1cccc([N+](=O)[O-])c1,2126,1,16385
12558,16386,CCCCCCCCCNCCNC(C)=O,318,5,3097
12559,16387,O=C(O)c1ccc(OCCn2cnc3ccccc32)cc1,2125,1,16387
12560,16388,Cc1nc2ccccc2n1CCOc1ccc(C(=O)O)cc1,2124,1,16388
12561,16393,COc1ccc(O)c2c1C(=O)c1cc3c(c(O)c1C2=O)C(OC1CC(C)(N(C)C)C(O)C(C)O1)C(OC)C(C)(O)C3O,2123,1,16393
12562,16395,CNC(=O)Oc1cc([N+](C)(C)C)ccc1C1CCCCC1,2122,1,16395
12563,16397,OCc1ccccc1,2121,1,16397
12564,16399,NCc1ccccc1,2120,1,16399
12565,16400,OC(CCN1CCCCC1)(c1ccccc1)c1ccccc1,222,6,142
12566,16402,O=C(O)C1CCNCC1,2119,1,16402
12567,16403,c1ccc(Cc2ccncc2)cc1,2118,1,16403
12568,16404,c1ccc(CC2CCNCC2)cc1,2117,1,16404
12569,16405,CC(C)Cc1ccc(C(=O)O)cc1,2116,1,16405
12570,16406,CCCCCCc1ccc(C(=O)O)cc1,453,4,16406
12571,16407,CCCCCCCCc1ccc(C(=O)O)cc1,453,4,16406
12572,16408,CCC(=O)OC1(c2ccccc2)CCN(C)CC1C,2115,1,16408
12573,16409,CCN(CC)CCOC(=O)C1(c2ccccc2)CCCC1,70,11,108
12574,16410,O=C(O)C1CCCCN1,2114,1,16410
12575,16411,NCCc1ccccc1,1153,2,2462
12576,16412,CC(Cc1ccccc1)NN,2113,1,16412
12577,16413,CNC(=O)Oc1cc(C)ccc1C(C)C,2112,1,16413
12578,16414,C=c1[nH]/c(=C/c2[nH]c(-c3ccc[nH]3)cc2OC)cc1CCCCC,2111,1,16414
12579,16415,CCOC(=O)Nc1ccccc1,297,6,4034
12580,16416,O=C(C1CCCCC1)C1CCCCC1,2110,1,16416
12581,16417,CNCCc1ccc(O)cc1,2109,1,16417
12582,16418,C[N+](C)(C)Cc1ccco1,2108,1,16418
12583,16419,CN1C2CCC1CC(OC(=O)C(c1ccccc1)c1ccccc1)C2,458,4,1574
12584,16420,CCN(CC)CCOC(=O)N(c1ccccc1)c1ccccc1,1152,2,15135
12585,16421,OC(C#CCN1CCCCC1)(c1ccccc1)c1ccccc1,1151,2,2025
12586,16422,Cc1cc(=O)cc(C)o1,2107,1,16422
12587,16423,N#CC(C#N)=C1CCC(=C(C#N)C#N)CC1,1150,2,3242
12588,16424,Cn1ccccc1=S,2106,1,16424
12589,16425,O=P12OCC(c3ccccc3)(CO1)CO2,2105,1,16425
12590,16427,CC1(c2ccccc2)OCC(CO)O1,2104,1,16427
12591,16428,Cc1ccc(C(C)C)c(OCC(O)CNC(C)C)c1,401,5,5729
12592,16430,CN(C)CCC(O)(c1ccccc1)c1ccccc1,457,4,125
12593,16431,CC[N+](C)(CC)CC[N+]1(C)Cc2ccccc2C1,2103,1,16431
12594,16432,Cn1c(=S)c2[nH]c(SCc3cccnc3)nc2n(C)c1=O,456,4,3848
12595,16434,O=C1c2ccccc2C(=O)N1CCCN1CCOCC1,2102,1,16434
12596,16435,Cc1ccc(NC(=O)C2CCCCC2)cc1,2101,1,16435
12597,16437,CCN(CC)CCC(O)(c1ccccc1)C1CCCCC1,2100,1,16437
12598,16438,O=C(Nc1ccccc1)Oc1c(Cl)cc(Cl)c(Cl)c1[N+](=O)[O-],455,4,4788
12599,16439,Cc1cccc(NC(=O)NCCCl)c1,705,3,4622
12600,16440,CN(C)CCC(c1ccccc1)C1CCCCC1,2099,1,16440
12601,16441,CC(Cc1ccccc1)N1CCN(c2ccccc2)CC1,116,9,4597
12602,16442,C1CCC(N2CCN(C3CCCCC3)CC2)CC1,1149,2,15241
12603,16443,CCC(O)C(CC(C)N(C)C)(c1ccccc1)c1ccccc1,2098,1,16443
12604,16444,CCOC(=O)C1(c2ccccc2)CCN(CCOc2ccccc2)CC1,11,21,298
12605,16445,O=C(OC1CCCCC1)N1CCN(CCNc2ccccc2)CC1,2097,1,16445
12606,16446,CCN(CC)CC(=O)NC(c1ccccc1)C1CCCCC1,394,5,5658
12607,16447,CCCNC(C)C(=O)NC(c1ccccc1)C1CCCCC1,280,6,5659
12608,16448,COc1ccc(CCCCNCCSS(=O)(=O)O)cc1,2096,1,16448
12609,16449,S=C(NCCN1CCOCC1)NC1CCCCC1,2095,1,16449
12610,16451,Cc1ccccc1NC1=NCCO1,704,3,6271
12611,16452,O=C(CCN1CC1)OC1CCCCC1,454,4,6367
12612,16453,CC(C)OC(=O)N1CCN(CCN(C(=O)OC(C)C)C2CCCCC2)CC1,391,3,6404
12613,16454,CCCCCc1ccc(C(=O)O)cc1,453,4,16406
12614,16455,c1ccc(NC2=NCCO2)cc1,1148,2,14144
12615,16456,CCN(CC)CCOC(=O)C1CCC(C)CC1,1147,2,6899
12616,16457,c1ccc2c3c([nH]c2c1)C(c1ccncc1)NCC3,66,12,2895
12617,16459,O=C1C(C2CCCCC2)C(=O)N(c2ccccc2)N1c1ccccc1,2094,1,16459
12618,16460,COc1ccc(C(O)C(C)N2CCC(Cc3ccccc3)CC2)cc1,1146,2,7453
12619,16461,CCN(CC)CCOC(=O)c1cccc(C)c1,598,3,6900
12620,16462,O=C(O)c1ccc(CC2CCCC2)cc1,2093,1,16462
12621,16463,O=C(Nc1ccccc1)NC1CCC(CC2CCCCC2)CC1,1145,2,13907
12622,16464,CCCCCCCCCc1ccc(C(=O)O)cc1,453,4,16406
12623,16465,CCCC(C)Cc1ccc(C(=O)O)cc1,2092,1,16465
12624,16466,C#CC(CC)(CC)N1CC(OC(=O)Nc2ccccc2)C1,703,3,9064
12625,16468,CCN(CC)CCOC(=O)c1ccccc1C,2091,1,16468
12626,16469,CCN1CCCC(OC(=O)C(O)(c2ccccc2)C2CCCCC2)C1,702,2,9540
12627,16470,CN1C2CCC(OC(=O)C(O)(c3ccccc3)c3ccccc3)C1CC2,160,7,9805
12628,16471,Cc1cccc(NC2=NCCO2)c1,701,3,13512
12629,16473,Cc1ccc(Cc2c[nH]c(NCCSCc3nccs3)nc2=O)cn1,10,21,9276
12630,16474,CCN(CC)CCN1Cc2ccccc2C1,1144,1,16474
12631,16475,CCNC(Cc1ccccc1)c1ccco1,700,3,15212
12632,16476,COc1c(NC(=O)c2ccccc2)c(OCCN2CCCCC2)c(OC)c2occc12,1,42,9883
12633,16477,C1CCC2C(C1)CCCC2NC1=NCCO1,2090,1,16477
12634,16478,O=C(OCCN1C2CCCC1CCC2)C(O)(c1ccccc1)c1ccccc1,178,7,3302
12635,16480,O=C(OCCSc1ccccc1)c1cccnc1,14,19,2849
12636,16481,c1ccc(CN(CCN2CCCCC2)c2ccccc2)cc1,1143,2,5965
12637,16482,CN1C(=O)N(C2CCCCC2)C2(CCN(CCCC(=O)c3ccc(F)cc3)CC2)C1=O,239,5,2687
12638,16483,CC(=O)NC1CCC(Cc2ccccc2)CC1,2089,1,16483
12639,16486,CS(=O)(=O)Nc1ncc(C(F)(F)F)cc1NC(=O)C1CCCCC1,13,19,14928
12640,16488,CCN(CC)CC(=O)Nc1ccccc1,81,10,4641
12641,16489,c1ccc(C(CCN2CCCCC2)c2ccccc2)cc1,452,4,2880
12642,16490,Cn1cc(CCc2ccncc2)c2ccccc21,2088,1,16490
12643,16491,Cc1c(NC(=S)Nc2ccccc2)c(=O)n(-c2ccccc2)n1C,80,10,11325
12644,16492,CN(C)CCOC(=O)COc1ccccc1,310,6,746
12645,16493,CC1CCCCN1CCCOC(=O)Cc1ccccc1,4,26,9521
12646,16494,CCCC#CC(O)(C(=O)OC1CCN(C)CC1)c1ccccc1,69,11,5161
12647,16495,CN1CCC(OC(=O)C(O)(C#Cc2ccccc2)c2ccccc2)CC1,69,11,5161
12648,16496,N=C(N)NCCN1CCCCCCC1,2087,1,16496
12649,16498,Nc1nc(=O)c2ncn(COC(CO)CO)c2[nH]1,2086,1,16498
