ligand_id,Butina_clusters
1,1947.0
2,8240.0
3,2099.0
4,1115.0
5,8239.0
6,8238.0
8,8237.0
9,8236.0
10,8235.0
11,8234.0
12,234.0
13,8233.0
14,2117.0
15,2124.0
16,139.0
18,2108.0
19,8232.0
20,441.0
21,8231.0
22,2133.0
23,705.0
24,121.0
25,8230.0
26,8229.0
27,8228.0
28,718.0
29,8227.0
30,1162.0
31,2132.0
32,8226.0
33,2054.0
34,8225.0
35,8224.0
36,704.0
37,2132.0
39,8223.0
40,8222.0
41,8221.0
42,8220.0
43,8219.0
44,8218.0
45,8217.0
46,8216.0
47,33.0
48,8215.0
49,8214.0
50,1118.0
51,618.0
52,8213.0
53,8212.0
54,33.0
55,8211.0
56,8210.0
57,8209.0
58,8208.0
59,1625.0
60,8207.0
62,2103.0
63,1161.0
64,8206.0
65,8205.0
66,8204.0
67,8203.0
68,8202.0
69,33.0
70,8201.0
71,8200.0
72,2116.0
73,1482.0
74,8199.0
75,8198.0
76,8197.0
77,8196.0
78,2128.0
79,20.0
80,8195.0
81,8194.0
82,10.0
83,8193.0
84,8192.0
85,8191.0
86,8190.0
88,8189.0
90,2129.0
91,8188.0
92,1593.0
93,8187.0
94,5.0
95,8186.0
96,8185.0
97,8184.0
98,2110.0
100,8183.0
101,8182.0
103,8181.0
104,8180.0
105,1132.0
106,8179.0
108,71.0
109,2123.0
111,1158.0
112,2131.0
113,73.0
114,73.0
115,8178.0
116,8177.0
118,2119.0
119,8176.0
121,8175.0
122,13.0
123,8174.0
124,8173.0
125,465.0
126,716.0
127,397.0
128,2130.0
129,1462.0
130,8172.0
131,2129.0
134,39.0
135,8171.0
136,716.0
138,8170.0
139,211.0
140,8169.0
141,717.0
142,239.0
144,8168.0
145,8167.0
148,479.0
149,1160.0
150,1802.0
151,8166.0
152,43.0
153,8165.0
155,8164.0
157,8163.0
158,2048.0
159,1042.0
160,371.0
161,8162.0
162,716.0
163,2121.0
164,8161.0
165,2128.0
166,237.0
170,8160.0
171,1736.0
173,28.0
175,8159.0
178,8158.0
179,324.0
180,8157.0
182,25.0
184,8156.0
189,8155.0
190,8154.0
194,8153.0
195,8152.0
196,8151.0
197,8150.0
200,2127.0
201,1811.0
202,56.0
203,8149.0
204,8148.0
206,975.0
207,1677.0
208,8147.0
210,8146.0
211,8145.0
213,8144.0
215,1223.0
216,8143.0
217,325.0
218,48.0
219,1262.0
221,96.0
222,8142.0
225,8141.0
226,25.0
227,325.0
228,1762.0
229,445.0
230,26.0
231,876.0
233,8140.0
234,2104.0
236,8139.0
237,2126.0
240,2125.0
241,181.0
243,8138.0
244,8137.0
245,8136.0
246,8135.0
248,189.0
249,26.0
250,261.0
251,8134.0
253,166.0
254,166.0
256,8133.0
257,8132.0
258,2124.0
259,8131.0
260,8130.0
261,8129.0
262,8128.0
263,1148.0
264,8127.0
265,8126.0
266,8125.0
268,26.0
269,8124.0
270,2123.0
271,8123.0
272,21.0
273,8122.0
274,88.0
275,8121.0
276,8120.0
279,99.0
280,64.0
281,8119.0
283,8118.0
284,2073.0
287,1159.0
288,8117.0
289,8116.0
292,707.0
293,46.0
294,211.0
295,684.0
298,10.0
299,2122.0
300,56.0
301,21.0
302,8115.0
303,8114.0
306,877.0
307,707.0
310,283.0
312,26.0
313,8113.0
317,8112.0
318,8111.0
320,8110.0
321,8109.0
322,1151.0
323,8108.0
324,8107.0
325,33.0
326,21.0
327,8106.0
328,56.0
332,8105.0
333,8104.0
334,673.0
335,8103.0
336,8102.0
337,8101.0
338,8100.0
339,8099.0
340,143.0
343,8098.0
344,1201.0
345,8097.0
346,8096.0
348,8095.0
350,8094.0
352,251.0
353,8093.0
356,8092.0
357,459.0
358,1730.0
359,1158.0
360,8091.0
361,458.0
362,715.0
363,1151.0
364,8090.0
365,2121.0
366,8089.0
368,8088.0
370,8087.0
372,8086.0
374,8085.0
375,8084.0
376,1157.0
377,1807.0
378,8083.0
379,2096.0
380,245.0
381,8082.0
382,717.0
383,2092.0
386,1304.0
388,8081.0
389,1212.0
391,8080.0
392,8079.0
393,8078.0
394,1156.0
395,47.0
396,714.0
397,8077.0
398,8076.0
399,8075.0
400,8074.0
401,8073.0
402,2111.0
403,8072.0
404,8071.0
405,8070.0
406,238.0
407,8069.0
408,8068.0
410,8067.0
411,8066.0
412,8065.0
414,1523.0
415,8064.0
416,2120.0
417,8063.0
418,324.0
420,1081.0
421,8062.0
422,8061.0
423,8060.0
424,1.0
425,1.0
426,8059.0
427,8058.0
428,8057.0
429,8056.0
431,877.0
432,8055.0
433,2119.0
434,1917.0
436,8054.0
437,423.0
438,8053.0
440,2074.0
442,8052.0
446,8051.0
447,323.0
448,8050.0
449,460.0
450,8049.0
451,8048.0
452,8047.0
454,8046.0
456,1155.0
457,8045.0
459,8044.0
461,1881.0
462,1937.0
463,26.0
466,8043.0
467,8042.0
468,8041.0
469,2091.0
470,8040.0
471,864.0
472,8039.0
473,8038.0
474,609.0
475,1120.0
476,8037.0
477,8036.0
478,8035.0
479,8034.0
480,8033.0
481,8032.0
482,98.0
483,1149.0
486,2086.0
487,8031.0
488,8030.0
489,8029.0
490,684.0
491,8028.0
492,8027.0
493,1691.0
494,1148.0
495,8026.0
496,1154.0
497,8025.0
498,8024.0
499,8023.0
500,8022.0
501,8021.0
502,8020.0
503,1154.0
506,8019.0
507,8018.0
508,8017.0
509,1558.0
510,2031.0
511,26.0
512,2118.0
513,8016.0
514,8015.0
515,25.0
516,8014.0
519,838.0
520,8013.0
521,8012.0
523,8011.0
524,1271.0
525,8010.0
526,8009.0
527,47.0
528,8008.0
529,8007.0
530,8006.0
531,8005.0
532,2117.0
533,765.0
534,8004.0
535,8003.0
537,8002.0
540,1081.0
541,8001.0
542,2116.0
544,8000.0
546,737.0
547,7999.0
548,7998.0
551,7997.0
553,46.0
554,7996.0
556,7995.0
559,1444.0
562,1153.0
564,7994.0
565,7993.0
566,1152.0
567,7992.0
568,7991.0
569,7990.0
573,325.0
574,7989.0
579,2115.0
580,7988.0
583,371.0
584,1146.0
585,2115.0
586,7987.0
587,7986.0
589,7985.0
591,1153.0
592,7984.0
593,7983.0
594,7982.0
595,7981.0
596,459.0
597,280.0
598,1151.0
599,7980.0
600,143.0
601,1679.0
602,859.0
603,1989.0
604,280.0
605,2113.0
607,245.0
608,125.0
609,323.0
611,7979.0
612,323.0
613,1921.0
614,7978.0
615,7977.0
616,1638.0
617,7976.0
618,7975.0
619,7974.0
620,2075.0
621,7973.0
622,1804.0
623,455.0
624,7972.0
625,7971.0
626,7970.0
627,322.0
629,1002.0
630,7969.0
631,1565.0
633,1146.0
634,7968.0
637,7967.0
638,96.0
640,1150.0
641,73.0
642,7966.0
643,7965.0
645,1913.0
646,7964.0
647,7963.0
648,7962.0
649,7961.0
650,7960.0
651,7959.0
653,7958.0
655,7957.0
658,1012.0
659,12.0
660,7956.0
664,1149.0
666,7955.0
667,1851.0
668,7954.0
669,2029.0
670,7953.0
671,7952.0
672,1148.0
674,1973.0
676,705.0
677,2114.0
678,7951.0
679,458.0
680,7950.0
681,7949.0
682,1147.0
683,7948.0
684,7947.0
686,2113.0
687,459.0
688,869.0
689,7946.0
690,7945.0
691,7944.0
694,2112.0
695,7943.0
696,7942.0
697,237.0
698,2111.0
699,7941.0
700,713.0
701,7940.0
702,1876.0
703,7939.0
704,1939.0
705,859.0
706,125.0
707,7938.0
708,7937.0
709,1955.0
710,1847.0
711,1146.0
712,21.0
714,7936.0
716,7935.0
718,7934.0
719,7933.0
721,2110.0
722,7932.0
724,1480.0
725,484.0
726,165.0
727,7931.0
728,20.0
729,7930.0
730,7929.0
731,7928.0
734,7927.0
735,7926.0
738,17.0
740,1280.0
743,7925.0
744,25.0
745,7924.0
746,321.0
747,7923.0
748,7922.0
751,7921.0
752,7920.0
753,280.0
754,1139.0
755,459.0
756,2109.0
757,1979.0
759,7919.0
761,1936.0
762,7918.0
763,49.0
764,7917.0
766,712.0
767,1145.0
768,712.0
769,712.0
770,7916.0
771,7915.0
772,712.0
773,7914.0
774,392.0
776,7913.0
778,1303.0
780,7912.0
781,7911.0
782,1944.0
783,7910.0
786,7909.0
787,319.0
789,97.0
790,19.0
791,7908.0
792,1915.0
793,2036.0
795,7907.0
796,7906.0
797,7905.0
798,7904.0
799,222.0
800,1111.0
801,226.0
802,7903.0
803,7902.0
804,7901.0
805,17.0
806,7900.0
807,7899.0
809,7898.0
810,349.0
811,169.0
812,7897.0
813,7896.0
814,7895.0
815,1880.0
816,7894.0
818,49.0
819,287.0
820,19.0
821,7893.0
822,7892.0
823,7891.0
825,7890.0
827,7889.0
828,453.0
829,2108.0
830,7888.0
831,7887.0
832,7886.0
833,234.0
834,7885.0
835,7884.0
836,7883.0
837,7882.0
838,7881.0
840,168.0
841,7880.0
842,7879.0
843,1190.0
844,96.0
845,1908.0
846,7878.0
847,7877.0
848,7876.0
849,7875.0
850,711.0
851,711.0
852,287.0
854,36.0
855,7874.0
856,7873.0
858,7871.0
859,1872.0
860,7870.0
861,7869.0
862,7868.0
863,7867.0
864,7866.0
865,7865.0
867,7864.0
868,7863.0
871,7861.0
872,2107.0
873,10.0
874,7860.0
875,7859.0
877,7858.0
879,7857.0
880,281.0
881,7856.0
882,1963.0
883,7855.0
884,7854.0
886,7853.0
887,7852.0
888,7851.0
889,7850.0
890,7849.0
891,7848.0
892,7847.0
893,2095.0
895,7846.0
896,2106.0
897,7845.0
898,7844.0
899,7843.0
901,7842.0
902,7841.0
903,1118.0
904,7840.0
905,7839.0
906,7838.0
907,7837.0
908,7836.0
910,7835.0
911,7834.0
912,7833.0
915,7832.0
916,7831.0
917,1893.0
918,7830.0
920,7829.0
921,7828.0
922,7827.0
923,7826.0
924,1276.0
925,7825.0
926,7824.0
927,7823.0
928,7822.0
929,2100.0
930,7821.0
931,169.0
932,7820.0
934,7819.0
936,7818.0
937,7817.0
938,7816.0
939,7815.0
940,7814.0
941,7813.0
944,2105.0
945,2105.0
946,7812.0
947,1137.0
948,7811.0
949,7810.0
950,7809.0
951,7808.0
952,7807.0
954,7806.0
955,7805.0
956,1632.0
957,7804.0
958,7803.0
959,703.0
960,2104.0
961,7802.0
962,7801.0
964,2103.0
965,7800.0
966,1916.0
967,7799.0
968,7798.0
969,7797.0
970,1144.0
971,7796.0
972,7795.0
973,1143.0
974,7794.0
975,7793.0
977,7792.0
978,7791.0
979,677.0
980,7790.0
981,7789.0
982,7788.0
983,7787.0
984,7786.0
985,7785.0
986,7784.0
987,2009.0
988,7783.0
989,7782.0
990,7781.0
991,1142.0
993,7780.0
994,7779.0
997,7778.0
998,7777.0
999,1089.0
1001,1142.0
1002,1142.0
1005,7774.0
1006,2019.0
1007,7773.0
1008,7772.0
1009,7771.0
1010,7770.0
1011,7769.0
1012,7768.0
1013,7767.0
1014,7766.0
1015,7765.0
1016,7764.0
1017,7763.0
1019,7762.0
1020,2102.0
1021,7761.0
1023,1621.0
1024,7760.0
1025,7759.0
1026,7758.0
1027,7757.0
1028,7756.0
1029,7755.0
1030,7754.0
1031,7753.0
1032,7752.0
1033,7751.0
1034,7750.0
1035,1244.0
1036,448.0
1037,7749.0
1038,7748.0
1039,7747.0
1040,7746.0
1041,7745.0
1042,7744.0
1043,7743.0
1044,7742.0
1045,7741.0
1046,395.0
1048,1611.0
1049,7740.0
1050,7739.0
1051,7738.0
1052,7737.0
1053,7736.0
1056,7734.0
1057,7733.0
1058,7732.0
1059,7731.0
1060,7730.0
1061,7729.0
1062,7728.0
1063,7727.0
1064,7726.0
1065,7725.0
1066,235.0
1067,828.0
1068,7724.0
1069,7723.0
1070,7722.0
1071,7721.0
1072,7720.0
1073,7719.0
1074,2101.0
1075,2098.0
1076,7718.0
1077,1470.0
1078,33.0
1079,7717.0
1080,7716.0
1081,711.0
1082,1141.0
1083,7715.0
1084,320.0
1085,235.0
1086,828.0
1087,711.0
1088,875.0
1089,33.0
1090,7714.0
1091,33.0
1092,7713.0
1093,33.0
1094,1141.0
1095,320.0
1097,1121.0
1098,97.0
1099,1962.0
1100,790.0
1101,1587.0
1102,7712.0
1103,7711.0
1104,1140.0
1106,713.0
1107,7710.0
1108,2100.0
1109,679.0
1110,7709.0
1111,7708.0
1112,7707.0
1113,1941.0
1114,7706.0
1116,7705.0
1117,7704.0
1118,7703.0
1119,7702.0
1120,7701.0
1121,7700.0
1122,7699.0
1123,7698.0
1124,7697.0
1125,1954.0
1126,1083.0
1127,7696.0
1128,7695.0
1129,7694.0
1130,2099.0
1131,7693.0
1132,7692.0
1133,277.0
1134,7691.0
1135,7690.0
1136,7689.0
1137,2098.0
1139,2087.0
1141,7687.0
1142,2094.0
1143,2097.0
1144,2097.0
1147,511.0
1148,7686.0
1149,2096.0
1150,7685.0
1151,7684.0
1152,226.0
1153,2095.0
1154,121.0
1155,7683.0
1157,1013.0
1159,1011.0
1160,2027.0
1161,710.0
1162,1020.0
1164,7682.0
1165,7681.0
1166,457.0
1167,7680.0
1168,7679.0
1169,7678.0
1170,1085.0
1171,7677.0
1172,7676.0
1173,713.0
1174,231.0
1175,1139.0
1176,7675.0
1177,96.0
1178,7674.0
1180,7673.0
1181,7672.0
1182,7671.0
1183,7670.0
1184,7669.0
1185,7668.0
1186,637.0
1187,1725.0
1188,7667.0
1189,55.0
1190,55.0
1192,7666.0
1193,7665.0
1194,7664.0
1195,7663.0
1198,7662.0
1199,7661.0
1200,7660.0
1203,7659.0
1204,7658.0
1205,7657.0
1206,7656.0
1207,7655.0
1208,7654.0
1209,7653.0
1210,7652.0
1211,7651.0
1212,7650.0
1213,7649.0
1214,7648.0
1215,33.0
1216,235.0
1217,498.0
1218,33.0
1219,875.0
1220,2094.0
1221,709.0
1222,7647.0
1224,7646.0
1225,7645.0
1226,7644.0
1227,7643.0
1228,1140.0
1229,7642.0
1232,7641.0
1233,55.0
1234,7640.0
1235,7639.0
1236,498.0
1238,1894.0
1239,7637.0
1240,7636.0
1241,7635.0
1242,7634.0
1243,7633.0
1244,7632.0
1245,7631.0
1246,7630.0
1247,7629.0
1248,7628.0
1249,7627.0
1250,7626.0
1251,7625.0
1252,7624.0
1253,7623.0
1254,7622.0
1255,7621.0
1256,7620.0
1257,7619.0
1258,2093.0
1259,2093.0
1260,7618.0
1261,2092.0
1262,7617.0
1263,7616.0
1264,7615.0
1266,7614.0
1267,7613.0
1268,2091.0
1270,1138.0
1271,708.0
1272,7612.0
1273,7611.0
1274,17.0
1275,7610.0
1276,7609.0
1277,7608.0
1279,7607.0
1280,707.0
1281,7606.0
1282,7605.0
1283,7604.0
1284,7603.0
1285,1911.0
1286,443.0
1287,7602.0
1289,7601.0
1290,2090.0
1292,7600.0
1293,7599.0
1295,7598.0
1296,7597.0
1297,2089.0
1298,2089.0
1299,374.0
1300,319.0
1301,7596.0
1302,7595.0
1303,1006.0
1304,7594.0
1305,7593.0
1306,1122.0
1307,7592.0
1308,1110.0
1309,7591.0
1310,7590.0
1311,7589.0
1312,7588.0
1313,7587.0
1314,7586.0
1315,7585.0
1316,2088.0
1317,2088.0
1318,7584.0
1319,7583.0
1320,7582.0
1321,2087.0
1322,33.0
1323,2086.0
1324,7581.0
1326,740.0
1327,1967.0
1328,7580.0
1329,1781.0
1330,456.0
1331,7579.0
1332,7578.0
1333,2069.0
1334,7577.0
1335,1423.0
1336,7576.0
1337,42.0
1338,7575.0
1339,7574.0
1340,2024.0
1341,7573.0
1342,7572.0
1343,7571.0
1344,7570.0
1345,2026.0
1346,7569.0
1347,7568.0
1348,1157.0
1349,7567.0
1351,7566.0
1352,2066.0
1353,7565.0
1354,7564.0
1355,7563.0
1358,7562.0
1359,7561.0
1360,1105.0
1361,7560.0
1362,2085.0
1363,7559.0
1364,7558.0
1365,7557.0
1366,1092.0
1367,685.0
1368,7556.0
1369,7555.0
1370,7554.0
1371,2078.0
1372,245.0
1373,7553.0
1375,7552.0
1377,7551.0
1378,7550.0
1379,7549.0
1380,7548.0
1381,706.0
1382,7547.0
1383,7546.0
1385,7545.0
1386,7544.0
1387,706.0
1388,7543.0
1389,2085.0
1390,7542.0
1391,7541.0
1392,7540.0
1393,7539.0
1394,7538.0
1395,7537.0
1396,7536.0
1397,7535.0
1398,7534.0
1399,7533.0
1401,7532.0
1402,7531.0
1403,7530.0
1404,7529.0
1405,322.0
1406,322.0
1407,1728.0
1408,121.0
1410,7528.0
1411,2084.0
1412,7527.0
1413,7526.0
1415,1.0
1416,10.0
1417,2083.0
1418,907.0
1419,7525.0
1420,441.0
1422,7524.0
1423,7523.0
1424,322.0
1425,322.0
1426,7522.0
1427,2082.0
1428,2081.0
1429,455.0
1430,7521.0
1431,455.0
1432,686.0
1433,2080.0
1434,165.0
1435,7520.0
1436,7519.0
1437,718.0
1438,7518.0
1439,705.0
1440,280.0
1441,7517.0
1442,7516.0
1443,7515.0
1444,7514.0
1445,704.0
1446,2077.0
1447,1085.0
1448,718.0
1449,7513.0
1450,7512.0
1451,7511.0
1452,7510.0
1453,7509.0
1454,1933.0
1455,7508.0
1456,7507.0
1457,7506.0
1458,7505.0
1459,220.0
1460,2070.0
1461,7504.0
1462,454.0
1463,264.0
1464,7503.0
1466,1096.0
1467,7502.0
1468,7501.0
1469,7500.0
1470,2079.0
1471,2079.0
1472,7499.0
1474,7498.0
1475,1236.0
1476,7497.0
1478,7496.0
1479,7495.0
1480,7494.0
1481,1889.0
1482,7493.0
1483,7492.0
1484,695.0
1485,7491.0
1486,7490.0
1487,7489.0
1488,7488.0
1489,7487.0
1490,7486.0
1491,7485.0
1492,2059.0
1493,33.0
1494,7484.0
1496,2078.0
1497,1155.0
1498,49.0
1499,7483.0
1500,453.0
1501,453.0
1502,7482.0
1504,1980.0
1505,323.0
1506,7481.0
1508,715.0
1511,7480.0
1512,7479.0
1513,7478.0
1514,7477.0
1516,7476.0
1517,452.0
1518,718.0
1519,7475.0
1520,1668.0
1521,7474.0
1522,648.0
1523,7473.0
1526,7472.0
1527,7471.0
1528,7470.0
1529,2077.0
1530,7469.0
1531,127.0
1532,1096.0
1533,7468.0
1534,772.0
1536,7467.0
1537,2076.0
1538,7466.0
1539,1152.0
1541,7464.0
1542,7463.0
1543,679.0
1544,679.0
1545,7462.0
1546,456.0
1547,7461.0
1548,7460.0
1549,7459.0
1550,46.0
1551,2075.0
1552,2074.0
1553,318.0
1554,7458.0
1555,7457.0
1557,7456.0
1558,458.0
1559,7455.0
1560,703.0
1561,703.0
1562,2040.0
1563,7454.0
1565,2073.0
1567,7453.0
1568,7452.0
1570,7451.0
1571,7450.0
1572,7449.0
1573,7448.0
1574,466.0
1577,7447.0
1578,226.0
1579,7446.0
1580,7445.0
1581,7444.0
1582,7443.0
1583,2018.0
1584,1950.0
1586,33.0
1587,7442.0
1588,7441.0
1589,7440.0
1590,17.0
1591,7439.0
1592,7438.0
1593,7437.0
1594,7436.0
1595,7435.0
1596,7434.0
1597,7433.0
1598,7432.0
1599,7431.0
1600,235.0
1601,7430.0
1602,1041.0
1604,576.0
1606,7429.0
1607,2072.0
1608,2072.0
1610,7428.0
1611,7427.0
1612,7426.0
1613,5.0
1614,7425.0
1615,5.0
1616,1137.0
1617,7424.0
1618,2007.0
1619,7423.0
1620,7422.0
1626,1093.0
1627,7421.0
1628,7420.0
1629,7419.0
1630,1607.0
1631,7418.0
1632,7417.0
1633,7416.0
1634,7415.0
1636,7414.0
1638,7413.0
1639,71.0
1641,7412.0
1642,7411.0
1643,2071.0
1644,2071.0
1645,7410.0
1646,7409.0
1648,7408.0
1649,713.0
1650,7407.0
1651,2070.0
1653,1972.0
1654,7406.0
1655,7405.0
1656,7404.0
1658,7403.0
1659,48.0
1660,7402.0
1661,964.0
1662,703.0
1663,7401.0
1664,2069.0
1665,7400.0
1666,7399.0
1667,7398.0
1668,7397.0
1669,7396.0
1670,7395.0
1671,108.0
1672,233.0
1673,7394.0
1674,7393.0
1675,7392.0
1676,7391.0
1677,7390.0
1678,7389.0
1680,7388.0
1681,7387.0
1682,7386.0
1683,7385.0
1684,7384.0
1685,2068.0
1686,2067.0
1687,1136.0
1688,7383.0
1689,2067.0
1690,1135.0
1691,7382.0
1692,7381.0
1693,2066.0
1694,7380.0
1695,452.0
1698,2065.0
1699,7379.0
1700,7378.0
1702,236.0
1703,7377.0
1704,7376.0
1705,7375.0
1706,1858.0
1707,7374.0
1708,7373.0
1709,2064.0
1710,7372.0
1711,7371.0
1713,2064.0
1714,7370.0
1715,7369.0
1716,7368.0
1717,7367.0
1718,7366.0
1719,7365.0
1720,7364.0
1721,7363.0
1722,7362.0
1723,7361.0
1724,7360.0
1725,1132.0
1726,937.0
1727,588.0
1728,222.0
1729,1994.0
1730,770.0
1731,7359.0
1732,7358.0
1733,7357.0
1734,226.0
1736,7356.0
1737,226.0
1738,226.0
1739,7355.0
1740,1709.0
1741,1984.0
1742,7354.0
1743,448.0
1744,7353.0
1746,1135.0
1747,1135.0
1748,7352.0
1749,7351.0
1750,7350.0
1751,2045.0
1752,7349.0
1753,7348.0
1754,7347.0
1755,7346.0
1756,235.0
1757,235.0
1758,320.0
1759,320.0
1761,7344.0
1762,2063.0
1763,2063.0
1764,7343.0
1766,7342.0
1767,2062.0
1768,1134.0
1769,7341.0
1770,771.0
1771,7340.0
1772,7339.0
1773,7338.0
1774,2061.0
1775,7337.0
1776,33.0
1778,7336.0
1779,2060.0
1780,7335.0
1781,317.0
1782,7334.0
1783,7333.0
1784,7332.0
1785,1956.0
1786,1133.0
1787,1133.0
1788,7331.0
1789,1874.0
1790,7330.0
1791,700.0
1792,314.0
1793,7329.0
1794,702.0
1795,7328.0
1796,122.0
1797,173.0
1798,7327.0
1799,7326.0
1800,7325.0
1801,1132.0
1802,7324.0
1803,7323.0
1805,701.0
1807,7322.0
1808,7321.0
1809,7320.0
1810,7319.0
1811,7318.0
1812,2059.0
1813,320.0
1814,7317.0
1815,7316.0
1816,7315.0
1817,7314.0
1819,7313.0
1820,7312.0
1821,7311.0
1822,7310.0
1823,7309.0
1824,7308.0
1825,7307.0
1826,7306.0
1827,2021.0
1828,7305.0
1829,7304.0
1832,440.0
1833,7303.0
1834,7302.0
1835,7301.0
1836,7300.0
1837,7299.0
1838,7298.0
1839,7297.0
1840,7296.0
1841,7295.0
1842,696.0
1844,1130.0
1845,173.0
1846,122.0
1847,7294.0
1848,700.0
1849,314.0
1850,699.0
1851,314.0
1852,1665.0
1853,1995.0
1854,7293.0
1855,2058.0
1857,49.0
1858,7292.0
1859,42.0
1860,49.0
1861,49.0
1864,7291.0
1865,1133.0
1866,7290.0
1867,7289.0
1868,1131.0
1869,7288.0
1870,7287.0
1871,7286.0
1872,7285.0
1873,7284.0
1874,7283.0
1875,7282.0
1876,7281.0
1877,7280.0
1878,1258.0
1879,7279.0
1880,7278.0
1881,7277.0
1882,7276.0
1884,7275.0
1886,7274.0
1887,1221.0
1889,7273.0
1890,1130.0
1891,122.0
1892,7272.0
1894,7270.0
1895,7269.0
1896,699.0
1897,7268.0
1899,7267.0
1900,222.0
1901,2057.0
1903,93.0
1904,7266.0
1905,7265.0
1906,7264.0
1907,33.0
1908,7263.0
1909,7262.0
1910,1141.0
1911,995.0
1912,7261.0
1913,7260.0
1914,7259.0
1915,7258.0
1916,229.0
1917,7257.0
1918,2056.0
1919,2056.0
1920,451.0
1921,7256.0
1922,20.0
1923,7255.0
1924,333.0
1925,698.0
1926,7254.0
1929,7253.0
1931,1898.0
1932,424.0
1933,2055.0
1934,424.0
1936,7252.0
1937,7251.0
1938,7250.0
1939,7249.0
1940,166.0
1941,1121.0
1942,7248.0
1943,1129.0
1944,7247.0
1946,7246.0
1947,7245.0
1948,7244.0
1949,7243.0
1950,7242.0
1951,310.0
1952,7241.0
1953,7240.0
1954,7239.0
1955,7238.0
1956,98.0
1957,7237.0
1958,7236.0
1959,7235.0
1960,277.0
1961,7234.0
1962,7233.0
1963,697.0
1964,7232.0
1965,340.0
1966,7231.0
1967,696.0
1968,1108.0
1970,7230.0
1971,7229.0
1972,7228.0
1974,2055.0
1975,7227.0
1976,49.0
1978,49.0
1979,7226.0
1980,7225.0
1981,7224.0
1982,7223.0
1983,1990.0
1985,695.0
1986,7222.0
1987,7221.0
1988,1977.0
1989,7220.0
1990,7219.0
1991,7218.0
1993,7217.0
1994,7216.0
1995,150.0
1996,7215.0
1997,7214.0
1998,7213.0
1999,7212.0
2000,7211.0
2001,199.0
2002,7210.0
2006,7208.0
2007,7207.0
2008,7206.0
2009,319.0
2010,7205.0
2011,822.0
2012,7204.0
2013,1549.0
2014,353.0
2015,458.0
2016,7203.0
2017,891.0
2018,468.0
2019,7202.0
2020,1128.0
2021,1127.0
2022,1127.0
2023,7201.0
2024,1127.0
2025,1174.0
2027,693.0
2028,1126.0
2029,1125.0
2031,694.0
2032,1230.0
2033,693.0
2034,1126.0
2035,1125.0
2036,693.0
2037,1126.0
2038,1125.0
2040,2041.0
2042,49.0
2043,49.0
2045,7200.0
2046,7199.0
2047,7198.0
2048,316.0
2049,2054.0
2050,2053.0
2051,96.0
2054,222.0
2056,7196.0
2059,33.0
2060,7194.0
2061,7193.0
2062,7192.0
2063,7191.0
2064,7190.0
2065,7189.0
2066,7188.0
2067,483.0
2068,7187.0
2069,1484.0
2070,7186.0
2071,7185.0
2073,2012.0
2075,1105.0
2076,7184.0
2077,7183.0
2078,319.0
2079,7182.0
2080,697.0
2081,7181.0
2082,144.0
2083,43.0
2084,7180.0
2085,2051.0
2086,7179.0
2087,7178.0
2088,7177.0
2089,2052.0
2090,424.0
2092,42.0
2093,26.0
2094,42.0
2095,42.0
2096,7176.0
2099,7175.0
2102,57.0
2103,701.0
2104,701.0
2105,7174.0
2106,701.0
2107,7173.0
2108,7172.0
2109,498.0
2110,395.0
2111,7171.0
2113,7170.0
2114,7169.0
2115,1124.0
2116,7168.0
2117,98.0
2118,7167.0
2121,7166.0
2122,2051.0
2125,2050.0
2126,7165.0
2127,97.0
2128,2050.0
2129,97.0
2130,12.0
2132,7164.0
2134,49.0
2135,7163.0
2136,7162.0
2137,1477.0
2138,7161.0
2139,7160.0
2140,117.0
2141,7159.0
2142,17.0
2143,17.0
2144,7158.0
2145,235.0
2146,7157.0
2147,7156.0
2148,7155.0
2149,7154.0
2150,7153.0
2152,7151.0
2153,7150.0
2154,7149.0
2155,7148.0
2156,7147.0
2157,1123.0
2158,7146.0
2159,7145.0
2160,144.0
2161,103.0
2162,7144.0
2163,7143.0
2164,447.0
2165,103.0
2166,7142.0
2167,7141.0
2168,7140.0
2169,20.0
2170,7139.0
2171,43.0
2172,173.0
2173,239.0
2174,7138.0
2175,20.0
2178,7137.0
2180,2049.0
2181,450.0
2182,2048.0
2183,7136.0
2185,599.0
2186,20.0
2187,47.0
2188,7135.0
2189,7134.0
2190,1184.0
2192,166.0
2193,1122.0
2195,7133.0
2196,7132.0
2197,7131.0
2198,7130.0
2199,7129.0
2200,1003.0
2201,7128.0
2204,7127.0
2205,7126.0
2206,7125.0
2207,7124.0
2208,2047.0
2209,1121.0
2210,7123.0
2211,7122.0
2212,7121.0
2213,7120.0
2214,7119.0
2215,7118.0
2216,2046.0
2217,574.0
2219,7117.0
2220,239.0
2221,1119.0
2222,7116.0
2223,7115.0
2224,773.0
2226,7114.0
2227,7113.0
2229,7112.0
2231,2045.0
2232,7111.0
2233,7110.0
2234,450.0
2235,7109.0
2236,7108.0
2237,7107.0
2238,7106.0
2239,491.0
2240,7105.0
2241,7104.0
2242,7103.0
2243,7102.0
2244,7101.0
2245,7100.0
2246,7099.0
2247,7098.0
2248,7097.0
2249,7096.0
2250,238.0
2251,728.0
2252,7095.0
2253,7094.0
2254,1862.0
2255,2044.0
2256,2044.0
2257,692.0
2258,692.0
2259,706.0
2260,2043.0
2261,2043.0
2262,7093.0
2263,7092.0
2264,7091.0
2265,312.0
2266,494.0
2267,7090.0
2268,7089.0
2269,37.0
2270,7088.0
2271,7087.0
2272,1137.0
2273,7086.0
2275,7085.0
2276,522.0
2277,692.0
2278,7084.0
2279,2042.0
2280,7083.0
2281,1953.0
2282,7082.0
2283,7081.0
2285,1277.0
2287,7079.0
2288,7078.0
2289,7077.0
2290,2041.0
2292,7075.0
2293,7074.0
2294,7073.0
2295,7072.0
2296,7071.0
2297,7070.0
2298,7069.0
2299,7068.0
2301,7066.0
2302,56.0
2303,7065.0
2304,1120.0
2305,1987.0
2306,689.0
2307,7064.0
2308,7063.0
2309,7062.0
2310,7061.0
2311,7060.0
2312,1655.0
2313,7059.0
2314,922.0
2315,7058.0
2316,1765.0
2317,7057.0
2318,7056.0
2320,1119.0
2321,7054.0
2322,1630.0
2324,7053.0
2325,1783.0
2326,7052.0
2327,7051.0
2328,884.0
2329,7050.0
2330,7049.0
2331,7048.0
2332,167.0
2333,167.0
2334,2032.0
2335,18.0
2336,7047.0
2337,7046.0
2338,7045.0
2339,7044.0
2340,7043.0
2341,7042.0
2343,7041.0
2344,7040.0
2345,7039.0
2346,706.0
2347,42.0
2348,449.0
2349,7038.0
2350,220.0
2351,7037.0
2353,7036.0
2354,168.0
2355,93.0
2357,7034.0
2358,2040.0
2359,7033.0
2360,7032.0
2361,232.0
2362,7031.0
2364,7030.0
2365,1134.0
2366,7029.0
2367,691.0
2368,691.0
2369,7028.0
2370,7027.0
2371,7026.0
2372,691.0
2373,7025.0
2374,1119.0
2377,1030.0
2379,1030.0
2380,2039.0
2381,2038.0
2382,1831.0
2383,7024.0
2386,37.0
2387,7023.0
2388,7022.0
2390,162.0
2392,7021.0
2393,7020.0
2394,2035.0
2395,7019.0
2396,2034.0
2397,2033.0
2399,7018.0
2401,7017.0
2402,7016.0
2403,436.0
2404,7015.0
2405,7014.0
2407,7013.0
2408,7012.0
2409,2037.0
2410,690.0
2412,7011.0
2413,2004.0
2414,7010.0
2415,2036.0
2416,690.0
2417,7009.0
2418,691.0
2419,7008.0
2420,707.0
2421,7007.0
2422,7006.0
2424,19.0
2425,7005.0
2426,1118.0
2427,7004.0
2428,449.0
2429,449.0
2430,689.0
2431,7003.0
2432,689.0
2433,1878.0
2434,2035.0
2435,7002.0
2436,2034.0
2437,162.0
2439,2033.0
2440,7001.0
2441,7000.0
2442,6999.0
2443,6998.0
2444,6997.0
2445,2032.0
2446,1003.0
2447,234.0
2448,6996.0
2449,2028.0
2450,6995.0
2451,6994.0
2452,6993.0
2453,168.0
2454,1964.0
2455,449.0
2456,6992.0
2457,6991.0
2458,6990.0
2459,6989.0
2460,6988.0
2461,6987.0
2462,1176.0
2463,6986.0
2464,6985.0
2465,6984.0
2466,6983.0
2467,1117.0
2468,10.0
2469,1013.0
2470,448.0
2471,6982.0
2472,6981.0
2473,6980.0
2474,6979.0
2475,688.0
2476,449.0
2477,1116.0
2480,6978.0
2482,6977.0
2483,19.0
2484,6976.0
2485,6975.0
2486,17.0
2487,6974.0
2488,6973.0
2489,2031.0
2490,21.0
2491,6972.0
2492,6971.0
2493,6970.0
2494,592.0
2495,6969.0
2496,6968.0
2497,6967.0
2498,6966.0
2499,6965.0
2500,770.0
2501,1708.0
2502,6964.0
2503,6963.0
2504,6962.0
2505,685.0
2506,6961.0
2507,1115.0
2508,2030.0
2509,6960.0
2510,6959.0
2511,233.0
2515,6958.0
2516,6957.0
2518,942.0
2519,6956.0
2520,2029.0
2521,455.0
2522,2028.0
2524,6955.0
2525,6954.0
2526,590.0
2527,293.0
2528,6953.0
2529,569.0
2531,6952.0
2532,6951.0
2533,6950.0
2534,6949.0
2535,6948.0
2536,6947.0
2537,6946.0
2538,2027.0
2539,6945.0
2540,6944.0
2541,6943.0
2543,6942.0
2544,6941.0
2545,6940.0
2546,2026.0
2548,2025.0
2549,2025.0
2550,6939.0
2552,6938.0
2553,6937.0
2555,6936.0
2556,55.0
2557,55.0
2558,321.0
2559,67.0
2560,67.0
2561,67.0
2562,67.0
2563,6935.0
2564,374.0
2565,446.0
2566,446.0
2567,42.0
2569,2014.0
2570,1819.0
2573,708.0
2574,708.0
2576,25.0
2577,6934.0
2578,6933.0
2579,96.0
2581,6931.0
2583,6930.0
2585,561.0
2586,315.0
2587,315.0
2588,6929.0
2589,6928.0
2590,6927.0
2591,2022.0
2592,2024.0
2593,2023.0
2594,2023.0
2595,6926.0
2596,6925.0
2597,6924.0
2598,6923.0
2600,1056.0
2601,67.0
2602,67.0
2603,6922.0
2604,6921.0
2605,6920.0
2607,144.0
2608,6919.0
2609,6918.0
2611,6917.0
2612,6916.0
2613,677.0
2614,6915.0
2615,6914.0
2616,6913.0
2617,465.0
2618,6912.0
2620,6911.0
2621,233.0
2622,6910.0
2623,6909.0
2624,6908.0
2628,6907.0
2629,6906.0
2630,6905.0
2631,6904.0
2632,6903.0
2633,1554.0
2634,1021.0
2635,6902.0
2637,6900.0
2638,6899.0
2639,6898.0
2640,6897.0
2641,233.0
2642,2022.0
2643,6896.0
2644,222.0
2646,6895.0
2647,1270.0
2648,6894.0
2649,6893.0
2650,6892.0
2651,2021.0
2652,6891.0
2653,310.0
2654,310.0
2655,310.0
2656,6890.0
2657,6889.0
2658,310.0
2659,6888.0
2660,165.0
2661,1114.0
2662,6887.0
2663,19.0
2664,19.0
2665,340.0
2666,374.0
2667,21.0
2668,121.0
2669,6886.0
2670,6885.0
2671,36.0
2674,6884.0
2675,6883.0
2676,1959.0
2679,323.0
2680,2020.0
2682,6882.0
2683,1672.0
2684,846.0
2685,6881.0
2687,255.0
2689,6879.0
2690,6878.0
2691,1113.0
2692,6877.0
2693,1857.0
2694,439.0
2695,2015.0
2696,1001.0
2697,1848.0
2698,966.0
2699,2019.0
2700,1897.0
2702,6876.0
2703,6875.0
2705,6874.0
2706,6873.0
2707,6872.0
2709,2018.0
2710,6871.0
2711,6870.0
2713,6869.0
2714,6868.0
2715,1112.0
2716,6867.0
2717,6866.0
2719,6865.0
2720,687.0
2721,1976.0
2722,687.0
2725,6864.0
2726,37.0
2727,6863.0
2728,687.0
2729,687.0
2730,6862.0
2731,166.0
2732,6861.0
2735,2017.0
2736,2016.0
2740,19.0
2741,19.0
2742,2015.0
2743,36.0
2744,19.0
2745,19.0
2746,36.0
2747,19.0
2748,19.0
2751,19.0
2752,36.0
2753,315.0
2754,6860.0
2755,6859.0
2756,2014.0
2757,6858.0
2758,6857.0
2759,6856.0
2760,1115.0
2761,6855.0
2762,6854.0
2764,6853.0
2766,6852.0
2767,6851.0
2768,6850.0
2769,6849.0
2770,315.0
2771,6848.0
2772,6847.0
2773,1974.0
2774,6846.0
2775,6845.0
2776,6844.0
2777,6843.0
2778,6842.0
2779,6841.0
2780,6840.0
2781,6839.0
2782,6838.0
2784,6837.0
2786,6835.0
2787,6834.0
2788,6833.0
2789,117.0
2790,6832.0
2791,951.0
2792,1492.0
2793,2011.0
2794,117.0
2795,319.0
2796,2013.0
2797,6831.0
2799,6830.0
2800,6829.0
2801,965.0
2803,6828.0
2804,6827.0
2805,6826.0
2806,6825.0
2807,1111.0
2808,6824.0
2809,395.0
2822,36.0
2823,19.0
2824,36.0
2825,19.0
2826,36.0
2827,6823.0
2828,6822.0
2829,6821.0
2830,6820.0
2831,6819.0
2832,6818.0
2833,6817.0
2834,6816.0
2835,6815.0
2836,6814.0
2837,93.0
2838,93.0
2839,2012.0
2840,55.0
2841,2011.0
2842,150.0
2847,1110.0
2848,6813.0
2849,16.0
2850,122.0
2851,6812.0
2852,6811.0
2853,238.0
2854,6810.0
2855,6809.0
2857,6808.0
2858,6807.0
2859,765.0
2860,87.0
2861,122.0
2862,122.0
2863,6806.0
2864,6805.0
2865,6804.0
2866,6803.0
2868,686.0
2869,6802.0
2870,685.0
2871,2010.0
2873,1109.0
2874,6801.0
2877,6800.0
2878,6799.0
2879,1108.0
2880,461.0
2881,661.0
2882,6798.0
2883,766.0
2884,6797.0
2887,117.0
2888,6796.0
2889,1970.0
2890,6795.0
2891,6794.0
2894,6793.0
2895,84.0
2896,84.0
2897,1107.0
2898,6792.0
2899,1107.0
2900,6791.0
2901,1106.0
2902,84.0
2903,84.0
2904,84.0
2905,84.0
2906,6790.0
2907,684.0
2908,6789.0
2909,6788.0
2910,574.0
2911,6787.0
2912,351.0
2913,6786.0
2915,19.0
2916,447.0
2917,447.0
2918,447.0
2919,105.0
2920,105.0
2921,105.0
2922,105.0
2923,6785.0
2924,229.0
2925,683.0
2926,132.0
2927,683.0
2928,1844.0
2929,1105.0
2931,1025.0
2932,6784.0
2933,2009.0
2934,6783.0
2935,6782.0
2936,6781.0
2937,6780.0
2939,6779.0
2940,6778.0
2941,6777.0
2942,6776.0
2943,6775.0
2944,1104.0
2945,6774.0
2946,6773.0
2947,6772.0
2948,6771.0
2949,314.0
2950,165.0
2951,165.0
2952,103.0
2953,103.0
2954,6770.0
2955,6769.0
2956,6768.0
2957,84.0
2958,84.0
2959,84.0
2961,6767.0
2962,1103.0
2963,1102.0
2964,358.0
2965,358.0
2966,1101.0
2967,358.0
2968,6766.0
2969,6765.0
2970,6764.0
2971,6763.0
2973,6762.0
2975,446.0
2976,446.0
2978,1612.0
2979,822.0
2980,336.0
2981,6761.0
2983,798.0
2987,6760.0
2988,682.0
2989,2008.0
2990,338.0
2991,6759.0
2992,21.0
2993,6758.0
2994,6757.0
2995,2007.0
2997,6756.0
2998,6755.0
3000,792.0
3002,715.0
3003,445.0
3004,84.0
3005,391.0
3006,2006.0
3007,690.0
3008,6754.0
3009,6753.0
3010,2005.0
3012,1006.0
3013,1100.0
3014,1100.0
3015,2004.0
3017,6752.0
3018,6751.0
3019,16.0
3020,16.0
3021,2003.0
3022,6750.0
3023,6749.0
3025,1888.0
3026,6748.0
3027,444.0
3028,6747.0
3029,6746.0
3031,6745.0
3032,1267.0
3033,6744.0
3034,6743.0
3035,874.0
3036,21.0
3037,6742.0
3038,6741.0
3039,6740.0
3040,2002.0
3041,355.0
3042,2001.0
3043,1498.0
3044,2000.0
3045,2000.0
3046,6739.0
3047,6738.0
3048,6737.0
3049,6736.0
3050,1092.0
3052,37.0
3053,494.0
3054,1099.0
3055,6735.0
3056,72.0
3057,1999.0
3058,6734.0
3059,6733.0
3060,6732.0
3061,259.0
3062,443.0
3063,240.0
3064,70.0
3065,6731.0
3066,6730.0
3067,42.0
3068,1098.0
3069,674.0
3070,674.0
3071,6729.0
3073,6728.0
3075,97.0
3076,6727.0
3077,97.0
3078,6726.0
3079,1814.0
3080,795.0
3081,6725.0
3082,6724.0
3083,6723.0
3084,1998.0
3085,1998.0
3086,1997.0
3087,6722.0
3088,6721.0
3089,6720.0
3090,6719.0
3091,6718.0
3092,1805.0
3093,17.0
3094,238.0
3095,6717.0
3096,6716.0
3097,334.0
3098,117.0
3099,117.0
3100,658.0
3101,6715.0
3102,6714.0
3103,6713.0
3104,6712.0
3105,6711.0
3106,6710.0
3107,6709.0
3108,442.0
3109,1997.0
3110,6708.0
3111,1907.0
3112,6707.0
3113,795.0
3114,6706.0
3115,6705.0
3117,21.0
3118,21.0
3119,1996.0
3120,21.0
3121,6704.0
3122,21.0
3123,1995.0
3124,442.0
3125,1994.0
3126,25.0
3127,6703.0
3128,6702.0
3129,830.0
3130,6701.0
3131,6700.0
3133,6699.0
3134,1922.0
3135,1961.0
3136,1993.0
3137,1992.0
3138,6698.0
3139,6697.0
3140,6696.0
3141,6695.0
3142,6694.0
3144,6693.0
3146,322.0
3149,57.0
3150,163.0
3151,1097.0
3152,1097.0
3153,6692.0
3154,21.0
3156,83.0
3157,12.0
3158,12.0
3160,12.0
3161,12.0
3162,6691.0
3163,6690.0
3164,6689.0
3169,434.0
3170,6688.0
3171,1991.0
3172,101.0
3173,101.0
3174,1990.0
3175,6687.0
3176,6686.0
3177,6685.0
3178,441.0
3179,6684.0
3180,6683.0
3181,6682.0
3182,6681.0
3183,6680.0
3184,6679.0
3185,1989.0
3186,12.0
3187,12.0
3188,101.0
3189,6678.0
3191,6677.0
3192,6676.0
3193,12.0
3194,1.0
3195,6675.0
3197,6674.0
3198,6673.0
3199,6672.0
3200,6671.0
3201,6670.0
3202,6669.0
3203,582.0
3204,6668.0
3205,6667.0
3206,6666.0
3207,6665.0
3208,6664.0
3209,1988.0
3210,161.0
3211,161.0
3212,161.0
3213,6663.0
3214,6662.0
3215,6661.0
3216,6660.0
3217,6659.0
3218,6658.0
3222,6657.0
3224,228.0
3225,6656.0
3226,6655.0
3227,6654.0
3229,6653.0
3230,6652.0
3231,6651.0
3232,6650.0
3233,6649.0
3234,1777.0
3235,1096.0
3236,71.0
3237,71.0
3239,1987.0
3240,12.0
3241,681.0
3242,1173.0
3243,6648.0
3244,465.0
3245,6647.0
3246,6646.0
3247,680.0
3249,1986.0
3250,1986.0
3251,1123.0
3252,6645.0
3253,1268.0
3254,6644.0
3255,6643.0
3257,6642.0
3258,6641.0
3259,6640.0
3260,1095.0
3261,6639.0
3262,1985.0
3263,6638.0
3264,6637.0
3265,6636.0
3266,305.0
3267,6635.0
3268,6634.0
3269,6633.0
3271,693.0
3272,6632.0
3273,6631.0
3274,6630.0
3275,1041.0
3276,1984.0
3277,239.0
3279,6629.0
3280,6628.0
3281,6627.0
3282,6626.0
3284,6625.0
3285,6624.0
3288,6622.0
3290,121.0
3294,679.0
3295,6621.0
3297,6620.0
3298,1094.0
3299,6619.0
3300,6618.0
3301,6617.0
3302,192.0
3303,192.0
3304,6616.0
3305,6615.0
3306,6614.0
3307,831.0
3308,6613.0
3309,6612.0
3310,6611.0
3311,6610.0
3312,6609.0
3314,164.0
3315,164.0
3316,68.0
3317,164.0
3318,68.0
3319,6608.0
3321,6607.0
3322,678.0
3323,678.0
3324,1982.0
3325,4.0
3326,4.0
3327,6606.0
3328,6605.0
3329,1753.0
3330,6604.0
3331,6603.0
3332,13.0
3333,6602.0
3334,6601.0
3335,1981.0
3336,1981.0
3337,6600.0
3338,1093.0
3339,1093.0
3340,348.0
3341,6599.0
3342,6598.0
3343,6597.0
3344,6596.0
3345,13.0
3346,4.0
3347,6595.0
3348,6594.0
3351,6593.0
3352,6592.0
3353,6591.0
3355,678.0
3357,18.0
3358,18.0
3359,6590.0
3360,1980.0
3361,6589.0
3362,6588.0
3364,6587.0
3365,1979.0
3366,678.0
3368,6586.0
3369,6585.0
3370,6584.0
3374,521.0
3375,1092.0
3376,6583.0
3377,6582.0
3378,6581.0
3379,6580.0
3380,12.0
3382,67.0
3383,16.0
3384,440.0
3385,1978.0
3386,220.0
3387,440.0
3388,440.0
3389,1968.0
3391,1977.0
3392,6579.0
3393,6578.0
3395,17.0
3396,163.0
3397,6577.0
3398,6576.0
3399,6575.0
3400,6574.0
3401,1091.0
3402,6573.0
3403,6572.0
3404,6571.0
3405,6570.0
3406,6569.0
3408,6568.0
3409,6567.0
3410,13.0
3411,6566.0
3412,1929.0
3413,6565.0
3414,6564.0
3415,762.0
3416,6563.0
3417,6562.0
3418,232.0
3419,921.0
3420,888.0
3421,43.0
3422,6561.0
3423,6560.0
3424,6559.0
3425,6558.0
3426,224.0
3428,6557.0
3430,1103.0
3431,6556.0
3432,6555.0
3433,43.0
3434,6554.0
3435,6553.0
3436,1976.0
3437,315.0
3438,187.0
3439,187.0
3440,187.0
3441,6552.0
3443,308.0
3444,6551.0
3445,6550.0
3446,6549.0
3447,6548.0
3448,6547.0
3449,6546.0
3450,6545.0
3451,187.0
3452,187.0
3453,6544.0
3454,6543.0
3456,1090.0
3457,6542.0
3458,6541.0
3459,6540.0
3460,6539.0
3461,6538.0
3462,6537.0
3463,6536.0
3464,1975.0
3465,1975.0
3466,1974.0
3467,6535.0
3468,6534.0
3469,6533.0
3470,6532.0
3471,6531.0
3472,360.0
3473,1089.0
3474,455.0
3475,6530.0
3476,6529.0
3477,354.0
3478,6528.0
3479,6527.0
3480,6526.0
3481,6525.0
3482,1973.0
3483,6524.0
3484,6523.0
3485,6522.0
3486,677.0
3487,6521.0
3489,6520.0
3490,6519.0
3492,6517.0
3493,1053.0
3494,6516.0
3495,6515.0
3496,6514.0
3497,6513.0
3498,6512.0
3499,6511.0
3500,1972.0
3501,6510.0
3502,167.0
3503,6509.0
3504,6508.0
3505,1971.0
3506,6507.0
3508,6506.0
3509,1599.0
3510,6505.0
3511,1971.0
3512,6504.0
3513,6503.0
3514,6502.0
3515,167.0
3516,6501.0
3517,167.0
3518,1970.0
3519,6500.0
3520,6499.0
3521,1487.0
3522,6498.0
3523,6497.0
3524,6496.0
3526,6495.0
3527,6494.0
3528,232.0
3529,1969.0
3530,6493.0
3531,1886.0
3532,6492.0
3534,6490.0
3535,6489.0
3536,6488.0
3537,1968.0
3538,25.0
3540,13.0
3541,1087.0
3542,1111.0
3543,618.0
3544,6487.0
3545,6486.0
3546,6485.0
3548,6484.0
3549,43.0
3550,6483.0
3551,1967.0
3552,6482.0
3553,459.0
3554,6481.0
3555,439.0
3556,1088.0
3557,1966.0
3558,1875.0
3559,1965.0
3560,1754.0
3561,139.0
3562,1087.0
3563,6480.0
3564,536.0
3566,1086.0
3567,1085.0
3568,676.0
3569,676.0
3570,6479.0
3572,676.0
3573,676.0
3574,164.0
3575,6478.0
3576,1666.0
3577,6477.0
3578,6476.0
3579,675.0
3580,675.0
3581,675.0
3582,675.0
3584,889.0
3586,6475.0
3590,69.0
3591,1393.0
3592,6474.0
3593,6473.0
3594,6472.0
3595,6471.0
3596,6470.0
3597,1160.0
3598,6469.0
3599,1964.0
3601,6468.0
3603,71.0
3604,6467.0
3605,6466.0
3606,6465.0
3607,6464.0
3608,6463.0
3610,6462.0
3611,6461.0
3612,6460.0
3613,6459.0
3614,6458.0
3616,166.0
3618,6457.0
3619,674.0
3620,674.0
3622,1084.0
3623,6455.0
3624,673.0
3627,1095.0
3628,1134.0
3629,6454.0
3630,6453.0
3631,1963.0
3632,6452.0
3634,6451.0
3635,6450.0
3636,1962.0
3639,6449.0
3641,6448.0
3642,6447.0
3643,672.0
3644,6446.0
3645,6445.0
3646,87.0
3647,821.0
3648,6444.0
3649,438.0
3650,117.0
3656,232.0
3657,6443.0
3660,6442.0
3661,6441.0
3662,617.0
3663,6440.0
3664,6439.0
3665,6438.0
3666,287.0
3667,6437.0
3668,6436.0
3669,6435.0
3670,1020.0
3671,189.0
3672,1083.0
3673,1524.0
3674,6434.0
3675,6433.0
3676,6432.0
3677,1082.0
3678,6431.0
3679,6430.0
3680,6429.0
3681,6428.0
3682,6427.0
3683,6426.0
3684,1961.0
3686,6425.0
3689,6424.0
3690,1458.0
3691,1960.0
3692,1960.0
3693,6423.0
3694,6422.0
3696,1250.0
3697,6421.0
3698,6420.0
3699,6419.0
3700,6418.0
3701,6417.0
3702,6416.0
3703,6415.0
3704,6414.0
3705,6413.0
3706,6412.0
3709,6411.0
3710,6410.0
3711,668.0
3712,6409.0
3713,6408.0
3714,6407.0
3715,6406.0
3716,6405.0
3717,6404.0
3718,1081.0
3719,1959.0
3720,6403.0
3721,6402.0
3723,6401.0
3724,6400.0
3725,1957.0
3726,6399.0
3727,6398.0
3728,1928.0
3729,6397.0
3730,6396.0
3731,1951.0
3732,6395.0
3733,6394.0
3735,6392.0
3736,1958.0
3737,6391.0
3738,6390.0
3739,6389.0
3740,6388.0
3741,1957.0
3742,163.0
3743,633.0
3744,6387.0
3745,6386.0
3746,6385.0
3747,6384.0
3748,6383.0
3751,117.0
3752,1956.0
3753,6382.0
3754,460.0
3755,6381.0
3756,6380.0
3757,277.0
3758,6379.0
3759,6378.0
3760,1955.0
3761,6377.0
3762,6376.0
3763,6375.0
3764,6374.0
3765,6373.0
3767,6372.0
3768,6371.0
3771,1954.0
3772,6370.0
3773,6369.0
3774,6368.0
3775,6367.0
3776,6366.0
3777,6365.0
3778,6364.0
3779,1506.0
3780,6363.0
3781,6362.0
3782,6361.0
3783,6360.0
3785,6359.0
3786,6358.0
3787,6357.0
3788,6356.0
3789,6355.0
3790,6354.0
3791,231.0
3792,6353.0
3793,1080.0
3794,6352.0
3795,6351.0
3796,6350.0
3797,333.0
3799,6349.0
3800,6348.0
3801,6347.0
3802,6346.0
3803,6345.0
3804,437.0
3805,6344.0
3807,6343.0
3808,6342.0
3809,6341.0
3810,6340.0
3811,6339.0
3813,6338.0
3814,6337.0
3815,6336.0
3816,6335.0
3817,1791.0
3819,6334.0
3820,1938.0
3821,6333.0
3822,6332.0
3823,1953.0
3824,6331.0
3826,362.0
3827,6329.0
3828,6328.0
3829,6327.0
3830,6326.0
3831,6325.0
3833,1784.0
3834,1078.0
3835,1078.0
3836,6324.0
3837,1070.0
3838,1952.0
3839,1952.0
3840,1070.0
3841,6323.0
3842,102.0
3843,4.0
3844,4.0
3845,4.0
3846,871.0
3847,1079.0
3848,725.0
3849,102.0
3850,4.0
3851,4.0
3852,436.0
3853,436.0
3854,436.0
3856,125.0
3857,669.0
3858,6322.0
3859,6321.0
3860,6320.0
3861,6319.0
3862,4.0
3863,4.0
3864,4.0
3865,4.0
3866,102.0
3867,671.0
3868,102.0
3869,871.0
3870,1079.0
3872,725.0
3873,435.0
3874,6318.0
3875,1951.0
3877,6317.0
3878,6316.0
3879,6315.0
3880,1078.0
3882,230.0
3883,6314.0
3884,6313.0
3885,4.0
3886,4.0
3889,6312.0
3890,1144.0
3891,6311.0
3892,6310.0
3893,1950.0
3894,597.0
3895,313.0
3896,6309.0
3897,483.0
3898,6308.0
3899,6307.0
3900,6306.0
3901,6305.0
3902,1548.0
3903,6304.0
3904,6303.0
3905,162.0
3906,6302.0
3907,6301.0
3908,6300.0
3909,493.0
3910,6299.0
3911,6298.0
3912,6297.0
3913,6296.0
3914,6295.0
3915,6294.0
3916,6293.0
3917,1949.0
3918,1949.0
3919,6292.0
3920,6291.0
3921,6290.0
3922,6289.0
3924,6288.0
3925,6287.0
3926,6286.0
3927,6285.0
3928,1948.0
3929,1743.0
3930,1948.0
3931,6284.0
3932,1947.0
3933,6283.0
3934,6282.0
3936,762.0
3937,6281.0
3938,710.0
3939,6280.0
3940,220.0
3941,6279.0
3942,229.0
3943,229.0
3944,6278.0
3945,6277.0
3946,1946.0
3947,6276.0
3948,6275.0
3949,6274.0
3950,1077.0
3951,1945.0
3952,6273.0
3953,486.0
3954,486.0
3955,6272.0
3956,6271.0
3957,928.0
3958,704.0
3959,6270.0
3960,6269.0
3961,549.0
3962,6268.0
3963,734.0
3964,6267.0
3965,6266.0
3966,670.0
3967,6265.0
3968,6264.0
3970,6263.0
3971,1934.0
3972,6262.0
3973,6261.0
3975,650.0
3976,6260.0
3977,6259.0
3978,1147.0
3979,6258.0
3980,1944.0
3981,6257.0
3982,6256.0
3983,447.0
3984,6255.0
3985,6254.0
3987,6253.0
3988,6252.0
3990,6251.0
3991,6250.0
3993,6249.0
3994,953.0
3995,6248.0
3996,6247.0
3997,6246.0
4000,6245.0
4001,6244.0
4002,58.0
4003,354.0
4004,312.0
4005,120.0
4006,6243.0
4008,12.0
4009,6242.0
4010,6241.0
4011,6240.0
4012,1885.0
4014,1147.0
4015,57.0
4016,6239.0
4017,6238.0
4018,6237.0
4019,182.0
4020,1943.0
4022,57.0
4023,182.0
4024,6236.0
4025,6235.0
4026,6234.0
4027,6233.0
4028,6232.0
4029,6231.0
4030,6230.0
4031,6229.0
4032,6228.0
4033,6227.0
4034,311.0
4035,6226.0
4036,803.0
4037,1076.0
4038,545.0
4039,6225.0
4041,669.0
4043,6224.0
4045,527.0
4046,6223.0
4047,6222.0
4049,6221.0
4050,48.0
4052,6220.0
4053,163.0
4054,6219.0
4055,6218.0
4056,6217.0
4057,6216.0
4058,6215.0
4059,1600.0
4060,6214.0
4061,6213.0
4062,339.0
4063,6212.0
4064,1942.0
4065,790.0
4066,6211.0
4067,1941.0
4068,6210.0
4069,6209.0
4070,310.0
4072,6207.0
4073,6206.0
4074,165.0
4075,165.0
4076,6205.0
4077,6204.0
4080,17.0
4081,668.0
4082,6203.0
4084,6202.0
4085,6201.0
4086,6200.0
4087,6199.0
4088,6198.0
4089,161.0
4091,1144.0
4093,6196.0
4094,434.0
4095,434.0
4096,1059.0
4097,1830.0
4098,669.0
4099,6195.0
4101,6194.0
4102,6193.0
4103,6192.0
4104,1091.0
4105,6191.0
4106,6190.0
4107,165.0
4108,6189.0
4109,6188.0
4110,846.0
4111,6187.0
4112,1940.0
4113,1939.0
4114,1938.0
4115,6186.0
4116,6185.0
4117,434.0
4118,6184.0
4121,1937.0
4122,1737.0
4123,6183.0
4124,6182.0
4125,6181.0
4126,6180.0
4127,6179.0
4128,6178.0
4129,1074.0
4130,1074.0
4132,1075.0
4133,1602.0
4134,1075.0
4135,6177.0
4136,602.0
4137,602.0
4138,1936.0
4139,6176.0
4140,6175.0
4141,6174.0
4142,6173.0
4143,1074.0
4144,6172.0
4145,1935.0
4146,1935.0
4147,6171.0
4148,1490.0
4149,6170.0
4150,6169.0
4151,319.0
4152,6168.0
4154,6167.0
4155,6166.0
4156,1934.0
4157,6165.0
4158,1933.0
4159,6164.0
4160,6163.0
4161,1932.0
4163,6162.0
4166,6161.0
4167,1673.0
4168,826.0
4169,6160.0
4171,6159.0
4172,6158.0
4173,6157.0
4174,123.0
4175,1161.0
4176,228.0
4177,228.0
4178,228.0
4179,228.0
4180,228.0
4181,228.0
4184,6156.0
4186,667.0
4187,667.0
4188,667.0
4189,667.0
4190,666.0
4191,666.0
4192,666.0
4193,666.0
4194,1931.0
4195,6155.0
4196,283.0
4197,161.0
4198,161.0
4199,161.0
4200,6154.0
4201,20.0
4202,161.0
4203,1931.0
4204,6153.0
4205,6152.0
4206,6151.0
4207,6150.0
4208,6149.0
4209,6148.0
4210,6147.0
4212,6146.0
4213,6145.0
4214,6144.0
4215,320.0
4216,6143.0
4217,6142.0
4218,6141.0
4219,655.0
4220,6140.0
4221,1073.0
4222,6139.0
4223,1930.0
4224,655.0
4225,1073.0
4226,1054.0
4227,655.0
4229,1072.0
4230,335.0
4231,15.0
4232,15.0
4233,15.0
4234,15.0
4235,15.0
4236,6138.0
4237,15.0
4238,6137.0
4239,1104.0
4240,6136.0
4241,1752.0
4242,6135.0
4243,6134.0
4244,6133.0
4245,6132.0
4246,6131.0
4247,1071.0
4248,1071.0
4249,1071.0
4250,6130.0
4251,6129.0
4252,6128.0
4253,6127.0
4254,6126.0
4255,6125.0
4256,6124.0
4257,1929.0
4258,434.0
4259,6123.0
4260,6122.0
4261,6121.0
4262,6120.0
4263,6119.0
4264,6118.0
4265,69.0
4266,69.0
4267,69.0
4268,69.0
4269,69.0
4270,6117.0
4273,1070.0
4276,6116.0
4277,6115.0
4278,6114.0
4280,6113.0
4281,6112.0
4282,6111.0
4285,438.0
4286,238.0
4287,1928.0
4288,6110.0
4289,534.0
4291,6109.0
4292,101.0
4293,6108.0
4294,6107.0
4295,6106.0
4296,1325.0
4297,1799.0
4298,6105.0
4299,1927.0
4300,6104.0
4301,120.0
4302,662.0
4303,120.0
4304,120.0
4305,120.0
4306,1923.0
4307,120.0
4308,6103.0
4309,1926.0
4310,120.0
4311,6102.0
4312,1069.0
4313,1069.0
4314,1069.0
4315,1925.0
4316,1925.0
4317,1924.0
4318,1924.0
4325,6101.0
4326,99.0
4327,1923.0
4328,6100.0
4329,99.0
4330,227.0
4331,99.0
4332,6099.0
4333,1922.0
4334,6098.0
4335,6097.0
4336,433.0
4337,433.0
4338,6096.0
4343,710.0
4344,6095.0
4345,6094.0
4348,6093.0
4349,6092.0
4353,6091.0
4354,1075.0
4355,1921.0
4356,6090.0
4358,6089.0
4363,6088.0
4364,6087.0
4366,6086.0
4367,6085.0
4368,309.0
4373,6084.0
4374,6083.0
4375,1782.0
4377,6082.0
4381,6081.0
4382,6080.0
4383,6079.0
4384,598.0
4385,598.0
4386,598.0
4388,6078.0
4390,6077.0
4393,964.0
4399,6076.0
4400,15.0
4403,6075.0
4404,665.0
4405,70.0
4406,1920.0
4407,6074.0
4408,1919.0
4409,6073.0
4410,433.0
4412,1892.0
4413,269.0
4414,6072.0
4416,6071.0
4417,6070.0
4419,6069.0
4421,6068.0
4422,1918.0
4423,1918.0
4424,69.0
4425,160.0
4426,24.0
4427,41.0
4428,160.0
4429,6067.0
4430,6066.0
4431,665.0
4432,665.0
4434,159.0
4435,113.0
4436,113.0
4437,41.0
4438,136.0
4440,6065.0
4441,1917.0
4442,24.0
4443,1039.0
4444,305.0
4445,241.0
4446,72.0
4447,6064.0
4449,983.0
4450,983.0
4451,1596.0
4452,6063.0
4455,1829.0
4456,6062.0
4457,6061.0
4458,592.0
4459,1104.0
4460,6060.0
4461,6059.0
4463,664.0
4464,6057.0
4465,1061.0
4466,6056.0
4467,6055.0
4468,1068.0
4469,1068.0
4470,6054.0
4471,6053.0
4472,6052.0
4473,269.0
4474,6051.0
4476,1909.0
4477,1905.0
4478,6050.0
4479,6049.0
4480,6048.0
4481,1067.0
4482,6047.0
4483,6046.0
4491,57.0
4492,6045.0
4494,6043.0
4495,637.0
4496,1916.0
4497,6042.0
4498,1915.0
4499,6041.0
4501,6040.0
4502,6039.0
4503,6038.0
4504,1183.0
4506,6037.0
4507,6036.0
4508,6035.0
4509,1066.0
4510,1066.0
4512,6034.0
4513,6033.0
4514,15.0
4515,1914.0
4516,1914.0
4517,1065.0
4518,17.0
4519,476.0
4520,476.0
4522,6032.0
4523,6031.0
4524,6030.0
4525,10.0
4526,1899.0
4527,6029.0
4530,6028.0
4531,6027.0
4532,6026.0
4533,6025.0
4534,48.0
4535,1845.0
4537,6024.0
4538,226.0
4541,6023.0
4542,1064.0
4544,1064.0
4545,6022.0
4546,6021.0
4547,6020.0
4548,6019.0
4550,663.0
4551,432.0
4552,663.0
4553,431.0
4554,432.0
4555,663.0
4556,431.0
4557,432.0
4558,663.0
4559,431.0
4560,432.0
4561,431.0
4562,432.0
4563,6018.0
4564,120.0
4565,662.0
4567,1064.0
4569,661.0
4570,661.0
4571,6017.0
4572,6016.0
4573,1913.0
4575,6015.0
4576,311.0
4577,1063.0
4578,68.0
4579,68.0
4580,1912.0
4582,1095.0
4583,1062.0
4584,1062.0
4585,1062.0
4586,6014.0
4587,741.0
4591,6013.0
4592,225.0
4593,6012.0
4594,6011.0
4595,6010.0
4596,953.0
4597,119.0
4601,431.0
4602,6009.0
4604,690.0
4605,1052.0
4606,6008.0
4607,68.0
4608,6007.0
4610,6006.0
4611,1503.0
4612,6005.0
4613,6004.0
4614,1911.0
4615,430.0
4616,6003.0
4617,430.0
4618,430.0
4619,1348.0
4620,1061.0
4621,158.0
4622,724.0
4623,1342.0
4624,6002.0
4625,430.0
4626,6001.0
4629,6000.0
4634,5999.0
4635,5998.0
4637,5997.0
4638,5996.0
4639,5995.0
4640,5994.0
4641,86.0
4642,5993.0
4643,5992.0
4644,5991.0
4645,5990.0
4646,1910.0
4647,1909.0
4648,24.0
4649,118.0
4650,24.0
4651,41.0
4652,24.0
4653,41.0
4654,41.0
4655,24.0
4656,41.0
4657,24.0
4658,41.0
4659,24.0
4660,41.0
4661,24.0
4662,41.0
4663,41.0
4664,5989.0
4665,41.0
4666,41.0
4667,24.0
4668,41.0
4669,24.0
4670,24.0
4671,24.0
4672,157.0
4673,660.0
4674,308.0
4675,157.0
4676,136.0
4677,659.0
4678,136.0
4680,5988.0
4683,307.0
4684,1908.0
4685,1059.0
4686,5986.0
4687,5985.0
4688,5984.0
4689,5983.0
4691,5982.0
4692,1907.0
4693,442.0
4694,26.0
4697,5981.0
4698,5980.0
4699,5979.0
4700,5978.0
4701,157.0
4702,24.0
4703,136.0
4704,118.0
4705,1011.0
4706,1891.0
4707,429.0
4708,1060.0
4709,5977.0
4710,1663.0
4711,5976.0
4712,5975.0
4713,5974.0
4714,5973.0
4717,1890.0
4718,429.0
4719,1060.0
4720,1060.0
4721,1059.0
4722,1052.0
4723,1058.0
4724,428.0
4725,428.0
4726,428.0
4727,24.0
4728,58.0
4729,231.0
4730,5972.0
4731,5971.0
4733,5970.0
4734,654.0
4735,1906.0
4736,277.0
4737,277.0
4738,5969.0
4739,5968.0
4740,886.0
4741,5967.0
4742,1021.0
4743,886.0
4744,1252.0
4745,1057.0
4746,24.0
4747,428.0
4748,93.0
4749,5966.0
4750,1905.0
4753,1904.0
4754,5965.0
4755,1902.0
4756,5964.0
4757,5963.0
4759,55.0
4760,773.0
4761,853.0
4762,5962.0
4764,345.0
4765,5961.0
4766,5960.0
4767,5959.0
4769,5958.0
4771,5957.0
4772,5956.0
4773,117.0
4774,5955.0
4775,5954.0
4778,1903.0
4779,1903.0
4780,741.0
4781,5953.0
4782,536.0
4784,5952.0
4785,5951.0
4786,1902.0
4787,1901.0
4788,464.0
4789,1900.0
4790,5950.0
4791,5949.0
4793,5948.0
4794,5947.0
4795,1899.0
4796,5946.0
4797,5945.0
4798,5944.0
4799,1898.0
4800,5943.0
4801,5942.0
4803,5941.0
4805,464.0
4806,1056.0
4807,5940.0
4808,5939.0
4809,5938.0
4810,223.0
4811,223.0
4812,223.0
4813,1897.0
4814,5937.0
4815,5936.0
4816,5935.0
4817,83.0
4818,5934.0
4819,495.0
4820,5933.0
4822,1815.0
4826,12.0
4827,12.0
4828,12.0
4829,1896.0
4831,658.0
4832,658.0
4833,658.0
4835,5932.0
4836,5931.0
4837,680.0
4838,1895.0
4839,12.0
4840,1894.0
4841,5930.0
4842,657.0
4843,5929.0
4844,5928.0
4845,1893.0
4847,5.0
4848,5927.0
4849,427.0
4850,427.0
4851,427.0
4852,427.0
4853,47.0
4854,1055.0
4855,816.0
4856,5926.0
4857,1055.0
4858,306.0
4859,5925.0
4862,653.0
4863,5924.0
4864,656.0
4865,1054.0
4866,1054.0
4867,653.0
4868,653.0
4869,656.0
4870,1073.0
4871,655.0
4872,5923.0
4873,5922.0
4874,5921.0
4875,306.0
4876,5920.0
4877,1227.0
4878,654.0
4879,916.0
4880,5919.0
4881,5918.0
4882,5917.0
4883,5916.0
4884,5915.0
4886,5914.0
4887,1892.0
4888,5913.0
4889,5912.0
4890,5911.0
4891,433.0
4892,433.0
4893,1601.0
4894,224.0
4895,224.0
4896,1891.0
4897,5910.0
4898,429.0
4899,429.0
4900,5909.0
4901,1890.0
4902,5908.0
4903,5907.0
4904,5906.0
4905,5905.0
4906,5904.0
4908,5902.0
4909,224.0
4910,224.0
4911,5901.0
4912,224.0
4913,224.0
4914,5900.0
4915,5899.0
4916,5898.0
4917,429.0
4918,1889.0
4919,511.0
4921,1723.0
4922,5897.0
4923,5896.0
4924,5895.0
4925,305.0
4926,305.0
4930,241.0
4931,241.0
4933,1656.0
4934,1888.0
4936,5894.0
4937,5893.0
4938,5892.0
4940,5891.0
4941,5890.0
4944,653.0
4945,1273.0
4946,5889.0
4947,5888.0
4950,5887.0
4951,5886.0
4952,1887.0
4953,1887.0
4955,981.0
4958,5885.0
4959,682.0
4960,5884.0
4962,5883.0
4963,5882.0
4964,5881.0
4965,5880.0
4966,1053.0
4967,1053.0
4969,5879.0
4970,1768.0
4972,5878.0
4973,426.0
4974,426.0
4975,1886.0
4976,592.0
4977,5877.0
4978,5876.0
4979,5875.0
4980,1578.0
4982,305.0
4984,305.0
4987,241.0
4988,5874.0
4989,445.0
4990,5873.0
4991,5872.0
4992,34.0
4993,5871.0
4994,5870.0
4995,5869.0
4996,13.0
4997,13.0
4998,13.0
4999,13.0
5000,5868.0
5001,5867.0
5003,5866.0
5004,5865.0
5005,5864.0
5006,5863.0
5007,425.0
5008,425.0
5009,119.0
5010,119.0
5011,119.0
5012,119.0
5013,119.0
5014,119.0
5015,119.0
5016,5862.0
5017,5861.0
5018,5860.0
5020,83.0
5023,10.0
5024,5859.0
5025,5858.0
5026,55.0
5027,55.0
5028,55.0
5030,304.0
5031,304.0
5032,5857.0
5033,5856.0
5034,5855.0
5035,5854.0
5036,5853.0
5037,223.0
5038,223.0
5040,5852.0
5041,1885.0
5042,1884.0
5043,1884.0
5045,5851.0
5046,442.0
5047,281.0
5048,424.0
5049,1877.0
5051,1775.0
5052,652.0
5053,652.0
5054,652.0
5055,652.0
5056,5850.0
5057,5849.0
5058,5848.0
5059,5847.0
5060,5846.0
5063,5845.0
5064,442.0
5065,5844.0
5066,1882.0
5067,1883.0
5068,1883.0
5069,5843.0
5070,1882.0
5071,439.0
5072,439.0
5073,5842.0
5074,5841.0
5075,5840.0
5077,5839.0
5078,5838.0
5079,248.0
5080,5837.0
5081,270.0
5082,270.0
5083,270.0
5084,270.0
5085,5836.0
5087,169.0
5088,651.0
5089,5835.0
5090,5834.0
5091,5833.0
5093,5832.0
5094,5831.0
5095,334.0
5096,5830.0
5097,5829.0
5099,211.0
5100,1834.0
5101,318.0
5102,48.0
5103,48.0
5104,40.0
5105,156.0
5106,40.0
5107,40.0
5108,40.0
5109,40.0
5110,40.0
5111,40.0
5112,40.0
5113,40.0
5114,40.0
5115,156.0
5116,5828.0
5117,234.0
5118,5827.0
5120,5826.0
5121,5825.0
5122,5824.0
5123,40.0
5124,100.0
5125,100.0
5126,5823.0
5127,48.0
5128,5822.0
5129,5821.0
5130,831.0
5131,705.0
5132,5820.0
5133,5819.0
5134,5818.0
5135,233.0
5136,1496.0
5137,5817.0
5138,5816.0
5139,5815.0
5140,819.0
5141,5814.0
5142,25.0
5143,5813.0
5144,5812.0
5145,1052.0
5154,650.0
5155,5811.0
5156,5810.0
5157,5809.0
5158,5808.0
5159,5807.0
5160,5806.0
5161,44.0
5162,1881.0
5163,5805.0
5164,423.0
5165,423.0
5166,1880.0
5167,1836.0
5169,83.0
5170,83.0
5171,12.0
5174,5804.0
5175,5803.0
5176,5802.0
5177,83.0
5178,5801.0
5179,1051.0
5180,1051.0
5181,1879.0
5182,5800.0
5183,5799.0
5184,5798.0
5185,1879.0
5186,638.0
5187,303.0
5188,155.0
5189,649.0
5190,422.0
5191,155.0
5192,303.0
5193,303.0
5194,303.0
5195,155.0
5196,155.0
5197,155.0
5198,155.0
5199,1057.0
5200,5797.0
5201,5796.0
5202,230.0
5203,230.0
5204,5795.0
5205,5794.0
5206,1878.0
5207,5793.0
5208,411.0
5209,5792.0
5211,1051.0
5212,5791.0
5213,1050.0
5214,5790.0
5215,421.0
5216,302.0
5217,421.0
5218,421.0
5219,302.0
5220,302.0
5221,302.0
5222,302.0
5223,302.0
5224,5789.0
5225,643.0
5226,1877.0
5227,5788.0
5228,5787.0
5229,648.0
5230,1049.0
5232,245.0
5234,1049.0
5235,1299.0
5236,303.0
5237,5786.0
5239,5785.0
5240,5784.0
5241,5783.0
5242,1048.0
5243,1048.0
5244,5782.0
5245,5781.0
5246,238.0
5248,5780.0
5249,1699.0
5250,1876.0
5251,1813.0
5253,1875.0
5254,5779.0
5255,5778.0
5256,234.0
5257,5777.0
5258,1080.0
5259,1035.0
5260,5776.0
5261,5775.0
5262,5774.0
5263,1687.0
5264,48.0
5265,5773.0
5266,5772.0
5267,1874.0
5268,5771.0
5269,5770.0
5270,5769.0
5271,5768.0
5272,1047.0
5273,1873.0
5274,1047.0
5275,1047.0
5276,5767.0
5277,5766.0
5278,220.0
5279,1046.0
5281,5765.0
5282,5764.0
5284,137.0
5285,1707.0
5286,5763.0
5287,647.0
5288,5762.0
5289,1872.0
5290,1048.0
5291,5761.0
5292,5760.0
5293,5759.0
5294,646.0
5295,301.0
5296,301.0
5297,301.0
5298,301.0
5299,301.0
5300,420.0
5301,301.0
5302,1871.0
5303,5758.0
5304,582.0
5305,420.0
5306,5757.0
5307,1870.0
5308,1870.0
5309,5756.0
5315,300.0
5316,211.0
5317,5755.0
5318,1045.0
5319,5754.0
5322,5753.0
5323,5752.0
5325,211.0
5327,419.0
5340,5751.0
5341,5750.0
5342,558.0
5343,558.0
5344,5749.0
5345,1541.0
5346,1869.0
5347,5748.0
5348,140.0
5349,140.0
5350,233.0
5351,645.0
5352,645.0
5353,645.0
5354,5747.0
5355,5746.0
5356,1044.0
5357,5745.0
5358,5744.0
5359,5743.0
5360,1868.0
5361,1868.0
5362,5742.0
5363,155.0
5364,448.0
5368,5741.0
5369,5740.0
5370,5739.0
5371,265.0
5372,1840.0
5373,5738.0
5374,5737.0
5375,68.0
5376,418.0
5377,416.0
5378,417.0
5379,68.0
5380,164.0
5381,416.0
5382,5736.0
5383,1867.0
5384,68.0
5385,5735.0
5386,1043.0
5387,418.0
5388,1043.0
5389,417.0
5390,21.0
5391,373.0
5392,1866.0
5393,644.0
5394,82.0
5395,416.0
5396,68.0
5398,5734.0
5401,5733.0
5403,1865.0
5404,5732.0
5405,5731.0
5407,1042.0
5408,5729.0
5409,5728.0
5411,5727.0
5412,156.0
5413,40.0
5414,40.0
5415,1864.0
5416,5726.0
5417,5725.0
5418,5724.0
5419,5723.0
5420,5722.0
5421,5721.0
5422,5720.0
5423,1722.0
5424,757.0
5425,643.0
5426,1863.0
5427,1863.0
5428,1862.0
5429,1041.0
5430,5719.0
5431,5718.0
5432,5717.0
5433,5716.0
5434,5715.0
5436,5714.0
5437,415.0
5438,415.0
5439,415.0
5440,415.0
5441,1861.0
5442,1860.0
5443,1859.0
5444,456.0
5445,456.0
5447,5713.0
5448,5712.0
5449,5711.0
5450,5710.0
5451,155.0
5452,5709.0
5453,83.0
5454,891.0
5455,5708.0
5456,5707.0
5458,208.0
5460,208.0
5461,208.0
5462,208.0
5463,123.0
5464,5706.0
5466,415.0
5467,211.0
5468,1858.0
5469,5705.0
5472,5704.0
5473,5703.0
5474,5702.0
5475,558.0
5476,5701.0
5477,5700.0
5478,1857.0
5481,5699.0
5482,5698.0
5483,5697.0
5484,1478.0
5485,5696.0
5486,986.0
5487,1856.0
5488,425.0
5489,425.0
5490,425.0
5491,1040.0
5492,1855.0
5493,1855.0
5494,222.0
5495,5695.0
5496,55.0
5497,5694.0
5500,221.0
5501,221.0
5502,221.0
5503,5.0
5504,5693.0
5505,5692.0
5506,642.0
5507,650.0
5508,641.0
5509,5691.0
5510,1564.0
5511,1039.0
5512,43.0
5513,5690.0
5515,5689.0
5516,5688.0
5517,5687.0
5518,1156.0
5519,1854.0
5522,5686.0
5523,5685.0
5524,5684.0
5525,5683.0
5526,230.0
5527,5682.0
5528,5681.0
5529,5680.0
5530,5679.0
5531,5678.0
5533,411.0
5535,5677.0
5536,5676.0
5537,1853.0
5538,1853.0
5539,5675.0
5540,17.0
5541,5674.0
5542,414.0
5543,414.0
5544,414.0
5545,414.0
5546,1027.0
5547,952.0
5548,5673.0
5550,5672.0
5551,5671.0
5552,5670.0
5553,5669.0
5554,1852.0
5555,5668.0
5557,5667.0
5558,5666.0
5559,5665.0
5561,5664.0
5562,5663.0
5563,5662.0
5564,67.0
5565,67.0
5566,67.0
5567,67.0
5568,1038.0
5569,613.0
5570,5661.0
5571,5660.0
5572,5659.0
5573,5658.0
5574,5657.0
5575,5656.0
5576,5655.0
5577,1438.0
5578,5654.0
5579,5653.0
5580,5652.0
5584,5650.0
5585,423.0
5586,423.0
5588,5649.0
5589,299.0
5590,207.0
5591,299.0
5592,207.0
5593,207.0
5594,5648.0
5595,1037.0
5596,5647.0
5597,5646.0
5598,640.0
5599,640.0
5600,497.0
5601,640.0
5602,640.0
5604,315.0
5605,702.0
5606,1851.0
5607,154.0
5608,1850.0
5609,1820.0
5611,5645.0
5612,1797.0
5613,5644.0
5614,56.0
5615,56.0
5616,56.0
5617,5643.0
5618,1499.0
5619,1036.0
5621,1036.0
5622,1849.0
5623,153.0
5624,5642.0
5625,94.0
5626,153.0
5627,94.0
5628,94.0
5629,94.0
5630,1848.0
5631,395.0
5633,5641.0
5634,5640.0
5635,1036.0
5636,5639.0
5637,424.0
5638,639.0
5639,639.0
5640,639.0
5641,5638.0
5642,1847.0
5643,5637.0
5644,5636.0
5645,5635.0
5646,5634.0
5647,1035.0
5648,5633.0
5649,5632.0
5650,638.0
5651,638.0
5652,638.0
5656,1247.0
5657,637.0
5658,409.0
5659,217.0
5660,409.0
5661,409.0
5662,1034.0
5663,1034.0
5665,5631.0
5666,5630.0
5667,5629.0
5668,5628.0
5669,164.0
5670,636.0
5671,1846.0
5672,636.0
5673,1845.0
5674,5627.0
5675,5626.0
5676,5625.0
5677,635.0
5678,66.0
5679,66.0
5680,116.0
5681,66.0
5682,5624.0
5683,66.0
5684,66.0
5685,66.0
5686,66.0
5687,66.0
5688,66.0
5689,5623.0
5690,1844.0
5691,311.0
5692,639.0
5693,5622.0
5694,66.0
5695,116.0
5697,66.0
5698,116.0
5699,116.0
5701,116.0
5702,116.0
5703,5621.0
5704,5620.0
5705,5619.0
5706,1031.0
5707,5618.0
5708,298.0
5709,298.0
5710,1033.0
5711,298.0
5712,298.0
5713,298.0
5714,298.0
5715,1032.0
5716,1032.0
5717,1843.0
5718,5617.0
5719,1031.0
5720,1031.0
5721,5616.0
5722,5615.0
5723,221.0
5724,1842.0
5725,1842.0
5726,5614.0
5727,1841.0
5728,1840.0
5729,413.0
5730,413.0
5731,413.0
5732,673.0
5734,5613.0
5735,5612.0
5736,5611.0
5737,1839.0
5738,5610.0
5739,1839.0
5740,5609.0
5741,1838.0
5742,1838.0
5743,5608.0
5744,1124.0
5745,5607.0
5746,5606.0
5747,1837.0
5750,116.0
5751,5605.0
5752,5604.0
5753,5603.0
5754,1836.0
5755,5602.0
5756,207.0
5758,5601.0
5760,5600.0
5761,917.0
5762,5599.0
5763,5598.0
5764,5597.0
5766,5596.0
5767,1535.0
5768,5595.0
5770,5593.0
5771,5592.0
5772,1835.0
5773,5591.0
5778,323.0
5779,1834.0
5780,5590.0
5781,5589.0
5782,5588.0
5784,5587.0
5785,5586.0
5786,5585.0
5787,5584.0
5788,96.0
5789,96.0
5790,5583.0
5791,96.0
5792,96.0
5793,5582.0
5794,5581.0
5795,1497.0
5797,297.0
5798,297.0
5799,1833.0
5800,297.0
5801,634.0
5802,297.0
5803,297.0
5804,66.0
5805,297.0
5806,5580.0
5807,1030.0
5808,26.0
5810,1832.0
5812,25.0
5813,5579.0
5814,454.0
5815,5578.0
5816,5577.0
5817,5576.0
5818,317.0
5819,1831.0
5820,1830.0
5821,466.0
5822,466.0
5824,5575.0
5825,5574.0
5826,5573.0
5827,1803.0
5828,5572.0
5829,5571.0
5830,5570.0
5831,1829.0
5832,5569.0
5833,5568.0
5834,5567.0
5835,1029.0
5836,1029.0
5837,1029.0
5838,5566.0
5840,5565.0
5841,5564.0
5842,5563.0
5843,1828.0
5844,1828.0
5845,5562.0
5846,5561.0
5847,5560.0
5848,1028.0
5849,82.0
5851,82.0
5852,82.0
5853,115.0
5855,82.0
5856,32.0
5857,82.0
5858,82.0
5859,1827.0
5860,1826.0
5861,1027.0
5862,1827.0
5863,1826.0
5864,5559.0
5865,1027.0
5867,5558.0
5868,5557.0
5869,5556.0
5870,48.0
5871,48.0
5872,1240.0
5873,5555.0
5874,163.0
5875,5554.0
5876,5553.0
5877,1466.0
5878,633.0
5879,633.0
5880,5552.0
5884,615.0
5885,615.0
5886,632.0
5887,5551.0
5888,5550.0
5889,5549.0
5890,1825.0
5891,304.0
5892,5548.0
5893,1824.0
5894,304.0
5895,5547.0
5896,1510.0
5897,5546.0
5898,1669.0
5899,633.0
5901,14.0
5902,82.0
5903,1823.0
5904,1823.0
5905,5545.0
5906,1222.0
5907,5544.0
5908,1026.0
5909,1026.0
5910,5543.0
5912,1025.0
5913,5542.0
5914,1025.0
5915,1822.0
5916,5541.0
5918,1821.0
5919,1821.0
5920,5540.0
5921,414.0
5922,632.0
5924,519.0
5925,1579.0
5926,1820.0
5927,1819.0
5928,412.0
5929,81.0
5931,673.0
5932,5539.0
5933,631.0
5934,631.0
5935,631.0
5936,5538.0
5937,5537.0
5942,283.0
5943,5536.0
5944,637.0
5945,1818.0
5946,1504.0
5947,1798.0
5948,586.0
5949,586.0
5950,979.0
5951,158.0
5952,1024.0
5953,472.0
5955,353.0
5958,5535.0
5959,10.0
5960,391.0
5962,5534.0
5963,5533.0
5964,5532.0
5965,1163.0
5967,630.0
5968,630.0
5969,1816.0
5970,1023.0
5971,296.0
5972,1817.0
5973,5531.0
5975,296.0
5976,296.0
5977,1801.0
5979,296.0
5980,5530.0
5981,1816.0
5982,296.0
5983,5529.0
5984,5528.0
5985,5527.0
5986,5526.0
5987,450.0
5988,1022.0
5989,296.0
5990,439.0
5991,1021.0
5992,1020.0
5993,5525.0
5994,5524.0
5995,5523.0
5996,450.0
5997,5522.0
5998,5521.0
5999,489.0
6004,98.0
6005,5520.0
6006,16.0
6008,5519.0
6010,5517.0
6011,5516.0
6012,1019.0
6013,1815.0
6014,437.0
6015,387.0
6016,1814.0
6017,913.0
6018,387.0
6019,387.0
6020,5515.0
6021,5514.0
6022,5513.0
6023,629.0
6024,629.0
6025,629.0
6026,411.0
6027,411.0
6028,629.0
6029,5512.0
6030,5511.0
6031,5510.0
6032,5509.0
6033,1813.0
6034,952.0
6035,398.0
6036,1018.0
6039,398.0
6040,398.0
6042,1018.0
6044,5508.0
6045,5507.0
6046,5506.0
6047,5505.0
6048,1108.0
6049,5504.0
6051,5503.0
6052,5502.0
6053,220.0
6054,571.0
6055,398.0
6056,5501.0
6057,269.0
6058,812.0
6059,628.0
6060,628.0
6061,1018.0
6062,5500.0
6063,5499.0
6067,5496.0
6068,5495.0
6069,1812.0
6070,1812.0
6071,5494.0
6072,5493.0
6073,5492.0
6074,79.0
6075,79.0
6076,150.0
6077,5491.0
6078,5490.0
6079,1550.0
6080,233.0
6081,5489.0
6082,5488.0
6083,5487.0
6085,152.0
6086,152.0
6087,152.0
6088,152.0
6089,883.0
6090,883.0
6091,152.0
6092,5486.0
6093,5485.0
6094,5484.0
6095,5483.0
6096,5482.0
6097,1811.0
6098,1017.0
6099,5481.0
6100,1266.0
6101,101.0
6102,5480.0
6103,5479.0
6104,5478.0
6105,483.0
6106,556.0
6107,1711.0
6108,5477.0
6109,1810.0
6110,5476.0
6111,5475.0
6112,5474.0
6113,5473.0
6115,5472.0
6116,5471.0
6117,5470.0
6118,65.0
6119,65.0
6120,216.0
6122,5469.0
6123,5468.0
6124,5467.0
6125,1016.0
6128,1809.0
6129,1809.0
6130,1016.0
6131,1016.0
6132,1808.0
6133,1808.0
6134,410.0
6135,1015.0
6136,410.0
6137,410.0
6138,410.0
6139,410.0
6140,1015.0
6141,5466.0
6143,1195.0
6144,1807.0
6145,5465.0
6146,5464.0
6147,81.0
6148,294.0
6149,81.0
6150,295.0
6151,81.0
6152,81.0
6153,5463.0
6154,5462.0
6155,81.0
6156,81.0
6157,81.0
6158,81.0
6159,294.0
6160,81.0
6161,294.0
6162,81.0
6163,5461.0
6164,1806.0
6165,1806.0
6170,5460.0
6171,5459.0
6173,293.0
6174,293.0
6175,293.0
6176,293.0
6177,293.0
6178,1805.0
6180,5458.0
6181,245.0
6182,1804.0
6187,5456.0
6188,1013.0
6189,5455.0
6190,1803.0
6191,5454.0
6192,5453.0
6194,1780.0
6196,1265.0
6197,5452.0
6198,5451.0
6199,5450.0
6204,5449.0
6205,5448.0
6206,5447.0
6208,5446.0
6209,5445.0
6210,5444.0
6211,5443.0
6213,1802.0
6214,5442.0
6215,5441.0
6216,5440.0
6218,80.0
6219,219.0
6220,80.0
6221,80.0
6222,219.0
6223,80.0
6225,113.0
6226,80.0
6227,219.0
6228,113.0
6229,80.0
6230,218.0
6231,218.0
6232,113.0
6233,219.0
6234,80.0
6235,1012.0
6236,5439.0
6237,5438.0
6238,1012.0
6239,625.0
6240,627.0
6241,625.0
6242,1801.0
6243,627.0
6244,625.0
6245,635.0
6246,5437.0
6247,5436.0
6248,1800.0
6251,626.0
6252,627.0
6253,626.0
6254,625.0
6255,80.0
6256,5435.0
6257,1800.0
6260,5434.0
6261,1799.0
6262,5433.0
6263,5432.0
6264,5431.0
6265,5430.0
6266,5429.0
6267,5428.0
6268,5427.0
6269,5426.0
6271,723.0
6272,979.0
6273,1798.0
6274,5425.0
6275,5424.0
6276,1639.0
6277,5423.0
6278,5422.0
6279,5421.0
6280,217.0
6281,217.0
6282,217.0
6283,217.0
6284,409.0
6287,624.0
6288,624.0
6290,624.0
6291,624.0
6292,5420.0
6297,34.0
6298,34.0
6299,34.0
6300,34.0
6301,5419.0
6302,1797.0
6303,217.0
6304,5418.0
6305,5417.0
6306,5416.0
6308,5415.0
6310,5414.0
6311,5413.0
6312,61.0
6313,61.0
6314,1245.0
6315,1796.0
6316,5412.0
6317,5411.0
6319,244.0
6320,5410.0
6321,5409.0
6324,1795.0
6325,5408.0
6326,5407.0
6327,5406.0
6328,1011.0
6329,5405.0
6332,5404.0
6333,292.0
6334,65.0
6335,216.0
6336,65.0
6337,65.0
6338,216.0
6339,292.0
6340,65.0
6342,216.0
6343,216.0
6344,65.0
6345,1010.0
6346,1010.0
6347,5403.0
6348,408.0
6349,1009.0
6350,1009.0
6351,65.0
6352,65.0
6353,216.0
6354,5402.0
6355,5401.0
6356,65.0
6357,5400.0
6358,408.0
6359,408.0
6360,408.0
6361,943.0
6362,407.0
6363,5399.0
6364,852.0
6365,101.0
6366,407.0
6367,463.0
6368,407.0
6369,5398.0
6370,5397.0
6371,5396.0
6372,287.0
6373,287.0
6374,1571.0
6375,407.0
6377,5395.0
6378,34.0
6379,5394.0
6380,1794.0
6381,1794.0
6382,54.0
6383,215.0
6384,214.0
6385,151.0
6386,151.0
6387,151.0
6388,54.0
6389,151.0
6390,151.0
6391,214.0
6392,291.0
6393,54.0
6394,5393.0
6395,154.0
6396,215.0
6397,291.0
6398,1793.0
6399,54.0
6400,54.0
6401,54.0
6402,54.0
6403,54.0
6404,326.0
6405,54.0
6406,215.0
6407,114.0
6408,215.0
6409,114.0
6410,215.0
6411,114.0
6412,406.0
6413,215.0
6414,54.0
6415,154.0
6416,5392.0
6417,54.0
6418,54.0
6419,1008.0
6420,215.0
6421,214.0
6422,214.0
6423,154.0
6424,154.0
6425,214.0
6426,154.0
6427,154.0
6428,154.0
6429,5391.0
6430,5390.0
6431,5389.0
6432,1792.0
6433,1792.0
6434,291.0
6435,5388.0
6436,5387.0
6437,5386.0
6438,799.0
6439,5385.0
6440,5384.0
6441,54.0
6442,1007.0
6443,214.0
6444,133.0
6445,159.0
6446,159.0
6447,159.0
6448,113.0
6449,79.0
6451,79.0
6452,79.0
6453,79.0
6454,79.0
6455,79.0
6456,290.0
6458,79.0
6459,79.0
6460,79.0
6462,5383.0
6463,1512.0
6464,5382.0
6465,1006.0
6466,5381.0
6467,5380.0
6468,10.0
6469,5379.0
6474,5378.0
6476,1791.0
6477,489.0
6478,1790.0
6479,1790.0
6480,5377.0
6481,5376.0
6482,5375.0
6483,5374.0
6484,5373.0
6485,238.0
6486,5372.0
6487,37.0
6488,5371.0
6490,5370.0
6491,5369.0
6492,5368.0
6493,5367.0
6494,1789.0
6495,5366.0
6496,1274.0
6497,1788.0
6498,509.0
6499,1788.0
6500,1787.0
6501,601.0
6502,601.0
6503,5365.0
6504,599.0
6505,1724.0
6506,5364.0
6509,1.0
6510,1786.0
6511,5363.0
6512,5362.0
6513,61.0
6514,61.0
6515,61.0
6516,1785.0
6517,5361.0
6518,445.0
6519,5360.0
6520,445.0
6521,1784.0
6522,5359.0
6523,1783.0
6524,1782.0
6525,5358.0
6526,1781.0
6527,5357.0
6528,5356.0
6529,5355.0
6531,48.0
6532,5354.0
6533,5353.0
6535,1780.0
6539,5351.0
6541,668.0
6542,5350.0
6543,1779.0
6544,1740.0
6545,5349.0
6547,5348.0
6552,1004.0
6553,5347.0
6554,710.0
6555,5346.0
6556,206.0
6557,206.0
6558,206.0
6559,206.0
6560,206.0
6561,206.0
6562,5345.0
6563,5344.0
6571,5343.0
6576,46.0
6577,150.0
6578,5342.0
6579,5341.0
6580,5340.0
6582,28.0
6583,5339.0
6584,149.0
6585,149.0
6586,149.0
6587,149.0
6588,5338.0
6589,1778.0
6590,5337.0
6592,677.0
6593,6.0
6595,1242.0
6596,391.0
6597,149.0
6598,408.0
6599,397.0
6600,397.0
6601,149.0
6602,149.0
6603,149.0
6604,5336.0
6605,14.0
6606,5335.0
6607,1777.0
6608,5334.0
6609,12.0
6610,1710.0
6611,5333.0
6612,5332.0
6613,5331.0
6614,1003.0
6615,5330.0
6616,1776.0
6617,1776.0
6618,5329.0
6619,5328.0
6620,1684.0
6621,5327.0
6622,5326.0
6623,360.0
6625,5325.0
6626,5324.0
6627,628.0
6629,628.0
6630,5323.0
6631,1775.0
6632,5322.0
6633,5321.0
6634,5320.0
6636,1774.0
6637,1774.0
6638,1002.0
6639,1002.0
6640,5319.0
6641,5318.0
6642,236.0
6643,12.0
6644,1773.0
6645,1772.0
6646,5317.0
6647,585.0
6648,1771.0
6649,1771.0
6650,22.0
6651,22.0
6652,22.0
6653,22.0
6654,22.0
6655,22.0
6656,22.0
6657,22.0
6658,22.0
6659,22.0
6660,22.0
6661,22.0
6662,5316.0
6663,702.0
6664,1770.0
6665,5315.0
6667,1769.0
6668,1769.0
6669,5314.0
6670,5313.0
6671,5312.0
6672,1695.0
6673,5311.0
6674,64.0
6675,22.0
6676,22.0
6677,622.0
6678,621.0
6679,622.0
6680,622.0
6681,622.0
6682,621.0
6683,621.0
6684,1768.0
6685,843.0
6687,1000.0
6688,405.0
6691,1001.0
6692,289.0
6693,404.0
6694,1764.0
6695,289.0
6696,289.0
6697,5310.0
6698,5309.0
6699,405.0
6701,5308.0
6702,5307.0
6703,405.0
6704,5306.0
6705,1000.0
6706,5305.0
6708,1767.0
6709,1767.0
6710,1000.0
6711,1001.0
6712,405.0
6713,5304.0
6714,405.0
6715,1766.0
6716,621.0
6717,1513.0
6718,1765.0
6719,289.0
6720,404.0
6721,1764.0
6722,275.0
6723,404.0
6724,1763.0
6725,1763.0
6726,5303.0
6727,1762.0
6728,5302.0
6729,5301.0
6730,620.0
6731,620.0
6732,620.0
6733,5300.0
6735,5299.0
6736,382.0
6737,5298.0
6738,5297.0
6739,5296.0
6740,5295.0
6741,1090.0
6742,1761.0
6743,1761.0
6744,5294.0
6745,288.0
6746,570.0
6747,570.0
6748,570.0
6749,288.0
6750,23.0
6751,23.0
6752,23.0
6753,403.0
6754,23.0
6755,23.0
6756,23.0
6757,23.0
6758,23.0
6759,23.0
6760,23.0
6761,148.0
6762,999.0
6763,998.0
6764,23.0
6765,147.0
6766,148.0
6767,23.0
6768,23.0
6769,23.0
6770,23.0
6771,23.0
6772,1760.0
6773,1760.0
6774,5293.0
6776,147.0
6777,23.0
6778,147.0
6779,147.0
6780,5292.0
6781,990.0
6782,5291.0
6783,288.0
6784,288.0
6785,990.0
6786,5290.0
6788,5289.0
6789,147.0
6790,5288.0
6791,5287.0
6794,5286.0
6795,48.0
6796,1759.0
6797,997.0
6798,48.0
6799,996.0
6800,402.0
6801,5285.0
6802,5284.0
6803,5283.0
6804,5282.0
6805,995.0
6806,1.0
6815,5281.0
6816,5280.0
6817,994.0
6819,994.0
6820,994.0
6821,5279.0
6822,5278.0
6823,1751.0
6824,5277.0
6825,5276.0
6826,1758.0
6827,1757.0
6828,16.0
6829,993.0
6830,97.0
6831,97.0
6832,619.0
6833,619.0
6834,1241.0
6835,5275.0
6836,5274.0
6837,1518.0
6838,992.0
6839,992.0
6840,992.0
6845,5273.0
6846,5272.0
6847,5271.0
6848,5270.0
6849,5269.0
6850,287.0
6851,618.0
6852,5268.0
6853,1261.0
6854,5267.0
6855,5266.0
6856,5265.0
6857,1756.0
6858,1756.0
6859,5264.0
6860,5263.0
6862,5262.0
6863,5261.0
6864,5260.0
6865,5259.0
6866,5258.0
6868,5257.0
6871,1732.0
6872,5256.0
6873,982.0
6875,982.0
6876,5255.0
6877,5254.0
6879,5252.0
6880,5251.0
6881,5250.0
6882,454.0
6884,1755.0
6885,5249.0
6886,5248.0
6887,490.0
6888,490.0
6889,5247.0
6890,1749.0
6891,188.0
6892,1755.0
6893,1754.0
6894,5246.0
6895,617.0
6896,5245.0
6897,5244.0
6898,617.0
6899,1170.0
6900,401.0
6901,5243.0
6902,22.0
6903,5242.0
6904,212.0
6907,1495.0
6908,5241.0
6909,1753.0
6910,5240.0
6911,5239.0
6912,5238.0
6913,1491.0
6914,5237.0
6915,5236.0
6916,400.0
6917,399.0
6918,616.0
6919,974.0
6920,608.0
6921,399.0
6922,1752.0
6923,5235.0
6924,1751.0
6926,399.0
6927,616.0
6928,615.0
6929,991.0
6930,627.0
6938,951.0
6939,120.0
6941,5234.0
6942,614.0
6943,213.0
6944,213.0
6945,286.0
6946,286.0
6947,213.0
6948,213.0
6949,213.0
6950,213.0
6951,213.0
6952,918.0
6953,398.0
6954,990.0
6955,5233.0
6956,392.0
6957,989.0
6958,189.0
6959,5232.0
6960,5231.0
6962,397.0
6963,285.0
6964,285.0
6965,285.0
6966,14.0
6967,5230.0
6968,5229.0
6970,1750.0
6971,1750.0
6972,988.0
6973,5228.0
6974,613.0
6975,613.0
6976,613.0
6977,5227.0
6980,5226.0
6981,988.0
6982,212.0
6983,212.0
6984,212.0
6985,212.0
6986,5225.0
6987,995.0
6988,5224.0
6989,5223.0
6992,5222.0
6993,5221.0
6994,5220.0
6995,1749.0
6996,5219.0
6997,1748.0
6998,988.0
6999,987.0
7000,5218.0
7001,986.0
7002,1747.0
7003,5217.0
7004,5216.0
7005,5215.0
7006,608.0
7007,5214.0
7008,1747.0
7009,984.0
7010,984.0
7011,607.0
7012,396.0
7013,1741.0
7014,396.0
7015,396.0
7016,1746.0
7017,985.0
7018,393.0
7019,393.0
7020,393.0
7021,1745.0
7022,1744.0
7023,5213.0
7024,612.0
7025,612.0
7026,1744.0
7027,5212.0
7028,612.0
7029,5211.0
7030,5210.0
7031,611.0
7032,1743.0
7033,5209.0
7034,5208.0
7035,5207.0
7036,5206.0
7037,611.0
7038,5205.0
7039,1742.0
7040,5204.0
7041,5203.0
7042,5202.0
7043,611.0
7044,611.0
7045,5201.0
7046,5200.0
7047,5199.0
7048,1742.0
7049,5198.0
7050,5197.0
7052,5196.0
7053,5195.0
7054,5194.0
7055,5193.0
7056,5192.0
7057,5191.0
7059,5190.0
7060,71.0
7061,650.0
7062,5189.0
7064,985.0
7065,985.0
7066,984.0
7067,1741.0
7068,608.0
7069,5188.0
7070,5187.0
7072,612.0
7074,5186.0
7075,5185.0
7076,5184.0
7077,5183.0
7078,393.0
7080,5182.0
7081,5181.0
7082,5180.0
7083,1740.0
7084,5179.0
7085,5178.0
7086,220.0
7087,5177.0
7088,1739.0
7089,1739.0
7091,734.0
7092,1613.0
7094,5176.0
7096,5175.0
7097,1734.0
7098,5174.0
7099,5173.0
7100,5172.0
7101,5171.0
7102,5170.0
7103,5169.0
7105,1738.0
7106,1738.0
7107,5168.0
7108,5167.0
7109,5166.0
7110,211.0
7112,5165.0
7113,5164.0
7114,395.0
7115,973.0
7116,973.0
7117,5163.0
7118,461.0
7119,5162.0
7121,1737.0
7122,983.0
7123,5160.0
7125,982.0
7126,5159.0
7127,22.0
7128,5158.0
7129,486.0
7130,5157.0
7131,5156.0
7132,5155.0
7133,5154.0
7134,981.0
7135,981.0
7138,25.0
7139,146.0
7141,5153.0
7143,1736.0
7144,236.0
7145,5152.0
7146,5151.0
7147,5150.0
7149,5149.0
7150,1735.0
7151,1735.0
7152,5148.0
7153,5147.0
7154,5146.0
7155,1731.0
7156,1703.0
7157,5145.0
7158,5144.0
7159,5143.0
7160,5142.0
7161,1734.0
7162,337.0
7163,124.0
7165,1733.0
7167,22.0
7168,5141.0
7170,5139.0
7171,1732.0
7172,5138.0
7173,5137.0
7174,5136.0
7175,5135.0
7176,1152.0
7177,980.0
7178,980.0
7181,14.0
7182,32.0
7183,14.0
7184,32.0
7185,210.0
7186,14.0
7187,14.0
7188,32.0
7189,14.0
7190,32.0
7191,14.0
7194,32.0
7196,14.0
7199,394.0
7200,13.0
7201,980.0
7202,14.0
7203,14.0
7204,5133.0
7205,1731.0
7206,5132.0
7207,5131.0
7209,1730.0
7210,209.0
7211,5130.0
7212,5129.0
7213,399.0
7214,5128.0
7216,1405.0
7219,5127.0
7220,5126.0
7221,5125.0
7222,5124.0
7224,5123.0
7225,5122.0
7226,5121.0
7230,187.0
7231,158.0
7232,5120.0
7233,5119.0
7234,5118.0
7239,284.0
7240,5117.0
7242,1729.0
7245,5116.0
7246,5115.0
7248,5114.0
7249,284.0
7250,284.0
7251,284.0
7252,5113.0
7253,5112.0
7254,5111.0
7255,5110.0
7256,5109.0
7257,5108.0
7258,5107.0
7259,5106.0
7261,453.0
7262,5105.0
7263,5104.0
7264,5103.0
7265,5102.0
7266,5101.0
7267,5100.0
7268,5099.0
7269,5098.0
7270,5097.0
7271,5096.0
7272,5095.0
7273,1251.0
7274,1728.0
7275,5094.0
7276,5093.0
7277,5092.0
7278,5091.0
7279,14.0
7280,5090.0
7281,14.0
7282,14.0
7283,14.0
7284,14.0
7285,95.0
7286,95.0
7287,14.0
7288,112.0
7289,112.0
7290,112.0
7291,32.0
7292,112.0
7293,32.0
7294,32.0
7295,32.0
7296,32.0
7297,14.0
7299,5089.0
7300,1727.0
7301,1428.0
7302,979.0
7303,5088.0
7304,112.0
7305,5087.0
7306,5086.0
7307,978.0
7308,5085.0
7309,452.0
7310,5084.0
7311,5083.0
7312,5082.0
7314,5081.0
7315,5080.0
7316,610.0
7317,610.0
7318,610.0
7319,1713.0
7321,5079.0
7322,978.0
7325,5078.0
7326,5077.0
7327,5076.0
7328,448.0
7329,450.0
7330,5075.0
7331,5074.0
7333,5073.0
7334,5072.0
7335,609.0
7336,977.0
7337,609.0
7338,1726.0
7339,1726.0
7340,5071.0
7341,5070.0
7342,5069.0
7343,5068.0
7344,5067.0
7345,1042.0
7346,5066.0
7347,1725.0
7349,609.0
7350,484.0
7351,143.0
7352,401.0
7354,5065.0
7355,5064.0
7356,1724.0
7357,1723.0
7360,5063.0
7361,5062.0
7362,5061.0
7363,5060.0
7364,5059.0
7366,5058.0
7367,5057.0
7368,1722.0
7369,5056.0
7370,284.0
7371,284.0
7373,5055.0
7374,1493.0
7375,5054.0
7376,389.0
7377,5053.0
7378,5052.0
7379,5051.0
7380,1721.0
7381,1721.0
7382,393.0
7383,608.0
7384,1720.0
7385,607.0
7386,5050.0
7387,1719.0
7388,1719.0
7389,1718.0
7390,607.0
7391,396.0
7392,396.0
7393,1718.0
7396,5049.0
7397,5048.0
7399,5047.0
7400,5046.0
7401,5045.0
7402,5044.0
7403,976.0
7404,976.0
7405,976.0
7406,5043.0
7407,5042.0
7408,5041.0
7409,5040.0
7410,5039.0
7411,5038.0
7412,5037.0
7413,1717.0
7414,1717.0
7415,847.0
7416,5036.0
7417,1716.0
7418,1715.0
7419,1715.0
7420,1427.0
7421,1714.0
7430,5035.0
7431,5034.0
7432,5033.0
7433,1422.0
7434,1714.0
7438,283.0
7439,5032.0
7440,5031.0
7441,5030.0
7442,5029.0
7443,5028.0
7445,5027.0
7446,5026.0
7447,1139.0
7448,5025.0
7449,5024.0
7450,5023.0
7452,5022.0
7453,1169.0
7454,5021.0
7455,5020.0
7456,5019.0
7457,5018.0
7458,606.0
7459,5017.0
7460,606.0
7461,5016.0
7462,606.0
7463,5015.0
7464,606.0
7465,5014.0
7467,975.0
7468,221.0
7469,221.0
7470,221.0
7471,5013.0
7472,974.0
7473,399.0
7474,973.0
7477,5012.0
7478,5011.0
7480,5.0
7481,5010.0
7483,5009.0
7484,5008.0
7485,1622.0
7486,1713.0
7487,610.0
7488,971.0
7489,972.0
7490,5007.0
7491,971.0
7492,972.0
7493,5006.0
7494,5005.0
7495,5004.0
7496,1712.0
7497,1712.0
7501,5003.0
7502,5002.0
7503,5001.0
7505,970.0
7506,4999.0
7507,4998.0
7508,260.0
7509,4997.0
7510,4996.0
7511,260.0
7512,260.0
7513,4995.0
7514,260.0
7515,260.0
7516,4994.0
7517,1426.0
7518,1711.0
7519,4993.0
7523,208.0
7524,4992.0
7525,4991.0
7527,4990.0
7528,1710.0
7529,4989.0
7530,4988.0
7531,4987.0
7532,969.0
7533,969.0
7534,969.0
7535,150.0
7536,970.0
7537,1709.0
7538,4986.0
7539,4985.0
7540,4984.0
7541,4983.0
7542,4982.0
7543,4981.0
7544,1708.0
7552,1707.0
7553,4980.0
7554,4979.0
7556,167.0
7557,4978.0
7559,4977.0
7560,4976.0
7561,4975.0
7562,4974.0
7563,4973.0
7564,4972.0
7565,1706.0
7566,1706.0
7567,1704.0
7568,4971.0
7569,4970.0
7571,4969.0
7572,1705.0
7573,1705.0
7574,968.0
7575,605.0
7576,604.0
7577,603.0
7578,1704.0
7579,605.0
7580,605.0
7581,604.0
7582,603.0
7583,605.0
7584,603.0
7585,603.0
7586,468.0
7587,4968.0
7588,4967.0
7589,1204.0
7590,1703.0
7592,61.0
7593,61.0
7594,61.0
7595,4966.0
7596,4965.0
7597,51.0
7598,4964.0
7600,759.0
7604,25.0
7605,4963.0
7606,1486.0
7607,4962.0
7608,4961.0
7609,602.0
7610,4960.0
7611,1407.0
7612,1694.0
7613,4959.0
7614,704.0
7615,978.0
7616,4958.0
7618,4957.0
7619,4956.0
7620,4955.0
7621,4954.0
7623,4953.0
7624,145.0
7625,4952.0
7626,4951.0
7627,4950.0
7628,1701.0
7637,281.0
7638,4949.0
7639,4948.0
7640,1701.0
7657,4947.0
7658,4946.0
7659,17.0
7660,4945.0
7663,4944.0
7665,1700.0
7666,4943.0
7667,244.0
7668,244.0
7669,244.0
7670,4942.0
7671,4941.0
7673,601.0
7674,601.0
7675,4940.0
7677,600.0
7678,1682.0
7679,4939.0
7680,4938.0
7681,4937.0
7682,1699.0
7683,4936.0
7684,966.0
7685,966.0
7686,4935.0
7687,4934.0
7688,4933.0
7689,4932.0
7690,4931.0
7691,13.0
7692,4930.0
7693,4929.0
7694,4928.0
7695,427.0
7696,4927.0
7697,1698.0
7698,599.0
7699,599.0
7700,4926.0
7702,4925.0
7703,598.0
7704,4924.0
7706,4923.0
7707,4922.0
7710,4921.0
7711,4920.0
7712,4919.0
7714,4918.0
7721,4917.0
7722,204.0
7728,4916.0
7729,4915.0
7731,4914.0
7732,430.0
7733,4913.0
7735,4912.0
7736,411.0
7737,4911.0
7738,4910.0
7739,4909.0
7742,1697.0
7743,1697.0
7744,965.0
7745,4908.0
7746,39.0
7748,4907.0
7749,4906.0
7750,4905.0
7751,4904.0
7752,1696.0
7753,1696.0
7754,4903.0
7755,4902.0
7756,4901.0
7757,596.0
7758,4900.0
7759,4899.0
7760,4898.0
7761,4897.0
7762,1695.0
7763,4896.0
7764,1694.0
7765,597.0
7768,839.0
7769,1168.0
7771,839.0
7772,4895.0
7773,4894.0
7774,4893.0
7775,596.0
7776,1693.0
7777,1692.0
7778,1692.0
7779,389.0
7780,389.0
7781,4892.0
7782,1691.0
7783,4891.0
7785,4890.0
7807,4889.0
7810,4888.0
7816,752.0
7817,392.0
7818,4887.0
7819,391.0
7820,4886.0
7836,4885.0
7841,4884.0
7842,4883.0
7843,4882.0
7844,4881.0
7846,4880.0
7847,4879.0
7848,103.0
7851,4878.0
7852,4877.0
7853,918.0
7854,4876.0
7855,4875.0
7856,4874.0
7857,4873.0
7859,391.0
7860,4872.0
7861,4871.0
7862,4870.0
7864,4869.0
7865,4868.0
7869,1690.0
7870,1690.0
7880,4867.0
7881,4866.0
7882,964.0
7883,17.0
7884,17.0
7885,4865.0
7886,4864.0
7887,1689.0
7888,1689.0
7890,4863.0
7893,208.0
7896,4862.0
7897,4861.0
7899,963.0
7900,1688.0
7901,963.0
7902,963.0
7903,4860.0
7904,1687.0
7907,4859.0
7908,4858.0
7921,4857.0
7922,1686.0
7923,1686.0
7925,333.0
7927,4856.0
7928,419.0
7929,419.0
7930,419.0
7931,4855.0
7932,419.0
7935,4854.0
7937,4853.0
7938,144.0
7939,4852.0
7940,1211.0
7941,1685.0
7942,1207.0
7943,1684.0
7944,4851.0
7945,4850.0
7946,4849.0
7947,4848.0
7948,4847.0
7949,4846.0
7950,1217.0
7951,4845.0
7952,1683.0
7953,1682.0
7954,738.0
7955,4844.0
7956,4843.0
7958,4842.0
7960,4841.0
7961,4840.0
7962,1680.0
7964,4839.0
7966,4838.0
7968,1260.0
7969,943.0
7970,1379.0
7971,595.0
7972,595.0
7974,1681.0
7975,1329.0
7977,472.0
7978,1680.0
7980,1679.0
7982,962.0
7984,4837.0
7985,962.0
7986,962.0
7987,4836.0
7988,4835.0
7989,31.0
7990,31.0
7991,31.0
7992,31.0
7993,78.0
7994,78.0
7995,31.0
7996,78.0
7997,78.0
7998,78.0
7999,31.0
8000,31.0
8001,31.0
8002,31.0
8003,31.0
8004,31.0
8005,31.0
8006,31.0
8007,31.0
8008,31.0
8009,31.0
8010,1547.0
8012,4834.0
8015,4833.0
8016,4832.0
8017,4831.0
8018,4830.0
8019,4829.0
8020,1678.0
8021,1678.0
8022,1677.0
8023,4828.0
8024,1608.0
8025,17.0
8026,4827.0
8027,1113.0
8028,1150.0
8029,4826.0
8030,961.0
8034,64.0
8036,4825.0
8041,4824.0
8044,1676.0
8045,4823.0
8046,1676.0
8047,4822.0
8049,4821.0
8050,4820.0
8051,769.0
8056,1675.0
8057,1675.0
8058,4819.0
8060,4818.0
8061,4817.0
8062,4816.0
8064,4815.0
8065,4814.0
8066,20.0
8068,4813.0
8069,4812.0
8070,4811.0
8072,4810.0
8073,4809.0
8075,4808.0
8076,1674.0
8077,1674.0
8078,4807.0
8079,4806.0
8080,4805.0
8081,4804.0
8082,4803.0
8088,4802.0
8090,46.0
8091,4801.0
8094,61.0
8095,30.0
8096,4800.0
8099,1673.0
8100,1672.0
8101,269.0
8102,280.0
8112,64.0
8113,64.0
8114,64.0
8115,1671.0
8116,64.0
8117,64.0
8118,64.0
8119,64.0
8121,4799.0
8122,207.0
8123,4798.0
8124,960.0
8125,960.0
8127,64.0
8128,64.0
8131,143.0
8133,4797.0
8134,4796.0
8139,4795.0
8142,959.0
8143,958.0
8144,958.0
8146,959.0
8147,1670.0
8148,4794.0
8149,960.0
8150,194.0
8152,1669.0
8154,4793.0
8166,4792.0
8167,4791.0
8171,4790.0
8172,236.0
8173,4789.0
8176,4788.0
8177,4787.0
8178,4786.0
8180,4785.0
8181,1668.0
8182,206.0
8183,236.0
8184,236.0
8185,6.0
8186,6.0
8187,6.0
8188,6.0
8189,4784.0
8190,4783.0
8194,279.0
8195,279.0
8196,4782.0
8197,6.0
8199,4781.0
8200,1647.0
8201,4780.0
8203,1667.0
8206,4779.0
8207,4778.0
8208,4777.0
8214,957.0
8215,1666.0
8216,4776.0
8217,4775.0
8218,4774.0
8220,237.0
8221,600.0
8222,4773.0
8223,4772.0
8224,1665.0
8225,4771.0
8227,754.0
8235,4770.0
8236,661.0
8237,1363.0
8238,4769.0
8239,4768.0
8240,29.0
8241,29.0
8242,29.0
8243,29.0
8244,29.0
8245,29.0
8246,29.0
8247,77.0
8248,63.0
8249,142.0
8250,594.0
8251,142.0
8252,29.0
8253,237.0
8255,1664.0
8256,1664.0
8257,123.0
8259,4767.0
8261,4766.0
8262,4765.0
8264,4764.0
8265,4763.0
8266,1663.0
8267,4762.0
8270,4761.0
8272,1235.0
8273,4760.0
8276,4759.0
8281,4758.0
8282,4757.0
8285,4756.0
8286,4755.0
8288,4754.0
8289,4753.0
8290,1044.0
8291,452.0
8292,4752.0
8293,620.0
8294,4751.0
8295,4750.0
8296,4749.0
8298,4748.0
8299,4747.0
8300,181.0
8301,4746.0
8302,4745.0
8303,1500.0
8304,4744.0
8307,556.0
8308,4743.0
8309,25.0
8311,4742.0
8317,1662.0
8318,1662.0
8319,1660.0
8320,4741.0
8321,4740.0
8322,4739.0
8323,1661.0
8324,1661.0
8325,1660.0
8326,591.0
8328,63.0
8329,63.0
8330,63.0
8331,63.0
8332,29.0
8333,142.0
8334,142.0
8335,278.0
8336,278.0
8338,77.0
8340,955.0
8341,29.0
8342,29.0
8343,29.0
8344,77.0
8345,29.0
8346,77.0
8347,77.0
8348,29.0
8349,956.0
8350,63.0
8351,1591.0
8353,4738.0
8354,4737.0
8355,593.0
8357,29.0
8358,278.0
8359,63.0
8360,278.0
8361,278.0
8362,29.0
8366,4736.0
8367,1228.0
8369,4735.0
8370,4734.0
8371,4733.0
8373,4732.0
8375,955.0
8376,77.0
8377,955.0
8378,264.0
8379,4731.0
8381,4730.0
8384,4729.0
8385,4728.0
8386,1659.0
8388,4727.0
8389,4726.0
8390,4725.0
8391,4724.0
8392,4723.0
8394,477.0
8397,4722.0
8399,922.0
8400,4721.0
8401,4720.0
8402,4719.0
8403,4718.0
8405,4717.0
8406,4716.0
8407,4715.0
8410,592.0
8411,4714.0
8412,4713.0
8413,954.0
8414,954.0
8415,4712.0
8416,4711.0
8417,4710.0
8418,4709.0
8419,4708.0
8421,954.0
8424,4707.0
8426,1645.0
8427,4706.0
8428,4705.0
8429,205.0
8430,4704.0
8431,4703.0
8432,205.0
8433,205.0
8434,205.0
8435,205.0
8436,277.0
8437,1474.0
8438,4702.0
8440,4701.0
8441,4700.0
8443,4699.0
8444,183.0
8446,183.0
8447,4698.0
8448,392.0
8449,392.0
8451,183.0
8452,4697.0
8453,4696.0
8454,591.0
8455,591.0
8456,591.0
8457,141.0
8458,141.0
8459,141.0
8460,141.0
8461,141.0
8462,141.0
8463,141.0
8464,141.0
8465,1658.0
8466,1657.0
8467,1657.0
8471,4695.0
8472,4694.0
8475,1656.0
8477,4693.0
8478,42.0
8479,590.0
8480,953.0
8481,4692.0
8486,1655.0
8487,952.0
8488,426.0
8489,426.0
8490,4691.0
8491,589.0
8492,4690.0
8493,426.0
8497,4689.0
8498,4688.0
8499,588.0
8500,4687.0
8502,4686.0
8503,951.0
8505,950.0
8506,950.0
8507,950.0
8515,4685.0
8516,4684.0
8518,183.0
8520,1654.0
8523,4683.0
8524,4682.0
8531,4681.0
8532,4680.0
8536,276.0
8537,276.0
8538,192.0
8539,4679.0
8540,4678.0
8542,1643.0
8543,4677.0
8545,4676.0
8548,4675.0
8557,234.0
8558,4674.0
8559,949.0
8560,949.0
8567,4673.0
8568,4672.0
8569,4671.0
8570,4670.0
8571,4669.0
8572,306.0
8573,390.0
8574,390.0
8575,390.0
8576,390.0
8577,390.0
8578,948.0
8579,1653.0
8580,947.0
8581,1641.0
8582,1653.0
8583,4668.0
8584,587.0
8585,587.0
8586,4667.0
8587,4666.0
8589,587.0
8590,30.0
8591,30.0
8592,30.0
8593,203.0
8594,30.0
8595,945.0
8596,1652.0
8597,1652.0
8598,4665.0
8599,30.0
8600,944.0
8601,25.0
8602,86.0
8603,140.0
8604,1481.0
8605,86.0
8606,86.0
8607,1399.0
8610,275.0
8611,275.0
8612,275.0
8613,1651.0
8614,275.0
8615,275.0
8616,1489.0
8617,204.0
8618,204.0
8619,204.0
8620,204.0
8621,204.0
8622,1650.0
8623,204.0
8624,1161.0
8625,1649.0
8626,4664.0
8628,4663.0
8629,4662.0
8630,1649.0
8631,4661.0
8632,4660.0
8633,1648.0
8637,4658.0
8638,4657.0
8639,25.0
8640,4656.0
8641,4655.0
8642,4654.0
8643,308.0
8645,4653.0
8646,586.0
8647,586.0
8648,1568.0
8649,4652.0
8651,4651.0
8652,299.0
8653,4650.0
8654,192.0
8655,946.0
8656,4649.0
8657,1102.0
8659,4648.0
8660,4647.0
8661,4646.0
8662,30.0
8663,30.0
8664,945.0
8665,30.0
8666,30.0
8667,30.0
8668,944.0
8669,4645.0
8670,4644.0
8671,4643.0
8672,587.0
8674,4642.0
8678,4641.0
8679,4640.0
8686,4639.0
8687,943.0
8691,1471.0
8692,4638.0
8695,4637.0
8697,4636.0
8698,939.0
8702,1647.0
8703,4635.0
8704,4634.0
8705,754.0
8706,4633.0
8707,1083.0
8709,680.0
8710,1646.0
8711,942.0
8719,34.0
8720,34.0
8721,34.0
8722,34.0
8723,34.0
8724,4632.0
8725,1645.0
8726,94.0
8727,4631.0
8728,4630.0
8730,4629.0
8731,4628.0
8732,4627.0
8733,4626.0
8734,37.0
8735,37.0
8736,585.0
8739,4625.0
8746,1594.0
8747,4624.0
8748,1644.0
8749,1644.0
8750,4623.0
8751,941.0
8752,941.0
8753,941.0
8754,4622.0
8755,940.0
8756,940.0
8757,940.0
8758,4621.0
8759,4620.0
8761,4619.0
8763,4618.0
8764,4617.0
8765,768.0
8766,4616.0
8774,4615.0
8775,4614.0
8776,4613.0
8777,4612.0
8778,4611.0
8779,4610.0
8780,4609.0
8781,939.0
8782,4608.0
8783,86.0
8785,717.0
8786,46.0
8787,46.0
8788,46.0
8789,4607.0
8790,46.0
8791,4606.0
8792,1643.0
8795,4605.0
8798,938.0
8799,938.0
8800,938.0
8801,4604.0
8802,937.0
8803,937.0
8804,4603.0
8806,936.0
8807,936.0
8808,936.0
8813,4602.0
8814,4601.0
8815,4600.0
8816,935.0
8817,584.0
8818,584.0
8819,932.0
8820,584.0
8821,935.0
8822,935.0
8823,932.0
8824,1642.0
8825,4599.0
8826,934.0
8827,934.0
8828,934.0
8829,1641.0
8830,933.0
8831,933.0
8834,933.0
8835,932.0
8836,584.0
8838,4598.0
8839,1640.0
8840,1640.0
8841,4597.0
8842,34.0
8843,4596.0
8847,4595.0
8848,4594.0
8849,316.0
8855,76.0
8856,4593.0
8858,51.0
8859,4592.0
8860,205.0
8861,4591.0
8862,4590.0
8868,4589.0
8869,931.0
8870,930.0
8871,930.0
8872,930.0
8873,4588.0
8885,4587.0
8887,4586.0
8888,4585.0
8889,4584.0
8890,4583.0
8891,4582.0
8895,1639.0
8896,4580.0
8897,1203.0
8898,1421.0
8902,4579.0
8903,4578.0
8907,4577.0
8908,4576.0
8909,949.0
8910,4575.0
8911,4574.0
8912,4573.0
8913,4572.0
8914,929.0
8915,929.0
8916,4571.0
8917,928.0
8919,813.0
8920,4570.0
8921,139.0
8922,4569.0
8925,4568.0
8926,4567.0
8927,590.0
8928,583.0
8929,583.0
8930,583.0
8931,583.0
8936,4566.0
8937,4565.0
8938,4564.0
8939,4563.0
8940,181.0
8942,4562.0
8943,4561.0
8948,4560.0
8949,4559.0
8950,4558.0
8951,4557.0
8952,4556.0
8953,618.0
8954,582.0
8955,4555.0
8956,4554.0
8958,76.0
8960,4553.0
8962,4552.0
8963,4551.0
8964,4550.0
8965,927.0
8966,927.0
8967,927.0
8968,4549.0
8969,4548.0
8970,1638.0
8971,4547.0
8972,1469.0
8973,1637.0
8974,1637.0
8976,4546.0
8977,496.0
8978,496.0
8979,496.0
8981,4545.0
8982,30.0
8983,30.0
8984,203.0
8985,581.0
8986,30.0
8987,30.0
8988,4544.0
8990,484.0
8991,4543.0
8992,4542.0
8993,4541.0
8994,4540.0
8995,4539.0
8996,1636.0
8997,1636.0
8998,4538.0
8999,37.0
9000,37.0
9001,37.0
9002,37.0
9003,926.0
9004,37.0
9005,580.0
9007,4537.0
9009,4536.0
9010,4535.0
9011,1539.0
9012,4534.0
9013,389.0
9014,4533.0
9015,61.0
9017,133.0
9018,1635.0
9019,925.0
9020,925.0
9021,925.0
9022,1634.0
9023,4532.0
9026,4531.0
9028,4530.0
9029,4529.0
9032,4528.0
9035,51.0
9036,772.0
9039,4526.0
9040,4525.0
9042,340.0
9043,4524.0
9044,924.0
9045,1633.0
9046,1633.0
9047,1632.0
9048,4523.0
9049,760.0
9053,4522.0
9054,4521.0
9055,26.0
9057,378.0
9058,388.0
9059,378.0
9061,388.0
9062,4520.0
9063,202.0
9064,722.0
9065,722.0
9066,202.0
9067,1631.0
9068,202.0
9069,202.0
9070,202.0
9071,923.0
9072,923.0
9073,923.0
9074,202.0
9075,202.0
9076,4519.0
9077,1630.0
9080,4518.0
9081,4517.0
9082,10.0
9083,123.0
9085,1592.0
9086,4516.0
9087,4515.0
9088,4514.0
9089,4513.0
9092,4512.0
9093,4511.0
9094,4510.0
9095,1626.0
9096,4509.0
9097,4508.0
9098,4507.0
9099,4506.0
9100,4505.0
9101,1629.0
9102,1629.0
9103,4504.0
9104,4503.0
9105,4502.0
9107,523.0
9108,1628.0
9109,1628.0
9110,4501.0
9112,4500.0
9114,201.0
9115,201.0
9117,201.0
9118,201.0
9119,201.0
9120,201.0
9121,579.0
9122,579.0
9123,579.0
9124,579.0
9125,1627.0
9126,1627.0
9128,922.0
9130,921.0
9131,921.0
9132,4499.0
9133,46.0
9134,46.0
9135,46.0
9136,46.0
9137,4498.0
9138,4497.0
9139,4496.0
9140,46.0
9141,1626.0
9142,1625.0
9146,590.0
9147,4494.0
9150,642.0
9151,642.0
9152,642.0
9153,4493.0
9154,4492.0
9155,4491.0
9156,4490.0
9158,4489.0
9160,4488.0
9161,4487.0
9162,4486.0
9163,4485.0
9165,4484.0
9166,4483.0
9168,4482.0
9170,30.0
9171,4481.0
9172,920.0
9173,4480.0
9174,4479.0
9178,4478.0
9179,1562.0
9180,4477.0
9182,1624.0
9183,1624.0
9184,4476.0
9185,4475.0
9186,4474.0
9188,76.0
9189,76.0
9190,76.0
9191,76.0
9192,274.0
9193,76.0
9194,76.0
9195,76.0
9196,76.0
9197,76.0
9198,799.0
9199,4473.0
9200,4472.0
9201,4471.0
9211,4470.0
9212,1545.0
9213,35.0
9214,35.0
9215,35.0
9216,35.0
9217,35.0
9218,35.0
9219,35.0
9220,578.0
9221,578.0
9222,480.0
9223,919.0
9224,60.0
9225,44.0
9226,1623.0
9227,1623.0
9240,4469.0
9242,1622.0
9244,4468.0
9253,4467.0
9259,4466.0
9260,4465.0
9261,111.0
9262,111.0
9263,111.0
9264,111.0
9265,111.0
9268,4464.0
9269,850.0
9276,11.0
9277,11.0
9278,11.0
9279,11.0
9280,11.0
9282,4463.0
9283,4462.0
9284,4461.0
9285,4460.0
9288,4459.0
9289,1.0
9290,4458.0
9291,4457.0
9294,123.0
9297,4456.0
9298,4455.0
9299,4454.0
9305,269.0
9306,4453.0
9307,4452.0
9309,4451.0
9310,4450.0
9311,4449.0
9314,1150.0
9315,1621.0
9317,4448.0
9318,4447.0
9320,4446.0
9327,918.0
9328,4445.0
9329,4444.0
9330,4443.0
9331,4442.0
9332,4441.0
9333,1620.0
9334,1620.0
9335,4440.0
9336,4439.0
9339,4438.0
9340,1619.0
9341,39.0
9342,39.0
9343,4437.0
9344,51.0
9345,230.0
9346,4436.0
9347,4435.0
9348,4434.0
9349,4433.0
9350,4432.0
9351,4431.0
9352,4430.0
9353,4429.0
9354,1065.0
9355,1065.0
9356,682.0
9357,4428.0
9358,1618.0
9359,4427.0
9361,1618.0
9363,4426.0
9364,1617.0
9365,273.0
9366,1617.0
9368,4425.0
9369,4424.0
9370,39.0
9371,145.0
9372,145.0
9373,577.0
9374,577.0
9375,1.0
9376,1.0
9378,1.0
9380,1.0
9381,1.0
9382,1.0
9383,1.0
9384,1.0
9385,145.0
9386,1.0
9387,1.0
9388,4423.0
9389,1.0
9390,1.0
9391,1616.0
9392,1.0
9393,1.0
9394,1.0
9395,1.0
9396,200.0
9397,1.0
9398,495.0
9399,1.0
9400,4422.0
9401,1615.0
9402,1.0
9403,1.0
9404,576.0
9405,4421.0
9407,771.0
9408,145.0
9410,4420.0
9411,4419.0
9412,43.0
9413,43.0
9414,43.0
9415,4418.0
9417,21.0
9418,1614.0
9419,575.0
9422,575.0
9423,4417.0
9424,212.0
9425,4416.0
9426,4415.0
9427,1613.0
9428,4414.0
9429,1612.0
9430,1103.0
9431,4413.0
9432,1611.0
9434,387.0
9435,1610.0
9437,4412.0
9438,4411.0
9439,4410.0
9440,387.0
9441,4409.0
9442,4408.0
9443,4407.0
9445,1.0
9446,1.0
9447,200.0
9448,1.0
9449,1.0
9451,1.0
9452,1.0
9453,1.0
9454,39.0
9455,1.0
9456,1.0
9457,110.0
9458,1.0
9459,1.0
9460,1.0
9461,1.0
9462,1.0
9463,4406.0
9465,4405.0
9468,917.0
9469,916.0
9470,917.0
9471,916.0
9476,13.0
9477,13.0
9479,47.0
9480,47.0
9481,47.0
9482,47.0
9483,47.0
9484,386.0
9485,13.0
9486,47.0
9487,13.0
9488,13.0
9489,13.0
9490,1609.0
9491,915.0
9492,47.0
9493,913.0
9494,137.0
9496,34.0
9497,72.0
9498,914.0
9499,914.0
9500,4404.0
9501,768.0
9502,4403.0
9503,1502.0
9505,4402.0
9506,273.0
9507,273.0
9508,273.0
9509,4401.0
9511,273.0
9515,1608.0
9516,4400.0
9517,4399.0
9518,72.0
9519,914.0
9520,574.0
9521,3.0
9522,4398.0
9523,3.0
9525,4397.0
9526,902.0
9527,3.0
9528,3.0
9529,385.0
9530,3.0
9531,3.0
9532,3.0
9533,3.0
9534,3.0
9535,3.0
9536,3.0
9537,3.0
9538,3.0
9539,3.0
9540,721.0
9541,338.0
9546,3.0
9547,189.0
9548,189.0
9549,384.0
9550,384.0
9551,3.0
9553,913.0
9554,1607.0
9555,4396.0
9556,4395.0
9557,4394.0
9558,4393.0
9559,4392.0
9560,4391.0
9561,1164.0
9562,929.0
9563,4390.0
9564,1521.0
9565,4389.0
9566,53.0
9567,273.0
9569,1606.0
9570,1606.0
9571,383.0
9572,383.0
9573,383.0
9575,383.0
9580,383.0
9585,4388.0
9596,4387.0
9597,199.0
9598,912.0
9599,199.0
9600,911.0
9601,199.0
9602,882.0
9603,169.0
9604,169.0
9605,199.0
9607,199.0
9608,216.0
9609,72.0
9612,4386.0
9614,4385.0
9615,381.0
9616,381.0
9617,381.0
9618,4384.0
9619,382.0
9620,382.0
9621,382.0
9622,382.0
9623,1605.0
9624,331.0
9625,4383.0
9626,4382.0
9627,137.0
9628,381.0
9629,381.0
9630,4381.0
9631,43.0
9632,43.0
9633,43.0
9634,43.0
9636,1605.0
9638,4380.0
9639,4379.0
9640,4378.0
9641,4377.0
9642,4376.0
9643,4375.0
9644,1313.0
9645,1604.0
9646,1604.0
9647,884.0
9648,4374.0
9649,4373.0
9650,757.0
9651,4372.0
9652,1603.0
9653,1603.0
9654,744.0
9655,4371.0
9656,763.0
9657,4370.0
9658,4369.0
9659,4368.0
9660,4367.0
9661,4366.0
9662,1602.0
9664,4365.0
9666,4364.0
9667,4363.0
9669,4362.0
9670,3.0
9672,4361.0
9673,4360.0
9674,138.0
9675,138.0
9676,138.0
9677,138.0
9678,138.0
9679,138.0
9680,138.0
9681,910.0
9682,321.0
9683,321.0
9684,4359.0
9685,4358.0
9691,672.0
9692,672.0
9693,672.0
9694,4357.0
9695,4356.0
9706,4355.0
9708,4354.0
9709,1601.0
9710,906.0
9711,906.0
9712,4353.0
9713,4352.0
9714,4351.0
9719,4350.0
9720,681.0
9721,681.0
9723,13.0
9724,47.0
9726,4349.0
9727,137.0
9728,137.0
9729,4348.0
9730,4347.0
9731,137.0
9732,4346.0
9733,137.0
9734,1590.0
9735,4345.0
9736,137.0
9737,909.0
9738,909.0
9739,909.0
9740,1598.0
9742,4344.0
9744,4343.0
9745,4342.0
9746,4341.0
9747,1600.0
9748,4340.0
9749,905.0
9750,4339.0
9751,743.0
9752,477.0
9753,4338.0
9755,4337.0
9756,3.0
9757,3.0
9758,3.0
9759,385.0
9760,3.0
9761,3.0
9762,3.0
9763,3.0
9764,3.0
9765,1599.0
9767,903.0
9768,1089.0
9769,1598.0
9770,908.0
9771,272.0
9772,272.0
9773,272.0
9774,272.0
9775,272.0
9776,272.0
9777,13.0
9778,907.0
9779,4336.0
9780,4335.0
9781,743.0
9782,681.0
9783,906.0
9784,4334.0
9785,4333.0
9786,905.0
9787,4332.0
9789,4331.0
9790,11.0
9791,11.0
9792,11.0
9793,271.0
9794,11.0
9795,271.0
9797,4330.0
9798,4329.0
9800,4328.0
9801,4327.0
9802,51.0
9803,4326.0
9805,170.0
9807,170.0
9810,1597.0
9814,4325.0
9815,51.0
9816,1596.0
9817,4324.0
9818,4323.0
9819,158.0
9821,4322.0
9822,4321.0
9826,1595.0
9827,4320.0
9828,4319.0
9829,1594.0
9831,4318.0
9834,4317.0
9835,4316.0
9838,4315.0
9840,1572.0
9841,230.0
9845,4314.0
9847,4313.0
9849,4312.0
9850,4311.0
9852,4310.0
9853,4309.0
9854,1593.0
9859,4308.0
9861,4307.0
9862,4306.0
9863,4305.0
9864,1537.0
9865,4304.0
9870,4303.0
9871,181.0
9873,176.0
9874,1592.0
9876,4302.0
9877,25.0
9878,4301.0
9882,4300.0
9883,2.0
9884,2.0
9885,2.0
9886,2.0
9887,2.0
9888,2.0
9889,2.0
9890,2.0
9891,2.0
9892,2.0
9893,2.0
9894,2.0
9895,2.0
9897,2.0
9899,2.0
9900,2.0
9901,75.0
9905,4299.0
9907,1591.0
9908,4298.0
9909,4297.0
9910,4296.0
9911,4295.0
9916,4294.0
9917,4293.0
9918,4292.0
9919,51.0
9920,4291.0
9925,4290.0
9926,19.0
9931,904.0
9932,1588.0
9933,4289.0
9934,4288.0
9935,4287.0
9936,4286.0
9937,1219.0
9938,38.0
9939,38.0
9940,38.0
9941,4285.0
9942,4284.0
9945,4283.0
9946,910.0
9947,903.0
9948,460.0
9949,4282.0
9950,4281.0
9951,4280.0
9952,910.0
9953,1590.0
9954,380.0
9955,4279.0
9956,101.0
9957,380.0
9958,380.0
9959,380.0
9960,380.0
9961,1589.0
9962,1589.0
9963,4278.0
9964,4277.0
9965,4276.0
9966,4275.0
9967,1585.0
9968,904.0
9969,4274.0
9970,887.0
9971,4273.0
9972,38.0
9973,38.0
9974,38.0
9975,38.0
9976,38.0
9977,38.0
9978,1588.0
9979,903.0
9980,4272.0
9981,4271.0
9982,331.0
9983,1587.0
9984,1586.0
9985,1586.0
9986,4270.0
9987,1585.0
9988,4269.0
9989,1536.0
9990,69.0
9991,109.0
9992,69.0
9993,56.0
9996,4268.0
9998,1584.0
10000,553.0
10005,553.0
10009,1569.0
10012,6.0
10013,6.0
10014,902.0
10022,553.0
10024,4267.0
10032,6.0
10034,901.0
10035,4266.0
10036,4265.0
10037,573.0
10038,38.0
10039,904.0
10040,38.0
10041,460.0
10042,4264.0
10043,4263.0
10044,4262.0
10045,38.0
10046,4261.0
10047,4260.0
10048,4259.0
10049,900.0
10051,900.0
10052,4258.0
10053,900.0
10054,4257.0
10057,379.0
10058,379.0
10059,379.0
10060,379.0
10061,379.0
10062,4256.0
10063,4255.0
10064,4254.0
10065,899.0
10066,899.0
10067,899.0
10068,1583.0
10069,1583.0
10070,1582.0
10071,1582.0
10072,4253.0
10073,572.0
10074,572.0
10075,572.0
10076,572.0
10077,4252.0
10079,571.0
10080,4251.0
10081,4250.0
10083,570.0
10085,378.0
10086,4249.0
10087,4248.0
10088,388.0
10089,898.0
10090,897.0
10091,378.0
10092,388.0
10093,896.0
10094,378.0
10095,4247.0
10096,897.0
10097,1581.0
10098,388.0
10099,4246.0
10102,576.0
10104,1580.0
10105,1580.0
10106,4245.0
10107,4244.0
10108,38.0
10112,4243.0
10114,4242.0
10115,1519.0
10118,4241.0
10119,4240.0
10121,1579.0
10122,1406.0
10124,4239.0
10125,4238.0
10126,4237.0
10127,4236.0
10128,4235.0
10131,270.0
10132,270.0
10133,748.0
10134,108.0
10135,4234.0
10136,1578.0
10137,4233.0
10138,4232.0
10139,4231.0
10140,4230.0
10141,1577.0
10142,1577.0
10143,4229.0
10144,4228.0
10145,4227.0
10146,4226.0
10148,4225.0
10149,4224.0
10150,4223.0
10152,4222.0
10154,825.0
10155,825.0
10157,4221.0
10159,569.0
10160,569.0
10161,569.0
10165,4220.0
10166,4219.0
10168,4218.0
10169,1576.0
10170,4217.0
10171,4216.0
10173,4215.0
10174,265.0
10176,265.0
10177,265.0
10178,1575.0
10179,303.0
10180,265.0
10181,727.0
10182,377.0
10183,377.0
10184,377.0
10185,377.0
10187,377.0
10188,4214.0
10191,4213.0
10193,4212.0
10194,4211.0
10195,4210.0
10198,1574.0
10200,1574.0
10202,4209.0
10203,4208.0
10204,4207.0
10205,223.0
10206,4206.0
10207,737.0
10208,20.0
10209,20.0
10210,20.0
10211,20.0
10212,13.0
10217,4205.0
10218,4204.0
10219,4203.0
10223,4202.0
10227,4201.0
10228,4200.0
10229,4199.0
10230,4198.0
10231,269.0
10233,4197.0
10235,4195.0
10236,582.0
10237,111.0
10238,1573.0
10239,111.0
10240,111.0
10241,4194.0
10242,1572.0
10247,4193.0
10249,1214.0
10250,4192.0
10252,62.0
10253,62.0
10254,62.0
10255,62.0
10256,62.0
10257,62.0
10258,62.0
10259,62.0
10260,62.0
10261,62.0
10262,62.0
10263,4191.0
10264,4190.0
10265,4189.0
10267,4188.0
10271,4187.0
10272,4186.0
10273,71.0
10274,71.0
10275,1571.0
10276,71.0
10277,71.0
10279,332.0
10280,376.0
10281,52.0
10282,7.0
10283,7.0
10284,7.0
10285,27.0
10286,7.0
10287,40.0
10288,27.0
10289,568.0
10290,40.0
10291,376.0
10292,567.0
10293,332.0
10299,316.0
10300,316.0
10301,316.0
10302,316.0
10305,237.0
10308,99.0
10309,99.0
10310,99.0
10311,99.0
10312,375.0
10313,375.0
10314,895.0
10315,890.0
10318,375.0
10319,375.0
10320,4185.0
10321,4184.0
10322,4183.0
10323,4182.0
10324,108.0
10325,108.0
10326,4181.0
10327,894.0
10328,108.0
10329,894.0
10330,108.0
10331,108.0
10332,108.0
10334,108.0
10339,4180.0
10342,4179.0
10343,4178.0
10344,869.0
10347,4177.0
10351,38.0
10352,1570.0
10360,1569.0
10365,4176.0
10366,4175.0
10367,4174.0
10368,893.0
10369,893.0
10370,893.0
10372,1568.0
10373,892.0
10374,4173.0
10375,4172.0
10376,4171.0
10379,4170.0
10380,4169.0
10381,4168.0
10382,891.0
10383,4167.0
10384,4166.0
10385,890.0
10386,890.0
10387,1567.0
10388,1567.0
10392,375.0
10393,1566.0
10394,11.0
10395,11.0
10396,11.0
10397,11.0
10398,11.0
10399,12.0
10400,4165.0
10406,325.0
10407,4164.0
10408,4163.0
10409,4162.0
10410,4161.0
10411,4160.0
10412,1565.0
10413,889.0
10414,111.0
10415,121.0
10416,4159.0
10417,4158.0
10418,4157.0
10419,10.0
10420,456.0
10425,1564.0
10427,888.0
10429,4156.0
10435,1563.0
10436,1563.0
10438,4155.0
10439,4154.0
10440,11.0
10441,11.0
10442,4153.0
10443,143.0
10446,4152.0
10447,4151.0
10449,4150.0
10452,4149.0
10453,1459.0
10462,4148.0
10464,4147.0
10466,198.0
10467,566.0
10468,198.0
10469,198.0
10470,198.0
10471,566.0
10472,198.0
10473,564.0
10474,564.0
10475,565.0
10476,565.0
10477,564.0
10478,565.0
10479,565.0
10480,198.0
10481,564.0
10482,62.0
10484,7.0
10485,45.0
10486,887.0
10487,7.0
10488,7.0
10489,7.0
10490,38.0
10492,1562.0
10493,198.0
10494,887.0
10495,1210.0
10496,4146.0
10498,4145.0
10499,1561.0
10500,4144.0
10503,1561.0
10504,563.0
10505,563.0
10506,563.0
10508,563.0
10509,769.0
10510,4143.0
10511,4142.0
10512,4141.0
10514,1560.0
10515,1560.0
10516,4140.0
10517,4139.0
10518,1559.0
10519,1559.0
10520,250.0
10522,4138.0
10523,975.0
10524,4137.0
10525,271.0
10526,11.0
10527,4136.0
10529,4135.0
10530,4134.0
10531,181.0
10532,4133.0
10533,20.0
10534,20.0
10535,4132.0
10536,428.0
10540,1558.0
10541,125.0
10545,1281.0
10550,4131.0
10551,832.0
10552,832.0
10554,166.0
10556,4130.0
10557,4129.0
10558,4128.0
10559,4127.0
10560,4126.0
10561,4125.0
10562,1557.0
10563,1557.0
10564,4124.0
10565,1556.0
10566,4123.0
10567,4122.0
10568,1556.0
10569,4121.0
10570,4120.0
10571,1555.0
10572,1555.0
10573,4119.0
10574,4118.0
10575,4117.0
10576,4116.0
10577,4115.0
10578,444.0
10579,4114.0
10580,1552.0
10581,1554.0
10582,4113.0
10583,1553.0
10584,4112.0
10585,1552.0
10586,311.0
10587,311.0
10588,4111.0
10589,4110.0
10590,4109.0
10591,886.0
10592,4108.0
10593,444.0
10594,4107.0
10595,4106.0
10596,4105.0
10597,4104.0
10598,1551.0
10599,1551.0
10600,4103.0
10601,4102.0
10602,4101.0
10603,4100.0
10604,4099.0
10605,1550.0
10606,4098.0
10607,4097.0
10608,4096.0
10609,4095.0
10610,17.0
10611,4094.0
10612,4093.0
10613,4092.0
10614,4091.0
10615,4090.0
10616,1549.0
10617,4089.0
10618,4088.0
10619,4087.0
10620,4086.0
10621,4085.0
10623,4084.0
10624,1548.0
10628,4083.0
10629,4082.0
10630,1547.0
10631,4081.0
10632,4080.0
10633,4079.0
10634,1546.0
10635,1546.0
10636,4078.0
10637,4077.0
10638,4076.0
10639,4075.0
10640,4074.0
10641,4073.0
10642,4072.0
10643,4071.0
10644,4070.0
10645,4069.0
10646,4068.0
10648,4067.0
10649,4066.0
10650,4065.0
10651,4064.0
10652,4063.0
10654,4062.0
10655,4061.0
10656,4060.0
10657,1545.0
10658,4059.0
10659,4058.0
10660,4057.0
10661,1544.0
10662,4056.0
10663,4055.0
10664,4054.0
10665,1543.0
10666,4053.0
10667,4052.0
10668,4051.0
10669,4050.0
10670,4049.0
10671,1543.0
10672,4048.0
10673,4047.0
10674,4046.0
10676,1509.0
10677,1272.0
10678,4045.0
10679,4044.0
10680,4043.0
10681,4042.0
10682,4041.0
10683,4040.0
10684,4039.0
10685,15.0
10686,15.0
10687,1542.0
10688,15.0
10689,15.0
10690,4038.0
10691,4037.0
10692,15.0
10693,15.0
10694,4036.0
10695,15.0
10696,4035.0
10699,4034.0
10700,1541.0
10701,4033.0
10702,374.0
10703,1540.0
10704,374.0
10705,1039.0
10706,4032.0
10707,4031.0
10708,4030.0
10709,136.0
10710,136.0
10711,136.0
10712,268.0
10713,268.0
10714,4029.0
10715,4028.0
10716,4027.0
10717,4026.0
10719,4025.0
10720,4024.0
10721,1539.0
10722,4023.0
10723,1538.0
10724,1538.0
10725,4022.0
10726,4021.0
10727,4020.0
10728,4019.0
10729,4018.0
10730,4017.0
10731,4016.0
10732,4015.0
10733,4014.0
10740,4011.0
10741,4010.0
10742,1537.0
10743,4009.0
10744,4008.0
10745,4007.0
10746,4006.0
10747,4005.0
10748,885.0
10749,885.0
10750,885.0
10751,4004.0
10752,4003.0
10754,4001.0
10755,1130.0
10756,15.0
10758,189.0
10760,4000.0
10761,3999.0
10762,3998.0
10763,1536.0
10764,3997.0
10765,3996.0
10766,1534.0
10769,3995.0
10770,3994.0
10771,3993.0
10772,3992.0
10773,3991.0
10774,3990.0
10776,3989.0
10777,3988.0
10778,3987.0
10779,3986.0
10780,3985.0
10781,3984.0
10782,3983.0
10783,5.0
10784,1535.0
10785,1534.0
10786,3982.0
10787,3981.0
10788,3980.0
10789,3979.0
10790,3978.0
10791,3977.0
10792,3976.0
10793,1533.0
10794,1533.0
10795,3975.0
10796,3974.0
10797,3973.0
10798,3972.0
10799,3971.0
10800,3970.0
10802,3969.0
10803,3968.0
10804,3967.0
10805,3966.0
10806,3965.0
10807,3964.0
10808,3963.0
10809,3962.0
10810,3961.0
10812,3960.0
10813,562.0
10814,3959.0
10815,562.0
10816,3958.0
10817,755.0
10818,562.0
10819,562.0
10820,755.0
10821,3957.0
10822,3956.0
10823,3955.0
10824,3954.0
10825,1532.0
10826,1532.0
10827,3953.0
10828,3952.0
10829,3951.0
10830,3950.0
10831,3949.0
10832,3948.0
10833,3947.0
10834,3946.0
10835,3945.0
10836,3944.0
10837,3943.0
10838,3942.0
10839,3941.0
10840,3940.0
10841,3939.0
10842,3938.0
10844,68.0
10848,267.0
10850,3934.0
10852,3933.0
10853,3932.0
10854,3931.0
10855,3930.0
10857,3928.0
10858,3927.0
10859,3926.0
10860,3925.0
10861,3924.0
10862,3923.0
10863,3922.0
10864,3921.0
10865,3920.0
10866,3919.0
10868,3918.0
10869,3917.0
10870,3916.0
10871,3915.0
10872,3914.0
10873,26.0
10877,3913.0
10879,267.0
10880,3912.0
10881,3911.0
10883,3910.0
10884,3909.0
10885,3908.0
10886,3907.0
10887,3906.0
10889,1531.0
10890,1531.0
10891,3905.0
10892,3904.0
10895,3903.0
10896,3902.0
10897,3901.0
10898,1528.0
10899,1530.0
10900,1526.0
10901,3900.0
10902,281.0
10904,3899.0
10905,3898.0
10906,3897.0
10907,1529.0
10908,561.0
10909,561.0
10910,561.0
10911,3896.0
10912,3895.0
10913,1525.0
10914,3894.0
10915,3893.0
10916,884.0
10917,1529.0
10919,3892.0
10920,3891.0
10922,560.0
10923,560.0
10924,560.0
10926,1528.0
10927,3890.0
10928,3889.0
10930,3888.0
10931,3887.0
10932,3886.0
10934,883.0
10935,3885.0
10936,3884.0
10937,1527.0
10938,1527.0
10939,3883.0
10947,3882.0
10948,1526.0
10949,1525.0
10955,3881.0
10956,1524.0
10976,3880.0
10977,3879.0
10978,3878.0
10980,3877.0
10981,3876.0
10983,1523.0
10984,1522.0
10985,1522.0
10986,3875.0
10987,3874.0
10988,3873.0
10989,3872.0
10990,3871.0
10991,3870.0
10992,3869.0
10996,3868.0
10997,3867.0
10998,169.0
10999,3866.0
11000,3865.0
11001,3864.0
11002,199.0
11003,882.0
11005,881.0
11006,881.0
11007,881.0
11009,152.0
11010,152.0
11011,3863.0
11012,880.0
11013,880.0
11014,880.0
11015,3862.0
11016,1521.0
11017,3861.0
11018,3860.0
11020,118.0
11021,1520.0
11022,3859.0
11023,3858.0
11024,3857.0
11025,3856.0
11027,3855.0
11028,3854.0
11029,3853.0
11030,3852.0
11035,205.0
11036,3851.0
11037,3850.0
11038,3849.0
11039,3848.0
11040,3847.0
11041,3846.0
11042,1517.0
11043,3845.0
11044,1519.0
11045,3844.0
11046,888.0
11058,1518.0
11060,3843.0
11061,3842.0
11062,3841.0
11070,3840.0
11074,3839.0
11075,3838.0
11077,3837.0
11078,879.0
11079,3836.0
11081,3835.0
11082,3834.0
11083,3833.0
11084,3832.0
11086,3831.0
11087,3830.0
11088,1517.0
11089,3829.0
11090,3828.0
11091,3827.0
11092,3826.0
11093,3825.0
11095,3824.0
11096,1516.0
11097,1516.0
11100,3823.0
11101,3822.0
11103,3821.0
11105,1515.0
11108,1515.0
11109,3820.0
11110,3819.0
11111,1514.0
11112,1514.0
11113,3818.0
11114,340.0
11115,3817.0
11116,1513.0
11117,1512.0
11118,3816.0
11119,878.0
11120,878.0
11121,878.0
11122,166.0
11123,3815.0
11124,3814.0
11125,3813.0
11126,3812.0
11127,3811.0
11128,67.0
11129,1511.0
11130,3810.0
11131,98.0
11132,98.0
11133,98.0
11135,3809.0
11137,3808.0
11138,3807.0
11140,3806.0
11145,3805.0
11146,3804.0
11147,3803.0
11148,3802.0
11149,3801.0
11150,3800.0
11151,3799.0
11153,3798.0
11154,3797.0
11155,3796.0
11156,3795.0
11157,3794.0
11159,3793.0
11160,3792.0
11161,3791.0
11162,3790.0
11163,3789.0
11164,3788.0
11168,3787.0
11169,3786.0
11172,3784.0
11173,3783.0
11174,3782.0
11175,775.0
11176,774.0
11178,1510.0
11183,3781.0
11185,3780.0
11186,4.0
11188,3779.0
11189,3778.0
11190,3777.0
11191,3776.0
11193,197.0
11199,3775.0
11200,3774.0
11202,3773.0
11203,3772.0
11204,3771.0
11205,3770.0
11206,3769.0
11207,3768.0
11208,3767.0
11209,3766.0
11210,1507.0
11211,3765.0
11212,3764.0
11214,3763.0
11215,3762.0
11216,877.0
11217,3761.0
11218,3760.0
11219,1509.0
11220,3759.0
11221,3758.0
11222,559.0
11224,3757.0
11227,3756.0
11228,1508.0
11229,1508.0
11234,3755.0
11235,3754.0
11236,3753.0
11238,3752.0
11239,3751.0
11240,3750.0
11241,3749.0
11242,3748.0
11243,3747.0
11244,3746.0
11245,3745.0
11246,3744.0
11247,3743.0
11249,3742.0
11251,3741.0
11252,876.0
11253,3740.0
11254,3739.0
11255,3738.0
11256,3737.0
11257,3736.0
11258,3735.0
11259,3734.0
11260,1507.0
11261,1506.0
11263,3733.0
11264,3732.0
11265,3731.0
11281,3730.0
11283,3729.0
11285,3728.0
11286,3727.0
11287,1505.0
11288,1505.0
11292,3726.0
11301,3725.0
11302,3724.0
11303,3723.0
11304,3722.0
11305,3721.0
11306,3720.0
11307,3719.0
11308,372.0
11309,3718.0
11310,3717.0
11311,3716.0
11312,3715.0
11313,3714.0
11314,3713.0
11315,3712.0
11316,3711.0
11317,3710.0
11318,3709.0
11319,3708.0
11320,3707.0
11321,3706.0
11322,3705.0
11325,85.0
11326,85.0
11327,85.0
11328,85.0
11329,85.0
11330,3704.0
11331,1091.0
11332,3703.0
11333,3702.0
11334,696.0
11335,1504.0
11336,3701.0
11337,3700.0
11338,68.0
11339,128.0
11340,696.0
11341,3699.0
11342,3698.0
11343,3697.0
11344,3696.0
11345,68.0
11346,373.0
11347,373.0
11348,3695.0
11349,3694.0
11350,164.0
11351,3693.0
11352,3692.0
11353,3691.0
11354,3690.0
11359,3689.0
11363,3688.0
11365,3687.0
11367,3686.0
11368,3685.0
11369,3684.0
11370,3683.0
11371,3682.0
11372,3681.0
11373,3680.0
11374,3679.0
11377,3678.0
11378,3677.0
11379,3676.0
11381,3675.0
11382,3674.0
11384,3673.0
11385,3672.0
11387,3671.0
11389,3670.0
11393,3669.0
11394,3668.0
11395,3667.0
11396,3666.0
11397,3665.0
11398,1503.0
11399,3664.0
11405,3663.0
11406,3662.0
11407,1502.0
11408,3661.0
11409,464.0
11410,1501.0
11411,3660.0
11412,3659.0
11413,1501.0
11416,93.0
11417,93.0
11418,558.0
11419,1500.0
11420,3658.0
11423,267.0
11424,267.0
11425,3657.0
11426,3656.0
11427,1049.0
11428,3655.0
11431,3654.0
11432,3653.0
11433,3652.0
11434,875.0
11435,3651.0
11436,123.0
11437,123.0
11438,3650.0
11439,3649.0
11441,3648.0
11442,986.0
11443,3647.0
11444,3646.0
11445,3645.0
11446,3644.0
11447,3643.0
11448,3642.0
11449,3641.0
11450,3640.0
11451,1499.0
11452,3639.0
11454,267.0
11456,3638.0
11457,3637.0
11462,1498.0
11466,1497.0
11467,3636.0
11468,3635.0
11469,3634.0
11470,267.0
11472,3633.0
11476,3632.0
11477,1496.0
11478,160.0
11480,1495.0
11481,3631.0
11482,3630.0
11483,3629.0
11485,3628.0
11486,1494.0
11487,1494.0
11488,3627.0
11491,817.0
11492,3626.0
11493,98.0
11494,3625.0
11497,3624.0
11498,3623.0
11499,1493.0
11500,3622.0
11501,3621.0
11503,3620.0
11504,560.0
11507,26.0
11508,3619.0
11509,93.0
11510,1492.0
11511,1491.0
11512,93.0
11513,3618.0
11514,3617.0
11515,3616.0
11517,3615.0
11518,339.0
11519,1490.0
11523,3614.0
11524,3613.0
11525,3612.0
11526,281.0
11527,874.0
11528,3611.0
11531,874.0
11532,3610.0
11537,3609.0
11538,3608.0
11539,3607.0
11540,3606.0
11541,3605.0
11542,3604.0
11543,1489.0
11544,3603.0
11546,3602.0
11547,372.0
11548,372.0
11549,372.0
11550,3601.0
11551,1488.0
11552,1488.0
11553,1487.0
11554,873.0
11555,3600.0
11556,873.0
11557,873.0
11558,3599.0
11559,1486.0
11560,602.0
11562,3598.0
11563,1213.0
11564,3597.0
11565,3596.0
11566,3595.0
11567,169.0
11568,3594.0
11569,3593.0
11578,1485.0
11579,1485.0
11580,3592.0
11581,3591.0
11582,3590.0
11583,3589.0
11584,3588.0
11585,3587.0
11586,3586.0
11587,3585.0
11588,3584.0
11598,3583.0
11600,872.0
11601,872.0
11602,872.0
11603,167.0
11604,3582.0
11605,4.0
11606,3581.0
11608,167.0
11609,871.0
11610,197.0
11613,1484.0
11614,3580.0
11624,3579.0
11625,3578.0
11626,3577.0
11627,3576.0
11628,1057.0
11629,3575.0
11630,3574.0
11631,85.0
11632,85.0
11633,85.0
11634,85.0
11637,3573.0
11638,3572.0
11639,3571.0
11643,3570.0
11644,3569.0
11646,3568.0
11649,3567.0
11656,3566.0
11669,196.0
11670,196.0
11671,196.0
11680,196.0
11681,196.0
11682,196.0
11683,196.0
11684,557.0
11685,557.0
11691,557.0
11692,1483.0
11693,1483.0
11694,1482.0
11696,3565.0
11697,3564.0
11699,3563.0
11700,3562.0
11701,3561.0
11702,3560.0
11704,3559.0
11706,3558.0
11708,3557.0
11711,3556.0
11712,3555.0
11713,3554.0
11714,61.0
11715,556.0
11716,3553.0
11721,86.0
11722,86.0
11723,86.0
11724,1481.0
11725,86.0
11727,1480.0
11728,3552.0
11729,248.0
11730,248.0
11731,248.0
11734,698.0
11735,3550.0
11736,3549.0
11743,1479.0
11747,1479.0
11750,454.0
11751,3548.0
11753,3547.0
11755,3546.0
11756,3545.0
11758,3544.0
11759,3543.0
11760,3542.0
11761,371.0
11763,266.0
11764,266.0
11765,266.0
11766,266.0
11767,266.0
11768,266.0
11769,870.0
11770,870.0
11771,3541.0
11773,1478.0
11774,3540.0
11775,3539.0
11776,73.0
11778,3538.0
11780,51.0
11793,869.0
11796,3537.0
11804,3536.0
11806,3535.0
11807,3534.0
11808,3533.0
11809,3532.0
11810,3531.0
11812,3530.0
11813,3529.0
11814,1477.0
11815,1476.0
11816,1476.0
11817,3528.0
11818,3527.0
11819,75.0
11820,75.0
11821,2.0
11822,2.0
11823,2.0
11824,2.0
11825,2.0
11826,2.0
11827,2.0
11828,2.0
11829,2.0
11830,75.0
11831,2.0
11832,2.0
11833,2.0
11834,2.0
11835,2.0
11836,2.0
11837,2.0
11838,2.0
11839,2.0
11840,2.0
11842,1475.0
11843,2.0
11844,2.0
11845,2.0
11846,3526.0
11847,135.0
11848,2.0
11849,3525.0
11860,3524.0
11862,51.0
11863,51.0
11864,51.0
11865,818.0
11878,555.0
11879,1474.0
11881,1473.0
11882,1473.0
11889,3523.0
11890,3522.0
11891,1472.0
11892,1472.0
11901,51.0
11902,3521.0
11903,11.0
11909,3519.0
11910,3518.0
11913,3517.0
11914,3516.0
11919,3515.0
11921,3514.0
11923,1197.0
11924,237.0
11925,3513.0
11926,230.0
11927,121.0
11928,3512.0
11930,736.0
11931,3511.0
11932,1471.0
11933,3510.0
11935,3509.0
11937,1470.0
11938,867.0
11939,51.0
11941,3508.0
11942,965.0
11943,3507.0
11944,1469.0
11946,1468.0
11947,595.0
11948,519.0
11949,1359.0
11950,595.0
11951,866.0
11952,866.0
11953,680.0
11954,122.0
11955,265.0
11958,865.0
11959,865.0
11960,865.0
11962,1467.0
11963,1467.0
11964,3506.0
11965,3505.0
11966,331.0
11967,57.0
11968,3504.0
11969,57.0
11970,57.0
11971,57.0
11972,57.0
11973,57.0
11974,413.0
11975,3503.0
11976,92.0
11977,92.0
11978,92.0
11979,92.0
11980,92.0
11981,195.0
11982,195.0
11983,92.0
11985,92.0
11986,15.0
11987,554.0
11988,3502.0
11989,195.0
11990,3501.0
11991,1465.0
11992,1466.0
11993,1465.0
11994,1259.0
11995,3500.0
11999,3499.0
12000,130.0
12001,3498.0
12002,3497.0
12012,553.0
12014,647.0
12018,3496.0
12019,186.0
12022,3495.0
12023,98.0
12024,264.0
12025,3494.0
12042,3493.0
12045,3492.0
12046,1464.0
12047,1464.0
12048,1463.0
12049,1463.0
12050,3491.0
12051,3490.0
12052,3489.0
12053,1462.0
12056,370.0
12057,370.0
12058,3488.0
12060,370.0
12061,1199.0
12062,3487.0
12063,3486.0
12066,3485.0
12067,3484.0
12071,3483.0
12083,3482.0
12084,194.0
12085,194.0
12086,194.0
12087,3481.0
12088,3480.0
12089,194.0
12090,194.0
12091,194.0
12092,3479.0
12093,1461.0
12094,1461.0
12095,3478.0
12096,1460.0
12097,3477.0
12098,3476.0
12101,3475.0
12102,3474.0
12103,3473.0
12104,3472.0
12105,3471.0
12106,3470.0
12107,3469.0
12109,3468.0
12111,370.0
12113,3467.0
12116,3466.0
12117,134.0
12118,134.0
12119,263.0
12120,134.0
12121,134.0
12122,134.0
12123,263.0
12124,134.0
12125,134.0
12126,263.0
12127,134.0
12128,263.0
12129,263.0
12130,3465.0
12135,3464.0
12136,3463.0
12137,3462.0
12151,3461.0
12152,321.0
12153,864.0
12154,369.0
12155,857.0
12156,857.0
12157,369.0
12158,369.0
12159,369.0
12168,3460.0
12170,3459.0
12172,3458.0
12173,3457.0
12174,3456.0
12177,3455.0
12178,3454.0
12182,107.0
12183,107.0
12184,552.0
12185,107.0
12186,107.0
12187,863.0
12188,107.0
12189,324.0
12190,3453.0
12191,324.0
12192,324.0
12193,324.0
12194,551.0
12195,551.0
12196,551.0
12197,862.0
12198,862.0
12199,862.0
12200,107.0
12201,107.0
12202,861.0
12203,107.0
12204,107.0
12208,3452.0
12210,3451.0
12211,3450.0
12212,1459.0
12213,3449.0
12214,3448.0
12215,860.0
12216,3447.0
12218,3446.0
12219,121.0
12220,121.0
12221,1453.0
12222,1458.0
12223,73.0
12228,334.0
12229,3445.0
12230,3444.0
12231,3443.0
12239,859.0
12240,368.0
12241,262.0
12242,262.0
12243,262.0
12244,262.0
12245,858.0
12246,858.0
12247,262.0
12248,368.0
12249,368.0
12250,262.0
12251,857.0
12252,550.0
12253,369.0
12256,3442.0
12257,3441.0
12258,3440.0
12260,475.0
12261,856.0
12262,1457.0
12264,3439.0
12265,3438.0
12278,855.0
12279,855.0
12280,855.0
12281,3434.0
12283,367.0
12284,367.0
12285,367.0
12286,367.0
12287,367.0
12290,1456.0
12291,3433.0
12293,738.0
12294,1455.0
12295,3432.0
12296,1455.0
12297,3431.0
12298,1309.0
12300,3430.0
12301,845.0
12304,3429.0
12305,3428.0
12306,193.0
12307,193.0
12308,193.0
12309,1454.0
12310,3427.0
12311,3426.0
12312,3425.0
12313,3424.0
12314,3423.0
12315,3422.0
12316,3421.0
12318,549.0
12319,549.0
12320,854.0
12326,1453.0
12339,1452.0
12340,3419.0
12341,3418.0
12350,3417.0
12351,1451.0
12352,1451.0
12356,3416.0
12369,1450.0
12370,548.0
12371,548.0
12375,1450.0
12376,548.0
12378,1449.0
12379,1447.0
12380,1448.0
12381,1449.0
12382,1448.0
12383,1446.0
12384,1447.0
12385,1446.0
12386,3415.0
12387,548.0
12392,1445.0
12393,3414.0
12395,3413.0
12402,3412.0
12420,2.0
12421,3411.0
12422,1444.0
12423,686.0
12428,3410.0
12429,3409.0
12430,1443.0
12431,3408.0
12432,1442.0
12433,366.0
12434,3407.0
12435,1442.0
12436,366.0
12437,175.0
12438,366.0
12439,366.0
12444,3406.0
12445,3405.0
12448,3404.0
12450,1206.0
12451,364.0
12452,3403.0
12453,1436.0
12455,240.0
12456,842.0
12457,364.0
12458,3402.0
12459,61.0
12460,1324.0
12461,3401.0
12462,1439.0
12463,3400.0
12464,3399.0
12465,3398.0
12466,1441.0
12467,1316.0
12468,468.0
12469,3397.0
12470,3396.0
12471,3395.0
12472,317.0
12473,3394.0
12474,103.0
12475,3393.0
12476,1437.0
12477,730.0
12478,171.0
12479,364.0
12480,106.0
12481,3392.0
12482,1404.0
12483,1429.0
12484,240.0
12485,1440.0
12486,596.0
12493,1439.0
12494,3391.0
12495,3390.0
12496,3389.0
12497,3388.0
12498,469.0
12499,171.0
12500,258.0
12501,3387.0
12502,547.0
12503,1315.0
12504,438.0
12507,365.0
12509,10.0
12510,1438.0
12511,3386.0
12512,5.0
12513,3385.0
12514,16.0
12515,3384.0
12516,3383.0
12517,3382.0
12523,3381.0
12524,3380.0
12526,3379.0
12527,525.0
12531,171.0
12532,364.0
12533,3378.0
12534,1437.0
12535,853.0
12536,853.0
12537,3377.0
12538,3376.0
12539,3375.0
12540,3374.0
12541,171.0
12544,3373.0
12547,3372.0
12550,1436.0
12555,3371.0
12556,325.0
12557,3370.0
12558,3369.0
12559,3368.0
12560,3367.0
12561,3366.0
12562,546.0
12563,546.0
12564,546.0
12565,3365.0
12566,3364.0
12567,1435.0
12568,1435.0
12569,3363.0
12570,546.0
12571,3362.0
12572,463.0
12573,463.0
12574,3361.0
12575,407.0
12576,3360.0
12577,3359.0
12578,3358.0
12579,852.0
12580,3357.0
12581,1434.0
12582,3356.0
12583,192.0
12585,3355.0
12586,3354.0
12587,3353.0
12588,3352.0
12589,3351.0
12590,3350.0
12591,365.0
12592,1433.0
12593,365.0
12594,3349.0
12595,851.0
12596,787.0
12597,3348.0
12600,1432.0
12601,1432.0
12602,3347.0
12605,3346.0
12606,1292.0
12607,3345.0
12608,1431.0
12609,1431.0
12610,3344.0
12611,1351.0
12612,3343.0
12614,163.0
12615,3342.0
12617,3341.0
12620,3340.0
12622,3339.0
12623,1430.0
12624,3338.0
12625,3337.0
12627,5.0
12628,5.0
12629,91.0
12630,261.0
12631,5.0
12632,5.0
12633,91.0
12634,191.0
12635,190.0
12636,91.0
12637,91.0
12638,363.0
12639,5.0
12640,850.0
12641,559.0
12643,545.0
12644,3336.0
12645,3335.0
12646,3334.0
12648,3333.0
12649,3332.0
12651,91.0
12652,3331.0
12653,491.0
12656,5.0
12657,5.0
12658,190.0
12659,91.0
12660,5.0
12662,3330.0
12664,3329.0
12666,3328.0
12667,3327.0
12669,3326.0
12670,3325.0
12671,158.0
12673,544.0
12674,544.0
12675,544.0
12676,544.0
12677,3324.0
12678,971.0
12679,3323.0
12680,3322.0
12681,3321.0
12682,3320.0
12683,1429.0
12684,479.0
12685,3319.0
12686,1428.0
12688,479.0
12689,3318.0
12690,3317.0
12691,1427.0
12692,3316.0
12693,849.0
12694,3315.0
12695,3314.0
12696,3313.0
12697,3312.0
12698,3311.0
12699,3310.0
12700,1426.0
12705,260.0
12709,153.0
12711,535.0
12712,3309.0
12713,3308.0
12714,3307.0
12719,3306.0
12720,3305.0
12721,3304.0
12722,3303.0
12723,3302.0
12726,3301.0
12727,1323.0
12728,3300.0
12729,1371.0
12730,361.0
12731,133.0
12732,133.0
12733,133.0
12735,352.0
12736,848.0
12737,3299.0
12738,541.0
12739,3298.0
12740,3297.0
12741,541.0
12742,3296.0
12743,3295.0
12745,172.0
12746,527.0
12747,698.0
12748,3294.0
12749,3293.0
12750,3292.0
12751,527.0
12752,5.0
12753,261.0
12754,5.0
12755,91.0
12756,259.0
12757,5.0
12758,189.0
12759,5.0
12760,91.0
12761,5.0
12762,91.0
12763,3291.0
12764,1425.0
12767,1424.0
12768,3290.0
12769,188.0
12770,188.0
12771,188.0
12772,543.0
12773,543.0
12774,188.0
12775,188.0
12776,188.0
12777,361.0
12778,207.0
12780,3289.0
12781,3288.0
12782,1423.0
12783,3287.0
12784,3286.0
12785,3285.0
12790,1422.0
12791,847.0
12792,1421.0
12794,139.0
12795,3284.0
12796,3283.0
12797,1380.0
12798,1196.0
12799,3282.0
12800,545.0
12803,3279.0
12804,846.0
12805,837.0
12806,3278.0
12807,3277.0
12808,3276.0
12809,808.0
12811,837.0
12812,1414.0
12813,535.0
12814,3275.0
12815,3274.0
12816,3273.0
12818,3272.0
12820,3271.0
12821,362.0
12822,362.0
12823,362.0
12824,362.0
12825,3270.0
12828,3269.0
12829,542.0
12830,1420.0
12831,542.0
12832,542.0
12833,3268.0
12834,3267.0
12835,542.0
12836,3266.0
12837,153.0
12840,3265.0
12841,1419.0
12843,3264.0
12844,1419.0
12845,3263.0
12846,3262.0
12847,3261.0
12853,153.0
12854,1410.0
12855,1418.0
12856,3260.0
12858,3259.0
12859,688.0
12860,541.0
12861,541.0
12862,3258.0
12863,73.0
12864,73.0
12865,531.0
12866,847.0
12867,3257.0
12868,3256.0
12869,1123.0
12870,358.0
12871,813.0
12875,163.0
12877,845.0
12878,845.0
12880,3255.0
12881,3254.0
12882,3253.0
12883,3252.0
12884,1416.0
12885,3251.0
12886,3250.0
12887,3249.0
12888,3248.0
12889,3247.0
12890,21.0
12891,843.0
12892,3246.0
12893,844.0
12894,3245.0
12895,3244.0
12896,3243.0
12897,3242.0
12898,3241.0
12899,3240.0
12900,843.0
12901,3239.0
12902,844.0
12903,3238.0
12904,3237.0
12905,844.0
12906,3236.0
12907,3235.0
12908,3234.0
12909,3233.0
12910,3232.0
12911,3231.0
12912,1417.0
12913,3230.0
12914,3229.0
12915,1416.0
12916,3228.0
12917,3227.0
12918,3226.0
12919,3225.0
12920,3224.0
12921,3223.0
12922,3222.0
12923,842.0
12924,842.0
12925,3221.0
12926,1415.0
12927,1415.0
12928,841.0
12929,3220.0
12930,3219.0
12931,841.0
12932,841.0
12933,3218.0
12934,715.0
12935,3217.0
12936,3216.0
12937,1414.0
12938,808.0
12939,153.0
12940,531.0
12941,3215.0
12942,3214.0
12944,3213.0
12948,3212.0
12949,1413.0
12950,1413.0
12951,3211.0
12952,3210.0
12953,444.0
12954,207.0
12955,3209.0
12956,3208.0
12957,106.0
12958,106.0
12959,106.0
12960,540.0
12961,540.0
12962,106.0
12963,106.0
12964,106.0
12966,106.0
12967,106.0
12968,840.0
12969,840.0
12970,3207.0
12971,3206.0
12974,3205.0
12975,1412.0
12976,3204.0
12977,3203.0
12978,3202.0
12979,1352.0
12980,800.0
12981,3201.0
12982,801.0
12983,139.0
12984,3200.0
12985,3199.0
12986,3198.0
12988,3197.0
12989,3196.0
12993,3195.0
12995,1337.0
12996,3194.0
12997,3193.0
12998,1411.0
12999,1411.0
13000,3192.0
13001,839.0
13018,1410.0
13019,3191.0
13020,60.0
13021,3190.0
13022,3189.0
13023,3188.0
13024,1409.0
13026,3187.0
13028,3186.0
13029,3185.0
13030,3184.0
13031,3183.0
13032,838.0
13033,1408.0
13034,1408.0
13035,1360.0
13036,1362.0
13037,3182.0
13038,1407.0
13039,1406.0
13040,3181.0
13041,1326.0
13042,3180.0
13043,3179.0
13044,3178.0
13046,539.0
13047,3177.0
13048,539.0
13049,539.0
13050,3176.0
13052,838.0
13053,3175.0
13055,3174.0
13056,3173.0
13057,365.0
13058,3172.0
13059,837.0
13060,1405.0
13061,3171.0
13062,3170.0
13063,361.0
13064,3169.0
13065,361.0
13067,3168.0
13069,3167.0
13070,1404.0
13072,133.0
13073,1403.0
13074,133.0
13075,133.0
13076,1402.0
13077,1402.0
13081,258.0
13082,538.0
13083,1401.0
13084,258.0
13085,258.0
13086,258.0
13087,538.0
13089,258.0
13090,836.0
13091,836.0
13092,3165.0
13093,3164.0
13094,3163.0
13095,3162.0
13097,3161.0
13098,1400.0
13099,70.0
13100,3160.0
13101,3159.0
13102,3158.0
13103,3157.0
13104,3156.0
13105,685.0
13107,3155.0
13108,3154.0
13109,3153.0
13111,3152.0
13114,3151.0
13115,3150.0
13116,3149.0
13117,3148.0
13121,257.0
13129,257.0
13131,471.0
13132,835.0
13133,257.0
13134,834.0
13135,3147.0
13137,257.0
13139,3146.0
13141,833.0
13142,537.0
13143,60.0
13144,60.0
13145,170.0
13146,44.0
13147,60.0
13148,60.0
13149,338.0
13150,70.0
13151,833.0
13152,70.0
13153,44.0
13154,257.0
13155,60.0
13156,44.0
13157,172.0
13158,172.0
13159,3145.0
13160,3144.0
13161,3143.0
13162,3142.0
13163,3141.0
13164,3140.0
13165,832.0
13166,1399.0
13167,1369.0
13168,3139.0
13169,3138.0
13170,3137.0
13171,1113.0
13172,3136.0
13173,3135.0
13174,3134.0
13175,3133.0
13180,3132.0
13184,537.0
13185,44.0
13186,44.0
13191,3131.0
13192,1398.0
13193,1194.0
13194,70.0
13196,1314.0
13197,1090.0
13198,153.0
13200,473.0
13201,473.0
13202,187.0
13205,472.0
13206,3130.0
13207,723.0
13209,139.0
13210,1397.0
13211,488.0
13212,488.0
13213,132.0
13214,132.0
13215,132.0
13216,132.0
13217,132.0
13218,132.0
13219,132.0
13220,3129.0
13221,359.0
13222,3128.0
13223,229.0
13224,3127.0
13225,831.0
13226,3126.0
13227,3125.0
13229,105.0
13230,360.0
13231,830.0
13232,105.0
13233,105.0
13234,234.0
13235,1396.0
13237,3124.0
13238,3123.0
13239,3122.0
13240,359.0
13241,1395.0
13242,105.0
13243,759.0
13244,3121.0
13245,359.0
13246,130.0
13247,3120.0
13248,130.0
13249,3119.0
13250,829.0
13251,130.0
13252,1394.0
13253,1394.0
13254,1388.0
13255,3118.0
13282,3117.0
13283,359.0
13284,1393.0
13285,3116.0
13286,440.0
13287,1392.0
13288,3115.0
13289,1392.0
13290,536.0
13293,3114.0
13294,536.0
13295,3113.0
13296,105.0
13297,3112.0
13298,1102.0
13299,358.0
13301,3111.0
13303,3110.0
13304,3109.0
13305,3108.0
13306,1391.0
13307,3107.0
13308,3106.0
13309,3105.0
13310,3104.0
13311,1391.0
13312,3103.0
13313,1390.0
13314,1390.0
13316,3102.0
13323,1389.0
13324,3101.0
13325,3100.0
13327,1388.0
13328,535.0
13329,10.0
13330,356.0
13331,828.0
13332,3099.0
13333,3098.0
13334,3097.0
13335,3096.0
13336,1387.0
13337,1387.0
13338,801.0
13339,3095.0
13340,534.0
13341,827.0
13342,3094.0
13343,3093.0
13344,534.0
13345,1386.0
13346,1385.0
13347,1386.0
13348,1385.0
13349,3092.0
13350,3091.0
13351,3090.0
13352,3089.0
13354,534.0
13355,74.0
13356,3088.0
13357,3087.0
13358,3086.0
13359,849.0
13361,3085.0
13362,3084.0
13364,3083.0
13365,1384.0
13366,357.0
13367,3082.0
13368,357.0
13369,533.0
13370,1384.0
13371,3081.0
13372,3080.0
13374,3079.0
13375,372.0
13377,3078.0
13380,3077.0
13381,3076.0
13382,1383.0
13383,1381.0
13384,827.0
13386,1382.0
13387,3075.0
13388,3074.0
13389,3073.0
13392,1381.0
13393,827.0
13396,3072.0
13397,3071.0
13399,1380.0
13403,1187.0
13404,3070.0
13406,3069.0
13407,3068.0
13409,826.0
13415,3067.0
13416,3066.0
13436,1358.0
13438,826.0
13440,1379.0
13441,357.0
13442,3065.0
13444,3064.0
13445,357.0
13446,357.0
13447,3063.0
13448,3062.0
13449,3061.0
13451,3060.0
13453,3059.0
13454,3058.0
13455,59.0
13457,16.0
13458,3057.0
13460,1378.0
13461,59.0
13462,59.0
13463,16.0
13464,16.0
13465,16.0
13466,356.0
13467,16.0
13468,16.0
13469,59.0
13470,59.0
13471,16.0
13472,59.0
13474,16.0
13475,16.0
13476,16.0
13477,356.0
13478,356.0
13479,356.0
13480,16.0
13481,3056.0
13482,348.0
13483,3055.0
13484,825.0
13485,1263.0
13486,3054.0
13487,3053.0
13491,1377.0
13493,26.0
13496,575.0
13497,355.0
13499,3052.0
13501,21.0
13502,3051.0
13504,355.0
13505,355.0
13507,355.0
13511,3050.0
13512,720.0
13513,1376.0
13515,3049.0
13516,3048.0
13522,1353.0
13526,3047.0
13529,1375.0
13530,1375.0
13534,145.0
13535,354.0
13536,3046.0
13537,3045.0
13540,3044.0
13546,474.0
13549,94.0
13550,3043.0
13551,3042.0
13555,94.0
13556,353.0
13557,3041.0
13558,3040.0
13559,824.0
13560,1373.0
13561,824.0
13562,1374.0
13563,3039.0
13564,823.0
13565,3038.0
13566,1373.0
13567,574.0
13568,823.0
13570,1372.0
13571,532.0
13572,3037.0
13573,532.0
13574,532.0
13575,353.0
13576,532.0
13577,3036.0
13578,3035.0
13580,3034.0
13581,849.0
13582,3033.0
13583,822.0
13585,531.0
13589,3032.0
13596,240.0
13597,3031.0
13598,130.0
13600,821.0
13601,3030.0
13603,821.0
13604,3029.0
13605,171.0
13608,1371.0
13609,3028.0
13611,3027.0
13612,3026.0
13613,3025.0
13614,807.0
13616,3024.0
13617,3023.0
13619,3022.0
13620,530.0
13621,530.0
13622,50.0
13623,50.0
13624,50.0
13625,90.0
13626,90.0
13627,90.0
13628,90.0
13629,50.0
13630,90.0
13631,90.0
13632,50.0
13633,131.0
13634,90.0
13635,50.0
13636,50.0
13637,50.0
13638,50.0
13639,50.0
13640,131.0
13641,50.0
13642,50.0
13643,50.0
13645,3021.0
13660,1370.0
13662,3020.0
13663,1370.0
13664,820.0
13665,820.0
13666,820.0
13667,3019.0
13669,522.0
13670,819.0
13671,58.0
13672,333.0
13673,94.0
13674,529.0
13675,529.0
13676,3018.0
13677,529.0
13678,1369.0
13679,3017.0
13680,3016.0
13681,3015.0
13682,3014.0
13684,1364.0
13685,1368.0
13686,256.0
13687,1367.0
13688,1366.0
13689,1368.0
13690,256.0
13691,1367.0
13692,1366.0
13693,256.0
13694,3013.0
13696,1192.0
13697,3012.0
13699,256.0
13700,256.0
13702,3011.0
13703,3010.0
13704,3009.0
13705,1365.0
13706,1365.0
13707,3008.0
13708,3007.0
13709,1364.0
13712,1328.0
13713,3006.0
13714,3005.0
13716,3004.0
13717,353.0
13718,818.0
13719,818.0
13720,473.0
13721,3003.0
13726,3002.0
13727,1363.0
13732,817.0
13733,256.0
13738,528.0
13739,528.0
13740,528.0
13741,528.0
13742,3001.0
13743,527.0
13744,816.0
13746,3000.0
13747,26.0
13750,2999.0
13751,212.0
13752,2998.0
13753,58.0
13754,94.0
13755,127.0
13756,250.0
13757,250.0
13758,2997.0
13759,2996.0
13760,2995.0
13761,2994.0
13764,2993.0
13765,1361.0
13766,1362.0
13767,2992.0
13768,1361.0
13769,1360.0
13770,1359.0
13771,2991.0
13772,1357.0
13773,1358.0
13774,2990.0
13775,1357.0
13778,2989.0
13779,519.0
13780,2988.0
13781,2987.0
13782,834.0
13783,389.0
13784,2986.0
13785,2985.0
13786,2984.0
13787,2983.0
13789,2982.0
13791,2981.0
13794,2980.0
13799,2979.0
13801,2978.0
13802,2977.0
13804,91.0
13805,24.0
13806,41.0
13807,2976.0
13808,2975.0
13809,2974.0
13810,2973.0
13811,2972.0
13812,2971.0
13814,1186.0
13815,2970.0
13817,186.0
13818,130.0
13819,130.0
13820,130.0
13821,2969.0
13822,2968.0
13823,2967.0
13824,2966.0
13825,2965.0
13826,2964.0
13827,1355.0
13828,1356.0
13829,1356.0
13830,2963.0
13831,1355.0
13832,58.0
13835,815.0
13836,2962.0
13837,2961.0
13838,2960.0
13839,2959.0
13843,471.0
13845,2958.0
13852,2957.0
13855,58.0
13857,129.0
13858,129.0
13859,74.0
13861,42.0
13862,255.0
13863,255.0
13864,2956.0
13865,255.0
13866,42.0
13871,2955.0
13872,2954.0
13873,1354.0
13874,1354.0
13875,2953.0
13877,2952.0
13879,42.0
13882,10.0
13883,185.0
13884,185.0
13885,1353.0
13886,2951.0
13887,2950.0
13888,10.0
13889,2949.0
13890,2948.0
13891,2947.0
13892,2946.0
13893,2945.0
13894,2944.0
13895,2943.0
13897,208.0
13898,806.0
13899,153.0
13901,125.0
13902,397.0
13903,2942.0
13904,2941.0
13905,2940.0
13906,128.0
13907,1167.0
13908,2939.0
13909,2938.0
13910,2937.0
13911,2936.0
13912,814.0
13913,814.0
13914,525.0
13915,361.0
13916,135.0
13917,135.0
13918,814.0
13919,2935.0
13921,128.0
13922,1352.0
13923,812.0
13924,158.0
13925,158.0
13926,523.0
13928,813.0
13929,1024.0
13930,812.0
13931,2934.0
13932,1351.0
13934,2933.0
13936,811.0
13937,811.0
13938,810.0
13939,2932.0
13940,2931.0
13941,1350.0
13942,2930.0
13943,1341.0
13944,2929.0
13945,2928.0
13946,2927.0
13947,2926.0
13948,2925.0
13949,2924.0
13950,724.0
13951,2923.0
13952,1349.0
13953,810.0
13954,2922.0
13955,1348.0
13957,524.0
13958,524.0
13959,158.0
13960,2921.0
13961,2920.0
13962,523.0
13964,524.0
13966,2919.0
13968,2918.0
13969,2917.0
13970,2916.0
13971,254.0
13972,809.0
13973,2915.0
13974,2914.0
13975,2913.0
13976,1344.0
13977,2912.0
13978,2911.0
13979,1347.0
13981,2910.0
13982,1345.0
13983,1346.0
13984,1345.0
13985,184.0
13986,2909.0
13987,2908.0
13988,184.0
13989,1344.0
13990,2907.0
13991,184.0
13992,184.0
13993,2906.0
13994,2905.0
13995,184.0
13996,1343.0
13997,184.0
13998,184.0
13999,1342.0
14000,1341.0
14001,2904.0
14002,254.0
14003,524.0
14004,2903.0
14005,516.0
14006,2902.0
14008,58.0
14009,58.0
14010,2901.0
14012,94.0
14013,1322.0
14016,522.0
14017,521.0
14025,1340.0
14026,808.0
14029,2900.0
14030,2899.0
14035,2898.0
14036,2897.0
14037,2896.0
14038,2895.0
14040,2894.0
14041,807.0
14042,807.0
14049,521.0
14050,521.0
14051,520.0
14052,42.0
14053,42.0
14054,253.0
14055,253.0
14057,1338.0
14058,74.0
14059,74.0
14060,183.0
14061,183.0
14062,1339.0
14063,182.0
14065,1338.0
14067,806.0
14069,806.0
14070,74.0
14071,74.0
14072,74.0
14073,74.0
14074,74.0
14075,74.0
14076,2893.0
14077,74.0
14079,1337.0
14080,182.0
14081,805.0
14082,2892.0
14083,2891.0
14084,1336.0
14085,2890.0
14086,1336.0
14087,597.0
14088,2889.0
14089,1335.0
14090,192.0
14091,2888.0
14092,2887.0
14093,2886.0
14094,2885.0
14095,308.0
14096,2884.0
14097,2883.0
14098,928.0
14099,308.0
14100,308.0
14101,2882.0
14102,2881.0
14103,232.0
14104,2880.0
14105,232.0
14106,2879.0
14107,2878.0
14110,2877.0
14111,2876.0
14112,58.0
14113,2875.0
14114,2874.0
14115,2873.0
14116,2872.0
14117,2871.0
14118,2870.0
14119,2869.0
14120,2868.0
14121,2867.0
14122,2866.0
14124,2865.0
14126,1334.0
14129,1333.0
14130,1333.0
14131,1332.0
14132,1332.0
14133,804.0
14134,1331.0
14135,2864.0
14136,1331.0
14137,803.0
14138,803.0
14139,2863.0
14140,744.0
14141,2862.0
14143,720.0
14144,1171.0
14145,519.0
14146,2861.0
14147,2860.0
14148,5.0
14149,518.0
14150,1330.0
14151,1329.0
14152,2859.0
14153,2858.0
14154,802.0
14155,793.0
14156,802.0
14157,2857.0
14158,1328.0
14159,2856.0
14160,2855.0
14161,1327.0
14162,1327.0
14163,2854.0
14164,58.0
14165,231.0
14166,1181.0
14167,2853.0
14171,143.0
14173,2852.0
14174,2851.0
14177,1326.0
14178,1325.0
14179,2850.0
14180,2849.0
14183,2848.0
14185,2847.0
14186,2846.0
14187,2845.0
14188,2844.0
14189,2843.0
14190,2842.0
14191,2841.0
14192,2840.0
14193,2839.0
14194,2838.0
14195,2837.0
14196,80.0
14197,159.0
14200,352.0
14201,517.0
14202,2836.0
14203,2835.0
14204,2834.0
14205,351.0
14208,2833.0
14210,351.0
14211,351.0
14215,2832.0
14216,2831.0
14217,1324.0
14219,2830.0
14220,2829.0
14221,2828.0
14222,529.0
14223,191.0
14224,1323.0
14225,2827.0
14226,2826.0
14227,2825.0
14229,1322.0
14230,5.0
14231,2824.0
14233,2823.0
14234,351.0
14235,2822.0
14238,2821.0
14239,2820.0
14240,2819.0
14241,2818.0
14242,2817.0
14244,139.0
14245,801.0
14246,2816.0
14247,2815.0
14248,139.0
14249,2814.0
14250,2813.0
14251,2812.0
14252,1321.0
14253,1321.0
14254,2811.0
14255,1320.0
14256,1320.0
14258,535.0
14259,2810.0
14260,2809.0
14261,2808.0
14262,128.0
14263,128.0
14264,128.0
14265,2807.0
14266,128.0
14267,2806.0
14268,2805.0
14269,2804.0
14270,800.0
14271,128.0
14272,2803.0
14273,2802.0
14274,516.0
14277,2801.0
14280,522.0
14281,2800.0
14282,89.0
14283,545.0
14285,2799.0
14286,89.0
14287,2798.0
14288,1319.0
14289,2797.0
14290,2796.0
14291,1319.0
14292,2795.0
14293,2794.0
14294,2793.0
14295,1068.0
14296,127.0
14297,325.0
14298,799.0
14299,515.0
14300,127.0
14301,2792.0
14307,798.0
14309,2791.0
14312,775.0
14313,2790.0
14314,2789.0
14315,2788.0
14316,2787.0
14317,2786.0
14318,26.0
14319,249.0
14321,2785.0
14322,798.0
14323,1318.0
14324,1318.0
14325,2784.0
14327,2783.0
14328,2782.0
14331,2781.0
14332,125.0
14333,2780.0
14335,2779.0
14336,796.0
14337,514.0
14338,513.0
14339,1317.0
14340,513.0
14341,513.0
14342,513.0
14343,2778.0
14344,2777.0
14345,510.0
14346,2776.0
14348,1290.0
14349,349.0
14350,349.0
14351,163.0
14352,2775.0
14353,9.0
14354,9.0
14355,9.0
14356,9.0
14357,9.0
14358,9.0
14359,9.0
14360,9.0
14361,9.0
14362,9.0
14363,350.0
14364,9.0
14365,9.0
14366,9.0
14367,2774.0
14368,251.0
14369,9.0
14370,9.0
14376,2773.0
14378,515.0
14379,249.0
14380,2772.0
14382,2771.0
14383,2770.0
14384,73.0
14385,2769.0
14386,797.0
14387,797.0
14388,797.0
14389,2768.0
14391,349.0
14396,1316.0
14397,1306.0
14398,510.0
14401,2767.0
14402,2766.0
14403,2765.0
14405,796.0
14406,2764.0
14407,2763.0
14408,796.0
14409,249.0
14410,249.0
14412,767.0
14413,349.0
14414,795.0
14415,1315.0
14416,2762.0
14417,250.0
14418,2761.0
14422,2760.0
14423,2759.0
14424,789.0
14425,10.0
14426,249.0
14427,249.0
14428,2758.0
14429,304.0
14430,1072.0
14431,248.0
14432,2757.0
14433,1314.0
14434,2756.0
14435,2755.0
14436,2754.0
14437,791.0
14442,2753.0
14443,138.0
14447,792.0
14448,2752.0
14449,2751.0
14450,510.0
14451,791.0
14452,2750.0
14453,2749.0
14455,1313.0
14456,2748.0
14457,2747.0
14459,1312.0
14460,1312.0
14461,1143.0
14462,2746.0
14463,2745.0
14464,2744.0
14465,1311.0
14466,1311.0
14467,2743.0
14468,794.0
14469,2742.0
14470,793.0
14471,2741.0
14472,2740.0
14473,792.0
14475,2739.0
14476,2738.0
14481,348.0
14483,2737.0
14489,2736.0
14490,26.0
14493,791.0
14494,2735.0
14495,1310.0
14496,1310.0
14497,2734.0
14498,2733.0
14499,2732.0
14500,2731.0
14501,2730.0
14504,1309.0
14505,347.0
14506,347.0
14507,347.0
14508,347.0
14523,2729.0
14524,2728.0
14525,452.0
14526,1308.0
14527,790.0
14528,2727.0
14529,1256.0
14530,2726.0
14531,2725.0
14532,2724.0
14533,2723.0
14534,2722.0
14535,2721.0
14536,2720.0
14541,2719.0
14543,511.0
14544,1307.0
14545,1307.0
14547,1296.0
14548,2718.0
14549,2717.0
14550,789.0
14551,789.0
14553,2716.0
14555,2715.0
14556,2714.0
14557,346.0
14558,346.0
14559,346.0
14560,346.0
14561,2713.0
14562,346.0
14563,788.0
14564,788.0
14566,2712.0
14567,2711.0
14568,2710.0
14569,9.0
14570,9.0
14571,9.0
14572,9.0
14573,9.0
14574,9.0
14575,2709.0
14576,2708.0
14577,2707.0
14578,2706.0
14579,512.0
14584,511.0
14585,2705.0
14586,2704.0
14587,1306.0
14588,2703.0
14589,2702.0
14591,1305.0
14592,1305.0
14593,2701.0
14594,507.0
14595,507.0
14596,2700.0
14598,73.0
14599,73.0
14600,2699.0
14601,2698.0
14604,2697.0
14605,2696.0
14606,1304.0
14608,247.0
14609,2695.0
14610,510.0
14611,787.0
14612,11.0
14613,11.0
14623,181.0
14624,2694.0
14625,509.0
14626,1303.0
14627,181.0
14630,2693.0
14631,2692.0
14632,247.0
14634,2691.0
14635,1208.0
14636,2690.0
14637,2689.0
14638,508.0
14641,1302.0
14642,507.0
14643,507.0
14644,2687.0
14645,787.0
14646,2686.0
14647,104.0
14649,1301.0
14652,104.0
14653,1300.0
14654,104.0
14655,104.0
14656,104.0
14657,104.0
14658,104.0
14659,786.0
14660,104.0
14661,104.0
14662,2685.0
14663,2684.0
14670,2683.0
14671,2682.0
14673,2681.0
14674,2680.0
14676,2679.0
14677,193.0
14678,193.0
14679,193.0
14680,506.0
14681,506.0
14682,193.0
14683,785.0
14684,785.0
14685,785.0
14686,2678.0
14691,2677.0
14692,2676.0
14693,2675.0
14694,2674.0
14695,2673.0
14696,2672.0
14698,2671.0
14700,1299.0
14702,2670.0
14703,88.0
14704,1298.0
14705,345.0
14706,784.0
14707,88.0
14708,345.0
14709,88.0
14710,88.0
14711,88.0
14712,88.0
14713,345.0
14714,345.0
14715,88.0
14716,88.0
14717,783.0
14718,88.0
14721,271.0
14722,1297.0
14723,1297.0
14724,2669.0
14725,2668.0
14726,2667.0
14727,1296.0
14729,2666.0
14730,2665.0
14731,2664.0
14741,1295.0
14744,2663.0
14745,1295.0
14750,344.0
14751,344.0
14752,1294.0
14753,344.0
14754,344.0
14755,344.0
14756,782.0
14757,2662.0
14763,2661.0
14764,505.0
14765,781.0
14766,780.0
14767,505.0
14768,505.0
14769,780.0
14770,505.0
14771,780.0
14775,2660.0
14777,779.0
14778,779.0
14782,343.0
14783,343.0
14784,343.0
14785,504.0
14786,343.0
14787,1293.0
14788,503.0
14789,503.0
14790,343.0
14793,247.0
14794,2659.0
14795,2658.0
14796,2657.0
14798,1180.0
14799,2656.0
14811,1292.0
14812,2655.0
14816,2654.0
14817,2653.0
14819,10.0
14820,1291.0
14822,2652.0
14823,2651.0
14824,2650.0
14827,2648.0
14828,247.0
14829,1290.0
14830,347.0
14833,778.0
14834,778.0
14835,778.0
14836,2647.0
14838,2646.0
14841,2645.0
14842,2644.0
14843,247.0
14865,9.0
14866,2643.0
14869,247.0
14870,2642.0
14872,2641.0
14873,502.0
14874,502.0
14875,502.0
14876,502.0
14877,2640.0
14878,1289.0
14879,1289.0
14880,73.0
14882,1288.0
14883,1288.0
14884,2639.0
14885,180.0
14886,2638.0
14887,2637.0
14888,180.0
14889,180.0
14890,180.0
14891,180.0
14892,2636.0
14893,180.0
14894,180.0
14895,2635.0
14896,1287.0
14897,1287.0
14898,1286.0
14899,1286.0
14901,2634.0
14902,2633.0
14904,501.0
14906,501.0
14907,501.0
14908,501.0
14910,1122.0
14911,342.0
14912,342.0
14913,246.0
14914,246.0
14915,246.0
14916,246.0
14917,246.0
14918,246.0
14919,1285.0
14920,342.0
14921,1284.0
14922,1284.0
14925,342.0
14927,342.0
14928,8.0
14929,8.0
14930,8.0
14931,8.0
14932,8.0
14933,8.0
14934,8.0
14935,8.0
14936,8.0
14937,8.0
14938,8.0
14939,126.0
14940,126.0
14941,8.0
14942,777.0
14943,500.0
14944,8.0
14945,500.0
14946,8.0
14947,499.0
14948,776.0
14949,8.0
14950,8.0
14951,8.0
14952,178.0
14953,8.0
14955,8.0
14956,8.0
14957,179.0
14958,8.0
14959,178.0
14960,179.0
14961,499.0
14962,126.0
14963,178.0
14964,2631.0
14965,2630.0
14967,87.0
14968,87.0
14969,87.0
14970,87.0
14971,87.0
14972,87.0
14973,87.0
14974,1283.0
14975,87.0
14977,1282.0
14978,2629.0
14987,2628.0
14989,2627.0
14990,2626.0
14995,143.0
14996,341.0
14997,341.0
15002,2625.0
15003,2624.0
15004,1282.0
15005,2623.0
15006,2622.0
15007,341.0
15008,2621.0
15009,1281.0
15010,2620.0
15011,1280.0
15012,775.0
15013,774.0
15014,774.0
15015,2619.0
15016,1279.0
15017,1279.0
15018,2618.0
15019,2617.0
15020,2616.0
15021,2615.0
15022,2614.0
15023,1278.0
15024,1278.0
15025,2613.0
15026,2612.0
15027,2611.0
15028,2610.0
15029,2609.0
15030,2608.0
15031,2607.0
15032,2606.0
15033,1277.0
15034,498.0
15035,2605.0
15036,2604.0
15037,2603.0
15038,2602.0
15039,2601.0
15040,2600.0
15041,2599.0
15042,2598.0
15043,2597.0
15044,2596.0
15045,2595.0
15046,497.0
15047,2594.0
15050,2593.0
15051,2592.0
15053,2591.0
15055,497.0
15056,2590.0
15058,2589.0
15059,2588.0
15060,2587.0
15061,2586.0
15062,2585.0
15065,497.0
15067,340.0
15068,2584.0
15069,2583.0
15070,2582.0
15071,2581.0
15072,37.0
15073,2580.0
15074,2579.0
15075,103.0
15076,2578.0
15077,2577.0
15078,339.0
15079,56.0
15081,103.0
15082,1276.0
15083,1275.0
15084,152.0
15085,668.0
15086,1274.0
15087,2576.0
15088,2575.0
15089,2574.0
15090,2573.0
15091,773.0
15092,692.0
15093,49.0
15094,97.0
15095,49.0
15096,1273.0
15097,168.0
15101,2572.0
15102,2571.0
15105,2570.0
15109,2569.0
15111,2568.0
15112,772.0
15113,2567.0
15116,2566.0
15120,338.0
15124,443.0
15125,245.0
15128,771.0
15129,2565.0
15130,495.0
15131,2564.0
15132,2563.0
15133,1272.0
15134,2562.0
15135,1175.0
15136,2561.0
15137,1253.0
15138,2560.0
15139,2559.0
15140,1271.0
15141,2558.0
15142,2557.0
15143,770.0
15144,1229.0
15145,2556.0
15147,769.0
15148,37.0
15149,2555.0
15150,2554.0
15152,10.0
15153,1120.0
15154,2553.0
15155,2552.0
15156,496.0
15158,280.0
15159,2551.0
15160,2550.0
15161,2549.0
15163,2548.0
15164,2547.0
15165,232.0
15166,1270.0
15167,2546.0
15168,2545.0
15169,2544.0
15170,2543.0
15171,2542.0
15173,36.0
15174,2541.0
15175,1254.0
15176,2540.0
15177,1269.0
15179,763.0
15180,2539.0
15181,2538.0
15182,2537.0
15183,2536.0
15186,401.0
15187,2535.0
15188,2534.0
15191,2533.0
15192,495.0
15193,2532.0
15194,1268.0
15195,2531.0
15196,1267.0
15197,2530.0
15198,2529.0
15199,2528.0
15200,2527.0
15201,768.0
15202,2526.0
15203,767.0
15204,2525.0
15205,2524.0
15206,2523.0
15207,150.0
15209,766.0
15210,2522.0
15211,2521.0
15212,719.0
15213,719.0
15214,2520.0
15215,766.0
15216,19.0
15218,454.0
15221,2518.0
15222,2517.0
15223,2516.0
15224,453.0
15225,1266.0
15227,55.0
15228,55.0
15231,2515.0
15232,2514.0
15233,2513.0
15234,765.0
15236,2512.0
15237,2511.0
15238,2510.0
15239,2509.0
15240,2508.0
15241,1172.0
15242,2507.0
15243,36.0
15244,698.0
15246,461.0
15247,2506.0
15248,2505.0
15249,476.0
15250,2504.0
15251,1265.0
15252,5.0
15253,2503.0
15254,2502.0
15255,1264.0
15256,494.0
15257,494.0
15259,493.0
15261,493.0
15263,2501.0
15266,2500.0
15267,2499.0
15268,2498.0
15269,2497.0
15270,2496.0
15271,1263.0
15272,2495.0
15273,2494.0
15274,746.0
15277,2493.0
15278,2492.0
15279,2491.0
15280,2490.0
15281,2489.0
15282,1262.0
15283,2488.0
15284,21.0
15287,2487.0
15289,2486.0
15291,10.0
15292,636.0
15293,764.0
15294,764.0
15295,764.0
15296,1261.0
15297,2485.0
15298,1072.0
15299,1004.0
15300,1004.0
15301,1260.0
15302,2484.0
15303,42.0
15304,2483.0
15305,2482.0
15306,2481.0
15308,1259.0
15309,2480.0
15310,2479.0
15311,2478.0
15312,2477.0
15313,438.0
15314,2476.0
15315,2475.0
15316,492.0
15317,1258.0
15318,2474.0
15319,2473.0
15320,2472.0
15324,2471.0
15325,2470.0
15326,2469.0
15327,2468.0
15328,2467.0
15329,2466.0
15330,5.0
15331,2465.0
15332,2464.0
15333,763.0
15334,2463.0
15335,312.0
15336,2462.0
15337,281.0
15339,762.0
15340,2461.0
15343,2460.0
15344,2459.0
15345,2458.0
15346,2457.0
15347,761.0
15348,761.0
15349,2456.0
15350,760.0
15351,760.0
15352,150.0
15354,2455.0
15355,1257.0
15357,239.0
15358,2454.0
15361,2453.0
15362,1256.0
15363,2452.0
15364,2451.0
15365,1255.0
15366,1255.0
15367,2450.0
15368,2449.0
15369,2448.0
15370,2447.0
15371,2446.0
15372,2445.0
15373,2444.0
15374,2443.0
15375,2442.0
15376,2441.0
15378,759.0
15379,4.0
15380,4.0
15381,125.0
15382,125.0
15383,2440.0
15384,2439.0
15385,2438.0
15387,1254.0
15388,491.0
15389,491.0
15390,102.0
15391,4.0
15392,18.0
15393,4.0
15394,4.0
15395,4.0
15396,4.0
15397,4.0
15398,4.0
15400,48.0
15401,2437.0
15403,758.0
15404,2436.0
15405,2435.0
15406,758.0
15407,490.0
15408,490.0
15409,2434.0
15410,2433.0
15412,2432.0
15413,2431.0
15414,2430.0
15415,2429.0
15416,93.0
15417,2428.0
15418,2427.0
15420,1253.0
15421,758.0
15422,1252.0
15423,2426.0
15424,2425.0
15425,2424.0
15426,757.0
15427,1251.0
15428,2423.0
15429,516.0
15430,2422.0
15431,2421.0
15433,2420.0
15434,2419.0
15435,2418.0
15436,2417.0
15437,2416.0
15438,17.0
15439,756.0
15440,756.0
15441,756.0
15442,2415.0
15443,2414.0
15444,1250.0
15445,2413.0
15446,2412.0
15448,1249.0
15449,2411.0
15450,2410.0
15451,1249.0
15452,1248.0
15453,2409.0
15454,2408.0
15455,2407.0
15456,1247.0
15457,2406.0
15458,2405.0
15459,2404.0
15460,2403.0
15461,2402.0
15462,98.0
15463,101.0
15464,1246.0
15465,1246.0
15466,2401.0
15467,20.0
15469,2400.0
15470,2399.0
15476,2398.0
15477,244.0
15478,244.0
15479,1245.0
15480,2397.0
15481,1244.0
15483,2396.0
15484,489.0
15485,489.0
15488,2394.0
15489,488.0
15490,1243.0
15491,2393.0
15492,1243.0
15493,2392.0
15494,2391.0
15495,2390.0
15496,1242.0
15497,25.0
15498,2389.0
15499,2388.0
15500,2387.0
15501,1241.0
15502,2386.0
15504,97.0
15505,2385.0
15506,2384.0
15507,2383.0
15508,617.0
15509,2382.0
15510,2381.0
15511,755.0
15512,4.0
15513,2380.0
15515,2379.0
15517,6.0
15518,6.0
15519,6.0
15520,6.0
15521,28.0
15522,28.0
15523,28.0
15524,6.0
15525,6.0
15526,6.0
15527,6.0
15528,6.0
15529,6.0
15530,6.0
15531,6.0
15532,6.0
15533,6.0
15534,6.0
15536,101.0
15537,2377.0
15538,2376.0
15539,2375.0
15541,1240.0
15543,241.0
15545,2374.0
15546,1224.0
15547,2373.0
15548,2372.0
15549,124.0
15550,124.0
15551,124.0
15552,124.0
15553,124.0
15554,124.0
15555,487.0
15556,337.0
15557,337.0
15558,337.0
15559,336.0
15560,124.0
15561,1239.0
15562,1239.0
15563,487.0
15564,337.0
15565,336.0
15566,2371.0
15567,486.0
15568,754.0
15569,2370.0
15570,177.0
15571,2369.0
15572,177.0
15573,177.0
15574,162.0
15575,335.0
15576,177.0
15577,2368.0
15578,162.0
15579,177.0
15580,162.0
15581,162.0
15582,162.0
15583,2367.0
15584,100.0
15585,45.0
15586,45.0
15587,7.0
15588,27.0
15589,7.0
15590,7.0
15591,7.0
15592,7.0
15593,100.0
15594,7.0
15595,27.0
15596,7.0
15597,7.0
15598,7.0
15599,7.0
15600,7.0
15601,100.0
15602,7.0
15603,7.0
15604,7.0
15605,7.0
15606,332.0
15607,1238.0
15608,753.0
15609,2366.0
15610,2365.0
15611,2364.0
15612,2363.0
15613,2362.0
15614,2361.0
15615,1237.0
15616,2360.0
15617,14.0
15618,2359.0
15619,2358.0
15620,2357.0
15621,752.0
15622,752.0
15624,2356.0
15625,2355.0
15626,2354.0
15628,2353.0
15629,2352.0
15630,2351.0
15631,223.0
15632,2350.0
15633,485.0
15637,2349.0
15638,2348.0
15639,2347.0
15642,2346.0
15643,2345.0
15644,2344.0
15645,2343.0
15647,751.0
15648,2342.0
15649,2341.0
15650,2340.0
15652,749.0
15653,749.0
15654,2339.0
15655,1236.0
15656,1235.0
15658,2338.0
15661,2337.0
15662,2336.0
15667,1234.0
15668,1234.0
15672,248.0
15674,484.0
15675,438.0
15676,123.0
15683,2335.0
15684,1044.0
15685,2334.0
15686,1233.0
15687,1233.0
15688,237.0
15691,334.0
15692,483.0
15693,2333.0
15694,2332.0
15695,2331.0
15696,2330.0
15697,2329.0
15698,2328.0
15699,2327.0
15700,750.0
15701,2326.0
15702,2325.0
15703,2324.0
15704,2323.0
15705,2322.0
15706,1232.0
15707,103.0
15708,333.0
15709,332.0
15710,2321.0
15711,376.0
15712,1231.0
15713,1231.0
15714,2320.0
15715,2319.0
15716,2318.0
15717,2317.0
15718,2316.0
15719,1230.0
15720,2315.0
15721,959.0
15722,958.0
15724,2314.0
15725,222.0
15727,1229.0
15728,159.0
15730,749.0
15736,99.0
15737,748.0
15741,2313.0
15744,2312.0
15745,1228.0
15746,2311.0
15748,2310.0
15749,2309.0
15750,2308.0
15755,304.0
15757,748.0
15758,2307.0
15761,2306.0
15764,2305.0
15765,1227.0
15766,2304.0
15767,2303.0
15768,2302.0
15769,747.0
15770,747.0
15771,747.0
15772,2301.0
15773,482.0
15774,482.0
15775,482.0
15776,482.0
15777,481.0
15778,176.0
15779,481.0
15780,1226.0
15781,176.0
15782,176.0
15783,480.0
15784,176.0
15785,176.0
15786,480.0
15787,176.0
15788,919.0
15789,682.0
15790,2300.0
15791,2299.0
15792,746.0
15795,2298.0
15812,2297.0
15820,1225.0
15821,1225.0
15827,479.0
15828,2296.0
15829,35.0
15830,2295.0
15831,35.0
15832,2294.0
15833,35.0
15834,35.0
15835,35.0
15836,35.0
15837,35.0
15838,35.0
15839,34.0
15840,72.0
15841,72.0
15845,72.0
15846,72.0
15847,1224.0
15848,2293.0
15849,2292.0
15850,2291.0
15851,2290.0
15852,2289.0
15853,72.0
15854,34.0
15855,72.0
15856,1.0
15858,1223.0
15859,2288.0
15860,2287.0
15862,3.0
15863,2286.0
15864,1222.0
15866,2285.0
15867,2284.0
15868,2283.0
15869,1221.0
15870,2282.0
15871,1220.0
15872,478.0
15874,144.0
15875,144.0
15876,144.0
15877,144.0
15884,477.0
15885,477.0
15886,745.0
15887,745.0
15888,745.0
15889,2281.0
15890,47.0
15891,47.0
15892,2280.0
15894,2279.0
15895,2278.0
15896,2277.0
15897,3.0
15898,2276.0
15899,282.0
15900,2275.0
15901,744.0
15902,2274.0
15903,742.0
15904,742.0
15905,331.0
15906,476.0
15907,57.0
15908,2273.0
15909,2272.0
15910,331.0
15911,2271.0
15912,1219.0
15914,743.0
15915,742.0
15917,1136.0
15918,2270.0
15919,475.0
15920,475.0
15921,2269.0
15922,2268.0
15923,2267.0
15924,175.0
15925,175.0
15926,175.0
15927,175.0
15928,175.0
15929,175.0
15930,1218.0
15931,150.0
15932,1216.0
15933,2266.0
15934,2265.0
15935,1217.0
15936,1216.0
15937,475.0
15938,741.0
15940,1215.0
15941,1215.0
15942,2264.0
15943,2263.0
15944,2262.0
15946,1110.0
15947,1214.0
15951,474.0
15952,474.0
15953,2261.0
15961,2260.0
15963,2259.0
15968,474.0
15969,169.0
15970,1213.0
15971,56.0
15972,56.0
15973,56.0
15974,69.0
15977,740.0
15978,740.0
15979,2258.0
15980,2257.0
15982,1212.0
15986,746.0
15988,1211.0
16003,365.0
16013,2256.0
16015,70.0
16016,170.0
16017,170.0
16018,170.0
16023,2253.0
16024,1210.0
16026,2252.0
16027,2251.0
16028,1209.0
16029,1209.0
16031,2250.0
16033,1208.0
16034,330.0
16035,174.0
16036,174.0
16037,174.0
16038,1207.0
16039,174.0
16040,174.0
16041,174.0
16042,174.0
16043,2249.0
16045,689.0
16047,779.0
16048,739.0
16049,1206.0
16050,2248.0
16059,2247.0
16070,2246.0
16073,473.0
16074,738.0
16075,2245.0
16076,2244.0
16077,2243.0
16078,12.0
16079,2242.0
16082,2241.0
16083,2240.0
16084,512.0
16085,2239.0
16089,2238.0
16090,2237.0
16093,2236.0
16094,370.0
16095,737.0
16097,549.0
16098,2234.0
16099,2233.0
16100,1205.0
16109,2231.0
16111,243.0
16112,242.0
16113,2230.0
16114,2229.0
16115,243.0
16116,243.0
16117,243.0
16118,242.0
16119,736.0
16120,242.0
16121,243.0
16122,243.0
16123,242.0
16124,242.0
16125,736.0
16126,472.0
16127,2228.0
16128,2227.0
16129,2226.0
16130,1204.0
16131,1203.0
16132,2225.0
16135,1202.0
16136,242.0
16137,2224.0
16138,25.0
16139,2223.0
16141,2222.0
16143,810.0
16144,2221.0
16145,1201.0
16146,2220.0
16147,2219.0
16148,2218.0
16149,2217.0
16150,329.0
16151,735.0
16152,1200.0
16153,2216.0
16154,1199.0
16155,2215.0
16157,328.0
16158,1198.0
16159,734.0
16160,122.0
16161,443.0
16163,2214.0
16164,2213.0
16165,2212.0
16166,2211.0
16167,329.0
16168,2210.0
16169,2209.0
16171,328.0
16172,470.0
16174,1198.0
16175,2208.0
16176,122.0
16177,173.0
16178,2207.0
16179,1197.0
16180,329.0
16182,733.0
16183,733.0
16184,733.0
16185,338.0
16187,732.0
16188,44.0
16190,471.0
16191,60.0
16193,44.0
16194,44.0
16196,2206.0
16197,44.0
16198,60.0
16204,1196.0
16205,60.0
16208,44.0
16209,2205.0
16211,1195.0
16212,834.0
16213,1194.0
16215,1193.0
16216,1193.0
16217,1192.0
16218,2204.0
16219,2203.0
16221,731.0
16222,731.0
16223,731.0
16224,2202.0
16226,1191.0
16227,2201.0
16228,173.0
16229,443.0
16230,470.0
16232,730.0
16233,2200.0
16234,328.0
16236,2199.0
16237,2198.0
16238,485.0
16239,2197.0
16244,1190.0
16245,1189.0
16246,1189.0
16247,15.0
16248,2196.0
16249,469.0
16250,469.0
16251,2195.0
16252,530.0
16253,469.0
16256,2194.0
16258,2193.0
16260,241.0
16261,328.0
16262,729.0
16264,1185.0
16265,15.0
16266,2192.0
16267,2191.0
16268,2190.0
16270,2189.0
16272,172.0
16273,1188.0
16274,1188.0
16275,2188.0
16276,2187.0
16277,728.0
16278,728.0
16280,1187.0
16281,172.0
16282,2186.0
16283,1186.0
16286,2185.0
16287,15.0
16288,240.0
16290,10.0
16291,1185.0
16292,328.0
16296,10.0
16298,1149.0
16299,1184.0
16301,1183.0
16302,2184.0
16303,20.0
16304,2183.0
16305,13.0
16306,240.0
16308,2182.0
16310,1182.0
16313,1182.0
16315,172.0
16316,172.0
16317,2181.0
16318,2180.0
16319,2179.0
16320,171.0
16321,1153.0
16323,727.0
16324,727.0
16325,1181.0
16327,171.0
16328,648.0
16329,2178.0
16332,468.0
16333,2177.0
16334,2176.0
16335,1180.0
16338,2175.0
16339,467.0
16340,467.0
16342,467.0
16343,1179.0
16344,1179.0
16345,1178.0
16346,1178.0
16347,2174.0
16348,467.0
16352,2173.0
16362,717.0
16373,1177.0
16374,2172.0
16375,1177.0
16377,726.0
16378,726.0
16379,726.0
16380,327.0
16381,327.0
16382,327.0
16385,2171.0
16386,334.0
16387,2170.0
16388,2169.0
16393,2168.0
16395,2167.0
16397,2166.0
16399,2165.0
16400,239.0
16402,2163.0
16403,2162.0
16404,2161.0
16405,1166.0
16406,462.0
16407,462.0
16408,2160.0
16409,71.0
16410,2159.0
16411,1176.0
16412,2158.0
16413,2157.0
16414,2156.0
16415,311.0
16416,2155.0
16417,2154.0
16418,2153.0
16419,466.0
16420,1175.0
16421,1174.0
16422,2152.0
16423,1173.0
16424,2151.0
16425,2150.0
16427,2149.0
16428,413.0
16430,465.0
16431,2148.0
16432,725.0
16434,2147.0
16435,2146.0
16437,2145.0
16438,464.0
16439,724.0
16440,2144.0
16441,119.0
16442,1172.0
16443,2143.0
16444,10.0
16445,2142.0
16446,409.0
16447,217.0
16448,2141.0
16449,2140.0
16451,723.0
16452,463.0
16453,326.0
16454,462.0
16455,1171.0
16456,1170.0
16457,84.0
16459,2139.0
16460,1169.0
16461,401.0
16462,1168.0
16463,1167.0
16464,462.0
16465,1166.0
16466,722.0
16468,1165.0
16469,721.0
16470,170.0
16471,720.0
16473,11.0
16474,1164.0
16475,719.0
16476,2.0
16477,2138.0
16478,192.0
16480,16.0
16481,1163.0
16482,255.0
16483,2137.0
16486,8.0
16488,86.0
16489,461.0
16490,2136.0
16491,85.0
16492,321.0
16493,3.0
16494,44.0
16495,44.0
16496,2135.0
16498,2134.0
